test,identifiantAccident,date,departement,heure,commune,lat,lon,typeIntersection,typeCollision,luminosite,conditionsAtmosperiques,typeRoute,circulation,nbVoies,profilLongRoute,tracePlanRoute,largeurTPC,largeurRoute,etatSurface,amenagement,situation,categorieUsager,graviteAccident,sexe,age,motifDeplacement,existenceSecurite,usageSecurite,nombreAutresVehicules,enAgglomeration,mois,jour,NCCENR
,201800001375,2018-10-30,16,15,16058,45.71311,-0.31748,Intersection en T,Deux véhicules - par le coté,Plein jour,Normale,Route Départementale,,2,Plat,Partie rectiligne,,45,normale,,Sur chaussée,Conducteur,2,F,44-45,Promenade - loisirs,Casque,Non,1,,10 - octobre,1 - mardi,Boutiers-Saint-Trojan
,201800003823,2018-10-30,83,9,83107,43.46202,6.65711,Giratoire,Deux véhicules - par le coté,Plein jour,Normale,Route Départementale,,2,Plat,Partie rectiligne,,,normale,Carrefour aménagé,Sur chaussée,Conducteur,2,M,70-71,Promenade - loisirs,Casque,Non,1,,10 - octobre,1 - mardi,Roquebrune-sur-Argens
,201800021940,2018-10-30,64,16,64061,43.3998,-0.5665,Intersection en Y,Deux véhicules - par le coté,Plein jour,Normale,Route Départementale,,2,Pente,En courbe à droite,,,normale,,Sur chaussée,Conducteur,2,F,60-61,,Casque,Oui,1,1,10 - octobre,1 - mardi,Artix
,201800030927,2018-10-30,64,17,64132,43.2883,-0.35277,Intersection en X,Deux véhicules - par le coté,Plein jour,Normale,Voie Communale,,3,Plat,Partie rectiligne,,,normale,,Sur accotement,Conducteur,1,F,37-38,Promenade - loisirs,Casque,Oui,1,1,10 - octobre,1 - mardi,Bizanos
,201800001010,2018-10-29,72,7,72154,47.6995,-0.07231,Hors intersection,Deux véhicules - frontale,Plein jour,Pluie légère,Autre,,1,Plat,Partie rectiligne,,,mouillée,,Sur chaussée,Conducteur,2,F,57-58,Domicile - travail,Casque,,1,1,10 - octobre,0 - lundi,Flèche
,201800013655,2018-10-29,14,17,14431,49.07352,-0.06947,Giratoire,Deux véhicules - par l’arrière,Plein jour,Normale,Route Départementale,,1,Plat,En courbe à gauche,,,normale,Carrefour aménagé,Sur chaussée,Conducteur,2,M,43-44,Promenade - loisirs,Casque,,1,1,10 - octobre,0 - lundi,Mézidon-Canon
,201800018852,2018-10-29,56,11,56251,47.64121,-2.69391,Hors intersection,Deux véhicules - par le coté,Plein jour,Normale,Voie Communale,,2,Plat,En courbe à gauche,,,normale,,Sur chaussée,Conducteur,1,M,68-69,Promenade - loisirs,Casque,Oui,1,,10 - octobre,0 - lundi,Theix-Noyalo
,201800001967,2018-10-27,69,10,69157,45.87821,4.51069,Intersection en T,Deux véhicules - par le coté,Plein jour,Pluie légère,Voie Communale,,2,Pente,Partie rectiligne,,,mouillée,,Sur chaussée,Conducteur,2,M,49-50,Promenade - loisirs,Casque,Oui,1,,10 - octobre,5 - samedi,Pontcharra-sur-Turdine
,201800056364,2018-10-27,971,9,97109,15.96185,-61.70769,Hors intersection,Deux véhicules - frontale,Plein jour,Normale,Route Départementale,,2,Plat,Partie rectiligne,,,normale,,Sur chaussée,Conducteur,2,M,60-61,Promenade - loisirs,Casque,Oui,1,,10 - octobre,5 - samedi,Gourbeyre
,201800056512,2018-10-27,974,10,97412,-21.38156,55.64849,Hors intersection,Deux véhicules - frontale,Plein jour,Normale,Route Nationale,,2,Plat,Partie rectiligne,,,normale,,Sur chaussée,Conducteur,2,M,36-37,Promenade - loisirs,Casque,Non déterminable,1,1,10 - octobre,5 - samedi,Saint-Joseph
,201800013694,2018-10-26,6,8,6138,43.49338,6.9451,Intersection en T,Deux véhicules - par le coté,Plein jour,Normale,Route Départementale,,2,Pente,En courbe à gauche,,,normale,,Sur chaussée,Conducteur,1,M,27-28,Promenade - loisirs,Casque,Oui,1,1,10 - octobre,4 - vendredi,Théoule-sur-Mer
,201800029904,2018-10-26,68,16,68260,47.8831,7.26069,Hors intersection,Deux véhicules - par le coté,Plein jour,Normale,Route Départementale,,2,Plat,Partie rectiligne,,,normale,,Sur chaussée,Conducteur,2,M,14-15,Courses - achats,Casque,,1,,10 - octobre,4 - vendredi,Raedersheim
,201800030127,2018-10-26,61,12,61006,48.75229,-0.02697,Hors intersection,Autre,Plein jour,Normale,Voie Communale,,2,Plat,Partie rectiligne,,,normale,,Sur chaussée,Conducteur,1,M,19-20,Promenade - loisirs,Autre,Non,1,1,10 - octobre,4 - vendredi,Argentan
,201800004051,2018-10-25,34,16,34344,43.56132,4.08308,Hors intersection,Deux véhicules - par le coté,Plein jour,Temps éblouissant,Autre,,2,Plat,Partie rectiligne,,,normale,,Sur chaussée,Conducteur,2,F,56-57,Domicile - travail,Casque,,1,1,10 - octobre,3 - jeudi,Grande-Motte
,201800011061,2018-10-25,37,8,37109,47.41249,0.58153,Intersection en X,Deux véhicules - frontale,Plein jour,Normale,Route Départementale,,2,Plat,En courbe à droite,,,normale,,Sur chaussée,Conducteur,2,M,48-49,Domicile - travail,Casque,Oui,1,,10 - octobre,3 - jeudi,Fondettes
,201800012217,2018-10-25,53,16,53112,48.37052,-0.35132,Autre intersection,Autre,Plein jour,Normale,Voie Communale,,2,Pente,En courbe à droite,,,normale,,Sur chaussée,Conducteur,2,M,59-60,Promenade - loisirs,Casque,Oui,,,10 - octobre,3 - jeudi,Ham
,201800015430,2018-10-25,29,13,29207,48.52443,-3.83535,Intersection à plus de 4 branches,Deux véhicules - par le coté,Plein jour,Temps couvert,Route Départementale,,2,Plat,Partie rectiligne,,,normale,Carrefour aménagé,Sur chaussée,Conducteur,2,M,64-65,Promenade - loisirs,Casque,Oui,1,,10 - octobre,3 - jeudi,Plourin-lès-Morlaix
,201800015537,2018-10-25,35,15,35184,48.18988,-2.03141,Hors intersection,Deux véhicules - par le coté,Plein jour,Normale,Route Départementale,,2,Plat,En courbe à droite,,,normale,,Sur chaussée,Conducteur,2,M,87-88,Promenade - loisirs,Casque,Oui,1,,10 - octobre,3 - jeudi,Montauban-de-Bretagne
,201800017063,2018-10-25,61,16,61483,48.57826,-0.41992,Autre intersection,Aucune,Plein jour,Normale,Route Départementale,,2,Pente,Partie rectiligne,,,normale,,Sur chaussée,Conducteur,2,M,60-61,Promenade - loisirs,Autre,Non,,1,10 - octobre,3 - jeudi,'Bagnoles de l''Orne Normandie'
,201800014555,2018-10-24,15,15,15015,45.26753,2.47364,Hors intersection,Autre,Plein jour,Normale,Route Départementale,,2,Plat,Partie rectiligne,,,normale,,Sur chaussée,Conducteur,3,M,65-66,Promenade - loisirs,Casque,Oui,1,1,10 - octobre,2 - mercredi,Auzers
,201800015030,2018-10-24,38,17,38394,45.06901,5.24368,Giratoire,Deux véhicules - par le coté,Plein jour,Normale,Route Départementale,,2,Plat,Partie rectiligne,,,normale,Carrefour aménagé,Sur chaussée,Conducteur,2,M,51-52,Promenade - loisirs,Casque,Non,1,1,10 - octobre,2 - mercredi,Saint-Hilaire-du-Rosier
,201800022794,2018-10-24,5,15,5161,44.93772,6.57918,Hors intersection,Deux véhicules - par le coté,Plein jour,Normale,Route Départementale,,2,Pente,Partie rectiligne,,,normale,,Sur chaussée,Conducteur,2,M,45-46,Promenade - loisirs,Casque,Oui,1,,10 - octobre,2 - mercredi,Salle-les-Alpes
,201800001134,2018-10-23,33,18,33449,44.88829,-0.7039,Giratoire,Deux véhicules - par le coté,Plein jour,Normale,Voie Communale,,2,Plat,En courbe à gauche,,,normale,Carrefour aménagé,Sur piste cyclable,Conducteur,1,F,29-30,Courses - achats,Autre,Oui,1,1,10 - octobre,1 - mardi,Saint-Médard-en-Jalles
,201800003881,2018-10-23,83,9,83035,43.22404,5.7686,Hors intersection,Deux véhicules - par le coté,Plein jour,Normale,Route Départementale,,2,Plat,Partie rectiligne,,,normale,,Sur chaussée,Conducteur,3,M,78-79,Promenade - loisirs,Casque,Oui,1,,10 - octobre,1 - mardi,Castellet
,201800015003,2018-10-23,38,15,38422,45.14206,5.82915,Hors intersection,Deux véhicules - par l’arrière,Plein jour,Normale,Route Départementale,,2,Plat,Partie rectiligne,,,normale,,Sur chaussée,Conducteur,2,M,35-36,Promenade - loisirs,Casque,Oui,1,1,10 - octobre,1 - mardi,'Saint-Martin-d''Uriage'
,201800018585,2018-10-23,67,7,67305,48.93998,8.1538,Hors intersection,Trois véhicules et plus - collisions multiples,Crépuscule ou aube,Normale,Route Départementale,,2,Plat,Partie rectiligne,,,normale,,Sur chaussée,Conducteur,2,M,38-39,Domicile - travail,Equipement réfléchissant,Oui,2,,10 - octobre,1 - mardi,Mothern
,201800018851,2018-10-23,56,8,56243,47.64869,-2.72345,Hors intersection,Deux véhicules - par l’arrière,Crépuscule ou aube,Normale,Voie Communale,,2,Plat,Partie rectiligne,,,normale,,Sur accotement,Conducteur,3,F,19-20,Domicile - travail,Casque,Non,1,1,10 - octobre,1 - mardi,Séné
,201800026052,2018-10-23,42,16,42187,46.05003,4.09008,Intersection en T,Deux véhicules - par le coté,Plein jour,Temps éblouissant,Voie Communale,,2,Plat,Partie rectiligne,,,normale,,Sur accotement,Conducteur,1,M,76-77,Promenade - loisirs,Casque,Non déterminable,1,1,10 - octobre,1 - mardi,Roanne
,201800029886,2018-10-23,68,9,68112,47.90258,7.21649,Intersection en T,Deux véhicules - par le coté,Plein jour,Normale,Voie Communale,,,Plat,Partie rectiligne,,,normale,,Sur chaussée,Conducteur,1,F,34-35,Utilisation professionnelle,Casque,Oui,1,1,10 - octobre,1 - mardi,Guebwiller
,201800030922,2018-10-23,64,16,64445,43.3009,-0.35969,Intersection en T,Deux véhicules - par le coté,Plein jour,Normale,Voie Communale,,2,Plat,Partie rectiligne,,,normale,,Sur chaussée,Conducteur,1,M,43-44,Promenade - loisirs,Casque,Non déterminable,1,1,10 - octobre,1 - mardi,Pau
,201800034891,2018-10-23,79,11,79191,46.32455,-0.4556,Hors intersection,Autre,Plein jour,Normale,Voie Communale,,2,Plat,Partie rectiligne,,70,normale,,Sur accotement,Conducteur,0,M,21-22,Promenade - loisirs,Casque,Oui,,1,10 - octobre,1 - mardi,Niort
,201800038967,2018-10-23,92,17,92064,48.83541,2.21716,Hors intersection,Autre,Plein jour,Normale,Autre,,1,Pente,Partie rectiligne,,,normale,,Sur accotement,Piéton,1,M,3-4,Promenade - loisirs,Dispositif enfants,,,1,10 - octobre,1 - mardi,Saint-Cloud
,201800042596,2018-10-23,94,8,94016,48.79157,2.3342,Hors intersection,Autre,Plein jour,Normale,Voie Communale,,2,Plat,Partie rectiligne,,,normale,,Sur chaussée,Conducteur,1,M,43-44,,Casque,Non déterminable,1,1,10 - octobre,1 - mardi,Cachan
,201800000953,2018-10-22,49,11,49332,47.07966,-0.97928,Hors intersection,Deux véhicules - par le coté,Plein jour,Normale,Voie Communale,,2,Plat,Partie rectiligne,,,normale,,Sur chaussée,Conducteur,2,M,70-71,Promenade - loisirs,Casque,,1,,10 - octobre,0 - lundi,Séguinière
,201800002578,2018-10-22,74,13,74220,46.13085,6.26173,Intersection en Y,Deux véhicules - par le coté,Plein jour,Normale,Route Départementale,,2,Pente,En courbe à droite,,,normale,,Sur chaussée,Conducteur,2,M,15-16,Autre,Casque,Non,1,1,10 - octobre,0 - lundi,Reignier-Ésery
,201800003706,2018-10-22,6,16,6117,43.82039,7.23904,Hors intersection,Aucune,Plein jour,Normale,Autre,,1,Pente,Partie rectiligne,,,normale,,Sur chaussée,Conducteur,2,M,13-14,Promenade - loisirs,Casque,Non,,1,10 - octobre,0 - lundi,Saint-Blaise
,201800012618,2018-10-22,43,10,43112,0,0,Intersection en X,Deux véhicules - par le coté,Plein jour,Normale,Voie Communale,,2,Pente,Partie rectiligne,,50,normale,,Sur chaussée,Conducteur,1,M,17-18,Promenade - loisirs,,,1,1,10 - octobre,0 - lundi,Langeac
,201800016678,2018-10-22,42,11,42241,45.88562,4.12425,Hors intersection,Deux véhicules - par l’arrière,Plein jour,Normale,Route Départementale,,2,Pente,En courbe à gauche,,,normale,,Sur chaussée,Conducteur,1,M,68-69,Promenade - loisirs,Casque,Oui,1,,10 - octobre,0 - lundi,Saint-Jodard
,201800019952,2018-10-22,66,11,66021,42.7266,2.94653,Giratoire,Deux véhicules - par le coté,Plein jour,Normale,Route Départementale,,1,Plat,En courbe à gauche,,,normale,Carrefour aménagé,Sur chaussée,Conducteur,2,F,46-47,Domicile - travail,Casque,Non,1,,10 - octobre,0 - lundi,Bompas
,201800030920,2018-10-22,64,13,64348,43.323,-0.3895,Hors intersection,Deux véhicules - par l’arrière,Plein jour,Normale,Voie Communale,,2,Plat,Partie rectiligne,,,normale,,Sur accotement,Conducteur,1,M,16-17,Domicile - travail,Casque,Oui,1,1,10 - octobre,0 - lundi,Lons
,201800001437,2018-10-21,17,10,17164,45.77473,-0.62191,Hors intersection,Deux véhicules - par l’arrière,Plein jour,Temps éblouissant,Route Départementale,,2,Pente,Partie rectiligne,,,normale,,Sur chaussée,Conducteur,2,M,61-62,Promenade - loisirs,Casque,Oui,1,,10 - octobre,6 - dimanche,Fontcouverte
,201800003994,2018-10-21,84,17,84147,43.70378,5.4375,Intersection en X,Deux véhicules - frontale,Plein jour,Normale,Voie Communale,,2,Plat,Partie rectiligne,,,normale,,Sur chaussée,Conducteur,1,M,69-70,Promenade - loisirs,Casque,Oui,1,1,10 - octobre,6 - dimanche,Villelaure
,201800000317,2018-10-20,60,12,60139,49.16692,2.24852,Giratoire,Autre,Plein jour,Normale,Route Départementale,,2,Plat,En courbe à gauche,,,normale,Carrefour aménagé,Sur chaussée,Conducteur,2,M,66-67,,Casque,Non,,1,10 - octobre,5 - samedi,Chambly
,201800000623,2018-10-20,22,9,22282,48.58574,-2.2386,Intersection en T,Deux véhicules - frontale,Plein jour,Temps éblouissant,Route Départementale,,2,Pente,Partie rectiligne,,,normale,Carrefour aménagé,Sur chaussée,Conducteur,1,M,55-56,Promenade - loisirs,Casque,Oui,1,,10 - octobre,5 - samedi,Saint-Cast-le-Guildo
,201800000914,2018-10-20,44,9,44195,47.35598,-1.91535,Hors intersection,Deux véhicules - par le coté,Plein jour,Normale,Voie Communale,,2,Plat,Partie rectiligne,,,normale,,Sur chaussée,Conducteur,2,M,69-70,Promenade - loisirs,Casque,Non,1,,10 - octobre,5 - samedi,Savenay
,201800001089,2018-10-20,85,8,85222,46.70178,-1.93927,Hors intersection,Deux véhicules - par le coté,Plein jour,Normale,Voie Communale,,4,Plat,Partie rectiligne,,,normale,,Sur chaussée,Conducteur,3,M,87-88,Promenade - loisirs,Equipement réfléchissant,Non,1,1,10 - octobre,5 - samedi,Saint-Gilles-Croix-de-Vie
,201800001247,2018-10-20,33,14,33012,44.999,-0.70402,Intersection en T,Aucune,Plein jour,Normale,Route Départementale,,2,Plat,Partie rectiligne,,,normale,,Sur chaussée,Conducteur,2,M,36-37,Promenade - loisirs,Casque,Oui,1,,10 - octobre,5 - samedi,Arsac
,201800002530,2018-10-20,74,21,74042,46.07176,6.46069,Hors intersection,Deux véhicules - par l’arrière,Nuit sans éclairage public,Brouillard - fumée,Route Départementale,,2,Plat,Partie rectiligne,,,normale,,Sur chaussée,Conducteur,1,M,37-38,Promenade - loisirs,Equipement réfléchissant,Non,1,,10 - octobre,5 - samedi,Bonneville
,201800002553,2018-10-20,74,18,74016,46.13485,6.13364,Autre intersection,Deux véhicules - par le coté,Nuit avec éclairage public allumé,Normale,Voie Communale,,2,Pente,En courbe à droite,,,normale,,Sur chaussée,Conducteur,2,M,27-28,,Equipement réfléchissant,Non,1,1,10 - octobre,5 - samedi,Archamps
,201800015854,2018-10-20,25,16,25111,47.26833,6.08642,Hors intersection,Deux véhicules - par le coté,Plein jour,Normale,Route Départementale,,2,Plat,En courbe à droite,,,normale,,Sur chaussée,Conducteur,1,M,40-41,Promenade - loisirs,Casque,Oui,1,1,10 - octobre,5 - samedi,Chalèze
,201800021874,2018-10-20,62,13,62252,50.57406,2.72643,Intersection en T,Deux véhicules - par le coté,Plein jour,Normale,Route Départementale,,2,Plat,Partie rectiligne,,,normale,,Sur chaussée,Conducteur,2,F,56-57,Promenade - loisirs,Casque,,1,1,10 - octobre,5 - samedi,Couture
,201800001335,2018-10-19,64,16,64422,43.1916,-0.61884,Giratoire,Deux véhicules - par l’arrière,Plein jour,Normale,Route Départementale,,2,Plat,En courbe à droite,,,normale,Carrefour aménagé,Sur chaussée,Conducteur,3,F,67-68,Promenade - loisirs,Casque,Oui,1,1,10 - octobre,4 - vendredi,Oloron-Sainte-Marie
,201800001804,2018-10-19,69,12,69220,45.7333,4.47232,Autre intersection,Deux véhicules - par l’arrière,Plein jour,Normale,Voie Communale,,1,Plat,En courbe à gauche,,,normale,Carrefour aménagé,Sur chaussée,Conducteur,2,M,60-61,Promenade - loisirs,Casque,Oui,1,1,10 - octobre,4 - vendredi,Saint-Laurent-de-Chamousset
,201800002308,2018-10-19,38,14,38539,45.87456,5.34525,Hors intersection,Deux véhicules - par le coté,Plein jour,Temps éblouissant,Route Départementale,,2,Plat,En courbe à droite,,,normale,,Sur piste cyclable,Conducteur,2,F,65-66,Promenade - loisirs,Casque,,1,,10 - octobre,4 - vendredi,Vertrieu
,201800002383,2018-10-19,42,13,42147,45.60905,4.05509,Giratoire,Deux véhicules - par le coté,Plein jour,Normale,Route Départementale,,2,Plat,Partie rectiligne,,,normale,Carrefour aménagé,Sur chaussée,Conducteur,1,M,62-63,Promenade - loisirs,Casque,Oui,1,1,10 - octobre,4 - vendredi,Montbrison
,201800007093,2018-10-19,6,18,6018,43.61779,7.11218,Giratoire,Deux véhicules - par l’arrière,Plein jour,Normale,Route Départementale,,1,Plat,En courbe à gauche,,,normale,Carrefour aménagé,Sur chaussée,Conducteur,1,F,60-61,Domicile - travail,Casque,Non,1,1,10 - octobre,4 - vendredi,Biot
,201800012455,2018-10-19,16,1,16268,45.9699,0.27648,Hors intersection,Aucune,Nuit sans éclairage public,Normale,Voie Communale,,2,Pente,Partie rectiligne,,36,normale,,Sur chaussée,Conducteur,2,M,58-59,Promenade - loisirs,Equipement réfléchissant,Non,,,10 - octobre,4 - vendredi,Poursac
,201800014543,2018-10-19,15,17,15196,44.86883,2.30197,Hors intersection,Deux véhicules - par le coté,Crépuscule ou aube,Normale,Route Nationale,,2,Pente,Partie rectiligne,,,normale,Carrefour aménagé,Sur chaussée,Conducteur,2,M,62-63,Promenade - loisirs,Casque,,1,,10 - octobre,4 - vendredi,Saint-Mamet-la-Salvetat
,201800019424,2018-10-19,83,16,83120,43.38186,5.70728,Hors intersection,Autre,Plein jour,Normale,Voie Communale,,2,Pente,Partie rectiligne,,,normale,,Sur chaussée,Conducteur,2,M,13-14,Promenade - loisirs,Equipement réfléchissant,Non,,1,10 - octobre,4 - vendredi,Saint-Zacharie
,201800036209,2018-10-19,87,17,87085,45.8265,1.24299,Intersection en T,Deux véhicules - par le coté,Plein jour,Normale,Voie Communale,,2,Plat,Partie rectiligne,,,normale,,Sur accotement,Conducteur,1,F,38-39,Promenade - loisirs,Dispositif enfants,,1,1,10 - octobre,4 - vendredi,Limoges
,201800002192,2018-10-18,38,7,38382,45.24025,5.66663,Intersection en X,Deux véhicules - par le coté,Crépuscule ou aube,Normale,Route Départementale,,3,Plat,Partie rectiligne,,,normale,Carrefour aménagé,Sur chaussée,Conducteur,2,M,41-42,Domicile - travail,Autre,Oui,1,1,10 - octobre,3 - jeudi,Saint-Égrève
,201800007515,2018-10-18,67,7,67506,48.66762,7.74008,Giratoire,Deux véhicules - par le coté,Plein jour,Normale,Route Départementale,,2,Plat,Partie rectiligne,,,normale,,Sur chaussée,Conducteur,2,M,11-12,Domicile - école,Dispositif enfants,,1,1,10 - octobre,3 - jeudi,Vendenheim
,201800013212,2018-10-18,83,15,83083,43.47985,6.13612,Intersection en T,Trois véhicules et plus - collisions multiples,Plein jour,Normale,Route Départementale,,2,Pente,En courbe à droite,,,normale,,Sur chaussée,Conducteur,0,M,55-56,Promenade - loisirs,Casque,Oui,1,,10 - octobre,3 - jeudi,Montfort-sur-Argens
,201800013212,2018-10-18,83,15,83083,43.47985,6.13612,Intersection en T,Trois véhicules et plus - collisions multiples,Plein jour,Normale,Route Départementale,,2,Pente,En courbe à droite,,,normale,,Sur chaussée,Conducteur,2,M,70-71,Promenade - loisirs,Casque,Oui,1,,10 - octobre,3 - jeudi,Montfort-sur-Argens
,201800018960,2018-10-18,56,13,56228,47.80534,-2.40194,Giratoire,Deux véhicules - frontale,Plein jour,Normale,Route Départementale,,2,Sommet de côte,Partie rectiligne,,,normale,Carrefour aménagé,Sur chaussée,Conducteur,2,M,35-36,Domicile - travail,Casque,Non,1,1,10 - octobre,3 - jeudi,Saint-Marcel
,201800030085,2018-10-18,84,13,84088,43.99731,5.06208,Giratoire,Deux véhicules - par le coté,Plein jour,Normale,Voie Communale,,2,Plat,En courbe à droite,,,normale,Carrefour aménagé,Sur chaussée,Conducteur,2,M,79-80,Promenade - loisirs,Casque,Oui,1,1,10 - octobre,3 - jeudi,Pernes-les-Fontaines
,201800051236,2018-10-18,75,20,75108,48.87,2.32,Place,Autre,Nuit avec éclairage public allumé,Normale,Voie Communale,,6,Plat,Partie rectiligne,,,normale,,Sur chaussée,Conducteur,1,M,43-44,,Casque,Oui,,1,10 - octobre,3 - jeudi,Paris 8e  Arrondissement
,201800056096,2018-10-18,974,6,97421,-21.03361,55.5066,Hors intersection,Autre,Plein jour,Normale,Autre,,2,Pente,En courbe à gauche,,,normale,,Sur chaussée,Conducteur,2,M,13-14,Promenade - loisirs,Casque,Non,,1,10 - octobre,3 - jeudi,Salazie
,201800000216,2018-10-17,62,14,62014,50.62565,2.34829,Hors intersection,Deux véhicules - frontale,Plein jour,Normale,Voie Communale,,2,Plat,En « S »,,,normale,,Sur chaussée,Conducteur,2,M,10-11,Promenade - loisirs,Casque,Non,1,,10 - octobre,2 - mercredi,Aire-sur-la-Lys
,201800010997,2018-10-17,30,9,30133,43.53689,4.14529,Hors intersection,Deux véhicules - par l’arrière,Plein jour,Pluie légère,Route Départementale,,2,Plat,En courbe à droite,,,mouillée,,Sur chaussée,Conducteur,2,M,80-81,Promenade - loisirs,Casque,Oui,1,,10 - octobre,2 - mercredi,Grau-du-Roi
,201800016233,2018-10-17,68,14,68042,47.60777,7.50329,Intersection en Y,Deux véhicules - par le coté,Plein jour,Normale,Route Départementale,,2,Plat,Partie rectiligne,,,normale,Carrefour aménagé,Sur chaussée,Conducteur,2,M,50-51,Promenade - loisirs,Casque,Non,1,1,10 - octobre,2 - mercredi,Blotzheim
,201800025163,2018-10-17,36,11,36159,46.7587,1.7212,Giratoire,Deux véhicules - par le coté,Plein jour,Temps éblouissant,Route Départementale,,2,Plat,En courbe à droite,,,normale,,Sur accotement,Conducteur,3,M,74-75,Promenade - loisirs,Casque,Oui,1,1,10 - octobre,2 - mercredi,Poinçonnet
,201800001841,2018-10-16,69,14,69249,45.67946,4.65046,Intersection en Y,Deux véhicules - par le coté,Plein jour,Normale,Route Départementale,,2,Pente,En courbe à gauche,,,normale,,Sur chaussée,Conducteur,2,M,65-66,Promenade - loisirs,Casque,Oui,1,1,10 - octobre,1 - mardi,Thurins
,201800011134,2018-10-16,37,18,37111,47.16437,1.06756,Hors intersection,Deux véhicules - par le coté,Plein jour,Normale,Route Départementale,,2,Plat,Partie rectiligne,,,normale,,Sur chaussée,Conducteur,2,M,69-70,Promenade - loisirs,Casque,Oui,1,,10 - octobre,1 - mardi,Genillé
,201800015143,2018-10-16,31,7,31079,43.77188,1.40618,Hors intersection,Deux véhicules - frontale,Nuit sans éclairage public,Pluie légère,Route Départementale,,2,Plat,Partie rectiligne,,,mouillée,,Sur chaussée,Conducteur,2,M,50-51,Domicile - travail,Casque,Oui,1,,10 - octobre,1 - mardi,Bouloc
,201800016265,2018-10-16,68,16,68046,47.78299,7.03937,Hors intersection,Deux véhicules - frontale,Plein jour,Normale,Route Départementale,,2,Bas de côte,En courbe à gauche,,,normale,,Sur chaussée,Conducteur,2,M,66-67,Promenade - loisirs,Casque,Oui,1,,10 - octobre,1 - mardi,Bourbach-le-Haut
,201800022805,2018-10-16,67,13,67317,48.30636,7.33763,Hors intersection,Deux véhicules - frontale,Plein jour,Normale,Voie Communale,,2,Pente,En courbe à droite,,,normale,,Sur chaussée,Conducteur,1,M,8-9,Domicile - école,Casque,Oui,1,1,10 - octobre,1 - mardi,Neubois
,201800030917,2018-10-16,64,14,64445,43.3074,-0.36442,Hors intersection,Deux véhicules - frontale,Plein jour,Normale,Voie Communale,,2,Plat,Partie rectiligne,,,normale,,Sur chaussée,Conducteur,1,M,33-34,Autre,Dispositif enfants,,1,1,10 - octobre,1 - mardi,Pau
,201800032071,2018-10-16,26,16,26323,45.07303,5.11281,Giratoire,Deux véhicules - par le coté,Plein jour,Normale,Route Départementale,,2,Plat,En courbe à gauche,,,normale,,Sur chaussée,Conducteur,1,M,57-58,Promenade - loisirs,Casque,Oui,1,,10 - octobre,1 - mardi,Saint-Paul-lès-Romans
,201800033079,2018-10-16,12,14,12300,44.37327,2.01441,Intersection en Y,Deux véhicules - par le coté,Plein jour,Normale,Route Départementale,,2,Plat,En courbe à droite,,,normale,,Sur chaussée,Conducteur,2,M,62-63,Promenade - loisirs,Casque,,1,1,10 - octobre,1 - mardi,Villefranche-de-Rouergue
,201800033079,2018-10-16,12,14,12300,44.37327,2.01441,Intersection en Y,Deux véhicules - par le coté,Plein jour,Normale,Route Départementale,,2,Plat,En courbe à droite,,,normale,,Sur chaussée,Conducteur,0,M,78-79,Promenade - loisirs,Casque,Oui,1,1,10 - octobre,1 - mardi,Villefranche-de-Rouergue
,201800037077,2018-10-16,91,10,91549,48.64876,2.31834,Giratoire,Deux véhicules - par le coté,Plein jour,Pluie légère,Voie Communale,,2,Plat,Partie rectiligne,,,normale,Carrefour aménagé,Sur bande d’arrêt d’urgence,Conducteur,2,M,69-70,Autre,Casque,Non déterminable,1,1,10 - octobre,1 - mardi,Sainte-Geneviève-des-Bois
,201800002966,2018-10-15,67,15,67112,48.52931,7.56764,Intersection en T,Deux véhicules - frontale,Plein jour,Normale,Voie Communale,Avec voies d’affectation variable,,,,,,,,,Conducteur,2,M,81-82,Promenade - loisirs,Casque,,1,1,10 - octobre,0 - lundi,Duttlenheim
,201800003121,2018-10-15,68,8,68199,47.86611,7.03914,Giratoire,Deux véhicules - par le coté,Crépuscule ou aube,Temps éblouissant,Route Nationale,,2,Plat,Partie rectiligne,,,normale,,Sur chaussée,Conducteur,1,F,23-24,Domicile - travail,Casque,Non,1,1,10 - octobre,0 - lundi,Malmerspach
,201800003901,2018-10-15,83,1,83071,43.11987,6.24649,Hors intersection,Deux véhicules - par l’arrière,Nuit avec éclairage public allumé,Normale,Route Départementale,,2,Plat,Partie rectiligne,,,normale,,Sur chaussée,Conducteur,1,M,34-35,Domicile - travail,Casque,Non,1,1,10 - octobre,0 - lundi,Londe-les-Maures
,201800006166,2018-10-15,27,16,27365,49.28876,1.20424,Intersection en T,Deux véhicules - par le coté,Plein jour,Normale,Voie Communale,,2,Plat,Partie rectiligne,,,normale,,Sur chaussée,Conducteur,2,F,41-42,Domicile - travail,Equipement réfléchissant,Non,1,1,10 - octobre,0 - lundi,Léry
,201800011395,2018-10-15,28,18,28052,48.56536,1.52385,Hors intersection,Deux véhicules - par l’arrière,Plein jour,Temps éblouissant,Route Départementale,,2,Plat,Partie rectiligne,,,normale,,Sur chaussée,Conducteur,2,M,60-61,,Casque,Non,1,,10 - octobre,0 - lundi,Bouglainval
,201800013156,2018-10-15,60,12,60471,49.60518,3.01517,Hors intersection,Deux véhicules - par l’arrière,Plein jour,Normale,Route Départementale,,2,Sommet de côte,Partie rectiligne,,,normale,,Sur chaussée,Conducteur,2,M,54-55,Domicile - travail,Casque,Oui,1,,10 - octobre,0 - lundi,Noyon