test,identifiantAccident,date,departement,heure,commune,lat,lon,typeIntersection,typeCollision,luminosite,conditionsAtmosperiques,typeRoute,circulation,nbVoies,profilLongRoute,tracePlanRoute,largeurTPC,largeurRoute,etatSurface,amenagement,situation,categorieUsager,graviteAccident,sexe,age,motifDeplacement,existenceSecurite,usageSecurite,nombreAutresVehicules,enAgglomeration,mois,jour,NCCENR
,201800043063,2018-10-03,94,18,94078,48.73233,2.44694,Intersection en T,Deux véhicules - par le coté,Plein jour,Normale,Route Nationale,,4,Plat,Partie rectiligne,,,normale,Carrefour aménagé,Sur chaussée,Conducteur,1,M,10-11,,Casque,Non déterminable,1,1,10 - octobre,2 - mercredi,Villeneuve-Saint-Georges
,201800002468,2018-10-02,73,16,73285,45.62029,6.78887,Intersection en T,Deux véhicules - frontale,Plein jour,Normale,Route Départementale,,2,Plat,Partie rectiligne,,,normale,,Sur chaussée,Conducteur,1,M,37-38,Promenade - loisirs,Casque,Non,1,1,10 - octobre,1 - mardi,Séez
,201800017940,2018-10-02,82,15,82087,44.14396,1.23035,Hors intersection,Deux véhicules - par le coté,Plein jour,Normale,Route Départementale,,2,Bas de côte,Partie rectiligne,,,normale,,Sur chaussée,Conducteur,2,M,64-65,Promenade - loisirs,Casque,Oui,1,,10 - octobre,1 - mardi,Lafrançaise
,201800030902,2018-10-02,64,10,64445,43.3039,-0.35227,Hors intersection,Deux véhicules - par le coté,Plein jour,Normale,Voie Communale,,2,Plat,Partie rectiligne,,,normale,,Sur accotement,Conducteur,1,F,39-40,Promenade - loisirs,Casque,Non déterminable,1,1,10 - octobre,1 - mardi,Pau
,201800002942,2018-10-01,67,10,67023,48.77866,7.71922,Intersection en X,Deux véhicules - par le coté,Plein jour,Temps couvert,Route Départementale,,2,Pente,Partie rectiligne,,,normale,Carrefour aménagé,Sur chaussée,Conducteur,1,M,44-45,Promenade - loisirs,Casque,Oui,1,,10 - octobre,0 - lundi,Batzendorf
,201800000150,2018-09-30,59,9,59029,50.48156,3.20767,Intersection en X,Deux véhicules - par le coté,Plein jour,Normale,Route Départementale,,2,Plat,Partie rectiligne,,,normale,,Sur chaussée,Conducteur,1,M,80-81,Promenade - loisirs,Casque,Oui,1,,09 - septembre,6 - dimanche,Auchy-lez-Orchies
,201800003732,2018-09-30,6,11,6065,43.7242,7.15288,Hors intersection,Autre,Plein jour,Normale,,,2,Pente,En « S »,,,normale,,Sur accotement,Conducteur,3,M,61-62,Promenade - loisirs,Casque,Oui,,1,09 - septembre,6 - dimanche,Gaude
,201800007501,2018-09-30,67,8,67152,48.51681,7.65343,Autre intersection,Deux véhicules - par le coté,Plein jour,Temps éblouissant,Route Départementale,,2,Plat,Partie rectiligne,,,normale,,Sur piste cyclable,Conducteur,1,M,57-58,Promenade - loisirs,Casque,Oui,1,1,09 - septembre,6 - dimanche,Geispolsheim
,201800013007,2018-09-30,45,15,45296,48.00105,1.69504,Hors intersection,Deux véhicules - par l’arrière,Plein jour,Normale,Route Départementale,,2,Plat,Partie rectiligne,,,normale,,Sur chaussée,Conducteur,3,M,68-69,Promenade - loisirs,Casque,Non,1,,09 - septembre,6 - dimanche,Saint-Péravy-la-Colombe
,201800016414,2018-09-30,29,11,29189,48.36777,-4.3719,Giratoire,Deux véhicules - par l’arrière,Plein jour,Normale,Route Départementale,,1,Plat,En courbe à gauche,,,normale,,Sur chaussée,Conducteur,2,M,39-40,Promenade - loisirs,Casque,Oui,1,1,09 - septembre,6 - dimanche,Plougastel-Daoulas
,201800017277,2018-09-30,63,11,63195,45.8037,3.37157,Intersection en Y,Deux véhicules - par le coté,Plein jour,Normale,Route Départementale,Avec voies d’affectation variable,,,Partie rectiligne,,,,Carrefour aménagé,,Conducteur,2,M,44-45,Promenade - loisirs,Casque,Oui,1,,09 - septembre,6 - dimanche,Lezoux
,201800000044,2018-09-29,59,18,59400,50.62556,2.62903,Hors intersection,Deux véhicules - par le coté,Plein jour,Temps éblouissant,Route Départementale,,2,Plat,Partie rectiligne,,,normale,,Sur chaussée,Conducteur,2,M,70-71,Promenade - loisirs,Casque,,1,,09 - septembre,5 - samedi,Merville
,201800000456,2018-09-29,27,8,27439,49.07842,1.16371,Intersection en X,Deux véhicules - par le coté,Plein jour,Normale,Route Départementale,,2,Sommet de côte,Partie rectiligne,,,normale,,Sur chaussée,Conducteur,1,M,80-81,Promenade - loisirs,Casque,Non,1,1,09 - septembre,5 - samedi,Normanville
,201800011723,2018-09-29,85,,85029,46.97096,-2.00002,Autre intersection,Deux véhicules - frontale,Nuit avec éclairage public allumé,Normale,Route Départementale,,2,Plat,Partie rectiligne,,,normale,,Sur chaussée,Conducteur,2,M,17-18,Promenade - loisirs,Equipement réfléchissant,Non,1,1,09 - septembre,5 - samedi,Bouin
,201800014821,2018-09-29,2,16,2806,49.18808,3.4636,Hors intersection,Trois véhicules et plus - en chaîne,Plein jour,Normale,Route Départementale,,2,Plat,En « S »,,,normale,,Sur chaussée,Conducteur,0,F,31-32,Promenade - loisirs,Equipement réfléchissant,Oui,1,,09 - septembre,5 - samedi,Villeneuve-sur-Fère
,201800014821,2018-09-29,2,16,2806,49.18808,3.4636,Hors intersection,Trois véhicules et plus - en chaîne,Plein jour,Normale,Route Départementale,,2,Plat,En « S »,,,normale,,Sur chaussée,Conducteur,2,M,32-33,Promenade - loisirs,Equipement réfléchissant,Oui,1,,09 - septembre,5 - samedi,Villeneuve-sur-Fère
,201800023731,2018-09-29,42,10,42145,46.04399,4.24105,Hors intersection,Deux véhicules - frontale,Plein jour,Normale,Route Départementale,,2,Plat,Partie rectiligne,,,normale,,Sur chaussée,Conducteur,0,M,3-4,Promenade - loisirs,Casque,Oui,1,,09 - septembre,5 - samedi,Montagny
,201800001815,2018-09-28,69,16,69227,45.65937,4.55857,Autre intersection,Deux véhicules - par le coté,Plein jour,Normale,Voie Communale,,1,Pente,Partie rectiligne,,,normale,,Sur chaussée,Conducteur,1,M,13-14,,Autre,Non,1,1,09 - septembre,4 - vendredi,Saint-Martin-en-Haut
,201800003232,2018-09-28,71,16,71328,46.6264,4.81199,Hors intersection,Deux véhicules - frontale,Plein jour,Temps éblouissant,Voie Communale,,2,Plat,En courbe à droite,,,normale,,Sur chaussée,Conducteur,3,F,32-33,Promenade - loisirs,Autre,Oui,1,,09 - septembre,4 - vendredi,Nanton
,201800005905,2018-09-28,13,9,13040,43.45157,5.56589,Intersection en X,Deux véhicules - frontale,Plein jour,Temps éblouissant,Voie Communale,Avec voies d’affectation variable,,,,,,,,,Conducteur,2,M,68-69,Promenade - loisirs,Casque,Oui,1,1,09 - septembre,4 - vendredi,Fuveau
,201800011495,2018-09-28,27,18,27463,49.13486,0.63081,Hors intersection,Deux véhicules - par l’arrière,Plein jour,Normale,Voie Communale,,2,Pente,En courbe à gauche,,,normale,,Sur chaussée,Conducteur,2,M,13-14,Domicile - école,Casque,Non,1,,09 - septembre,4 - vendredi,Plasnes
,201800012646,2018-09-28,43,11,43012,0,0,Hors intersection,Deux véhicules - par le coté,Plein jour,Temps éblouissant,Voie Communale,,2,Pente,En courbe à gauche,,40,normale,,Sur chaussée,Conducteur,2,M,34-35,Promenade - loisirs,Casque,Oui,1,1,09 - septembre,4 - vendredi,Aurec-sur-Loire
,201800014913,2018-09-28,13,8,13083,43.90362,4.80989,Giratoire,Deux véhicules - par l’arrière,Plein jour,Temps éblouissant,Voie Communale,,1,Plat,En courbe à droite,,,normale,Carrefour aménagé,Sur chaussée,Conducteur,2,F,79-80,Promenade - loisirs,Equipement réfléchissant,Non,1,1,09 - septembre,4 - vendredi,Rognonas
,201800021149,2018-09-28,59,12,59067,50.9675,2.4324,Hors intersection,Deux véhicules - par l’arrière,Plein jour,Pluie légère,Voie Communale,,2,Plat,Partie rectiligne,,,mouillée,,Sur chaussée,Conducteur,2,M,56-57,Domicile - travail,Casque,,1,1,09 - septembre,4 - vendredi,Bergues
,201800021601,2018-09-28,91,12,91363,48.64575,2.19534,Intersection en Y,Autre,Plein jour,Normale,Route Départementale,,2,Plat,Partie rectiligne,,,normale,,Sur chaussée,Conducteur,2,M,68-69,Promenade - loisirs,Casque,Oui,1,,09 - septembre,4 - vendredi,Marcoussis
,201800021860,2018-09-28,35,9,35235,47.91578,-1.20509,Intersection en X,Deux véhicules - par le coté,Plein jour,Temps éblouissant,Route Départementale,,2,Plat,Partie rectiligne,,,normale,,Sur chaussée,Conducteur,2,M,87-88,Promenade - loisirs,Casque,Oui,1,,09 - septembre,4 - vendredi,Rannée
,201800027089,2018-09-28,47,9,47027,44.4157,0.66163,Intersection en X,Deux véhicules - par le coté,Plein jour,Normale,Route Départementale,,2,Plat,En courbe à gauche,,,normale,Carrefour aménagé,Sur chaussée,Conducteur,2,M,64-65,Promenade - loisirs,Casque,Oui,1,,09 - septembre,4 - vendredi,Bias
,201800035327,2018-09-28,83,18,83050,43.53415,6.45806,Hors intersection,Autre,Plein jour,Normale,Route Départementale,,4,Plat,Partie rectiligne,,,normale,Carrefour aménagé,Sur accotement,Conducteur,1,M,48-49,,Casque,Non déterminable,1,1,09 - septembre,4 - vendredi,Draguignan
,201800007502,2018-09-27,67,17,67049,48.50794,7.61008,Hors intersection,Aucune,Plein jour,Normale,Route Départementale,,2,Plat,Partie rectiligne,,,normale,,Sur chaussée,Conducteur,2,M,58-59,Promenade - loisirs,Casque,Oui,1,1,09 - septembre,3 - jeudi,Blaesheim
,201800013822,2018-09-27,72,16,72275,48.06705,0.34285,Hors intersection,Autre,Plein jour,Normale,Route Départementale,,2,Plat,Partie rectiligne,,,normale,,Sur trottoir,Conducteur,2,M,69-70,Promenade - loisirs,Casque,Oui,,1,09 - septembre,3 - jeudi,Saint-Corneille
,201800017771,2018-09-27,69,19,69063,45.83046,4.84826,Autre intersection,Deux véhicules - frontale,Plein jour,Normale,Route Départementale,,2,Plat,Partie rectiligne,,,normale,Carrefour aménagé,Sur piste cyclable,Conducteur,2,M,50-51,Promenade - loisirs,Casque,Oui,1,1,09 - septembre,3 - jeudi,'Collonges-au-Mont-d''Or'
,201800017784,2018-09-27,69,15,69150,46.22988,4.5974,Intersection en Y,Deux véhicules - frontale,Plein jour,Temps éblouissant,Route Départementale,,2,Pente,Partie rectiligne,,,normale,,Sur chaussée,Conducteur,2,M,71-72,Promenade - loisirs,Casque,Oui,1,1,09 - septembre,3 - jeudi,Ouroux
,201800018128,2018-09-27,80,9,80279,49.70345,2.94687,Hors intersection,Deux véhicules - par le coté,Plein jour,Temps éblouissant,Route Départementale,,2,Plat,Partie rectiligne,,,normale,,Sur chaussée,Conducteur,1,M,16-17,Promenade - loisirs,Casque,Non,1,1,09 - septembre,3 - jeudi,Ercheu
,201800032576,2018-09-27,69,8,69282,45.77857,5.01862,Hors intersection,Deux véhicules - par le coté,Plein jour,Temps éblouissant,,,2,Plat,Partie rectiligne,,,normale,,Sur bande d’arrêt d’urgence,Conducteur,1,M,10-11,Domicile - école,Casque,Oui,1,1,09 - septembre,3 - jeudi,Meyzieu
,201800032809,2018-09-27,8,20,8053,49.68273,4.97373,Hors intersection,Deux véhicules - par le coté,Nuit avec éclairage public allumé,Normale,Route Départementale,,2,Pente,Partie rectiligne,,,normale,Bretelle d’échangeur ou de raccordement,Sur chaussée,Conducteur,1,M,24-25,Promenade - loisirs,Casque,,1,1,09 - septembre,3 - jeudi,Bazeilles
,201800056267,2018-09-27,973,16,97309,4.91609,-52.27037,Intersection en T,Autre,Plein jour,Normale,Voie Communale,,2,Plat,Partie rectiligne,,,normale,,Sur accotement,Conducteur,2,M,15-16,Domicile - école,Casque,Non,,1,09 - septembre,3 - jeudi,Remire-Montjoly
,201800057521,2018-09-27,974,8,97416,-21.29643,55.46052,Hors intersection,Deux véhicules - par le coté,Plein jour,Normale,Voie Communale,,2,Plat,Partie rectiligne,,,normale,,Sur bande d’arrêt d’urgence,Conducteur,1,M,25-26,Domicile - travail,Casque,Oui,1,,09 - septembre,3 - jeudi,Saint-Pierre
,201800016165,2018-09-26,68,5,68138,47.58627,7.25552,Intersection en Y,Deux véhicules - par le coté,Nuit avec éclairage public allumé,Normale,Route Départementale,,2,Plat,En courbe à gauche,,,normale,Carrefour aménagé,Sur chaussée,Conducteur,1,M,48-49,Domicile - travail,Casque,Oui,1,1,09 - septembre,2 - mercredi,Hirsingue
,201800016248,2018-09-26,68,17,68205,47.91126,7.36074,Giratoire,Deux véhicules - par l’arrière,Plein jour,Temps éblouissant,Route Départementale,,2,Plat,Partie rectiligne,,,normale,Carrefour aménagé,Sur chaussée,Conducteur,3,M,80-81,Promenade - loisirs,Casque,,1,1,09 - septembre,2 - mercredi,Meyenheim
,201800031104,2018-09-26,65,10,65286,43.09914,-0.07663,Intersection en T,Deux véhicules - par le coté,Plein jour,Normale,Route Départementale,,2,Plat,En courbe à droite,,,normale,Carrefour aménagé,Sur accotement,Conducteur,1,M,52-53,Promenade - loisirs,Casque,Oui,1,1,09 - septembre,2 - mercredi,Lourdes
,201800036189,2018-09-26,87,17,87075,45.7994,1.22753,Hors intersection,Deux véhicules - par le coté,Plein jour,Normale,Route Nationale,,3,Plat,Partie rectiligne,,,normale,Pont - autopont,Sur accotement,Conducteur,2,M,71-72,Promenade - loisirs,Casque,Oui,1,1,09 - septembre,2 - mercredi,Isle
,201800001803,2018-09-25,69,9,69038,45.76587,4.38863,Intersection en X,Deux véhicules - frontale,Plein jour,Normale,Route Départementale,,2,Pente,En courbe à droite,,,normale,,Sur chaussée,Conducteur,1,M,64-65,Promenade - loisirs,Casque,Oui,1,,09 - septembre,1 - mardi,Chambost-Longessaigne
,201800003884,2018-09-25,83,9,83035,43.26178,5.75999,Giratoire,Deux véhicules - par l’arrière,Plein jour,Normale,Route Départementale,,5,Plat,En courbe à droite,,,normale,,Sur chaussée,Conducteur,1,M,53-54,Promenade - loisirs,Casque,Oui,1,,09 - septembre,1 - mardi,Castellet
,201800004882,2018-09-25,45,17,45089,47.90271,2.02799,Intersection en T,Deux véhicules - par l’arrière,Plein jour,Normale,Route Départementale,,2,Plat,Partie rectiligne,,,normale,,Sur chaussée,Conducteur,2,M,18-19,Autre,Casque,Non,1,1,09 - septembre,1 - mardi,Chécy
,201800006227,2018-09-25,68,11,68278,47.74799,7.39834,Intersection en Y,Deux véhicules - par le coté,Plein jour,Temps éblouissant,Voie Communale,,2,Plat,Partie rectiligne,,,normale,,Sur chaussée,Conducteur,2,M,45-46,Domicile - école,Casque,,1,1,09 - septembre,1 - mardi,Rixheim
,201800006694,2018-09-25,38,15,38175,45.26391,5.91418,Hors intersection,Deux véhicules - par le coté,Plein jour,Normale,Route Départementale,,2,Plat,Partie rectiligne,,,normale,Carrefour aménagé,Sur chaussée,Conducteur,2,F,61-62,Promenade - loisirs,Casque,Non,1,1,09 - septembre,1 - mardi,Froges
,201800013862,2018-09-25,72,17,72129,48.04395,0.33425,Hors intersection,Deux véhicules - par le coté,Plein jour,Normale,Route Départementale,,2,Plat,Partie rectiligne,,,normale,,Sur chaussée,Conducteur,1,M,41-42,Promenade - loisirs,Casque,Oui,1,,09 - septembre,1 - mardi,Fatines
,201800016875,2018-09-25,49,16,49180,47.37923,-0.11415,Intersection en T,Deux véhicules - par le coté,Plein jour,Normale,Voie Communale,Avec voies d’affectation variable,,,,,,,,,Conducteur,2,M,55-56,Promenade - loisirs,Casque,Oui,1,1,09 - septembre,1 - mardi,Longué-Jumelles
,201800017045,2018-09-25,61,14,61030,48.77422,-0.59992,Hors intersection,Deux véhicules - par l’arrière,Plein jour,Normale,Route Départementale,,2,Pente,En courbe à gauche,,,normale,,Sur chaussée,Conducteur,2,M,66-67,Promenade - loisirs,Casque,Oui,1,,09 - septembre,1 - mardi,Bazoque
,201800021662,2018-09-25,42,11,42182,46.05133,3.95319,Autre intersection,Deux véhicules - par le coté,Plein jour,Temps éblouissant,Route Départementale,,2,Plat,Partie rectiligne,,,normale,Carrefour aménagé,Sur chaussée,Conducteur,2,M,66-67,Promenade - loisirs,Casque,Oui,1,,09 - septembre,1 - mardi,Renaison
,201800038227,2018-09-25,92,10,92040,48.82734,2.27745,Hors intersection,Autre,Plein jour,Normale,Voie Communale,,2,Plat,Partie rectiligne,,,normale,,Sur accotement,Conducteur,1,F,43-44,Domicile - travail,Casque,Oui,1,1,09 - septembre,1 - mardi,Issy-les-Moulineaux
,201800039426,2018-09-25,93,17,93005,0,0,Hors intersection,Autre,Plein jour,Normale,Voie Communale,,,Plat,Partie rectiligne,,,normale,,Sur accotement,Conducteur,1,M,13-14,Promenade - loisirs,Casque,Non déterminable,1,1,09 - septembre,1 - mardi,Aulnay-sous-Bois
,201800056353,2018-09-25,974,16,97413,-21.16611,55.33335,Hors intersection,Deux véhicules - par le coté,Plein jour,Normale,Route Départementale,,2,Plat,En courbe à droite,,,normale,,Sur chaussée,Conducteur,3,M,10-11,Domicile - école,Casque,Non,1,,09 - septembre,1 - mardi,Saint-Leu
,201800011851,2018-09-24,24,13,24026,45.17329,0.81516,Hors intersection,Deux véhicules - par le coté,Plein jour,Normale,Voie Communale,,2,Pente,En courbe à gauche,,,normale,,Sur chaussée,Conducteur,2,M,50-51,Domicile - travail,Casque,Non,1,,09 - septembre,0 - lundi,Bassillac
,201800012780,2018-09-24,73,16,73300,45.65974,5.89477,Hors intersection,Deux véhicules - par l’arrière,Plein jour,Normale,Route Départementale,,2,Plat,Partie rectiligne,,,normale,,Sur piste cyclable,Conducteur,2,M,50-51,Promenade - loisirs,Casque,Oui,1,,09 - septembre,0 - lundi,Tresserve
,201800012780,2018-09-24,73,16,73300,45.65974,5.89477,Hors intersection,Deux véhicules - par l’arrière,Plein jour,Normale,Route Départementale,,2,Plat,Partie rectiligne,,,normale,,Sur piste cyclable,Conducteur,0,F,21-22,Domicile - école,Casque,Non,1,,09 - septembre,0 - lundi,Tresserve
,201800015748,2018-09-24,44,18,44043,47.09036,-1.2822,Hors intersection,Deux véhicules - par le coté,Plein jour,Normale,Autre,,2,Bas de côte,Partie rectiligne,,,normale,Pont - autopont,Sur chaussée,Conducteur,1,M,47-48,Domicile - travail,Casque,Non,1,1,09 - septembre,0 - lundi,Clisson
,201800019146,2018-09-24,51,12,51535,48.72254,3.72487,Intersection en T,Deux véhicules - par le coté,Plein jour,Normale,Voie Communale,,2,Plat,Partie rectiligne,,,normale,,Sur chaussée,Conducteur,1,M,13-14,Domicile - école,Casque,Non,1,1,09 - septembre,0 - lundi,Sézanne
,201800003528,2018-09-23,13,10,13030,43.2758,5.70389,Hors intersection,Deux véhicules - frontale,Plein jour,Normale,Route Nationale,,2,Pente,En « S »,,,normale,,Sur chaussée,Conducteur,1,M,59-60,Promenade - loisirs,Casque,,1,,09 - septembre,6 - dimanche,Cuges-les-Pins
,201800003853,2018-09-23,83,20,83094,43.33396,6.56315,Hors intersection,Deux véhicules - par l’arrière,Nuit sans éclairage public,Normale,Route Départementale,,2,Plat,Partie rectiligne,,,normale,,Sur chaussée,Conducteur,3,M,44-45,Promenade - loisirs,Casque,,1,,09 - septembre,6 - dimanche,Plan-de-la-Tour
,201800003991,2018-09-23,84,19,84068,43.75987,5.36507,Hors intersection,Deux véhicules - par l’arrière,Nuit sans éclairage public,Normale,Route Départementale,,2,Pente,Partie rectiligne,,,normale,,Sur chaussée,Conducteur,2,M,84-85,Promenade - loisirs,Casque,Oui,1,1,09 - septembre,6 - dimanche,Lourmarin
,201800010874,2018-09-23,30,10,30102,43.93307,4.2908,Hors intersection,Aucune,Plein jour,Normale,Route Départementale,,2,Plat,Partie rectiligne,,,normale,Pont - autopont,Sur accotement,Conducteur,2,M,43-44,Promenade - loisirs,Casque,Oui,,,09 - septembre,6 - dimanche,Dions
,201800015951,2018-09-23,39,16,39467,46.5829,5.48223,Hors intersection,Autre,Plein jour,Normale,Route Départementale,,2,Pente,Partie rectiligne,,,normale,,Sur chaussée,Conducteur,2,M,35-36,Promenade - loisirs,Casque,Oui,,,09 - septembre,6 - dimanche,Rotalier
,201800027065,2018-09-23,47,20,47001,44.209,0.62162,Intersection en T,Deux véhicules - par le coté,Nuit avec éclairage public allumé,Normale,Voie Communale,,2,Plat,Partie rectiligne,,,normale,,Sur chaussée,Conducteur,2,M,49-50,Promenade - loisirs,Equipement réfléchissant,Oui,1,1,09 - septembre,6 - dimanche,Agen
,201800056320,2018-09-23,973,6,97307,4.88628,-52.34275,Intersection en T,Autre,Crépuscule ou aube,Normale,Voie Communale,Avec voies d’affectation variable,,,,,,,,,Conducteur,2,M,10-11,Promenade - loisirs,Casque,Non,,1,09 - septembre,6 - dimanche,Matoury
,201800000733,2018-09-22,14,9,14530,49.2285,-0.2442,Intersection en X,Deux véhicules - par le coté,Plein jour,Normale,Route Départementale,,2,Plat,Partie rectiligne,,,mouillée,,Sur chaussée,Conducteur,1,F,39-40,Promenade - loisirs,Casque,Oui,1,,09 - septembre,5 - samedi,Ranville
,201800014757,2018-09-22,84,15,84017,44.14323,5.28064,Hors intersection,Deux véhicules - frontale,Plein jour,Normale,Route Départementale,,2,Pente,En courbe à droite,,,normale,,Sur chaussée,Conducteur,2,M,41-42,Promenade - loisirs,Casque,Oui,1,,09 - septembre,5 - samedi,Bédoin
,201800014963,2018-09-22,38,17,38465,45.69449,5.50166,Intersection en T,Deux véhicules - par le coté,Plein jour,Normale,Route Départementale,,2,Plat,Partie rectiligne,,,normale,,Sur chaussée,Conducteur,2,M,14-15,Promenade - loisirs,Casque,,1,1,09 - septembre,5 - samedi,Saint-Victor-de-Morestel
,201800020528,2018-09-22,65,15,65324,43.22915,0.23281,Hors intersection,Aucune,Plein jour,Normale,Route Départementale,,2,Plat,En courbe à gauche,,,normale,,Sur chaussée,Conducteur,2,M,71-72,Promenade - loisirs,Casque,Oui,,1,09 - septembre,5 - samedi,Moulédous
,201800021085,2018-09-22,25,19,25539,47.51209,6.79419,Hors intersection,Autre,Plein jour,Normale,Route Départementale,,,Plat,Partie rectiligne,,,normale,,Sur accotement,Conducteur,2,M,49-50,,Casque,Non déterminable,1,1,09 - septembre,5 - samedi,Seloncourt
,201800021174,2018-09-22,62,20,62015,50.43586,1.65175,Hors intersection,Deux véhicules - frontale,Nuit sans éclairage public,Pluie légère,Route Départementale,,2,Bas de côte,En courbe à droite,,,mouillée,,Sur chaussée,Conducteur,2,M,37-38,,Casque,,1,1,09 - septembre,5 - samedi,Airon-Notre-Dame
,201800026148,2018-09-22,42,14,42218,45.43728,4.39064,Hors intersection,Autre,Plein jour,Normale,Voie Communale,,2,Plat,Partie rectiligne,,,normale,Voie ferrée,Sur accotement,Conducteur,1,M,17-18,Courses - achats,Casque,Oui,,1,09 - septembre,5 - samedi,Saint-Étienne
,201800016749,2018-09-21,12,17,12063,44.00828,3.16157,Intersection en Y,Deux véhicules - par le coté,Plein jour,Normale,Route Départementale,,2,Plat,Partie rectiligne,,,normale,,Sur chaussée,Conducteur,1,M,37-38,Promenade - loisirs,Casque,Oui,1,1,09 - septembre,4 - vendredi,Cavalerie
,201800028990,2018-09-21,33,12,33231,44.65291,-0.30436,Intersection en X,Deux véhicules - par le coté,Plein jour,Normale,Route Départementale,,2,Sommet de côte,Partie rectiligne,,,normale,,Sur chaussée,Conducteur,2,M,13-14,Domicile - école,Casque,Non,1,,09 - septembre,4 - vendredi,Laroque
,201800002876,2018-09-20,88,11,88355,48.34825,6.35569,Hors intersection,Deux véhicules - frontale,Plein jour,Normale,Hors réseau public,,2,Plat,En courbe à gauche,,,normale,,Sur piste cyclable,Conducteur,2,M,64-65,Promenade - loisirs,Casque,Oui,1,,09 - septembre,3 - jeudi,Portieux
,201800002876,2018-09-20,88,11,88355,48.34825,6.35569,Hors intersection,Deux véhicules - frontale,Plein jour,Normale,Hors réseau public,,2,Plat,En courbe à gauche,,,normale,,Sur piste cyclable,Conducteur,2,M,73-74,Promenade - loisirs,Casque,Oui,1,,09 - septembre,3 - jeudi,Portieux
,201800013819,2018-09-20,72,17,72217,48.09934,0.1791,Hors intersection,Trois véhicules et plus - en chaîne,Plein jour,Normale,Voie Communale,,2,Plat,En courbe à droite,,,normale,,Sur chaussée,Conducteur,1,M,67-68,Promenade - loisirs,Casque,Oui,1,,09 - septembre,3 - jeudi,Neuville-sur-Sarthe
,201800013819,2018-09-20,72,17,72217,48.09934,0.1791,Hors intersection,Trois véhicules et plus - en chaîne,Plein jour,Normale,Voie Communale,,2,Plat,En courbe à droite,,,normale,,Sur chaussée,Conducteur,2,M,57-58,Promenade - loisirs,Casque,Oui,1,,09 - septembre,3 - jeudi,Neuville-sur-Sarthe
,201800013859,2018-09-20,72,13,72090,48.03978,0.47294,Hors intersection,Aucune,Plein jour,Normale,Voie Communale,,2,Pente,Partie rectiligne,,,normale,,Sur accotement,Conducteur,1,M,12-13,Domicile - école,Casque,Oui,,,09 - septembre,3 - jeudi,Connerré
,201800030891,2018-09-20,64,12,64445,43.3056,-0.34505,Hors intersection,Deux véhicules - par le coté,Plein jour,Normale,Voie Communale,,1,Plat,Partie rectiligne,,,normale,,Sur accotement,Conducteur,1,M,13-14,Promenade - loisirs,Casque,Non déterminable,1,1,09 - septembre,3 - jeudi,Pau
,201800030891,2018-09-20,64,12,64445,43.3056,-0.34505,Hors intersection,Deux véhicules - par le coté,Plein jour,Normale,Voie Communale,,1,Plat,Partie rectiligne,,,normale,,Sur accotement,Passager,1,M,11-12,Promenade - loisirs,Casque,Non déterminable,1,1,09 - septembre,3 - jeudi,Pau
,201800056265,2018-09-20,973,8,97309,4.88563,-52.29661,Intersection en T,Deux véhicules - par le coté,Plein jour,Normale,Route Départementale,,2,Plat,Partie rectiligne,,,normale,Carrefour aménagé,Sur chaussée,Conducteur,2,F,14-15,Promenade - loisirs,Casque,Non,1,,09 - septembre,3 - jeudi,Remire-Montjoly
,201800004761,2018-09-19,77,18,77377,48.70406,2.74854,Hors intersection,Aucune,Plein jour,Normale,Route Départementale,,2,Pente,En « S »,,,normale,,Sur chaussée,Conducteur,2,M,39-40,Promenade - loisirs,Casque,,,,09 - septembre,2 - mercredi,Presles-en-Brie
,201800011553,2018-09-19,27,8,27467,49.35014,0.52062,Giratoire,Deux véhicules - par le coté,Plein jour,Normale,Route Départementale,,2,Plat,En courbe à gauche,,,normale,,Sur chaussée,Conducteur,1,F,34-35,Domicile - travail,Casque,Non,1,1,09 - septembre,2 - mercredi,Pont-Audemer
,201800012869,2018-09-19,64,15,64386,43.1832,-0.2456,Giratoire,Deux véhicules - par l’arrière,Plein jour,Normale,Route Départementale,,2,Plat,En courbe à gauche,,,normale,,Sur chaussée,Conducteur,2,M,57-58,Promenade - loisirs,Casque,Non,1,1,09 - septembre,2 - mercredi,Mirepeix
,201800017770,2018-09-19,69,10,69063,45.81476,4.84638,Giratoire,Deux véhicules - par le coté,Plein jour,Normale,Route Départementale,,2,Plat,En courbe à gauche,,,normale,Carrefour aménagé,Sur chaussée,Conducteur,2,M,56-57,Promenade - loisirs,Casque,Oui,1,,09 - septembre,2 - mercredi,'Collonges-au-Mont-d''Or'
,201800018927,2018-09-19,56,19,56130,47.73921,-3.22602,Giratoire,Deux véhicules - par le coté,Plein jour,Normale,Route Départementale,,2,Plat,En courbe à gauche,,,normale,,Sur chaussée,Conducteur,1,M,16-17,Promenade - loisirs,Casque,Oui,1,,09 - septembre,2 - mercredi,Merlevenez