test,identifiantAccident,date,departement,heure,commune,lat,lon,typeIntersection,typeCollision,luminosite,conditionsAtmosperiques,typeRoute,circulation,nbVoies,profilLongRoute,tracePlanRoute,largeurTPC,largeurRoute,etatSurface,amenagement,situation,categorieUsager,graviteAccident,sexe,age,motifDeplacement,existenceSecurite,usageSecurite,nombreAutresVehicules,enAgglomeration,mois,jour,NCCENR
,201800022849,2018-09-19,69,8,69277,45.72869,4.98808,Giratoire,Deux véhicules - par le coté,Plein jour,Normale,Route Départementale,,1,Plat,En courbe à gauche,,,normale,,Sur chaussée,Conducteur,2,M,61-62,Domicile - travail,Casque,Oui,1,1,09 - septembre,2 - mercredi,Genas
,201800034889,2018-09-19,79,11,79191,46.31979,-0.45483,Giratoire,Deux véhicules - par l’arrière,Plein jour,Normale,Voie Communale,,2,Pente,Partie rectiligne,,110,normale,Carrefour aménagé,Sur accotement,Conducteur,2,F,49-50,Domicile - travail,Autre,Non déterminable,1,1,09 - septembre,2 - mercredi,Niort
,201800014316,2018-09-18,70,17,70473,47.79377,6.39102,Autre intersection,Deux véhicules - par le coté,Plein jour,Normale,Route Départementale,,2,Plat,Partie rectiligne,,,normale,,Sur chaussée,Conducteur,1,M,56-57,Courses - achats,Casque,,1,1,09 - septembre,1 - mardi,Saint-Sauveur
,201800015874,2018-09-18,25,15,25431,47.49496,6.60596,Hors intersection,Deux véhicules - frontale,Plein jour,Normale,Route Départementale,,2,Sommet de côte,Partie rectiligne,,,normale,,Sur chaussée,Conducteur,2,M,66-67,Promenade - loisirs,Casque,Oui,1,,09 - septembre,1 - mardi,Onans
,201800020378,2018-09-18,67,12,67106,48.76089,7.95166,Intersection en T,Deux véhicules - frontale,Plein jour,Normale,Route Départementale,,2,Plat,Partie rectiligne,,,normale,,Sur chaussée,Conducteur,1,M,12-13,Domicile - école,Casque,,1,1,09 - septembre,1 - mardi,Drusenheim
,201800029278,2018-09-18,95,15,95313,49.1225,2.2333,Hors intersection,Deux véhicules - par le coté,Plein jour,Normale,Voie Communale,,2,Plat,Partie rectiligne,,,normale,,Sur chaussée,Conducteur,1,F,17-18,Promenade - loisirs,Equipement réfléchissant,Non,1,,09 - septembre,1 - mardi,Isle-Adam
,201800030888,2018-09-18,64,9,64129,43.3044,-0.40039,Hors intersection,Deux véhicules - par le coté,Plein jour,Normale,Voie Communale,,5,Plat,Partie rectiligne,,,normale,,Sur accotement,Conducteur,2,F,55-56,Utilisation professionnelle,Casque,Oui,1,1,09 - septembre,1 - mardi,Billère
,201800030889,2018-09-18,64,18,64445,43.3006,-0.36031,Hors intersection,Deux véhicules - par l’arrière,Plein jour,Normale,Voie Communale,,2,Plat,Partie rectiligne,,,normale,,Sur accotement,Conducteur,1,M,19-20,Promenade - loisirs,Dispositif enfants,,1,1,09 - septembre,1 - mardi,Pau
,201800000390,2018-09-17,76,18,76164,49.52344,0.74967,Giratoire,Deux véhicules - par l’arrière,Plein jour,Normale,Route Départementale,,1,Plat,Partie rectiligne,,,normale,,Sur chaussée,Conducteur,2,F,58-59,Promenade - loisirs,Casque,Non,1,,09 - septembre,0 - lundi,Rives-en-Seine
,201800001578,2018-09-17,32,9,32118,43.5357,0.56585,Intersection en T,Deux véhicules - par le coté,Plein jour,Normale,Route Départementale,,2,Pente,En courbe à gauche,,,normale,,Sur chaussée,Conducteur,2,M,69-70,Promenade - loisirs,Casque,Oui,1,,09 - septembre,0 - lundi,Durban
,201800031453,2018-09-17,17,9,17284,45.82556,-0.86432,Intersection en T,Deux véhicules - par le coté,Plein jour,Normale,Route Départementale,,2,Plat,En courbe à gauche,,,normale,,Sur chaussée,Conducteur,3,M,75-76,Promenade - loisirs,Autre,Non,1,1,09 - septembre,0 - lundi,'Pont-l''Abbé-d''Arnoult'
,201800004290,2018-09-16,66,16,66175,42.56658,2.93372,Intersection en T,Deux véhicules - par le coté,Plein jour,Normale,Voie Communale,,2,Plat,Partie rectiligne,,,autre,,Sur chaussée,Conducteur,3,M,30-31,Promenade - loisirs,Casque,Oui,1,,09 - septembre,6 - dimanche,Saint-Génis-des-Fontaines
,201800014063,2018-09-16,66,9,66024,0,0,Hors intersection,Deux véhicules - par l’arrière,Plein jour,Normale,Route Départementale,,2,Pente,Partie rectiligne,,,normale,,Sur chaussée,Conducteur,2,M,80-81,Promenade - loisirs,Casque,Oui,1,,09 - septembre,6 - dimanche,Boulou
,201800002147,2018-09-15,26,8,26179,45.06941,4.87549,Hors intersection,Deux véhicules - par l’arrière,Plein jour,Normale,Route Départementale,,2,Plat,Partie rectiligne,,,normale,,Sur chaussée,Conducteur,2,F,17-18,Domicile - travail,Casque,Oui,1,1,09 - septembre,5 - samedi,Mercurol-Veaunes
,201800012929,2018-09-15,64,9,64371,43.2312,-0.87895,Giratoire,Deux véhicules - par le coté,Plein jour,Normale,Route Départementale,,1,Plat,Partie rectiligne,,,normale,Carrefour aménagé,Sur chaussée,Conducteur,1,M,62-63,Promenade - loisirs,Casque,Oui,1,1,09 - septembre,5 - samedi,Mauléon-Licharre
,201800013717,2018-09-15,6,18,6010,43.72236,6.97592,Hors intersection,Autre,Plein jour,Normale,Route Départementale,,2,Pente,En « S »,,,normale,,Sur accotement,Conducteur,2,M,29-30,Promenade - loisirs,Casque,Oui,,,09 - septembre,5 - samedi,Bar-sur-Loup
,201800014169,2018-09-15,58,8,58180,47.20102,4.08194,Hors intersection,Deux véhicules - frontale,Plein jour,Normale,Voie Communale,,2,Pente,En courbe à droite,,,normale,,Sur chaussée,Conducteur,2,M,52-53,Promenade - loisirs,Casque,Oui,1,,09 - septembre,5 - samedi,Montsauche-les-Settons
,201800014495,2018-09-15,1,22,1095,46.23022,5.4035,Hors intersection,Aucune,Nuit sans éclairage public,Normale,Route Départementale,,2,Plat,Partie rectiligne,,,normale,,Sur chaussée,Conducteur,2,M,17-18,Promenade - loisirs,Casque,Non,,1,09 - septembre,5 - samedi,Chavannes-sur-Suran
,201800019171,2018-09-15,51,16,51291,49.33567,3.91003,Intersection en X,Deux véhicules - par le coté,Plein jour,Normale,Route Départementale,Avec voies d’affectation variable,,,,,,,,,Conducteur,2,M,61-62,Promenade - loisirs,Casque,Oui,1,1,09 - septembre,5 - samedi,Hermonville
,201800030880,2018-09-15,64,8,64445,43.304,-0.35612,Giratoire,Deux véhicules - par le coté,Plein jour,Normale,Voie Communale,,2,Plat,Partie rectiligne,,,normale,,Sur accotement,Conducteur,1,M,84-85,Promenade - loisirs,Casque,Oui,1,1,09 - septembre,5 - samedi,Pau
,201800030882,2018-09-15,64,18,64445,43.3182,-0.37833,Autre intersection,Deux véhicules - par le coté,Plein jour,Autre,Voie Communale,,2,Plat,En courbe à gauche,,,normale,,Sur accotement,Conducteur,2,F,48-49,,Casque,Non déterminable,1,1,09 - septembre,5 - samedi,Pau
,201800030887,2018-09-15,64,11,64132,43.2989,-0.32184,Giratoire,Deux véhicules - par le coté,Plein jour,Normale,Voie Communale,,2,Plat,Partie rectiligne,,,normale,Carrefour aménagé,Sur chaussée,Conducteur,1,M,65-66,Promenade - loisirs,Casque,Oui,1,1,09 - septembre,5 - samedi,Bizanos
,201800001064,2018-09-14,85,16,85044,46.41028,-0.85739,Hors intersection,Deux véhicules - par l’arrière,Plein jour,Normale,Route Départementale,,2,Plat,Partie rectiligne,,,normale,,Sur chaussée,Conducteur,2,F,26-27,Promenade - loisirs,Equipement réfléchissant,Non,1,,09 - septembre,4 - vendredi,Chaix
,201800011993,2018-09-14,40,11,40284,43.65581,-1.30106,Hors intersection,Deux véhicules - par le coté,Plein jour,Normale,Route Départementale,,2,Plat,En courbe à droite,,,normale,,Sur chaussée,Conducteur,2,M,75-76,Promenade - loisirs,Autre,Oui,1,,09 - septembre,4 - vendredi,Saint-Vincent-de-Tyrosse
,201800015983,2018-09-14,39,17,39365,46.97933,5.60245,Intersection en X,Deux véhicules - par le coté,Plein jour,Normale,Voie Communale,,2,Plat,Partie rectiligne,,,normale,,Sur chaussée,Conducteur,2,M,10-11,Promenade - loisirs,Casque,Non,1,1,09 - septembre,4 - vendredi,Mont-sous-Vaudrey
,201800019488,2018-09-14,34,18,34120,43.66011,3.91147,Hors intersection,Deux véhicules - par le coté,Plein jour,Normale,Voie Communale,,2,Plat,Partie rectiligne,,,normale,,Sur chaussée,Conducteur,1,M,44-45,Promenade - loisirs,Casque,Oui,1,1,09 - septembre,4 - vendredi,Jacou
,201800030879,2018-09-14,64,19,64445,43.3056,-0.37509,Hors intersection,Deux véhicules - par le coté,Plein jour,Normale,Voie Communale,,2,Plat,Partie rectiligne,,,normale,,Sur chaussée,Conducteur,1,M,52-53,Promenade - loisirs,Casque,Oui,1,1,09 - septembre,4 - vendredi,Pau
,201800019145,2018-09-13,51,9,51343,48.55052,3.71615,Hors intersection,Deux véhicules - par le coté,Plein jour,Normale,Route Départementale,,2,Plat,Partie rectiligne,,,normale,,Sur chaussée,Conducteur,2,M,67-68,Promenade - loisirs,Casque,Non,1,,09 - septembre,3 - jeudi,Marcilly-sur-Seine
,201800002832,2018-09-12,54,16,54370,48.81706,5.89055,Hors intersection,Aucune,Plein jour,Normale,Voie Communale,,2,Bas de côte,En courbe à gauche,,,normale,,Sur chaussée,Conducteur,2,M,54-55,Promenade - loisirs,Casque,Oui,1,,09 - septembre,2 - mercredi,Minorville
,201800002832,2018-09-12,54,16,54370,48.81706,5.89055,Hors intersection,Aucune,Plein jour,Normale,Voie Communale,,2,Bas de côte,En courbe à gauche,,,normale,,Sur chaussée,Conducteur,2,M,50-51,Promenade - loisirs,Casque,Oui,1,,09 - septembre,2 - mercredi,Minorville
,201800003682,2018-09-12,5,10,5063,45.04651,6.31163,Intersection en Y,Deux véhicules - frontale,Plein jour,Normale,Route Départementale,,2,Pente,En courbe à droite,,,normale,,Sur chaussée,Conducteur,1,M,50-51,Promenade - loisirs,Casque,Oui,1,,09 - septembre,2 - mercredi,Grave
,201800015129,2018-09-12,31,7,31293,43.71996,1.39402,Hors intersection,Deux véhicules - par le coté,Plein jour,Normale,Route Départementale,,2,Plat,Partie rectiligne,,,normale,,Sur chaussée,Conducteur,1,M,47-48,Domicile - travail,Casque,Oui,1,,09 - septembre,2 - mercredi,Lespinasse
,201800016213,2018-09-12,68,13,68055,47.69717,7.35965,Intersection en X,Deux véhicules - par le coté,Plein jour,Normale,Route Départementale,,2,Pente,Partie rectiligne,,,normale,,Sur chaussée,Conducteur,1,M,45-46,Promenade - loisirs,Casque,Oui,1,1,09 - septembre,2 - mercredi,Bruebach
,201800024118,2018-09-12,33,19,33063,44.8374,-0.57062,Intersection en X,Deux véhicules - par le coté,Plein jour,Normale,Voie Communale,,1,Plat,Partie rectiligne,,,normale,,Sur chaussée,Conducteur,1,F,47-48,,Casque,Non déterminable,1,1,09 - septembre,2 - mercredi,Bordeaux
,201800006982,2018-09-11,78,8,78189,48.88667,1.91383,Intersection en X,Deux véhicules - par le coté,Plein jour,Temps éblouissant,Route Départementale,,2,Plat,Partie rectiligne,,,normale,Carrefour aménagé,Sur chaussée,Conducteur,3,M,93-94,Courses - achats,Casque,,1,,09 - septembre,1 - mardi,Crespières
,201800011889,2018-09-11,24,10,24451,45.5153,0.64667,Intersection en X,Deux véhicules - par le coté,Plein jour,Normale,Route Départementale,,2,Plat,Partie rectiligne,,,normale,,Sur chaussée,Conducteur,2,M,62-63,Promenade - loisirs,Casque,Oui,1,,09 - septembre,1 - mardi,Saint-Martial-de-Valette
,201800013520,2018-09-11,14,13,14652,49.38735,-0.97399,Hors intersection,Aucune,Plein jour,Normale,Route Départementale,,2,Plat,Partie rectiligne,,,normale,,Sur accotement,Conducteur,1,M,80-81,Promenade - loisirs,Casque,Oui,,,09 - septembre,1 - mardi,Saint-Pierre-du-Mont
,201800033607,2018-09-11,49,8,49244,47.36065,-1.00666,Intersection en T,Deux véhicules - frontale,Plein jour,Normale,Route Départementale,Avec voies d’affectation variable,,,,,,,,,Conducteur,1,M,12-13,Domicile - école,Casque,,1,1,09 - septembre,1 - mardi,Mauges-sur-Loire
,201800036176,2018-09-11,87,17,87085,45.8944,1.28909,Hors intersection,Autre,Plein jour,Normale,Voie Communale,,2,Plat,En « S »,,,normale,,Sur accotement,Conducteur,1,M,60-61,Promenade - loisirs,Casque,Oui,1,1,09 - septembre,1 - mardi,Limoges
,201800005028,2018-09-10,29,19,29297,47.9063,-3.52726,Intersection en X,Deux véhicules - par le coté,Crépuscule ou aube,Normale,Voie Communale,,2,Plat,Partie rectiligne,,,normale,,Sur chaussée,Conducteur,1,M,8-9,Promenade - loisirs,Casque,Oui,1,,09 - septembre,0 - lundi,Tréméven
,201800015230,2018-09-10,31,15,31147,43.10464,0.62021,Hors intersection,Deux véhicules - par le coté,Plein jour,Normale,Route Départementale,,2,Plat,Partie rectiligne,,,normale,,Sur chaussée,Conducteur,1,M,72-73,Promenade - loisirs,Casque,Oui,1,,09 - septembre,0 - lundi,Clarac
,201800017473,2018-09-10,71,12,71378,46.88083,4.76356,Hors intersection,Aucune,Plein jour,Normale,Voie Communale,,2,Plat,Partie rectiligne,,,normale,,Sur chaussée,Conducteur,2,M,57-58,,Autre,Non,,1,09 - septembre,0 - lundi,Rully
,201800023730,2018-09-10,42,17,42332,46.00905,4.02187,Hors intersection,Deux véhicules - par le coté,Plein jour,Temps éblouissant,Route Départementale,,2,Sommet de côte,Partie rectiligne,,,normale,,Sur chaussée,Conducteur,1,M,26-27,Promenade - loisirs,Casque,Oui,1,,09 - septembre,0 - lundi,Villerest
,201800003741,2018-09-09,6,9,6047,43.84279,7.04722,Hors intersection,Aucune,Plein jour,Normale,Route Départementale,,2,Plat,En courbe à gauche,,,normale,,Sur chaussée,Conducteur,2,M,69-70,Promenade - loisirs,Casque,Oui,,,09 - septembre,6 - dimanche,Conségudes
,201800016019,2018-09-09,39,12,39367,46.53537,6.03441,Hors intersection,Deux véhicules - frontale,Plein jour,Temps éblouissant,Voie Communale,,2,Pente,En « S »,,,normale,,Sur chaussée,Conducteur,2,M,30-31,Promenade - loisirs,Casque,Oui,1,1,09 - septembre,6 - dimanche,Morbier
,201800017746,2018-09-09,81,11,81171,43.84781,1.8896,Hors intersection,Trois véhicules et plus - collisions multiples,Plein jour,Normale,Route Départementale,,2,Plat,Partie rectiligne,,,normale,,Sur chaussée,Conducteur,2,M,45-46,Promenade - loisirs,Casque,Oui,1,,09 - septembre,6 - dimanche,Montans
,201800017746,2018-09-09,81,11,81171,43.84781,1.8896,Hors intersection,Trois véhicules et plus - collisions multiples,Plein jour,Normale,Route Départementale,,2,Plat,Partie rectiligne,,,normale,,Sur chaussée,Conducteur,2,F,45-46,Promenade - loisirs,Casque,Oui,1,,09 - septembre,6 - dimanche,Montans
,201800017746,2018-09-09,81,11,81171,43.84781,1.8896,Hors intersection,Trois véhicules et plus - collisions multiples,Plein jour,Normale,Route Départementale,,2,Plat,Partie rectiligne,,,normale,,Sur chaussée,Conducteur,2,M,11-12,Promenade - loisirs,Casque,Oui,1,,09 - septembre,6 - dimanche,Montans
,201800031167,2018-09-09,73,10,73218,45.85719,5.84072,Hors intersection,Trois véhicules et plus - en chaîne,Plein jour,Normale,Route Départementale,,2,Bas de côte,Partie rectiligne,,,normale,,Sur chaussée,Conducteur,2,F,26-27,Promenade - loisirs,Casque,Oui,1,,09 - septembre,6 - dimanche,Ruffieux
,201800031167,2018-09-09,73,10,73218,45.85719,5.84072,Hors intersection,Trois véhicules et plus - en chaîne,Plein jour,Normale,Route Départementale,,2,Bas de côte,Partie rectiligne,,,normale,,Sur chaussée,Conducteur,1,M,28-29,Promenade - loisirs,Casque,Oui,1,,09 - septembre,6 - dimanche,Ruffieux
,201800003096,2018-09-08,68,13,68348,47.80787,7.11956,Hors intersection,Deux véhicules - frontale,Plein jour,Normale,Route Départementale,,1,Plat,En courbe à droite,,,normale,,Sur piste cyclable,Conducteur,1,M,49-50,Promenade - loisirs,Casque,,1,1,09 - septembre,5 - samedi,Vieux-Thann
,201800003096,2018-09-08,68,13,68348,47.80787,7.11956,Hors intersection,Deux véhicules - frontale,Plein jour,Normale,Route Départementale,,1,Plat,En courbe à droite,,,normale,,Sur piste cyclable,Conducteur,2,M,65-66,Promenade - loisirs,Casque,Oui,1,1,09 - septembre,5 - samedi,Vieux-Thann
,201800007110,2018-09-08,69,5,69244,45.75848,4.77457,Hors intersection,Deux véhicules - par le coté,Nuit avec éclairage public allumé,Normale,Route Départementale,,2,Plat,Partie rectiligne,,,normale,,Sur chaussée,Conducteur,2,M,56-57,Domicile - travail,Casque,,1,1,09 - septembre,5 - samedi,Tassin-la-Demi-Lune
,201800011761,2018-09-08,4,10,4108,44.0432,6.02988,Giratoire,Deux véhicules - par l’arrière,Plein jour,Temps éblouissant,Route Départementale,,1,Plat,En courbe à gauche,,,normale,,Sur chaussée,Conducteur,1,M,68-69,Promenade - loisirs,Casque,Oui,1,,09 - septembre,5 - samedi,Malijai
,201800012676,2018-09-08,18,15,18139,47.06941,2.97338,Hors intersection,Deux véhicules - par l’arrière,Plein jour,Normale,Route Départementale,,2,Plat,Partie rectiligne,,,normale,,Sur chaussée,Conducteur,1,M,7-8,Promenade - loisirs,Casque,Oui,1,,09 - septembre,5 - samedi,Marseilles-lès-Aubigny
,201800016847,2018-09-08,49,10,49122,47.55118,0.12355,Hors intersection,Deux véhicules - par l’arrière,Plein jour,Normale,Route Départementale,,2,Plat,Partie rectiligne,,,normale,,Sur chaussée,Conducteur,2,M,39-40,Promenade - loisirs,Casque,Oui,1,,09 - septembre,5 - samedi,Dénezé-sous-le-Lude
,201800021329,2018-09-08,6,12,6046,43.75857,7.2079,Autre intersection,Deux véhicules - par le coté,Plein jour,Normale,,,2,Pente,Partie rectiligne,,,normale,,Sur chaussée,Conducteur,2,M,16-17,Promenade - loisirs,Casque,Oui,1,,09 - septembre,5 - samedi,Colomars
,201800032744,2018-09-08,86,16,86228,46.38984,0.53544,Hors intersection,Deux véhicules - par l’arrière,Plein jour,Normale,Route Départementale,,1,Pente,Partie rectiligne,,,normale,,Sur chaussée,Conducteur,2,M,45-46,Promenade - loisirs,Casque,Oui,1,,09 - septembre,5 - samedi,Saint-Laurent-de-Jourdes
,201800002101,2018-09-07,26,11,26367,44.42653,5.11792,Hors intersection,Autre,Plein jour,Normale,Voie Communale,,2,Pente,Partie rectiligne,,,normale,,Sur chaussée,Conducteur,3,M,62-63,Promenade - loisirs,Casque,Oui,,,09 - septembre,4 - vendredi,Venterol
,201800003306,2018-09-07,89,19,89206,47.97467,3.35987,Hors intersection,Deux véhicules - par l’arrière,Crépuscule ou aube,Normale,Route Départementale,,2,Plat,Partie rectiligne,,,normale,,Sur accotement,Conducteur,1,M,61-62,Promenade - loisirs,Casque,Non,1,,09 - septembre,4 - vendredi,Joigny
,201800007403,2018-09-07,10,17,10333,48.28274,4.06475,Hors intersection,Aucune,Plein jour,Normale,Voie Communale,,1,Pente,Partie rectiligne,,,normale,,Sur accotement,Conducteur,1,F,79-80,,Dispositif enfants,,,1,09 - septembre,4 - vendredi,Saint-André-les-Vergers
,201800013154,2018-09-07,60,16,60431,49.566,3.02645,Hors intersection,Deux véhicules - par l’arrière,Plein jour,Normale,Route Départementale,,2,Plat,Partie rectiligne,,,normale,,Sur chaussée,Conducteur,1,M,51-52,Promenade - loisirs,Casque,Non,1,,09 - septembre,4 - vendredi,Morlincourt
,201800016826,2018-09-07,49,19,49247,47.37117,-0.70277,Intersection en T,Deux véhicules - frontale,Plein jour,Temps éblouissant,Route Départementale,,2,Plat,Partie rectiligne,,,normale,,Sur chaussée,Conducteur,2,M,10-11,Promenade - loisirs,Casque,Oui,1,1,09 - septembre,4 - vendredi,Possonnière
,201800016826,2018-09-07,49,19,49247,47.37117,-0.70277,Intersection en T,Deux véhicules - frontale,Plein jour,Temps éblouissant,Route Départementale,,2,Plat,Partie rectiligne,,,normale,,Sur chaussée,Passager,1,M,11-12,Promenade - loisirs,Casque,Oui,1,1,09 - septembre,4 - vendredi,Possonnière
,201800018646,2018-09-07,74,19,74104,45.77488,6.22427,Intersection en T,Deux véhicules - par le coté,Plein jour,Normale,Route Départementale,,2,Plat,Partie rectiligne,,,normale,,Sur chaussée,Conducteur,1,M,44-45,Promenade - loisirs,Casque,Oui,1,1,09 - septembre,4 - vendredi,Doussard
,201800022793,2018-09-07,5,15,5161,44.93802,6.5783,Hors intersection,Deux véhicules - par le coté,Plein jour,Normale,Route Départementale,,2,Plat,Partie rectiligne,,,normale,,Sur chaussée,Conducteur,2,M,69-70,Promenade - loisirs,Casque,Oui,1,,09 - septembre,4 - vendredi,Salle-les-Alpes
,201800023780,2018-09-07,41,15,41167,47.46311,1.19693,Hors intersection,Deux véhicules - frontale,Plein jour,Normale,Voie Communale,,1,Plat,Partie rectiligne,,,normale,,Sur chaussée,Conducteur,1,M,10-11,Domicile - école,Casque,Oui,1,1,09 - septembre,4 - vendredi,Onzain
,201800030870,2018-09-07,64,8,64445,43.2985,-0.33557,Intersection en T,Deux véhicules - par le coté,Plein jour,Temps couvert,Voie Communale,,2,Plat,Partie rectiligne,,,normale,,Sur accotement,Conducteur,2,M,78-79,Promenade - loisirs,Casque,Non déterminable,1,1,09 - septembre,4 - vendredi,Pau
,201800000482,2018-09-06,27,7,27458,49.32146,1.23025,Intersection en X,Deux véhicules - frontale,Crépuscule ou aube,Normale,Route Départementale,,2,Plat,Partie rectiligne,,,normale,,Sur chaussée,Conducteur,1,M,27-28,Domicile - travail,Casque,Non,1,1,09 - septembre,3 - jeudi,Pîtres
,201800001526,2018-09-06,31,14,31287,43.39692,1.25525,Giratoire,Deux véhicules - par le coté,Plein jour,Normale,Route Départementale,,1,Pente,En courbe à gauche,,,normale,Carrefour aménagé,Sur chaussée,Conducteur,2,F,42-43,Promenade - loisirs,Casque,Oui,1,1,09 - septembre,3 - jeudi,Lavernose-Lacasse
,201800000894,2018-09-05,44,18,44047,47.21151,-1.71321,Intersection en X,Deux véhicules - par le coté,Plein jour,Normale,Voie Communale,,2,Pente,Partie rectiligne,,,normale,,Sur chaussée,Conducteur,2,M,10-11,Promenade - loisirs,Casque,Oui,1,1,09 - septembre,2 - mercredi,Couëron
,201800003255,2018-09-05,71,10,71453,46.23213,4.04063,Intersection en X,Deux véhicules - frontale,Plein jour,Normale,Voie Communale,,2,Plat,Partie rectiligne,,,normale,,Sur chaussée,Conducteur,2,M,73-74,Promenade - loisirs,Casque,Oui,1,,09 - septembre,2 - mercredi,Saint-Martin-du-Lac
,201800004149,2018-09-05,34,15,34023,43.45558,3.70231,Hors intersection,Deux véhicules - par le coté,Plein jour,Normale,Route Départementale,,3,Pente,Partie rectiligne,,,normale,,Sur chaussée,Conducteur,2,M,68-69,Promenade - loisirs,Autre,Non déterminable,1,,09 - septembre,2 - mercredi,Balaruc-les-Bains
,201800015348,2018-09-05,29,9,29117,48.57092,-4.52304,Giratoire,Deux véhicules - par le coté,Plein jour,Normale,Route Départementale,,2,Pente,En courbe à gauche,,,normale,Carrefour aménagé,Sur chaussée,Conducteur,2,M,50-51,Promenade - loisirs,Casque,Oui,1,,09 - septembre,2 - mercredi,Lannilis
,201800018415,2018-09-05,79,14,79005,46.81953,-0.14296,Hors intersection,Aucune,Plein jour,Normale,Voie Communale,,1,Bas de côte,En courbe à droite,,43,normale,,Sur chaussée,Conducteur,2,M,59-60,Promenade - loisirs,Autre,Non,,1,09 - septembre,2 - mercredi,Airvault
,201800020013,2018-09-05,62,17,62689,50.20753,2.69008,Intersection en X,Deux véhicules - par le coté,Plein jour,Pluie légère,Route Départementale,,2,Plat,Partie rectiligne,,,normale,,Sur chaussée,Conducteur,1,M,53-54,Promenade - loisirs,Casque,Non déterminable,1,1,09 - septembre,2 - mercredi,Ransart
,201800023592,2018-09-05,81,18,81156,43.91691,2.03263,Intersection en T,Deux véhicules - frontale,Plein jour,Normale,Route Départementale,,2,Plat,Partie rectiligne,,,normale,,Sur chaussée,Conducteur,2,M,83-84,Promenade - loisirs,Casque,,1,1,09 - septembre,2 - mercredi,Marssac-sur-Tarn
,201800032224,2018-09-05,1,14,1443,45.98515,5.07872,Hors intersection,Deux véhicules - par le coté,Plein jour,Normale,Voie Communale,,2,Plat,Partie rectiligne,,,normale,,Sur chaussée,Conducteur,1,M,74-75,Promenade - loisirs,Casque,Oui,1,,09 - septembre,2 - mercredi,Villars-les-Dombes
,201800036169,2018-09-05,87,16,87085,45.8213,1.25164,Intersection en T,Deux véhicules - par le coté,Plein jour,Normale,Voie Communale,,2,Plat,Partie rectiligne,,,normale,,Sur accotement,Conducteur,1,F,24-25,Promenade - loisirs,Dispositif enfants,,1,1,09 - septembre,2 - mercredi,Limoges
,201800004733,2018-09-04,95,17,95199,49.0379,2.3404,Hors intersection,Deux véhicules - par le coté,Plein jour,Normale,Route Départementale,,2,Plat,Partie rectiligne,,,normale,,Sur piste cyclable,Conducteur,1,M,33-34,Promenade - loisirs,Autre,Non,1,1,09 - septembre,1 - mardi,Domont
,201800007161,2018-09-04,35,7,35353,48.11793,-1.73539,Intersection en T,Deux véhicules - par le coté,Plein jour,Normale,Route Départementale,,3,Plat,Partie rectiligne,,,normale,Carrefour aménagé,Sur piste cyclable,Conducteur,2,M,55-56,Domicile - travail,Casque,Oui,1,,09 - septembre,1 - mardi,Vezin-le-Coquet
,201800011181,2018-09-04,87,16,87051,45.6292,1.58366,Autre intersection,Deux véhicules - par le coté,Plein jour,Normale,Route Départementale,,2,Plat,Partie rectiligne,,,normale,,Sur chaussée,Conducteur,2,M,7-8,Promenade - loisirs,Autre,Oui,1,1,09 - septembre,1 - mardi,Croisille-sur-Briance
,201800021696,2018-09-04,74,20,74217,45.94373,6.12296,Hors intersection,Deux véhicules - par l’arrière,Plein jour,Normale,Route Départementale,,2,Pente,Partie rectiligne,,,normale,,Sur chaussée,Conducteur,2,F,21-22,Promenade - loisirs,Casque,Oui,1,1,09 - septembre,1 - mardi,Pringy
,201800030867,2018-09-04,64,19,64284,43.2921,-0.39656,Hors intersection,Deux véhicules - frontale,Plein jour,Normale,Voie Communale,,1,Plat,Partie rectiligne,,,normale,,Sur chaussée,Conducteur,1,M,12-13,Promenade - loisirs,Casque,Non déterminable,1,1,09 - septembre,1 - mardi,Jurançon
,201800032068,2018-09-04,26,19,26140,45.12991,5.07821,Intersection en T,Deux véhicules - frontale,Crépuscule ou aube,Normale,Voie Communale,,2,Pente,En courbe à gauche,,,normale,,Sur chaussée,Conducteur,2,M,14-15,Promenade - loisirs,Casque,Non,1,1,09 - septembre,1 - mardi,Geyssans
,201800000693,2018-09-03,56,17,56176,47.69969,-2.90935,Hors intersection,Trois véhicules et plus - en chaîne,Plein jour,Normale,Route Départementale,,2,Plat,Partie rectiligne,,,normale,,Sur chaussée,Conducteur,2,M,60-61,Promenade - loisirs,Casque,Non,2,1,09 - septembre,0 - lundi,Pluneret
,201800002381,2018-09-03,42,18,42328,45.57662,3.99642,Intersection en X,Deux véhicules - frontale,Plein jour,Normale,Route Départementale,Avec voies d’affectation variable,,,,,,,,,Conducteur,2,M,66-67,Promenade - loisirs,Casque,Oui,1,,09 - septembre,0 - lundi,Verrières-en-Forez
,201800004180,2018-09-03,11,8,11333,43.01777,2.03124,Hors intersection,Autre,Plein jour,Normale,Route Départementale,,2,Pente,En courbe à gauche,,,normale,,Sur chaussée,Conducteur,2,M,69-70,Promenade - loisirs,Casque,Oui,1,,09 - septembre,0 - lundi,Saint-Benoît