test,identifiantAccident,date,departement,heure,commune,lat,lon,typeIntersection,typeCollision,luminosite,conditionsAtmosperiques,typeRoute,circulation,nbVoies,profilLongRoute,tracePlanRoute,largeurTPC,largeurRoute,etatSurface,amenagement,situation,categorieUsager,graviteAccident,sexe,age,motifDeplacement,existenceSecurite,usageSecurite,nombreAutresVehicules,enAgglomeration,mois,jour,NCCENR
,201800012838,2018-09-03,64,9,64060,43.3177,-0.4547,Hors intersection,Autre,Plein jour,Normale,Route Départementale,,2,Plat,Partie rectiligne,,,normale,,Sur chaussée,Conducteur,3,M,67-68,Promenade - loisirs,Casque,Non,1,1,09 - septembre,0 - lundi,Artiguelouve
,201800014255,2018-09-03,26,13,26263,44.18324,5.38797,Hors intersection,Deux véhicules - frontale,Plein jour,Normale,Route Départementale,,1,Plat,Partie rectiligne,,,normale,Carrefour aménagé,Sur chaussée,Conducteur,2,F,70-71,Promenade - loisirs,Casque,Oui,1,,09 - septembre,0 - lundi,Reilhanette
,201800015533,2018-09-03,35,14,35117,48.12546,-2.21564,Intersection en T,Deux véhicules - par le coté,Plein jour,Normale,Route Départementale,,2,Plat,Partie rectiligne,,,normale,,Sur chaussée,Conducteur,3,F,79-80,Promenade - loisirs,Casque,Oui,1,,09 - septembre,0 - lundi,Gaël
,201800015792,2018-09-03,44,10,44049,47.28352,-2.50321,Hors intersection,Deux véhicules - par le coté,Plein jour,Normale,Voie Communale,,2,Plat,Partie rectiligne,,,normale,,Sur piste cyclable,Conducteur,2,F,80-81,Promenade - loisirs,Casque,Non,1,1,09 - septembre,0 - lundi,Croisic
,201800016716,2018-09-03,12,18,12264,44.41738,2.57326,Intersection en X,Deux véhicules - par le coté,Plein jour,Normale,Route Départementale,,2,Pente,Partie rectiligne,,,normale,,Sur chaussée,Conducteur,2,M,56-57,Promenade - loisirs,Casque,Oui,1,,09 - septembre,0 - lundi,Sébazac-Concourès
,201800019089,2018-09-03,59,9,59624,50.0297,3.28787,Hors intersection,Deux véhicules - par le coté,Plein jour,Normale,Route Départementale,,1,Plat,Partie rectiligne,,,normale,,Sur chaussée,Conducteur,1,F,70-71,Courses - achats,Casque,,1,1,09 - septembre,0 - lundi,Villers-Outréaux
,201800024115,2018-09-03,33,7,33063,44.8415,-0.60011,Intersection en X,Deux véhicules - par le coté,Crépuscule ou aube,Normale,Voie Communale,,2,Plat,Partie rectiligne,,,normale,Carrefour aménagé,Sur chaussée,Conducteur,1,F,46-47,Domicile - travail,Casque,Non déterminable,1,1,09 - septembre,0 - lundi,Bordeaux
,201800024116,2018-09-03,33,16,33063,44.8298,-0.56801,Intersection en X,Deux véhicules - par le coté,Plein jour,Normale,Voie Communale,,2,Plat,Partie rectiligne,,,normale,Carrefour aménagé,,Conducteur,1,M,14-15,Domicile - école,Casque,Non déterminable,1,1,09 - septembre,0 - lundi,Bordeaux
,201800030865,2018-09-03,64,15,64445,43.3012,-0.35917,Intersection en T,Deux véhicules - par le coté,Plein jour,Normale,Voie Communale,,1,Plat,Partie rectiligne,,,normale,,Sur chaussée,Conducteur,1,F,76-77,Autre,Casque,Non déterminable,1,1,09 - septembre,0 - lundi,Pau
,201800030866,2018-09-03,64,16,64445,43.2993,-0.36455,Hors intersection,Deux véhicules - par le coté,Plein jour,Normale,Voie Communale,,1,Plat,Partie rectiligne,,,normale,,Sur accotement,Conducteur,2,F,65-66,Promenade - loisirs,Dispositif enfants,,1,1,09 - septembre,0 - lundi,Pau
,201800043254,2018-09-03,94,10,94081,48.7869,2.3902,Hors intersection,Deux véhicules - par le coté,Plein jour,Normale,Route Départementale,,1,Plat,Partie rectiligne,,,normale,Zone piétonne,Sur chaussée,Conducteur,1,F,34-35,Utilisation professionnelle,Casque,Non déterminable,1,1,09 - septembre,0 - lundi,Vitry-sur-Seine
,201800003729,2018-09-02,6,11,6065,43.73751,7.17787,Hors intersection,Aucune,Plein jour,Normale,,,2,Pente,Partie rectiligne,,,normale,,Sur accotement,Conducteur,2,M,52-53,Promenade - loisirs,Casque,Oui,,,09 - septembre,6 - dimanche,Gaude
,201800004823,2018-09-02,77,15,77399,48.26309,2.90225,Hors intersection,Deux véhicules - frontale,Plein jour,Normale,Voie Communale,,1,Pente,En « S »,,,normale,,Sur chaussée,Conducteur,2,M,11-12,Promenade - loisirs,Casque,,1,1,09 - septembre,6 - dimanche,Saint-Ange-le-Viel
,201800011664,2018-09-02,85,10,85132,46.33989,-0.77161,Intersection en X,Deux véhicules - par l’arrière,Plein jour,Normale,Route Départementale,,2,Plat,Partie rectiligne,,,normale,,Sur chaussée,Conducteur,1,M,51-52,Promenade - loisirs,Casque,Oui,1,,09 - septembre,6 - dimanche,Maillé
,201800012494,2018-09-02,36,9,36062,46.4808,1.61402,Hors intersection,Deux véhicules - frontale,Plein jour,Normale,Route Départementale,,2,Pente,En « S »,,,normale,,Sur chaussée,Conducteur,2,M,78-79,Promenade - loisirs,Casque,Oui,1,,09 - septembre,6 - dimanche,Cuzion
,201800015497,2018-09-02,29,11,29150,47.78402,-3.66966,Intersection en T,Deux véhicules - par le coté,Plein jour,Normale,Voie Communale,,2,Bas de côte,Partie rectiligne,,,normale,Carrefour aménagé,Sur chaussée,Conducteur,2,M,24-25,Promenade - loisirs,Casque,Oui,1,1,09 - septembre,6 - dimanche,Moëlan-sur-Mer
,201800016616,2018-09-02,42,9,42097,45.49992,4.31916,Hors intersection,Deux véhicules - frontale,Plein jour,Normale,Route Départementale,,2,Pente,En courbe à droite,,,normale,,Sur chaussée,Conducteur,2,M,44-45,Promenade - loisirs,Casque,Oui,1,1,09 - septembre,6 - dimanche,Fouillouse
,201800021136,2018-09-02,26,17,26009,45.26025,4.82339,Hors intersection,Deux véhicules - par le coté,Plein jour,Normale,Route Nationale,,2,Plat,Partie rectiligne,,,normale,,Sur chaussée,Conducteur,2,M,71-72,,Casque,,1,1,09 - septembre,6 - dimanche,Andancette
,201800030864,2018-09-02,64,17,64445,43.3112,-0.36332,Giratoire,Deux véhicules - par l’arrière,Plein jour,Normale,Voie Communale,,2,Plat,En courbe à droite,,,normale,,Sur chaussée,Conducteur,1,F,54-55,Promenade - loisirs,Casque,Non déterminable,1,1,09 - septembre,6 - dimanche,Pau
,201800031051,2018-09-02,64,10,64545,43.3289,-1.68221,Hors intersection,Autre,Plein jour,Normale,Route Départementale,,2,Pente,Partie rectiligne,,,normale,,Sur accotement,Conducteur,2,M,51-52,,Casque,Oui,,1,09 - septembre,6 - dimanche,Urrugne
,201800032210,2018-09-02,1,10,1244,45.90216,5.19361,Autre intersection,Deux véhicules - frontale,Plein jour,Normale,Voie Communale,,2,Plat,Partie rectiligne,,,normale,,Sur chaussée,Conducteur,2,M,23-24,Promenade - loisirs,Casque,Oui,1,1,09 - septembre,6 - dimanche,Meximieux
,201800011328,2018-09-01,17,17,17140,45.91276,-1.25623,Hors intersection,Deux véhicules - par le coté,Plein jour,Normale,Route Départementale,,2,Plat,Partie rectiligne,,,normale,,Sur chaussée,Conducteur,2,M,58-59,Promenade - loisirs,Autre,Non,1,,09 - septembre,5 - samedi,'Dolus-d''Oléron'
,201800015557,2018-09-01,35,14,35243,48.34247,-1.29279,Giratoire,Deux véhicules - par le coté,Plein jour,Normale,Route Nationale,,2,Plat,Partie rectiligne,,,normale,Carrefour aménagé,Sur chaussée,Conducteur,2,M,43-44,Promenade - loisirs,Casque,Oui,1,,09 - septembre,5 - samedi,Romagné
,201800018774,2018-09-01,59,15,59587,50.79214,2.56499,Intersection en X,Deux véhicules - frontale,Plein jour,Normale,Route Départementale,,2,Plat,Partie rectiligne,,,normale,,Sur chaussée,Conducteur,3,M,72-73,Promenade - loisirs,Casque,,1,,09 - septembre,5 - samedi,Terdeghem
,201800003460,2018-08-31,13,8,13015,43.45403,5.40139,Hors intersection,Deux véhicules - par l’arrière,Plein jour,Normale,Route Départementale,,2,Plat,Partie rectiligne,,,normale,,Sur piste cyclable,Conducteur,3,M,70-71,Promenade - loisirs,Casque,Oui,1,1,08 - aout,4 - vendredi,Bouc-Bel-Air
,201800006988,2018-08-31,33,23,33122,44.74088,-0.67944,Hors intersection,Deux véhicules - par l’arrière,Nuit avec éclairage public allumé,Normale,Route Départementale,,2,Plat,Partie rectiligne,,,normale,,Sur chaussée,Conducteur,2,M,36-37,Promenade - loisirs,Casque,Non,1,1,08 - aout,4 - vendredi,Cestas
,201800011327,2018-08-31,17,20,17337,45.97499,-1.33714,Hors intersection,Autre,Plein jour,Normale,Hors réseau public,,5,Plat,Partie rectiligne,,,normale,,Sur chaussée,Conducteur,2,M,12-13,Promenade - loisirs,Autre,Non,,,08 - aout,4 - vendredi,'Saint-Georges-d''Oléron'
,201800013377,2018-08-31,50,16,50103,49.37199,-1.32891,Intersection en Y,Deux véhicules - par le coté,Plein jour,Normale,Route Départementale,,2,Plat,En courbe à gauche,,,normale,,Sur chaussée,Conducteur,1,M,49-50,Domicile - travail,Casque,Oui,1,1,08 - aout,4 - vendredi,Carquebut
,201800014267,2018-08-31,70,22,70136,47.65997,6.10676,Hors intersection,Deux véhicules - par l’arrière,Nuit sans éclairage public,Normale,Route Nationale,,2,Plat,Partie rectiligne,,,normale,,Sur chaussée,Conducteur,3,M,41-42,,Casque,Non,1,,08 - aout,4 - vendredi,Charmoille
,201800017868,2018-08-31,33,17,33421,44.80779,-0.13646,Intersection en Y,Trois véhicules et plus - en chaîne,Plein jour,Normale,Route Départementale,,2,,Partie rectiligne,,,,,,Conducteur,2,M,61-62,Promenade - loisirs,Casque,Oui,2,,08 - aout,4 - vendredi,Saint-Jean-de-Blaignac
,201800030861,2018-08-31,64,9,64445,43.3121,-0.36727,Hors intersection,Trois véhicules et plus - en chaîne,Plein jour,Normale,Voie Communale,,4,Plat,Partie rectiligne,,,normale,,Sur accotement,Conducteur,1,F,47-48,Domicile - travail,Casque,Non déterminable,2,1,08 - aout,4 - vendredi,Pau
,201800001069,2018-08-30,85,17,85113,46.72651,-2.35867,Hors intersection,Aucune,Plein jour,Normale,Voie Communale,,1,Plat,Partie rectiligne,,,autre,,Sur chaussée,Conducteur,2,M,12-13,Promenade - loisirs,Autre,Non,,1,08 - aout,3 - jeudi,'Île-d''Yeu'
,201800001139,2018-08-30,33,17,33006,45.19741,-0.65174,Intersection en T,Deux véhicules - par l’arrière,Plein jour,Normale,Route Départementale,,2,Plat,Partie rectiligne,,,normale,,Sur chaussée,Conducteur,2,M,24-25,Courses - achats,Autre,Oui,1,,08 - aout,3 - jeudi,Anglade
,201800002380,2018-08-30,42,11,42147,45.60442,4.07327,Intersection en T,Autre,Plein jour,Normale,Voie Communale,Avec voies d’affectation variable,,,,,,,,,Conducteur,1,M,81-82,,Casque,Oui,1,1,08 - aout,3 - jeudi,Montbrison
,201800003173,2018-08-30,21,14,21021,47.3388,5.20083,Giratoire,Deux véhicules - par le coté,Plein jour,Normale,Route Départementale,,1,Plat,En courbe à gauche,,,normale,,Sur chaussée,Conducteur,1,M,77-78,Promenade - loisirs,Casque,Oui,1,,08 - aout,3 - jeudi,Arc-sur-Tille
,201800011666,2018-08-30,85,16,85092,46.4639,-0.79226,Place,Deux véhicules - par le coté,Plein jour,Normale,Voie Communale,,2,Plat,Partie rectiligne,,,normale,,Sur chaussée,Conducteur,1,F,47-48,,Autre,Non,1,1,08 - aout,3 - jeudi,Fontenay-le-Comte
,201800012809,2018-08-30,73,12,73124,45.64794,6.34252,Hors intersection,Deux véhicules - par le coté,Plein jour,Normale,Voie Communale,,2,Plat,Partie rectiligne,,,normale,,Sur chaussée,Conducteur,2,F,65-66,Promenade - loisirs,Casque,,1,,08 - aout,3 - jeudi,Gilly-sur-Isère
,201800016247,2018-08-30,68,20,68258,47.84842,7.30884,Hors intersection,Autre,Nuit sans éclairage public,Normale,Autre,,2,Plat,Partie rectiligne,,,normale,,Sur piste cyclable,Conducteur,2,M,62-63,Promenade - loisirs,Casque,,,,08 - aout,3 - jeudi,Pulversheim
,201800032881,2018-08-30,71,18,71540,46.77557,4.44602,Hors intersection,Deux véhicules - par l’arrière,Plein jour,Normale,Voie Communale,,3,Plat,Partie rectiligne,,,normale,,Sur accotement,Conducteur,1,M,20-21,Autre,Autre,Non déterminable,1,,08 - aout,3 - jeudi,Torcy
,201800056317,2018-08-30,973,22,97307,4.77029,-52.33915,Hors intersection,Deux véhicules - par l’arrière,Nuit sans éclairage public,Normale,Route Départementale,,2,Plat,Partie rectiligne,,,normale,,Sur chaussée,Conducteur,2,M,23-24,Promenade - loisirs,Casque,Non déterminable,1,,08 - aout,3 - jeudi,Matoury
,201800002228,2018-08-29,38,10,38524,45.08768,5.66853,Giratoire,Deux véhicules - par l’arrière,Plein jour,Normale,Autoroute,,1,Plat,En courbe à gauche,,,normale,Bretelle d’échangeur ou de raccordement,Sur chaussée,Conducteur,2,M,76-77,Promenade - loisirs,Casque,Oui,1,,08 - aout,2 - mercredi,Varces-Allières-et-Risset
,201800002962,2018-08-29,67,6,67168,48.53756,7.43762,Hors intersection,Deux véhicules - frontale,Crépuscule ou aube,Normale,Autre,,1,Bas de côte,En courbe à droite,,,normale,,Sur piste cyclable,Conducteur,1,M,50-51,Domicile - travail,Casque,Oui,1,,08 - aout,2 - mercredi,Gresswiller
,201800002962,2018-08-29,67,6,67168,48.53756,7.43762,Hors intersection,Deux véhicules - frontale,Crépuscule ou aube,Normale,Autre,,1,Bas de côte,En courbe à droite,,,normale,,Sur piste cyclable,Conducteur,0,M,38-39,Domicile - travail,Casque,Oui,1,,08 - aout,2 - mercredi,Gresswiller
,201800013245,2018-08-29,90,9,90003,47.70057,6.93308,Hors intersection,Aucune,Plein jour,Normale,Route Départementale,,2,Plat,En courbe à gauche,,,normale,,Sur chaussée,Conducteur,2,M,80-81,Promenade - loisirs,Casque,Oui,,1,08 - aout,2 - mercredi,Anjoutey
,201800015627,2018-08-29,35,2,35360,48.10192,-1.20736,Autre intersection,Deux véhicules - par le coté,Nuit sans éclairage public,Normale,Route Départementale,,2,Pente,Partie rectiligne,,,normale,,Sur chaussée,Conducteur,1,M,44-45,Promenade - loisirs,Casque,Oui,1,,08 - aout,2 - mercredi,Vitré
,201800016741,2018-08-29,12,11,12164,44.85732,2.66006,Hors intersection,Trois véhicules et plus - collisions multiples,Plein jour,Normale,Route Départementale,,2,Pente,En courbe à gauche,,,normale,,Sur chaussée,Conducteur,1,M,33-34,Promenade - loisirs,Casque,Oui,1,,08 - aout,2 - mercredi,Mur-de-Barrez
,201800016741,2018-08-29,12,11,12164,44.85732,2.66006,Hors intersection,Trois véhicules et plus - collisions multiples,Plein jour,Normale,Route Départementale,,2,Pente,En courbe à gauche,,,normale,,Sur chaussée,Conducteur,1,M,57-58,Promenade - loisirs,Casque,Oui,1,,08 - aout,2 - mercredi,Mur-de-Barrez
,201800021328,2018-08-29,6,9,6033,43.79209,7.18503,Intersection en Y,Deux véhicules - par le coté,Plein jour,Normale,Voie Communale,,,,,,,,,,Conducteur,1,M,37-38,Promenade - loisirs,Casque,Oui,1,1,08 - aout,2 - mercredi,Carros
,201800036164,2018-08-29,87,13,87085,45.8294,1.26248,Hors intersection,Aucune,Plein jour,Normale,Voie Communale,,3,Plat,Partie rectiligne,,,normale,,Sur trottoir,Conducteur,1,M,28-29,Promenade - loisirs,Casque,Oui,,1,08 - aout,2 - mercredi,Limoges
,201800042023,2018-08-29,94,16,94028,48.77324,2.43978,Intersection en T,Deux véhicules - par le coté,Plein jour,Normale,Route Nationale,,1,Pente,Partie rectiligne,,,normale,,Sur chaussée,Conducteur,1,M,25-26,Courses - achats,Casque,Non déterminable,1,1,08 - aout,2 - mercredi,Créteil
,201800001081,2018-08-28,85,2,85163,46.99927,-2.2445,Hors intersection,Autre,Nuit avec éclairage public allumé,Normale,Voie Communale,,2,Plat,Partie rectiligne,,,normale,,Sur chaussée,Conducteur,3,M,30-31,Promenade - loisirs,Autre,Non,,1,08 - aout,1 - mardi,'Noirmoutier-en-l''Île'
,201800002362,2018-08-28,42,16,42211,45.53245,4.23275,Hors intersection,Deux véhicules - par l’arrière,Plein jour,Normale,Route Départementale,,2,Plat,Partie rectiligne,,,normale,,Sur piste cyclable,Conducteur,2,M,75-76,Promenade - loisirs,Casque,Oui,1,1,08 - aout,1 - mardi,Saint-Cyprien
,201800003789,2018-08-28,83,7,83066,43.67274,5.86867,Hors intersection,Deux véhicules - par l’arrière,Crépuscule ou aube,Temps éblouissant,Route Départementale,,2,Plat,Partie rectiligne,,,normale,,Sur chaussée,Conducteur,2,M,65-66,Promenade - loisirs,Casque,Oui,1,,08 - aout,1 - mardi,Ginasservis
,201800018731,2018-08-28,74,18,74085,45.83534,6.72952,Hors intersection,Deux véhicules - par l’arrière,Plein jour,Normale,Route Départementale,,2,Pente,Partie rectiligne,,,normale,,Sur chaussée,Conducteur,1,F,46-47,Promenade - loisirs,Casque,Oui,1,1,08 - aout,1 - mardi,Contamines-Montjoie
,201800018828,2018-08-28,56,19,56184,47.65298,-2.46977,Hors intersection,Deux véhicules - frontale,Crépuscule ou aube,Normale,Route Départementale,,2,Pente,Partie rectiligne,,,normale,,Sur chaussée,Conducteur,2,M,43-44,Promenade - loisirs,Casque,Oui,1,,08 - aout,1 - mardi,Questembert
,201800023778,2018-08-28,41,18,41055,47.55303,1.25141,Hors intersection,Deux véhicules - par le coté,Plein jour,Temps éblouissant,Route Départementale,,2,Plat,Partie rectiligne,,,normale,,Sur chaussée,Conducteur,2,M,72-73,Promenade - loisirs,Casque,Non déterminable,1,,08 - aout,1 - mardi,Chouzy-sur-Cisse
,201800004112,2018-08-27,34,10,34189,43.2671,2.74848,Hors intersection,Deux véhicules - par l’arrière,Plein jour,Temps éblouissant,Route Départementale,,2,Plat,Partie rectiligne,,,normale,,Sur chaussée,Conducteur,1,M,63-64,Promenade - loisirs,Casque,Oui,1,,08 - aout,0 - lundi,Olonzac
,201800011354,2018-08-27,17,12,17450,45.95952,-0.61751,Intersection en T,Deux véhicules - par l’arrière,Plein jour,Normale,Route Départementale,,2,Plat,Partie rectiligne,,,normale,,Sur chaussée,Conducteur,2,M,13-14,Promenade - loisirs,Autre,Non,1,,08 - aout,0 - lundi,Torxé
,201800018847,2018-08-27,56,17,56214,47.5318,-2.83902,Hors intersection,Deux véhicules - par l’arrière,Plein jour,Normale,Route Départementale,,2,Plat,Partie rectiligne,,,normale,,Sur chaussée,Conducteur,2,M,15-16,Promenade - loisirs,Casque,Non,1,,08 - aout,0 - lundi,Saint-Gildas-de-Rhuys
,201800033650,2018-08-27,2B,11,2B291,42.38059,9.3774,Hors intersection,Autre,Plein jour,Normale,Route Départementale,,2,Pente,En courbe à droite,,,normale,,Sur chaussée,Conducteur,2,M,50-51,Promenade - loisirs,Casque,Oui,,,08 - aout,0 - lundi,Stazzona
,201800000051,2018-08-26,59,15,59042,50.53908,3.2646,Hors intersection,Deux véhicules - par l’arrière,Plein jour,Pluie légère,Route Départementale,,1,Plat,Partie rectiligne,,,normale,,Sur chaussée,Conducteur,3,M,77-78,Promenade - loisirs,Casque,,1,1,08 - aout,6 - dimanche,Bachy
,201800012037,2018-08-26,40,20,40228,43.62823,-0.82802,Intersection en T,Deux véhicules - par le coté,Crépuscule ou aube,Normale,Route Départementale,,2,Plat,Partie rectiligne,,,,,,Conducteur,1,M,46-47,Promenade - loisirs,Equipement réfléchissant,Non,1,1,08 - aout,6 - dimanche,Pomarez
,201800017783,2018-08-26,69,11,69012,46.17908,4.53252,Hors intersection,Trois véhicules et plus - collisions multiples,Plein jour,Normale,Route Départementale,,2,Pente,En « S »,,,normale,,Sur chaussée,Conducteur,3,M,62-63,Promenade - loisirs,Casque,Oui,2,,08 - aout,6 - dimanche,Ardillats
,201800017971,2018-08-26,82,16,82134,44.08636,1.50634,Hors intersection,Aucune,Plein jour,Normale,Route Départementale,,2,Plat,Partie rectiligne,,,normale,,Sur chaussée,Conducteur,2,M,29-30,Promenade - loisirs,Casque,Non,,,08 - aout,6 - dimanche,Nègrepelisse
,201800019464,2018-08-26,74,9,74150,46.28031,6.31078,Giratoire,Deux véhicules - par le coté,Plein jour,Temps éblouissant,Route Départementale,,2,Pente,Partie rectiligne,,,normale,,Sur chaussée,Conducteur,2,M,44-45,Promenade - loisirs,Casque,Oui,1,1,08 - aout,6 - dimanche,Loisin
,201800022739,2018-08-26,35,10,35029,48.4642,-1.74112,Hors intersection,Deux véhicules - par l’arrière,Plein jour,Temps éblouissant,Route Départementale,,2,Plat,Partie rectiligne,,,normale,,Sur chaussée,Conducteur,2,M,45-46,Domicile - travail,Casque,Oui,1,,08 - aout,6 - dimanche,Bonnemain
,201800030692,2018-08-26,64,11,64122,43.4845,-1.54301,Autre intersection,Deux véhicules - par le coté,Plein jour,Normale,Voie Communale,,2,Plat,Partie rectiligne,,,normale,,Sur accotement,Conducteur,1,M,52-53,Promenade - loisirs,Casque,Oui,1,1,08 - aout,6 - dimanche,Biarritz
,201800004367,2018-08-25,2B,11,2B109,42.73611,9.34639,Hors intersection,Deux véhicules - frontale,Plein jour,Normale,Route Départementale,,2,Bas de côte,En courbe à gauche,,,normale,,Sur chaussée,Conducteur,2,M,49-50,Promenade - loisirs,Casque,Oui,1,1,08 - aout,5 - samedi,Farinole
,201800014606,2018-08-24,3,17,3036,46.58467,3.05624,Intersection en T,Deux véhicules - par le coté,Plein jour,Normale,Route Départementale,,2,Pente,Partie rectiligne,,,normale,,Sur chaussée,Conducteur,2,M,68-69,Promenade - loisirs,Casque,Oui,1,1,08 - aout,4 - vendredi,'Bourbon-l''Archambault'
,201800023574,2018-08-24,44,10,44212,47.14588,-1.3141,Hors intersection,Deux véhicules - frontale,Plein jour,Normale,Route Départementale,,2,Plat,Partie rectiligne,,,normale,,Sur chaussée,Conducteur,3,M,71-72,Promenade - loisirs,Casque,Non,1,,08 - aout,4 - vendredi,Vallet
,201800034883,2018-08-24,79,13,79081,46.33985,-0.40369,Autre intersection,Deux véhicules - par l’arrière,Plein jour,Normale,Route Départementale,,4,Plat,Partie rectiligne,25,225,normale,Bretelle d’échangeur ou de raccordement,Sur chaussée,Conducteur,2,M,22-23,Domicile - travail,Autre,Non déterminable,1,1,08 - aout,4 - vendredi,Chauray
,201800004279,2018-08-23,66,8,66210,42.6434,2.75863,Hors intersection,Deux véhicules - frontale,Plein jour,Temps éblouissant,Route Départementale,,2,Plat,En courbe à droite,,,normale,,Sur chaussée,Conducteur,2,M,69-70,Promenade - loisirs,Casque,Oui,1,,08 - aout,3 - jeudi,Thuir
,201800015835,2018-08-23,25,12,25265,47.33331,5.97028,Hors intersection,Deux véhicules - par le coté,Plein jour,Normale,Route Départementale,,2,Plat,Partie rectiligne,,,normale,,Sur chaussée,Conducteur,1,F,62-63,Promenade - loisirs,Casque,Non,1,,08 - aout,3 - jeudi,Geneuille
,201800016861,2018-08-23,49,14,49125,47.19733,-0.27493,Giratoire,Deux véhicules - par le coté,Plein jour,Normale,Route Départementale,,1,Plat,En courbe à gauche,,,normale,,Sur chaussée,Conducteur,1,F,61-62,Promenade - loisirs,Casque,,1,1,08 - aout,3 - jeudi,Doué-la-Fontaine
,201800021302,2018-08-23,26,15,26362,44.89589,4.91596,Giratoire,Deux véhicules - par le coté,Plein jour,Normale,Route Départementale,,2,Plat,Partie rectiligne,,,normale,,Sur accotement,Conducteur,2,F,53-54,Utilisation professionnelle,Autre,Non déterminable,1,,08 - aout,3 - jeudi,Valence
,201800001396,2018-08-22,17,11,17051,46.17514,-1.3681,Hors intersection,Autre,Plein jour,Normale,Autre,,2,Plat,Partie rectiligne,,,normale,,Sur piste cyclable,Conducteur,2,M,73-74,Promenade - loisirs,Casque,Oui,1,,08 - aout,2 - mercredi,Bois-Plage-en-Ré
,201800001396,2018-08-22,17,11,17051,46.17514,-1.3681,Hors intersection,Autre,Plein jour,Normale,Autre,,2,Plat,Partie rectiligne,,,normale,,Sur piste cyclable,Conducteur,0,M,23-24,Promenade - loisirs,Autre,Non,1,,08 - aout,2 - mercredi,Bois-Plage-en-Ré
,201800003946,2018-08-22,84,18,84132,43.93132,5.03065,Hors intersection,Deux véhicules - par le coté,Plein jour,Normale,Route Départementale,,2,Plat,Partie rectiligne,,,normale,,Sur chaussée,Conducteur,2,M,59-60,Promenade - loisirs,Casque,Oui,1,,08 - aout,2 - mercredi,Thor
,201800005054,2018-08-22,33,15,33199,44.63577,-1.07282,Giratoire,Deux véhicules - par l’arrière,Plein jour,Normale,Route Départementale,,2,Plat,En courbe à gauche,,,normale,Carrefour aménagé,Sur chaussée,Conducteur,2,M,41-42,Promenade - loisirs,Casque,Non,1,1,08 - aout,2 - mercredi,Gujan-Mestras
,201800016570,2018-08-22,46,10,46007,44.45053,1.52078,Hors intersection,Deux véhicules - par l’arrière,Plein jour,Normale,Route Départementale,,2,Plat,En courbe à gauche,,,normale,,Sur chaussée,Conducteur,2,M,43-44,Promenade - loisirs,Casque,Oui,1,,08 - aout,2 - mercredi,Arcambal
,201800017970,2018-08-22,82,11,82161,44.0341,1.42659,Hors intersection,Deux véhicules - par l’arrière,Plein jour,Normale,Voie Communale,,2,Pente,Partie rectiligne,,,normale,,Sur chaussée,Conducteur,2,M,57-58,Promenade - loisirs,Casque,Oui,1,,08 - aout,2 - mercredi,Saint-Étienne-de-Tulmont
,201800001395,2018-08-21,17,5,17121,46.20328,-1.45739,Hors intersection,Deux véhicules - par l’arrière,Nuit sans éclairage public,Normale,Route Départementale,,2,Plat,Partie rectiligne,,67,normale,,Sur chaussée,Conducteur,2,M,18-19,Promenade - loisirs,Autre,Non,1,,08 - aout,1 - mardi,Couarde-sur-Mer
,201800001395,2018-08-21,17,5,17121,46.20328,-1.45739,Hors intersection,Deux véhicules - par l’arrière,Nuit sans éclairage public,Normale,Route Départementale,,2,Plat,Partie rectiligne,,67,normale,,Sur chaussée,Passager,3,F,19-20,Promenade - loisirs,Autre,Non,1,,08 - aout,1 - mardi,Couarde-sur-Mer
,201800004499,2018-08-21,5,16,5061,44.55969,6.0842,Intersection en T,Deux véhicules - par le coté,Plein jour,Normale,Voie Communale,,3,Plat,Partie rectiligne,,,normale,,Sur accotement,Conducteur,1,M,16-17,Promenade - loisirs,Autre,Non déterminable,1,1,08 - aout,1 - mardi,Gap
,201800011962,2018-08-21,40,12,40274,43.92839,-0.63963,Intersection en T,Deux véhicules - par le coté,Plein jour,Normale,Route Départementale,,2,Plat,Partie rectiligne,,,normale,,Sur chaussée,Conducteur,1,M,64-65,Promenade - loisirs,Casque,Oui,1,1,08 - aout,1 - mardi,'Saint-Martin-d''Oney'
,201800012192,2018-08-21,53,18,53146,48.19623,-0.66653,Giratoire,Aucune,Plein jour,Normale,Route Départementale,,2,Pente,Partie rectiligne,,,corps gras - huile,,Sur chaussée,Conducteur,2,M,51-52,Promenade - loisirs,Casque,Oui,,,08 - aout,1 - mardi,Martigné-sur-Mayenne
,201800016593,2018-08-21,46,18,46128,44.77627,1.73338,Hors intersection,Deux véhicules - par le coté,Plein jour,Normale,Route Départementale,,2,Plat,En courbe à droite,,,normale,,Sur chaussée,Conducteur,2,F,12-13,Promenade - loisirs,Autre,Non,1,1,08 - aout,1 - mardi,Gramat
,201800018576,2018-08-21,67,8,67281,48.16961,7.53762,Giratoire,Deux véhicules - par le coté,Plein jour,Temps éblouissant,Route Départementale,,1,Plat,En courbe à gauche,,,normale,,Sur chaussée,Conducteur,2,M,77-78,Promenade - loisirs,Casque,,1,1,08 - aout,1 - mardi,Marckolsheim
,201800023729,2018-08-21,42,20,42068,46.03184,4.26299,Intersection en X,Deux véhicules - frontale,Crépuscule ou aube,Normale,Route Départementale,,2,Pente,Partie rectiligne,,,normale,Carrefour aménagé,Sur chaussée,Conducteur,1,M,49-50,Promenade - loisirs,Autre,Non déterminable,1,,08 - aout,1 - mardi,Combre