test,identifiantAccident,date,departement,heure,commune,lat,lon,typeIntersection,typeCollision,luminosite,conditionsAtmosperiques,typeRoute,circulation,nbVoies,profilLongRoute,tracePlanRoute,largeurTPC,largeurRoute,etatSurface,amenagement,situation,categorieUsager,graviteAccident,sexe,age,motifDeplacement,existenceSecurite,usageSecurite,nombreAutresVehicules,enAgglomeration,mois,jour,NCCENR
,201800030603,2018-08-21,64,16,64024,43.5271,-1.52123,Hors intersection,Deux véhicules - par le coté,Plein jour,Normale,Parc de stationnement ouvert à la circulation publique,,,Plat,Partie rectiligne,,,normale,,Sur accotement,Conducteur,1,M,69-70,Promenade - loisirs,Casque,Oui,1,1,08 - aout,1 - mardi,Anglet
,201800030689,2018-08-21,64,10,64125,43.4382,-1.58272,Hors intersection,Autre,Plein jour,Normale,Route Départementale,,2,Pente,En courbe à droite,,,normale,,Sur bande d’arrêt d’urgence,Conducteur,1,M,40-41,Promenade - loisirs,Casque,Non déterminable,,1,08 - aout,1 - mardi,Bidart
,201800030689,2018-08-21,64,10,64125,43.4382,-1.58272,Hors intersection,Autre,Plein jour,Normale,Route Départementale,,2,Pente,En courbe à droite,,,normale,,Sur bande d’arrêt d’urgence,Piéton,1,F,26-27,Promenade - loisirs,Dispositif enfants,,,1,08 - aout,1 - mardi,Bidart
,201800034882,2018-08-21,79,8,79191,46.32265,-0.46187,Place,Deux véhicules - par l’arrière,Plein jour,Normale,Voie Communale,,1,Plat,Partie rectiligne,,,normale,,Sur accotement,Conducteur,1,M,59-60,Domicile - travail,Autre,Non déterminable,1,1,08 - aout,1 - mardi,Niort
,201800001461,2018-08-20,79,17,79048,46.35351,-0.30776,Intersection en X,Deux véhicules - frontale,Plein jour,Normale,Route Départementale,,2,Plat,En courbe à droite,,75,normale,,Sur chaussée,Conducteur,1,M,30-31,Promenade - loisirs,Autre,Non,1,1,08 - aout,0 - lundi,Crèche
,201800002236,2018-08-20,38,17,38225,45.12784,5.52757,Intersection en T,Deux véhicules - frontale,Plein jour,Normale,Route Départementale,,2,Plat,Partie rectiligne,,,normale,,Sur chaussée,Conducteur,1,M,72-73,Promenade - loisirs,Casque,Oui,1,1,08 - aout,0 - lundi,Autrans-Méaudre en Vercors
,201800014326,2018-08-20,70,18,70245,47.89152,6.41919,Hors intersection,Deux véhicules - par l’arrière,Plein jour,Normale,Route Départementale,,2,Plat,Partie rectiligne,,,normale,,Sur chaussée,Conducteur,2,M,45-46,Promenade - loisirs,Casque,Non,1,,08 - aout,0 - lundi,Fougerolles
,201800028963,2018-08-20,49,16,49163,47.56104,-0.21398,Hors intersection,Deux véhicules - frontale,Plein jour,Normale,Voie Communale,,2,Pente,En « S »,,,normale,,Sur chaussée,Conducteur,1,M,14-15,Promenade - loisirs,Casque,,1,,08 - aout,0 - lundi,Jarzé Villages
,201800030856,2018-08-20,64,7,64445,43.3074,-0.34008,Intersection en T,Deux véhicules - par le coté,Crépuscule ou aube,Normale,Voie Communale,,1,Plat,Partie rectiligne,,,normale,,Sur accotement,Conducteur,1,M,58-59,Domicile - travail,Casque,Oui,1,1,08 - aout,0 - lundi,Pau
,201800032530,2018-08-20,69,8,69266,45.75435,4.88567,Intersection en X,Deux véhicules - par le coté,Plein jour,Normale,Voie Communale,,2,Plat,Partie rectiligne,,,normale,,Sur accotement,Conducteur,1,F,19-20,Domicile - travail,Autre,Non déterminable,1,1,08 - aout,0 - lundi,Villeurbanne
,201800033346,2018-08-20,37,15,37031,47.27477,0.17707,Intersection en T,Deux véhicules - frontale,Plein jour,Normale,Route Départementale,,2,,,,,,,Sur chaussée,Conducteur,2,F,88-89,Courses - achats,Casque,Non,1,,08 - aout,0 - lundi,Bourgueil
,201800056208,2018-08-20,971,23,97103,16.25311,-61.57294,Autre intersection,Deux véhicules - frontale,Nuit sans éclairage public,Pluie forte,Route Nationale,,2,Plat,Partie rectiligne,,,mouillée,Bretelle d’échangeur ou de raccordement,Sur chaussée,Conducteur,2,M,59-60,Promenade - loisirs,Casque,,1,,08 - aout,0 - lundi,Baie-Mahault
,201800000620,2018-08-19,22,16,22179,48.6545,-2.37142,Hors intersection,Deux véhicules - par le coté,Plein jour,Normale,Route Départementale,,2,Pente,En courbe à gauche,,,normale,,Sur accotement,Conducteur,2,F,49-50,Promenade - loisirs,Casque,Non,1,,08 - aout,6 - dimanche,Fréhel
,201800001290,2018-08-19,24,10,24318,44.88691,0.86581,Hors intersection,Aucune,Plein jour,Normale,Route Départementale,,2,Plat,Partie rectiligne,,,normale,,Sur accotement,Conducteur,2,M,68-69,Promenade - loisirs,Casque,Oui,,,08 - aout,6 - dimanche,Paunat
,201800002255,2018-08-19,38,15,38471,45.2719,5.76704,Hors intersection,Trois véhicules et plus - collisions multiples,Plein jour,Normale,Route Départementale,,2,Pente,En courbe à droite,,,normale,,Sur chaussée,Conducteur,1,M,52-53,Promenade - loisirs,Casque,Oui,2,,08 - aout,6 - dimanche,Sappey-en-Chartreuse
,201800004974,2018-08-19,37,9,37072,47.15198,0.28558,Intersection en X,Deux véhicules - par le coté,Plein jour,Normale,Route Départementale,,2,Plat,Partie rectiligne,,,normale,,Sur chaussée,Conducteur,2,M,87-88,Promenade - loisirs,Casque,Non,1,,08 - aout,6 - dimanche,Chinon
,201800012957,2018-08-19,64,12,64204,42.9685,-0.36966,Hors intersection,Deux véhicules - par le coté,Plein jour,Normale,Route Départementale,,2,Pente,En « S »,,,normale,,Sur chaussée,Conducteur,2,M,30-31,Promenade - loisirs,Casque,Oui,1,,08 - aout,6 - dimanche,Eaux-Bonnes
,201800015673,2018-08-19,44,11,44144,47.5202,-1.29767,Giratoire,Deux véhicules - par le coté,Plein jour,Normale,Route Départementale,,1,Sommet de côte,En courbe à droite,,,normale,,Sur chaussée,Conducteur,1,M,56-57,Promenade - loisirs,Casque,Oui,1,1,08 - aout,6 - dimanche,Riaillé
,201800021894,2018-08-19,86,10,86070,46.58872,0.64615,Hors intersection,Deux véhicules - frontale,Plein jour,Normale,Route Départementale,,2,Plat,Partie rectiligne,,,normale,,Sur chaussée,Conducteur,2,M,52-53,Promenade - loisirs,Casque,Oui,1,,08 - aout,6 - dimanche,Chauvigny
,201800023645,2018-08-19,32,12,32013,43.6397,0.5987,Hors intersection,Aucune,Plein jour,Normale,Route Départementale,,2,Plat,Partie rectiligne,,,normale,,Sur accotement,Conducteur,1,F,56-57,Promenade - loisirs,Dispositif enfants,,,,08 - aout,6 - dimanche,Auch
,201800002545,2018-08-18,74,12,74116,46.05164,6.26726,Hors intersection,Deux véhicules - par le coté,Plein jour,Normale,Route Départementale,,1,Plat,Partie rectiligne,,,normale,,Sur chaussée,Conducteur,2,M,56-57,Promenade - loisirs,Casque,Oui,1,,08 - aout,5 - samedi,Etaux
,201800010619,2018-08-18,88,12,88310,48.02967,5.9613,Intersection en T,Deux véhicules - par l’arrière,Plein jour,Normale,Route Départementale,,2,Plat,Partie rectiligne,,,normale,Carrefour aménagé,Sur chaussée,Conducteur,2,M,67-68,Promenade - loisirs,Casque,Oui,1,,08 - aout,5 - samedi,Monthureux-sur-Saône
,201800012492,2018-08-18,36,10,36049,46.51113,1.42478,Hors intersection,Aucune,Plein jour,Temps éblouissant,Route Départementale,,2,Pente,En courbe à droite,,,normale,,Sur chaussée,Conducteur,2,F,62-63,Promenade - loisirs,Casque,Oui,,,08 - aout,5 - samedi,Chazelet
,201800015250,2018-08-18,31,10,31357,43.03524,0.89544,Intersection en X,Deux véhicules - frontale,Plein jour,Normale,Route Départementale,,2,Plat,Partie rectiligne,,,normale,,Sur chaussée,Conducteur,2,M,79-80,Promenade - loisirs,Casque,,1,,08 - aout,5 - samedi,Montastruc-de-Salies
,201800016293,2018-08-18,34,11,34070,43.4068,2.96904,Hors intersection,Deux véhicules - frontale,Plein jour,Normale,Route Départementale,,2,Pente,En courbe à droite,,,normale,,Sur chaussée,Conducteur,2,M,62-63,Promenade - loisirs,Casque,Oui,1,1,08 - aout,5 - samedi,Cébazan
,201800019950,2018-08-18,66,23,66021,42.7374,2.94154,Hors intersection,Deux véhicules - par le coté,Nuit sans éclairage public,Normale,Route Départementale,,2,Plat,Partie rectiligne,,,normale,,Sur chaussée,Conducteur,2,M,34-35,Promenade - loisirs,Casque,,1,,08 - aout,5 - samedi,Bompas
,201800025463,2018-08-18,37,11,37261,47.39915,0.6755,Hors intersection,Autre,Plein jour,Normale,Voie Communale,,7,Plat,Partie rectiligne,,,normale,Pont - autopont,Sur bande d’arrêt d’urgence,Conducteur,2,F,72-73,Promenade - loisirs,Casque,Non déterminable,,1,08 - aout,5 - samedi,Tours
,201800030162,2018-08-18,17,10,17413,46.08215,-1.07056,Hors intersection,Deux véhicules - par le coté,Plein jour,Temps éblouissant,Route Départementale,,2,Plat,Partie rectiligne,,61,normale,,Sur chaussée,Conducteur,2,M,80-81,Promenade - loisirs,Autre,Non,1,1,08 - aout,5 - samedi,Saint-Vivien
,201800036152,2018-08-18,87,15,87085,45.8295,1.27231,Hors intersection,Autre,Plein jour,Normale,Hors réseau public,,1,Plat,Partie rectiligne,,,normale,,Sur accotement,Conducteur,1,F,7-8,Promenade - loisirs,Casque,Oui,,,08 - aout,5 - samedi,Limoges
,201800013375,2018-08-17,50,9,50517,49.42675,-1.24696,Intersection en X,Deux véhicules - par le coté,Plein jour,Normale,Route Départementale,,2,Plat,Partie rectiligne,,,normale,,Sur chaussée,Conducteur,1,M,36-37,Promenade - loisirs,Casque,Oui,1,,08 - aout,4 - vendredi,Saint-Martin-de-Varreville
,201800013687,2018-08-17,6,7,6079,43.53357,6.95026,Intersection en T,Deux véhicules - par le coté,Plein jour,Normale,Route Départementale,,2,Plat,En courbe à droite,,,normale,,Sur piste cyclable,Conducteur,1,M,56-57,Promenade - loisirs,Casque,Oui,1,1,08 - aout,4 - vendredi,Mandelieu-la-Napoule
,201800014953,2018-08-17,38,15,38357,45.5436,5.52228,Intersection en X,Deux véhicules - par le coté,Plein jour,Normale,Route Départementale,,2,Pente,Partie rectiligne,,,normale,,Sur chaussée,Conducteur,1,M,77-78,Promenade - loisirs,Casque,Oui,1,1,08 - aout,4 - vendredi,Saint-André-le-Gaz
,201800018644,2018-08-17,74,13,74123,45.75259,6.29099,Intersection en X,Deux véhicules - par le coté,Plein jour,Pluie forte,Voie Communale,Avec voies d’affectation variable,,,,,,,,Sur chaussée,Conducteur,2,M,47-48,Promenade - loisirs,Casque,Oui,1,1,08 - aout,4 - vendredi,Faverges-Seythenex
,201800002254,2018-08-16,38,8,38170,45.25348,5.66245,Hors intersection,Deux véhicules - par l’arrière,Plein jour,Normale,Route Départementale,,1,Plat,Partie rectiligne,,,normale,,Sur piste cyclable,Conducteur,1,F,34-35,Promenade - loisirs,Casque,Non,1,1,08 - aout,3 - jeudi,Fontanil-Cornillon
,201800002588,2018-08-16,74,14,74063,46.25631,6.82986,Hors intersection,Deux véhicules - frontale,Plein jour,Normale,Voie Communale,,2,Pente,Partie rectiligne,,,normale,,Sur chaussée,Conducteur,2,M,28-29,Promenade - loisirs,Casque,Oui,1,1,08 - aout,3 - jeudi,Châtel
,201800017057,2018-08-16,61,12,61295,48.56788,-0.28332,Hors intersection,Deux véhicules - frontale,Plein jour,Temps éblouissant,Route Départementale,,2,Plat,En courbe à droite,,,normale,,Sur chaussée,Conducteur,2,F,16-17,Promenade - loisirs,Autre,Non,1,1,08 - aout,3 - jeudi,Motte-Fouquet
,201800017906,2018-08-16,65,17,65055,43.00375,-0.06703,Hors intersection,Aucune,Plein jour,Normale,Route Départementale,,2,Pente,Partie rectiligne,,,normale,,Sur chaussée,Conducteur,2,F,23-24,Promenade - loisirs,Casque,Oui,,1,08 - aout,3 - jeudi,Ayros-Arbouix
,201800023822,2018-08-16,74,11,74188,46.21115,6.73769,Hors intersection,Aucune,Plein jour,Normale,Route Départementale,,2,Pente,En « S »,,,normale,,Sur chaussée,Conducteur,1,M,52-53,Promenade - loisirs,Casque,Oui,,,08 - aout,3 - jeudi,Montriond
,201800030854,2018-08-16,64,9,64445,43.294,-0.37604,Hors intersection,Deux véhicules - par le coté,Plein jour,Normale,Voie Communale,,2,Plat,En courbe à gauche,,,normale,,Sur accotement,Conducteur,1,M,66-67,Promenade - loisirs,Casque,Non déterminable,1,1,08 - aout,3 - jeudi,Pau
,201800055934,2018-08-16,971,16,97125,16.25698,-61.27531,Giratoire,Deux véhicules - par le coté,Plein jour,Normale,Route Nationale,,1,Pente,En courbe à gauche,,,normale,Carrefour aménagé,Sur chaussée,Conducteur,1,M,59-60,Promenade - loisirs,Casque,Oui,1,1,08 - aout,3 - jeudi,Saint-François
,201800000094,2018-08-15,59,11,59450,50.11673,3.64089,Hors intersection,Deux véhicules - par l’arrière,Plein jour,Pluie légère,Route Départementale,,2,Plat,Partie rectiligne,,,normale,,Sur chaussée,Conducteur,3,M,67-68,Courses - achats,Casque,,1,,08 - aout,2 - mercredi,Ors
,201800002514,2018-08-15,74,11,74136,45.96452,6.43794,Hors intersection,Deux véhicules - par l’arrière,Plein jour,Normale,Route Départementale,,2,Sommet de côte,Partie rectiligne,,,normale,,Sur chaussée,Conducteur,2,M,65-66,Promenade - loisirs,Casque,Oui,1,,08 - aout,2 - mercredi,Grand-Bornand
,201800012940,2018-08-15,64,8,64484,43.1729,-1.18474,Hors intersection,Deux véhicules - par le coté,Plein jour,Normale,Route Départementale,,2,Plat,Partie rectiligne,,,normale,,Sur chaussée,Conducteur,2,M,52-53,Promenade - loisirs,Casque,Oui,1,,08 - aout,2 - mercredi,Saint-Jean-le-Vieux
,201800015176,2018-08-15,31,11,31345,43.37292,1.4164,Hors intersection,Aucune,Plein jour,Normale,Route Départementale,,2,Pente,En « S »,,,normale,,Sur chaussée,Conducteur,2,M,62-63,Promenade - loisirs,Casque,Oui,,1,08 - aout,2 - mercredi,Miremont
,201800015475,2018-08-15,29,10,29239,48.71913,-3.98528,Hors intersection,Deux véhicules - par le coté,Plein jour,Normale,Route Départementale,,2,Plat,Partie rectiligne,,,normale,,Sur chaussée,Conducteur,2,M,29-30,Domicile - travail,Casque,Non,1,1,08 - aout,2 - mercredi,Roscoff
,201800015791,2018-08-15,44,10,44006,47.41926,-2.38061,Hors intersection,Aucune,Plein jour,Normale,Voie Communale,,2,Plat,En courbe à gauche,,,corps gras - huile,,Sur chaussée,Conducteur,0,M,51-52,Promenade - loisirs,Casque,Oui,2,,08 - aout,2 - mercredi,Assérac
,201800015791,2018-08-15,44,10,44006,47.41926,-2.38061,Hors intersection,Aucune,Plein jour,Normale,Voie Communale,,2,Plat,En courbe à gauche,,,corps gras - huile,,Sur chaussée,Conducteur,1,F,58-59,Promenade - loisirs,Casque,Oui,2,,08 - aout,2 - mercredi,Assérac
,201800015791,2018-08-15,44,10,44006,47.41926,-2.38061,Hors intersection,Aucune,Plein jour,Normale,Voie Communale,,2,Plat,En courbe à gauche,,,corps gras - huile,,Sur chaussée,Conducteur,1,M,75-76,Promenade - loisirs,Casque,Oui,2,,08 - aout,2 - mercredi,Assérac
,201800013244,2018-08-14,90,19,90016,47.70043,6.94712,Intersection en T,Trois véhicules et plus - collisions multiples,Plein jour,Normale,Route Départementale,,2,Pente,Partie rectiligne,,,normale,,Sur chaussée,Conducteur,0,M,14-15,Promenade - loisirs,Casque,Non,2,1,08 - aout,1 - mardi,Bourg-sous-Châtelet
,201800013244,2018-08-14,90,19,90016,47.70043,6.94712,Intersection en T,Trois véhicules et plus - collisions multiples,Plein jour,Normale,Route Départementale,,2,Pente,Partie rectiligne,,,normale,,Sur chaussée,Conducteur,1,M,47-48,Promenade - loisirs,Casque,Oui,2,1,08 - aout,1 - mardi,Bourg-sous-Châtelet
,201800013244,2018-08-14,90,19,90016,47.70043,6.94712,Intersection en T,Trois véhicules et plus - collisions multiples,Plein jour,Normale,Route Départementale,,2,Pente,Partie rectiligne,,,normale,,Sur chaussée,Conducteur,2,M,52-53,Promenade - loisirs,Casque,Oui,2,1,08 - aout,1 - mardi,Bourg-sous-Châtelet
,201800014183,2018-08-14,58,14,58155,47.15432,3.02647,Hors intersection,Deux véhicules - par l’arrière,Plein jour,Normale,Route Départementale,,2,Plat,Partie rectiligne,,,normale,,Sur chaussée,Conducteur,2,M,72-73,Promenade - loisirs,Casque,Oui,1,,08 - aout,1 - mardi,Marche
,201800014664,2018-08-14,3,17,3060,46.15261,3.39358,Intersection en X,Autre,Plein jour,Normale,Route Départementale,,4,Plat,Partie rectiligne,,,normale,Carrefour aménagé,Sur chaussée,Conducteur,2,M,70-71,Promenade - loisirs,Casque,Oui,1,1,08 - aout,1 - mardi,Charmeil
,201800016548,2018-08-14,47,16,47283,44.4798,0.94781,Intersection en T,Deux véhicules - par le coté,Plein jour,Normale,Route Départementale,,2,Plat,Partie rectiligne,,,normale,,Sur chaussée,Conducteur,1,M,19-20,,Casque,Non,1,1,08 - aout,1 - mardi,Saint-Vite
,201800017310,2018-08-14,89,19,89034,47.82036,3.70786,Hors intersection,Aucune,Plein jour,Normale,Route Départementale,,2,Pente,En courbe à droite,,,normale,,Sur chaussée,Conducteur,3,M,64-65,Promenade - loisirs,Casque,Non,,,08 - aout,1 - mardi,Beine
,201800017507,2018-08-14,71,11,71230,46.59694,4.06738,Intersection en T,Deux véhicules - par le coté,Plein jour,Normale,Route Départementale,,2,Plat,Partie rectiligne,,,normale,Zone piétonne,Sur chaussée,Conducteur,3,M,78-79,,Equipement réfléchissant,Non,1,1,08 - aout,1 - mardi,Gueugnon
,201800018520,2018-08-14,76,8,76695,49.66711,0.49844,Intersection en X,Deux véhicules - par le coté,Plein jour,Normale,Route Départementale,,2,Plat,En courbe à droite,,,normale,,Sur chaussée,Conducteur,1,M,69-70,Promenade - loisirs,Casque,Oui,1,1,08 - aout,1 - mardi,Tocqueville-les-Murs
,201800024137,2018-08-14,49,16,49092,47.22265,-0.73559,Intersection en T,Deux véhicules - par le coté,Plein jour,Normale,Route Départementale,,2,Plat,Partie rectiligne,,,normale,,Sur chaussée,Conducteur,2,M,45-46,Promenade - loisirs,Casque,,1,,08 - aout,1 - mardi,Chemillé-en-Anjou
,201800000690,2018-08-13,56,14,56046,47.61311,-3.01129,Giratoire,Deux véhicules - par le coté,Plein jour,Normale,Voie Communale,,2,Plat,Partie rectiligne,,,normale,,Sur chaussée,Conducteur,1,M,30-31,Promenade - loisirs,Casque,Oui,1,1,08 - aout,0 - lundi,Crach
,201800017471,2018-08-13,71,16,71109,46.89865,4.68917,Hors intersection,Autre,Plein jour,Normale,Autre,,2,Plat,Partie rectiligne,,,normale,,Sur chaussée,Conducteur,0,M,62-63,Promenade - loisirs,Casque,Oui,,,08 - aout,0 - lundi,Chassey-le-Camp
,201800036150,2018-08-13,87,22,87085,45.8199,1.24926,Hors intersection,Autre,Nuit avec éclairage public allumé,Normale,Voie Communale,,4,Plat,Partie rectiligne,,,normale,,Sur accotement,Conducteur,1,F,17-18,Domicile - travail,Casque,Oui,,1,08 - aout,0 - lundi,Limoges
,201800003119,2018-08-12,68,11,68247,47.93302,7.01073,Hors intersection,Trois véhicules et plus - collisions multiples,Plein jour,Normale,Route Départementale,,2,Pente,En courbe à droite,,,autre,,Sur chaussée,Conducteur,1,M,12-13,Promenade - loisirs,Casque,Oui,2,,08 - aout,6 - dimanche,Oderen
,201800012807,2018-08-12,73,9,73292,45.71194,6.40604,Intersection en T,Deux véhicules - par le coté,Plein jour,Normale,Route Départementale,,2,Plat,Partie rectiligne,,,normale,Carrefour aménagé,Sur chaussée,Conducteur,1,M,59-60,Promenade - loisirs,Casque,Oui,1,,08 - aout,6 - dimanche,Thénésol
,201800013961,2018-08-12,54,17,54425,49.30219,5.79136,Intersection en T,Deux véhicules - frontale,Plein jour,Normale,Voie Communale,,2,Plat,Partie rectiligne,,,normale,,Sur chaussée,Conducteur,1,M,15-16,Promenade - loisirs,Casque,Non,1,1,08 - aout,6 - dimanche,Piennes
,201800014253,2018-08-12,26,10,26363,0,0,Hors intersection,Aucune,Plein jour,Normale,Route Départementale,,2,Pente,Partie rectiligne,,,normale,,Sur accotement,Conducteur,2,M,70-71,Promenade - loisirs,Casque,Oui,,,08 - aout,6 - dimanche,Valouse
,201800014951,2018-08-12,38,9,38104,45.58194,5.58723,Intersection en X,Deux véhicules - par le coté,Plein jour,Normale,Route Départementale,,2,Pente,Partie rectiligne,,,normale,,Sur chaussée,Conducteur,3,M,75-76,Promenade - loisirs,Casque,Oui,1,,08 - aout,6 - dimanche,Chimilin
,201800030598,2018-08-12,64,11,64102,43.4953,-1.47834,Intersection en X,Deux véhicules - par le coté,Plein jour,Normale,Voie Communale,,4,Plat,En « S »,,,normale,Carrefour aménagé,Sur accotement,Conducteur,2,M,26-27,Promenade - loisirs,Casque,Non déterminable,1,1,08 - aout,6 - dimanche,Bayonne
,201800002446,2018-08-11,73,8,73314,45.51262,6.13767,Intersection en Y,Aucune,Plein jour,Normale,Route Départementale,,2,Pente,Partie rectiligne,,,normale,,Sur chaussée,Conducteur,3,M,63-64,Promenade - loisirs,Casque,Oui,,1,08 - aout,5 - samedi,'Villard-d''Héry'
,201800003205,2018-08-11,58,,58121,47.04218,3.0937,Hors intersection,Deux véhicules - par l’arrière,Nuit sans éclairage public,Normale,Route Départementale,,2,Plat,Partie rectiligne,,,normale,,Sur chaussée,Conducteur,0,M,36-37,Promenade - loisirs,Autre,Oui,1,1,08 - aout,5 - samedi,Garchizy
,201800003205,2018-08-11,58,,58121,47.04218,3.0937,Hors intersection,Deux véhicules - par l’arrière,Nuit sans éclairage public,Normale,Route Départementale,,2,Plat,Partie rectiligne,,,normale,,Sur chaussée,Passager,1,F,3-4,Promenade - loisirs,Casque,Oui,1,1,08 - aout,5 - samedi,Garchizy
,201800010815,2018-08-11,48,16,48082,44.6014,3.6669,Intersection en Y,Aucune,Plein jour,Normale,Voie Communale,,2,Pente,En courbe à droite,,,autre,,Sur chaussée,Conducteur,2,M,8-9,Promenade - loisirs,Casque,Non,1,1,08 - aout,5 - samedi,Laubert
,201800017889,2018-08-11,65,13,65019,43.1484,0.0826,Hors intersection,Deux véhicules - frontale,Plein jour,Normale,Route Départementale,,2,Bas de côte,En courbe à droite,,,normale,,Sur chaussée,Conducteur,2,M,24-25,Promenade - loisirs,Casque,Oui,1,1,08 - aout,5 - samedi,Arcizac-Adour
,201800022847,2018-08-11,69,9,69277,45.74002,5.02393,Hors intersection,Deux véhicules - par l’arrière,Plein jour,Normale,Route Départementale,,2,Plat,Partie rectiligne,,,normale,,Sur chaussée,Conducteur,2,M,69-70,Promenade - loisirs,Casque,Oui,1,,08 - aout,5 - samedi,Genas
,201800030161,2018-08-11,17,11,17420,46.09904,-1.04827,Hors intersection,Aucune,Plein jour,Normale,Autre,,1,Pente,Partie rectiligne,,,normale,,Sur chaussée,Conducteur,3,M,65-66,Promenade - loisirs,Autre,Non,,,08 - aout,5 - samedi,Salles-sur-Mer
,201800000285,2018-08-10,60,11,60313,49.36975,2.25588,Hors intersection,Deux véhicules - frontale,Plein jour,Normale,Voie Communale,,2,Pente,En courbe à droite,,,normale,,Sur chaussée,Conducteur,2,M,20-21,Promenade - loisirs,Casque,Oui,1,,08 - aout,4 - vendredi,Hermes
,201800002495,2018-08-10,73,10,73248,45.27158,6.35147,Intersection en T,Deux véhicules - par le coté,Plein jour,Normale,Route Départementale,,2,Plat,Partie rectiligne,,,normale,,Sur chaussée,Conducteur,2,M,84-85,Promenade - loisirs,Casque,Oui,1,1,08 - aout,4 - vendredi,Saint-Jean-de-Maurienne
,201800004407,2018-08-10,2B,19,2B311,42.35006,9.53264,Hors intersection,Aucune,Plein jour,Normale,Route Nationale,,2,Plat,Partie rectiligne,,,normale,,Sur chaussée,Conducteur,2,F,61-62,Promenade - loisirs,Casque,Non,,,08 - aout,4 - vendredi,Santa-Maria-Poggio
,201800018408,2018-08-10,79,12,79080,46.65582,-0.24868,Giratoire,Deux véhicules - par le coté,Plein jour,Normale,Route Départementale,,2,Pente,En courbe à gauche,,,normale,,Sur chaussée,Conducteur,2,M,68-69,Promenade - loisirs,Autre,Non,1,1,08 - aout,4 - vendredi,Châtillon-sur-Thouet
,201800014290,2018-08-09,70,9,70575,47.33922,6.01812,Hors intersection,Deux véhicules - par l’arrière,Plein jour,Normale,Route Départementale,,2,Plat,Partie rectiligne,,,normale,,Sur chaussée,Conducteur,1,M,72-73,Promenade - loisirs,Casque,Oui,1,1,08 - aout,3 - jeudi,'Voray-sur-l''Ognon'
,201800019698,2018-08-09,17,18,17300,46.15815,-1.15119,Hors intersection,Autre,Plein jour,Normale,Voie Communale,,2,Plat,Partie rectiligne,,56,normale,,Sur accotement,Conducteur,1,F,72-73,Promenade - loisirs,Autre,Non déterminable,,1,08 - aout,3 - jeudi,Rochelle
,201800030852,2018-08-09,64,8,64335,43.3187,-0.4319,Hors intersection,Deux véhicules - par le coté,Plein jour,Normale,Voie Communale,,2,Pente,Partie rectiligne,,,normale,,Sur chaussée,Conducteur,1,F,32-33,Domicile - travail,Casque,Oui,1,1,08 - aout,3 - jeudi,Lescar
,201800057268,2018-08-09,974,18,97409,-20.95095,55.6487,Hors intersection,Deux véhicules - par l’arrière,Plein jour,Normale,Voie Communale,,2,Plat,Partie rectiligne,,,normale,,Sur chaussée,Conducteur,1,M,53-54,Promenade - loisirs,Casque,Non déterminable,1,1,08 - aout,3 - jeudi,Saint-André
,201800000284,2018-08-08,60,17,60638,49.35495,2.31735,Hors intersection,Aucune,Plein jour,Normale,Route Départementale,,2,Plat,Partie rectiligne,,,normale,,Sur chaussée,Conducteur,1,M,14-15,Promenade - loisirs,Casque,Non déterminable,1,,08 - aout,2 - mercredi,Thury-sous-Clermont
,201800001023,2018-08-08,85,18,85288,46.45154,-1.69251,Autre intersection,Deux véhicules - par le coté,Plein jour,Normale,Route Départementale,,2,Plat,Partie rectiligne,,,normale,,Sur chaussée,Conducteur,2,M,12-13,Promenade - loisirs,Autre,Non,1,,08 - aout,2 - mercredi,Talmont-Saint-Hilaire
,201800014550,2018-08-08,15,19,15081,44.94173,2.67177,Hors intersection,Aucune,Plein jour,Normale,Route Départementale,,2,Pente,En courbe à gauche,,,normale,,Sur chaussée,Conducteur,2,M,13-14,Promenade - loisirs,Casque,,,,08 - aout,2 - mercredi,Jou-sous-Monjou
,201800014862,2018-08-08,2,17,2687,49.3205,3.19688,Hors intersection,Autre,Plein jour,Normale,Route Départementale,,2,Pente,Partie rectiligne,,,normale,,Sur chaussée,Conducteur,2,M,64-65,Promenade - loisirs,Casque,Oui,,,08 - aout,2 - mercredi,Saint-Pierre-Aigle
,201800015495,2018-08-08,29,14,29150,47.80814,-3.70174,Hors intersection,Aucune,Plein jour,Normale,Voie Communale,,2,Pente,En courbe à gauche,,,normale,,Sur accotement,Conducteur,2,M,65-66,Promenade - loisirs,Casque,Oui,,1,08 - aout,2 - mercredi,Moëlan-sur-Mer
,201800016065,2018-08-08,22,8,22004,48.62609,-3.30149,Giratoire,Deux véhicules - par le coté,Plein jour,Normale,Route Départementale,,2,Plat,Partie rectiligne,,,normale,Carrefour aménagé,Sur chaussée,Conducteur,1,M,72-73,Promenade - loisirs,Casque,Oui,1,1,08 - aout,2 - mercredi,Bégard
,201800016120,2018-08-08,22,18,22199,48.80498,-3.16132,Hors intersection,Trois véhicules et plus - collisions multiples,Plein jour,Normale,Voie Communale,,2,Plat,Partie rectiligne,,,normale,,Sur chaussée,Conducteur,2,M,69-70,Promenade - loisirs,Casque,Non,1,,08 - aout,2 - mercredi,Pleumeur-Gautier
,201800016120,2018-08-08,22,18,22199,48.80498,-3.16132,Hors intersection,Trois véhicules et plus - collisions multiples,Plein jour,Normale,Voie Communale,,2,Plat,Partie rectiligne,,,normale,,Sur chaussée,Conducteur,0,M,44-45,Promenade - loisirs,Casque,Oui,1,,08 - aout,2 - mercredi,Pleumeur-Gautier