test,identifiantAccident,date,departement,heure,commune,lat,lon,typeIntersection,typeCollision,luminosite,conditionsAtmosperiques,typeRoute,circulation,nbVoies,profilLongRoute,tracePlanRoute,largeurTPC,largeurRoute,etatSurface,amenagement,situation,categorieUsager,graviteAccident,sexe,age,motifDeplacement,existenceSecurite,usageSecurite,nombreAutresVehicules,enAgglomeration,mois,jour,NCCENR
,201800016120,2018-08-08,22,18,22199,48.80498,-3.16132,Hors intersection,Trois véhicules et plus - collisions multiples,Plein jour,Normale,Voie Communale,,2,Plat,Partie rectiligne,,,normale,,Sur chaussée,Conducteur,0,M,62-63,Promenade - loisirs,Casque,Oui,1,,08 - aout,2 - mercredi,Pleumeur-Gautier
,201800030685,2018-08-08,64,11,64122,43.4818,-1.55572,Autre intersection,Deux véhicules - par le coté,Plein jour,Normale,Voie Communale,,2,Pente,Partie rectiligne,,,normale,,Sur accotement,Conducteur,1,M,34-35,Domicile - travail,Casque,Non déterminable,1,1,08 - aout,2 - mercredi,Biarritz
,201800032089,2018-08-08,62,10,62265,50.61532,2.21322,Intersection en X,Deux véhicules - par le coté,Plein jour,Normale,Route Départementale,,2,Bas de côte,Partie rectiligne,,,normale,,Sur chaussée,Conducteur,2,M,66-67,Promenade - loisirs,Casque,Oui,1,1,08 - aout,2 - mercredi,Delettes
,201800001305,2018-08-07,47,8,47263,44.4775,0.21063,Intersection en T,Deux véhicules - frontale,Plein jour,Normale,Route Départementale,,2,Plat,Partie rectiligne,,,normale,,Sur chaussée,Conducteur,3,M,76-77,Promenade - loisirs,Casque,Oui,1,,08 - aout,1 - mardi,Saint-Pardoux-du-Breuil
,201800001393,2018-08-07,17,18,17369,46.19973,-1.38877,Intersection en X,Trois véhicules et plus - collisions multiples,Plein jour,Normale,Route Départementale,,2,Plat,Partie rectiligne,,,normale,,Sur chaussée,Conducteur,2,M,11-12,Promenade - loisirs,Casque,Oui,2,,08 - aout,1 - mardi,Saint-Martin-de-Ré
,201800002210,2018-08-07,38,11,38376,45.42144,5.81574,Hors intersection,Deux véhicules - par le coté,Plein jour,Normale,Route Départementale,,2,Plat,En courbe à droite,,,normale,,Sur chaussée,Conducteur,1,M,55-56,Promenade - loisirs,Casque,Oui,1,,08 - aout,1 - mardi,Saint-Christophe-sur-Guiers
,201800006837,2018-08-07,38,11,38253,45.03807,6.1046,Hors intersection,Deux véhicules - frontale,Plein jour,Normale,Route Départementale,,2,Plat,En courbe à gauche,,,normale,Pont - autopont,Sur chaussée,Conducteur,1,M,46-47,Promenade - loisirs,Casque,Oui,1,,08 - aout,1 - mardi,Mont-de-Lans
,201800016263,2018-08-07,68,10,68201,47.78526,6.96613,Hors intersection,Deux véhicules - par l’arrière,Plein jour,Temps éblouissant,Route Départementale,,2,Plat,Partie rectiligne,,,normale,,Sur chaussée,Conducteur,2,M,76-77,Promenade - loisirs,Casque,Non,1,1,08 - aout,1 - mardi,Masevaux-Niederbruck
,201800016276,2018-08-07,34,8,34096,43.55161,3.18321,Hors intersection,Deux véhicules - par l’arrière,Plein jour,Normale,Route Départementale,,2,Pente,Partie rectiligne,,,normale,,Sur chaussée,Conducteur,1,M,19-20,Promenade - loisirs,Casque,Oui,1,,08 - aout,1 - mardi,Faugères
,201800018683,2018-08-07,74,12,74183,46.13453,6.52499,Intersection en T,Deux véhicules - par le coté,Plein jour,Normale,Route Départementale,,2,Pente,En courbe à gauche,,,normale,,Sur chaussée,Conducteur,2,M,67-68,Promenade - loisirs,Casque,Oui,1,1,08 - aout,1 - mardi,Mieussy
,201800030850,2018-08-07,64,17,64348,43.3294,-0.37987,Hors intersection,Deux véhicules - par l’arrière,Plein jour,Normale,Voie Communale,,2,Plat,Partie rectiligne,,,normale,Carrefour aménagé,Sur accotement,Conducteur,1,M,45-46,Domicile - travail,Casque,Oui,1,1,08 - aout,1 - mardi,Lons
,201800036146,2018-08-07,87,9,87085,45.876,1.28311,Hors intersection,Deux véhicules - par le coté,Plein jour,Normale,Voie Communale,,2,Pente,Partie rectiligne,,,normale,,Sur accotement,Conducteur,1,M,14-15,Promenade - loisirs,Dispositif enfants,,1,1,08 - aout,1 - mardi,Limoges
,201800002933,2018-08-06,67,11,67348,48.452,7.48773,Giratoire,Autre,Plein jour,Normale,Route Départementale,,1,Plat,En courbe à droite,,,normale,,Sur chaussée,Conducteur,1,F,44-45,Promenade - loisirs,Casque,Oui,1,,08 - aout,0 - lundi,Obernai
,201800003196,2018-08-06,21,8,21464,47.13608,4.95487,Giratoire,Deux véhicules - par l’arrière,Plein jour,Temps éblouissant,Route Départementale,,2,Plat,Partie rectiligne,,,normale,Carrefour aménagé,Sur chaussée,Conducteur,2,M,67-68,Promenade - loisirs,Casque,Oui,1,1,08 - aout,0 - lundi,Nuits-Saint-Georges
,201800010605,2018-08-06,88,9,88094,48.31391,6.39226,Intersection en T,Aucune,Plein jour,Temps éblouissant,Route Départementale,,2,Pente,En courbe à droite,,,normale,Carrefour aménagé,Sur chaussée,Conducteur,2,M,48-49,Promenade - loisirs,Casque,Oui,1,1,08 - aout,0 - lundi,Châtel-sur-Moselle
,201800014997,2018-08-06,38,17,38547,45.25025,5.89942,Hors intersection,Aucune,Plein jour,Normale,Route Départementale,,2,Pente,Partie rectiligne,,,normale,,Sur chaussée,Conducteur,1,M,34-35,Promenade - loisirs,Casque,,,1,08 - aout,0 - lundi,Villard-Bonnot
,201800004722,2018-08-05,95,11,95592,49.0542,1.8679,Hors intersection,Aucune,Plein jour,Normale,Route Départementale,,2,Pente,Partie rectiligne,,,normale,,Sur chaussée,Conducteur,2,M,74-75,Promenade - loisirs,Casque,Non,,,08 - aout,6 - dimanche,Seraincourt
,201800012491,2018-08-05,36,8,36231,46.73706,1.66794,Hors intersection,Deux véhicules - par le coté,Plein jour,Normale,Route Départementale,,2,Plat,Partie rectiligne,,,normale,,Sur chaussée,Conducteur,2,M,80-81,Promenade - loisirs,Casque,Oui,1,,08 - aout,6 - dimanche,Velles
,201800032679,2018-08-05,2A,12,2A021,41.82326,9.02665,Autre intersection,Deux véhicules - frontale,Plein jour,Normale,Route Départementale,,2,Pente,En courbe à gauche,,,normale,,Sur chaussée,Conducteur,1,M,11-12,Promenade - loisirs,Casque,Non,1,1,08 - aout,6 - dimanche,Argiusta-Moriccio
,201800055933,2018-08-05,971,16,97125,16.25065,-61.27994,Hors intersection,Deux véhicules - par le coté,Plein jour,Normale,Autre,,2,Plat,Partie rectiligne,,,normale,,Sur chaussée,Conducteur,2,M,52-53,Promenade - loisirs,Casque,,1,1,08 - aout,6 - dimanche,Saint-François
,201800012776,2018-08-04,73,8,73128,45.72653,5.93051,Intersection à plus de 4 branches,Deux véhicules - par le coté,Plein jour,Normale,Route Départementale,,2,Pente,En courbe à gauche,,,normale,,Sur chaussée,Conducteur,2,M,70-71,Promenade - loisirs,Casque,Oui,1,,08 - aout,5 - samedi,Grésy-sur-Aix
,201800012928,2018-08-04,64,12,64316,43.0131,-0.96343,Hors intersection,Deux véhicules - frontale,Plein jour,Normale,Route Départementale,,2,Pente,En courbe à gauche,,,normale,,Sur chaussée,Conducteur,1,M,29-30,Promenade - loisirs,Casque,Oui,1,,08 - aout,5 - samedi,Larrau
,201800014676,2018-08-04,3,16,3107,46.1142,3.08363,Intersection en X,Deux véhicules - par le coté,Plein jour,Temps éblouissant,Route Départementale,,2,Plat,Partie rectiligne,,,normale,,Sur chaussée,Conducteur,1,M,47-48,Promenade - loisirs,Casque,Oui,1,1,08 - aout,5 - samedi,Ébreuil
,201800014894,2018-08-04,2,17,2679,49.1025,3.19703,Intersection en X,Deux véhicules - par le coté,Plein jour,Normale,Route Départementale,,2,Plat,Partie rectiligne,,,normale,,Sur chaussée,Conducteur,2,M,16-17,Promenade - loisirs,Equipement réfléchissant,Non déterminable,1,,08 - aout,5 - samedi,Saint-Gengoulph
,201800017197,2018-08-04,63,11,63054,0,0,Hors intersection,Deux véhicules - frontale,Plein jour,Normale,Route Départementale,,2,Plat,En courbe à gauche,,,normale,,Sur chaussée,Conducteur,2,M,23-24,Promenade - loisirs,Casque,Oui,1,,08 - aout,5 - samedi,Broc
,201800031032,2018-08-04,64,14,64260,43.3529,-1.78145,Hors intersection,Deux véhicules - par le coté,Plein jour,Normale,Route Départementale,,1,Plat,Partie rectiligne,,,normale,,Sur accotement,Conducteur,1,F,68-69,,Casque,Non déterminable,1,1,08 - aout,5 - samedi,Hendaye
,201800002536,2018-08-03,74,10,74266,45.94527,6.78468,Intersection en X,Deux véhicules - par le coté,Plein jour,Normale,Route Départementale,,2,Plat,Partie rectiligne,,,normale,Carrefour aménagé,Sur chaussée,Conducteur,1,M,49-50,Promenade - loisirs,Casque,Oui,1,1,08 - aout,4 - vendredi,Servoz
,201800004101,2018-08-03,34,9,34183,43.29104,3.12743,Intersection en T,Deux véhicules - par le coté,Plein jour,Normale,Route Départementale,,2,Bas de côte,Partie rectiligne,,,normale,,Sur chaussée,Conducteur,1,F,87-88,Promenade - loisirs,Casque,,1,1,08 - aout,4 - vendredi,Nissan-lez-Enserune
,201800030847,2018-08-03,64,8,64132,43.3042,-0.31781,Hors intersection,Deux véhicules - par le coté,Plein jour,Normale,Voie Communale,,2,Plat,Partie rectiligne,,,normale,,Sur chaussée,Conducteur,1,M,64-65,Autre,Casque,Oui,1,1,08 - aout,4 - vendredi,Bizanos
,201800056352,2018-08-03,974,10,97413,-21.2266,55.29315,Hors intersection,Deux véhicules - par l’arrière,Plein jour,Normale,Route Nationale,,2,Plat,Partie rectiligne,,,normale,,Sur piste cyclable,Conducteur,2,M,60-61,Promenade - loisirs,Casque,Oui,1,,08 - aout,4 - vendredi,Saint-Leu
,201800003727,2018-08-02,6,10,6017,43.80839,7.0988,Hors intersection,Autre,Plein jour,Normale,Route Départementale,,2,Pente,Partie rectiligne,,,normale,,Sur chaussée,Conducteur,2,M,65-66,Promenade - loisirs,Casque,Oui,2,,08 - aout,3 - jeudi,Bézaudun-les-Alpes
,201800003727,2018-08-02,6,10,6017,43.80839,7.0988,Hors intersection,Autre,Plein jour,Normale,Route Départementale,,2,Pente,Partie rectiligne,,,normale,,Sur chaussée,Conducteur,2,M,72-73,Promenade - loisirs,Casque,Oui,2,,08 - aout,3 - jeudi,Bézaudun-les-Alpes
,201800003727,2018-08-02,6,10,6017,43.80839,7.0988,Hors intersection,Autre,Plein jour,Normale,Route Départementale,,2,Pente,Partie rectiligne,,,normale,,Sur chaussée,Conducteur,2,M,67-68,Promenade - loisirs,Casque,Oui,2,,08 - aout,3 - jeudi,Bézaudun-les-Alpes
,201800004285,2018-08-02,66,8,66008,42.53621,3.03118,Giratoire,Deux véhicules - par le coté,Plein jour,Normale,Route Départementale,,2,Plat,En courbe à gauche,,,normale,Bretelle d’échangeur ou de raccordement,Sur chaussée,Conducteur,2,M,60-61,Promenade - loisirs,Casque,Oui,1,,08 - aout,3 - jeudi,Argelès-sur-Mer
,201800007204,2018-08-02,34,,34333,43.48172,3.77288,Hors intersection,Deux véhicules - par l’arrière,Nuit sans éclairage public,Normale,Route Départementale,,2,Plat,Partie rectiligne,,,normale,,Sur chaussée,Conducteur,3,M,14-15,Promenade - loisirs,Casque,,1,,08 - aout,3 - jeudi,Vic-la-Gardiole
,201800012775,2018-08-02,73,9,73062,45.81573,5.86542,Hors intersection,Deux véhicules - par le coté,Plein jour,Temps éblouissant,Route Départementale,,2,Pente,Partie rectiligne,,,normale,,Sur chaussée,Conducteur,2,M,70-71,Promenade - loisirs,Casque,Oui,1,,08 - aout,3 - jeudi,Cessens
,201800014105,2018-08-02,58,10,58095,46.83481,3.46656,Hors intersection,Deux véhicules - par le coté,Plein jour,Normale,Route Départementale,,2,Plat,Partie rectiligne,,,normale,,Sur accotement,Conducteur,2,M,70-71,Promenade - loisirs,Casque,Oui,1,1,08 - aout,3 - jeudi,Decize
,201800016786,2018-08-02,12,16,12186,43.87708,2.60634,Hors intersection,Aucune,Plein jour,Normale,Route Départementale,,2,Pente,Partie rectiligne,,,normale,,Sur chaussée,Conducteur,2,M,16-17,Promenade - loisirs,Casque,,,,08 - aout,3 - jeudi,Pousthomy
,201800016786,2018-08-02,12,16,12186,43.87708,2.60634,Hors intersection,Aucune,Plein jour,Normale,Route Départementale,,2,Pente,Partie rectiligne,,,normale,,Sur chaussée,Passager,1,F,16-17,Promenade - loisirs,Casque,,,,08 - aout,3 - jeudi,Pousthomy
,201800017012,2018-08-02,61,15,61150,48.72802,0.40897,Hors intersection,Aucune,Plein jour,Normale,Route Départementale,,2,Pente,Partie rectiligne,,,normale,,Sur accotement,Conducteur,1,M,12-13,Promenade - loisirs,Autre,Non,,,08 - aout,3 - jeudi,Échauffour
,201800019100,2018-08-02,59,21,59003,50.23649,4.09173,Intersection en Y,Deux véhicules - par le coté,Crépuscule ou aube,Normale,Voie Communale,Avec voies d’affectation variable,,,,,,,,,Conducteur,2,M,12-13,Promenade - loisirs,Autre,Oui,1,1,08 - aout,3 - jeudi,Aibes
,201800007240,2018-08-01,13,8,13069,0,0,Giratoire,Deux véhicules - par le coté,Plein jour,Normale,Route Départementale,,2,Plat,Partie rectiligne,,,normale,,Sur chaussée,Conducteur,2,M,61-62,Promenade - loisirs,Casque,Oui,1,,08 - aout,2 - mercredi,Pélissanne
,201800011130,2018-08-01,37,18,37222,47.08979,1.04336,Hors intersection,Aucune,Plein jour,Normale,Route Départementale,,2,Pente,Partie rectiligne,,,normale,,Sur chaussée,Conducteur,2,F,57-58,Promenade - loisirs,Casque,Non,,,08 - aout,2 - mercredi,Saint-Jean-Saint-Germain
,201800011240,2018-08-01,87,10,87096,45.5984,1.15417,Hors intersection,Aucune,Plein jour,Normale,Route Départementale,,2,Plat,Partie rectiligne,,,normale,,Sur chaussée,Conducteur,2,M,61-62,Promenade - loisirs,Casque,,,,08 - aout,2 - mercredi,Meyze
,201800012603,2018-08-01,43,12,43181,45.09,4.02125,Hors intersection,Deux véhicules - par le coté,Plein jour,Normale,Route Départementale,,2,Pente,En courbe à droite,,60,normale,,Sur chaussée,Conducteur,2,M,74-75,Promenade - loisirs,Casque,Oui,1,,08 - aout,2 - mercredi,Saint-Étienne-Lardeyrol
,201800014240,2018-08-01,26,8,26176,0,0,Hors intersection,Aucune,Plein jour,Normale,Route Départementale,,2,Pente,Partie rectiligne,,,normale,,Sur accotement,Conducteur,2,M,49-50,,Autre,Non,,,08 - aout,2 - mercredi,Marsanne
,201800014647,2018-08-01,3,11,3082,46.29173,2.74072,Hors intersection,Deux véhicules - par l’arrière,Plein jour,Normale,Route Départementale,,2,Plat,Partie rectiligne,,,normale,,Sur chaussée,Conducteur,1,M,16-17,Promenade - loisirs,Casque,Oui,1,1,08 - aout,2 - mercredi,Commentry
,201800017453,2018-08-01,71,8,71237,47.05626,4.3746,Hors intersection,Aucune,Plein jour,Normale,Route Départementale,,2,Plat,Partie rectiligne,,,normale,,Sur chaussée,Conducteur,3,M,65-66,Promenade - loisirs,Equipement réfléchissant,Non,,1,08 - aout,2 - mercredi,Igornay
,201800038935,2018-08-01,92,10,92064,48.82993,2.22148,Hors intersection,Autre,Plein jour,Normale,Hors réseau public,,1,Pente,En courbe à droite,,,normale,,Sur accotement,Piéton,2,M,50-51,Promenade - loisirs,Dispositif enfants,,,,08 - aout,2 - mercredi,Saint-Cloud
,201800002024,2018-07-31,1,19,1249,45.82686,4.95294,Intersection en X,Deux véhicules - frontale,Plein jour,Normale,Route Départementale,,2,Bas de côte,En courbe à gauche,,,normale,,Sur chaussée,Conducteur,2,M,22-23,Promenade - loisirs,Casque,Oui,1,1,07 - juillet,1 - mardi,Miribel
,201800011818,2018-07-31,4,8,4045,43.8565,5.59219,Hors intersection,Deux véhicules - par le coté,Plein jour,Normale,Voie Communale,,2,Pente,Partie rectiligne,,,normale,,Sur chaussée,Conducteur,1,M,70-71,Promenade - loisirs,Casque,Oui,1,1,07 - juillet,1 - mardi,Céreste
,201800022461,2018-07-31,60,15,60256,49.2825,2.00724,Autre intersection,Deux véhicules - par le coté,Plein jour,Normale,Voie Communale,,2,Pente,Partie rectiligne,,,normale,,Sur accotement,Conducteur,2,M,11-12,Promenade - loisirs,Casque,Non,1,1,07 - juillet,1 - mardi,Fresneaux-Montchevreuil
,201800023744,2018-07-31,84,19,84137,44.24431,5.07545,Giratoire,Deux véhicules - par le coté,Plein jour,Normale,Voie Communale,,2,Plat,Partie rectiligne,,,normale,,Sur chaussée,Conducteur,1,M,42-43,Promenade - loisirs,Casque,Oui,1,1,07 - juillet,1 - mardi,Vaison-la-Romaine
,201800024147,2018-07-31,18,20,18272,47.26317,2.74632,Intersection en Y,Deux véhicules - par le coté,Crépuscule ou aube,Temps éblouissant,Route Départementale,,2,Plat,En courbe à droite,,,normale,,Sur chaussée,Conducteur,2,M,51-52,Promenade - loisirs,Casque,Oui,1,,07 - juillet,1 - mardi,Veaugues
,201800031029,2018-07-31,64,10,64130,43.3543,-1.76888,Hors intersection,Deux véhicules - par le coté,Plein jour,Normale,Voie Communale,,2,Plat,En courbe à gauche,,,normale,,Sur accotement,Conducteur,1,M,59-60,,Casque,Oui,1,1,07 - juillet,1 - mardi,Biriatou
,201800032066,2018-07-31,26,9,26077,45.15616,5.02692,Hors intersection,Deux véhicules - par l’arrière,Plein jour,Temps éblouissant,Route Départementale,,2,Plat,Partie rectiligne,,,normale,,Sur chaussée,Conducteur,2,M,61-62,Promenade - loisirs,Casque,Oui,1,,07 - juillet,1 - mardi,'Charmes-sur-l''Herbasse'
,201800057676,2018-07-31,976,11,97611,-12.77302,45.22106,Hors intersection,Autre,Plein jour,Normale,Voie Communale,,2,Plat,Partie rectiligne,,,normale,,Sur accotement,Piéton,1,M,3-4,,Dispositif enfants,,,1,07 - juillet,1 - mardi,Mamoudzou
,201800001837,2018-07-30,69,19,69094,45.74655,4.65323,Autre intersection,Deux véhicules - frontale,Plein jour,Temps éblouissant,Route Départementale,,2,Bas de côte,En « S »,,,normale,,Sur chaussée,Conducteur,1,M,51-52,Promenade - loisirs,Casque,Oui,1,,07 - juillet,0 - lundi,Grézieu-la-Varenne
,201800003203,2018-07-30,58,18,58214,47.07111,3.10497,Hors intersection,Deux véhicules - par le coté,Plein jour,Normale,Route Départementale,,2,Plat,Partie rectiligne,,,normale,,Sur chaussée,Conducteur,2,M,67-68,Promenade - loisirs,Casque,,1,1,07 - juillet,0 - lundi,Pougues-les-Eaux
,201800014190,2018-07-30,58,11,58198,47.4772,3.44697,Hors intersection,Autre,Plein jour,Normale,Voie Communale,,2,Pente,En courbe à gauche,,,normale,,Sur chaussée,Conducteur,2,M,9-10,Promenade - loisirs,Casque,Oui,1,1,07 - juillet,0 - lundi,Oisy
,201800018844,2018-07-30,56,10,56240,47.5171,-2.72699,Intersection en T,Deux véhicules - frontale,Plein jour,Normale,Route Départementale,,2,Plat,Partie rectiligne,,,normale,Carrefour aménagé,Sur chaussée,Conducteur,3,M,31-32,Promenade - loisirs,Casque,Non,1,,07 - juillet,0 - lundi,Sarzeau
,201800002729,2018-07-29,57,16,57212,49.03133,6.11621,Hors intersection,Autre,Plein jour,Normale,Route Départementale,,2,Plat,Partie rectiligne,,,normale,,Sur chaussée,Conducteur,2,M,50-51,Promenade - loisirs,Casque,Oui,1,,07 - juillet,6 - dimanche,Féy
,201800003106,2018-07-29,68,22,68063,47.80009,7.17482,Autre intersection,Deux véhicules - par le coté,Nuit avec éclairage public allumé,Normale,Route Départementale,,2,Pente,Partie rectiligne,,,normale,,Sur chaussée,Conducteur,1,F,17-18,Domicile - travail,Casque,Non,1,1,07 - juillet,6 - dimanche,Cernay
,201800004120,2018-07-29,34,9,34199,43.48003,3.43669,Hors intersection,Deux véhicules - frontale,Plein jour,Normale,Route Départementale,,2,Plat,En « S »,,,normale,,Sur chaussée,Conducteur,2,M,46-47,Promenade - loisirs,Casque,Oui,1,,07 - juillet,6 - dimanche,Pézenas
,201800004168,2018-07-29,11,21,11315,43.28232,2.58537,Intersection en X,Deux véhicules - par le coté,Nuit avec éclairage public allumé,Normale,Route Départementale,,2,Plat,Partie rectiligne,,,normale,,Sur chaussée,Conducteur,2,M,5-6,Promenade - loisirs,Casque,Non,1,1,07 - juillet,6 - dimanche,Rieux-Minervois
,201800004602,2018-07-29,78,12,78321,48.79562,1.89956,Hors intersection,Aucune,Plein jour,Normale,Route Départementale,,2,Plat,Partie rectiligne,,,normale,,Sur chaussée,Conducteur,2,M,44-45,Promenade - loisirs,Casque,Oui,,,07 - juillet,6 - dimanche,Jouars-Pontchartrain
,201800010483,2018-07-29,95,12,95394,49.0697,2.1789,Hors intersection,Deux véhicules - par l’arrière,Plein jour,Normale,Route Départementale,,2,Plat,Partie rectiligne,,,normale,Pont - autopont,Sur chaussée,Conducteur,2,M,46-47,Promenade - loisirs,Casque,Oui,1,1,07 - juillet,6 - dimanche,Méry-sur-Oise
,201800011458,2018-07-29,28,8,28240,48.49163,1.0192,Hors intersection,Trois véhicules et plus - en chaîne,Plein jour,Normale,Route Départementale,,2,Plat,Partie rectiligne,,,normale,,Sur chaussée,Conducteur,1,M,63-64,Promenade - loisirs,Casque,Oui,1,,07 - juillet,6 - dimanche,Meaucé
,201800011458,2018-07-29,28,8,28240,48.49163,1.0192,Hors intersection,Trois véhicules et plus - en chaîne,Plein jour,Normale,Route Départementale,,2,Plat,Partie rectiligne,,,normale,,Sur chaussée,Conducteur,2,M,73-74,Promenade - loisirs,Casque,Oui,1,,07 - juillet,6 - dimanche,Meaucé
,201800013924,2018-07-29,72,12,72196,48.18234,0.30954,Hors intersection,Autre,Plein jour,Temps couvert,Route Départementale,,2,Bas de côte,Partie rectiligne,,,normale,,Sur accotement,Conducteur,2,F,18-19,Promenade - loisirs,Casque,,,,07 - juillet,6 - dimanche,Mézières-sur-Ponthouin
,201800017470,2018-07-29,71,12,71369,46.90626,4.72284,Hors intersection,Deux véhicules - frontale,Plein jour,Normale,Autre,,1,Plat,En courbe à gauche,,,normale,,Sur piste cyclable,Conducteur,1,M,69-70,Promenade - loisirs,Equipement réfléchissant,Non,1,,07 - juillet,6 - dimanche,Remigny
,201800017470,2018-07-29,71,12,71369,46.90626,4.72284,Hors intersection,Deux véhicules - frontale,Plein jour,Normale,Autre,,1,Plat,En courbe à gauche,,,normale,,Sur piste cyclable,Conducteur,2,M,59-60,Promenade - loisirs,Equipement réfléchissant,Non,1,,07 - juillet,6 - dimanche,Remigny
,201800036138,2018-07-29,87,19,87114,45.8229,1.31904,Hors intersection,Autre,Plein jour,Normale,Voie Communale,,2,Plat,En courbe à gauche,,,normale,,Sur accotement,Conducteur,1,M,37-38,Promenade - loisirs,Dispositif enfants,,,,07 - juillet,6 - dimanche,Panazol
,201800001423,2018-07-28,17,19,17375,45.94971,-1.0504,Hors intersection,Aucune,Plein jour,Normale,Voie Communale,,1,Plat,Partie rectiligne,,,autre,,Sur chaussée,Conducteur,3,M,68-69,Promenade - loisirs,Autre,Non,,,07 - juillet,5 - samedi,Saint-Nazaire-sur-Charente
,201800002905,2018-07-28,88,17,88196,48.064,6.85196,Intersection en Y,Deux véhicules - frontale,Plein jour,Normale,Route Départementale,,2,Plat,Partie rectiligne,,,normale,,Sur chaussée,Conducteur,2,M,45-46,Promenade - loisirs,Casque,Oui,1,1,07 - juillet,5 - samedi,Gérardmer
,201800003688,2018-07-28,5,13,5136,44.70836,6.58982,Hors intersection,Deux véhicules - par le coté,Plein jour,Pluie forte,Route Départementale,,2,Pente,En « S »,,,mouillée,,Sur chaussée,Conducteur,2,F,50-51,Promenade - loisirs,Casque,Oui,1,1,07 - juillet,5 - samedi,Saint-Crépin
,201800011648,2018-07-28,85,20,85049,46.38353,-1.14507,Hors intersection,Deux véhicules - par l’arrière,Plein jour,Normale,Route Départementale,,2,Plat,Partie rectiligne,,,normale,,Sur chaussée,Conducteur,2,M,81-82,Promenade - loisirs,Equipement réfléchissant,Non,1,1,07 - juillet,5 - samedi,Champagné-les-Marais
,201800012061,2018-07-28,21,9,21128,47.26295,4.50957,Hors intersection,Aucune,Plein jour,Normale,Voie Communale,,2,Plat,Partie rectiligne,,,normale,,Sur accotement,Conducteur,2,F,70-71,Promenade - loisirs,Casque,Oui,,,07 - juillet,5 - samedi,Chailly-sur-Armançon
,201800014531,2018-07-28,15,9,15233,44.97421,2.36071,Hors intersection,Aucune,Plein jour,Temps couvert,Route Départementale,,2,Pente,Partie rectiligne,,,mouillée,,Sur chaussée,Conducteur,2,M,12-13,Promenade - loisirs,Casque,Oui,,1,07 - juillet,5 - samedi,Teissières-de-Cornet
,201800018761,2018-07-28,59,10,59663,50.8824,2.47613,Hors intersection,Deux véhicules - par l’arrière,Plein jour,Normale,Route Départementale,,2,Plat,Partie rectiligne,,,normale,,Sur chaussée,Conducteur,2,M,40-41,Promenade - loisirs,Casque,,1,1,07 - juillet,5 - samedi,Wormhout
,201800025443,2018-07-28,37,9,37122,47.30575,0.64997,Hors intersection,Deux véhicules - par le coté,Plein jour,Pluie légère,Route Départementale,,1,Plat,Partie rectiligne,,,mouillée,,Sur accotement,Conducteur,1,M,75-76,,Casque,Non déterminable,1,,07 - juillet,5 - samedi,Joué-lès-Tours
,201800001392,2018-07-27,17,10,17369,46.19373,-1.36958,Intersection en X,Deux véhicules - frontale,Plein jour,Normale,Route Départementale,,2,Plat,Partie rectiligne,,103,normale,,Sur chaussée,Conducteur,2,M,82-83,Promenade - loisirs,Autre,Non,1,,07 - juillet,4 - vendredi,Saint-Martin-de-Ré
,201800003775,2018-07-27,83,8,83030,43.36305,6.09407,Intersection en X,Deux véhicules - par le coté,Plein jour,Normale,Route Départementale,,2,Plat,Partie rectiligne,,,normale,,Sur chaussée,Conducteur,2,M,84-85,Promenade - loisirs,Casque,Oui,1,,07 - juillet,4 - vendredi,Camps-la-Source
,201800011374,2018-07-27,17,12,17313,45.7631,-0.49251,Hors intersection,Aucune,Plein jour,Normale,Voie Communale,,2,Sommet de côte,Partie rectiligne,,29,normale,,Sur chaussée,Conducteur,3,M,69-70,Promenade - loisirs,Autre,Non,,,07 - juillet,4 - vendredi,Saint-Bris-des-Bois
,201800012329,2018-07-27,7,10,7344,45.32291,4.69603,Hors intersection,Autre,Plein jour,Normale,Route Départementale,,2,Pente,Partie rectiligne,,,normale,,Sur chaussée,Conducteur,2,M,64-65,Promenade - loisirs,Casque,,,,07 - juillet,4 - vendredi,Vinzieux
,201800014289,2018-07-27,70,11,70560,47.44014,5.96997,Hors intersection,Deux véhicules - par le coté,Plein jour,Normale,Route Départementale,,2,Plat,Partie rectiligne,,,normale,,Sur chaussée,Conducteur,1,M,45-46,Promenade - loisirs,Casque,Oui,1,,07 - juillet,4 - vendredi,Villers-Bouton
,201800015932,2018-07-27,25,11,25329,47.17492,6.6097,Hors intersection,Deux véhicules - par le coté,Plein jour,Normale,Route Départementale,,2,Pente,En courbe à droite,,,autre,,Sur chaussée,Conducteur,1,F,44-45,Promenade - loisirs,Casque,Oui,1,,07 - juillet,4 - vendredi,Laval-le-Prieuré
,201800016228,2018-07-27,68,18,68120,47.52166,7.47956,Hors intersection,Deux véhicules - par l’arrière,Plein jour,Normale,Route Départementale,,2,Pente,Partie rectiligne,,,normale,,Sur chaussée,Conducteur,1,M,32-33,Promenade - loisirs,Casque,Oui,1,1,07 - juillet,4 - vendredi,Hagenthal-le-Bas
,201800016584,2018-07-27,46,15,46159,44.85252,1.95687,Intersection en T,Deux véhicules - frontale,Plein jour,Normale,Route Départementale,,2,Plat,Partie rectiligne,,,normale,,Sur chaussée,Conducteur,2,M,12-13,Promenade - loisirs,Casque,Oui,1,,07 - juillet,4 - vendredi,Latouille-Lentillac
,201800016995,2018-07-27,61,10,61164,48.57114,0.06549,Hors intersection,Aucune,Plein jour,Normale,Voie Communale,,2,Pente,Partie rectiligne,,,normale,,Sur chaussée,Conducteur,2,F,54-55,Promenade - loisirs,Autre,Non,,,07 - juillet,4 - vendredi,Ferrière-Béchet