test,identifiantAccident,date,departement,heure,commune,lat,lon,typeIntersection,typeCollision,luminosite,conditionsAtmosperiques,typeRoute,circulation,nbVoies,profilLongRoute,tracePlanRoute,largeurTPC,largeurRoute,etatSurface,amenagement,situation,categorieUsager,graviteAccident,sexe,age,motifDeplacement,existenceSecurite,usageSecurite,nombreAutresVehicules,enAgglomeration,mois,jour,NCCENR
,201800017352,2018-07-27,89,8,89025,47.48498,3.90959,Hors intersection,Deux véhicules - par l’arrière,Plein jour,Normale,Route Départementale,,2,Pente,Partie rectiligne,,,normale,,Sur chaussée,Conducteur,1,M,50-51,Promenade - loisirs,Casque,Oui,1,1,07 - juillet,4 - vendredi,Avallon
,201800022801,2018-07-27,67,8,67115,48.30503,7.49906,Giratoire,Deux véhicules - par le coté,Plein jour,Normale,Route Départementale,,1,Plat,En courbe à gauche,,,normale,,Sur chaussée,Conducteur,1,M,63-64,Promenade - loisirs,Casque,Oui,1,1,07 - juillet,4 - vendredi,Ebersheim
,201800029930,2018-07-27,41,18,41194,47.37284,1.74949,Intersection en T,Deux véhicules - par le coté,Plein jour,Temps couvert,Voie Communale,Avec voies d’affectation variable,,,,,,,,,Conducteur,1,F,13-14,Promenade - loisirs,Autre,Non,1,1,07 - juillet,4 - vendredi,Romorantin-Lanthenay
,201800030844,2018-07-27,64,21,64445,43.2993,-0.36337,Intersection en T,Deux véhicules - par le coté,Crépuscule ou aube,Normale,Voie Communale,,1,Plat,Partie rectiligne,,,normale,,Sur accotement,Conducteur,1,M,28-29,Autre,Casque,Non déterminable,1,1,07 - juillet,4 - vendredi,Pau
,201800030845,2018-07-27,64,11,64445,43.3074,-0.37531,Intersection en T,Deux véhicules - par le coté,Plein jour,Normale,Voie Communale,,2,Plat,Partie rectiligne,,,normale,,Sur accotement,Conducteur,2,F,53-54,Promenade - loisirs,Casque,Non déterminable,1,1,07 - juillet,4 - vendredi,Pau
,201800042486,2018-07-27,94,18,94041,48.8158,2.4032,Autre intersection,Deux véhicules - frontale,Plein jour,Pluie légère,Voie Communale,,1,Plat,Partie rectiligne,,,mouillée,,Sur chaussée,Conducteur,1,M,32-33,Domicile - travail,Casque,Non déterminable,1,1,07 - juillet,4 - vendredi,Ivry-sur-Seine
,201800056392,2018-07-27,974,23,97410,-21.05327,55.72698,Hors intersection,Deux véhicules - par l’arrière,Nuit sans éclairage public,Normale,Route Nationale,,2,Plat,Partie rectiligne,,,normale,,Sur chaussée,Conducteur,1,M,22-23,Promenade - loisirs,Casque,Non,1,,07 - juillet,4 - vendredi,Saint-Benoît
,201800002984,2018-07-26,67,20,67350,48.59548,7.63844,Hors intersection,Aucune,Plein jour,Normale,Route Départementale,,2,Pente,Partie rectiligne,,,normale,,Sur chaussée,Conducteur,2,M,19-20,Promenade - loisirs,Casque,,,,07 - juillet,3 - jeudi,Oberschaeffolsheim
,201800003031,2018-07-26,68,22,68329,48.05347,7.1054,Hors intersection,Aucune,Nuit avec éclairage public allumé,Normale,Voie Communale,,2,Plat,Partie rectiligne,,,normale,,Sur chaussée,Conducteur,1,F,29-30,Autre,Casque,,,1,07 - juillet,3 - jeudi,Stosswihr
,201800003562,2018-07-26,13,9,13016,43.39432,5.5877,Intersection en T,Deux véhicules - par le coté,Plein jour,Normale,Voie Communale,,2,Plat,Partie rectiligne,,,normale,,Sur chaussée,Conducteur,2,M,11-12,,Casque,,1,1,07 - juillet,3 - jeudi,Bouilladisse
,201800011248,2018-07-26,23,18,23237,45.89653,1.69551,Hors intersection,Deux véhicules - frontale,Plein jour,Normale,Voie Communale,,2,Pente,En courbe à droite,,,normale,,Sur chaussée,Conducteur,2,M,53-54,Promenade - loisirs,Casque,Oui,1,,07 - juillet,3 - jeudi,Saint-Priest-Palus
,201800012644,2018-07-26,43,8,43012,0,0,Hors intersection,Deux véhicules - frontale,Plein jour,Normale,Voie Communale,,2,Plat,En courbe à droite,,30,normale,,Sur chaussée,Conducteur,2,M,22-23,Promenade - loisirs,Casque,Oui,1,,07 - juillet,3 - jeudi,Aurec-sur-Loire
,201800014558,2018-07-26,15,9,15124,45.29983,2.58106,Hors intersection,Deux véhicules - frontale,Plein jour,Normale,Route Départementale,,2,Pente,En courbe à gauche,,,normale,,Sur chaussée,Conducteur,3,M,72-73,Promenade - loisirs,Casque,Non,1,,07 - juillet,3 - jeudi,Menet
,201800017451,2018-07-26,71,8,71162,46.97497,4.33674,Hors intersection,Trois véhicules et plus - en chaîne,Plein jour,Temps éblouissant,Route Départementale,,2,Plat,Partie rectiligne,,,normale,,Sur chaussée,Conducteur,0,F,26-27,Promenade - loisirs,Casque,Non déterminable,1,1,07 - juillet,3 - jeudi,Curgy
,201800017451,2018-07-26,71,8,71162,46.97497,4.33674,Hors intersection,Trois véhicules et plus - en chaîne,Plein jour,Temps éblouissant,Route Départementale,,2,Plat,Partie rectiligne,,,normale,,Sur chaussée,Conducteur,1,M,50-51,Promenade - loisirs,Casque,Oui,1,1,07 - juillet,3 - jeudi,Curgy
,201800017843,2018-07-26,33,9,33307,44.47743,-0.3489,Intersection en X,Deux véhicules - par l’arrière,Plein jour,Temps éblouissant,Route Départementale,,2,Plat,Partie rectiligne,,,normale,,Sur chaussée,Conducteur,2,M,14-15,Promenade - loisirs,Casque,Non,1,1,07 - juillet,3 - jeudi,Noaillan
,201800018642,2018-07-26,74,10,74275,45.79569,6.26006,Hors intersection,Deux véhicules - par le coté,Plein jour,Normale,Route Départementale,,2,Pente,En « S »,,,normale,,Sur chaussée,Conducteur,2,M,22-23,Promenade - loisirs,Casque,Oui,1,,07 - juillet,3 - jeudi,Talloires-Montmin
,201800018789,2018-07-26,56,13,56067,47.76042,-2.8589,Hors intersection,Deux véhicules - par le coté,Plein jour,Normale,Route Départementale,,2,Plat,Partie rectiligne,,,normale,,Sur chaussée,Conducteur,1,F,18-19,Domicile - travail,Casque,Non,1,1,07 - juillet,3 - jeudi,Grand-Champ
,201800023821,2018-07-26,74,18,74191,46.16188,6.70274,Hors intersection,Deux véhicules - frontale,Plein jour,Normale,Route Départementale,,2,Pente,En courbe à droite,,,normale,,Sur chaussée,Conducteur,2,M,57-58,Promenade - loisirs,Casque,Oui,1,,07 - juillet,3 - jeudi,Morzine
,201800031617,2018-07-26,67,20,67462,0,0,Intersection en X,Deux véhicules - par le coté,Plein jour,Normale,Voie Communale,,2,Plat,Partie rectiligne,,,normale,,Sur accotement,Conducteur,1,F,40-41,,Casque,Oui,1,1,07 - juillet,3 - jeudi,Sélestat
,201800001593,2018-07-25,65,14,65145,42.91718,-0.03942,Hors intersection,Deux véhicules - frontale,Plein jour,Normale,Route Départementale,,2,Plat,En courbe à droite,,,normale,,Sur chaussée,Conducteur,2,M,62-63,Promenade - loisirs,Casque,Oui,1,,07 - juillet,2 - mercredi,Chèze
,201800002037,2018-07-25,7,11,7042,44.38777,4.6193,Hors intersection,Deux véhicules - par le coté,Plein jour,Normale,Route Départementale,,2,Pente,En courbe à gauche,,,normale,,Sur chaussée,Conducteur,3,M,40-41,,Casque,Oui,1,,07 - juillet,2 - mercredi,Bourg-Saint-Andéol
,201800004179,2018-07-25,11,10,11303,42.90879,2.05974,Hors intersection,Deux véhicules - par le coté,Plein jour,Normale,Route Départementale,,2,Pente,En courbe à droite,,,normale,,Sur accotement,Conducteur,2,M,64-65,Promenade - loisirs,Casque,Oui,1,,07 - juillet,2 - mercredi,Puivert
,201800004179,2018-07-25,11,10,11303,42.90879,2.05974,Hors intersection,Deux véhicules - par le coté,Plein jour,Normale,Route Départementale,,2,Pente,En courbe à droite,,,normale,,Sur accotement,Conducteur,0,M,58-59,Promenade - loisirs,Casque,Oui,1,,07 - juillet,2 - mercredi,Puivert
,201800016785,2018-07-25,12,10,12147,43.81023,3.02467,Intersection en T,Trois véhicules et plus - en chaîne,Plein jour,Normale,Route Départementale,,2,Plat,Partie rectiligne,,,normale,,Sur chaussée,Conducteur,2,M,71-72,Promenade - loisirs,Casque,Oui,1,1,07 - juillet,2 - mercredi,Montagnol
,201800016785,2018-07-25,12,10,12147,43.81023,3.02467,Intersection en T,Trois véhicules et plus - en chaîne,Plein jour,Normale,Route Départementale,,2,Plat,Partie rectiligne,,,normale,,Sur chaussée,Conducteur,1,M,78-79,Promenade - loisirs,Casque,Oui,1,1,07 - juillet,2 - mercredi,Montagnol
,201800016785,2018-07-25,12,10,12147,43.81023,3.02467,Intersection en T,Trois véhicules et plus - en chaîne,Plein jour,Normale,Route Départementale,,2,Plat,Partie rectiligne,,,normale,,Sur chaussée,Conducteur,1,M,70-71,Promenade - loisirs,Casque,Oui,1,1,07 - juillet,2 - mercredi,Montagnol
,201800017614,2018-07-25,11,8,11170,43.11161,3.09395,Hors intersection,Deux véhicules - frontale,Plein jour,Normale,Voie Communale,,1,Plat,En courbe à gauche,,,normale,,Sur chaussée,Conducteur,2,M,72-73,Promenade - loisirs,Autre,Oui,1,1,07 - juillet,2 - mercredi,Gruissan
,201800024149,2018-07-25,18,6,18032,47.4109,2.89525,Giratoire,Deux véhicules - par le coté,Crépuscule ou aube,Normale,Route Départementale,,2,Bas de côte,Partie rectiligne,,,normale,Carrefour aménagé,Sur chaussée,Conducteur,2,M,56-57,Promenade - loisirs,Casque,,1,,07 - juillet,2 - mercredi,Boulleret
,201800012991,2018-07-24,45,10,45146,47.71935,1.89843,Hors intersection,Deux véhicules - par l’arrière,Plein jour,Normale,Route Départementale,,2,Plat,Partie rectiligne,,,normale,,Sur chaussée,Conducteur,2,M,74-75,Promenade - loisirs,Casque,Oui,1,,07 - juillet,1 - mardi,Ferté-Saint-Aubin
,201800013326,2018-07-24,50,17,50615,49.51298,-1.48091,Intersection en T,Deux véhicules - par le coté,Plein jour,Normale,Route Départementale,,1,Pente,En courbe à gauche,,,normale,Carrefour aménagé,Sur chaussée,Conducteur,3,M,81-82,Promenade - loisirs,Casque,,1,,07 - juillet,1 - mardi,Valognes
,201800017351,2018-07-24,89,3,89159,47.52025,3.90792,Hors intersection,Deux véhicules - par l’arrière,Nuit sans éclairage public,Normale,Route Départementale,,2,Plat,Partie rectiligne,,,normale,,Sur chaussée,Conducteur,2,M,28-29,Domicile - travail,Equipement réfléchissant,Oui,1,,07 - juillet,1 - mardi,Étaule
,201800040335,2018-07-24,93,19,93048,0,0,Intersection à plus de 4 branches,Deux véhicules - par le coté,Plein jour,Normale,Voie Communale,Avec voies d’affectation variable,,,,,,,,,Conducteur,1,M,17-18,,Autre,Non déterminable,1,1,07 - juillet,1 - mardi,Montreuil
,201800042334,2018-07-24,94,10,94073,48.76641,2.3882,Intersection en X,Deux véhicules - par le coté,Plein jour,Normale,Voie Communale,,1,,,,,,,Sur chaussée,Conducteur,1,M,20-21,Domicile - travail,Equipement réfléchissant,Oui,1,1,07 - juillet,1 - mardi,Thiais
,201800002932,2018-07-23,67,19,67348,48.46473,7.493,Intersection en T,Deux véhicules - par le coté,Plein jour,Normale,Voie Communale,,2,Plat,Partie rectiligne,,,normale,,Sur chaussée,Conducteur,2,M,16-17,Promenade - loisirs,Casque,,1,1,07 - juillet,0 - lundi,Obernai
,201800010673,2018-07-23,8,17,8408,49.85106,4.68906,Hors intersection,Autre,Plein jour,Normale,Voie Communale,,2,Plat,Partie rectiligne,,,normale,,Sur chaussée,Conducteur,2,M,14-15,Promenade - loisirs,Casque,Non,,1,07 - juillet,0 - lundi,Sécheval
,201800011033,2018-07-23,37,7,37054,47.47534,0.69546,Hors intersection,Deux véhicules - par le coté,Plein jour,Normale,Route Départementale,,2,Plat,Partie rectiligne,,,normale,,Sur chaussée,Conducteur,1,M,40-41,Domicile - travail,Casque,Oui,1,,07 - juillet,0 - lundi,Chanceaux-sur-Choisille
,201800019461,2018-07-23,74,17,74157,46.34149,6.53511,Hors intersection,Deux véhicules - frontale,Plein jour,Normale,Route Départementale,,2,Pente,Partie rectiligne,,,normale,,Sur chaussée,Conducteur,3,M,50-51,Promenade - loisirs,Equipement réfléchissant,Non,1,,07 - juillet,0 - lundi,Lyaud
,201800039028,2018-07-23,92,12,92022,48.803,2.18837,Hors intersection,Deux véhicules - par le coté,Plein jour,Normale,Route Départementale,,2,Plat,Partie rectiligne,,70,normale,,Sur chaussée,Conducteur,1,M,12-13,Promenade - loisirs,Casque,Non,1,1,07 - juillet,0 - lundi,Chaville
,201800002543,2018-07-22,74,15,74250,46.04662,6.37566,Hors intersection,Deux véhicules - frontale,Plein jour,Normale,Route Départementale,,2,Pente,En courbe à droite,,,normale,,Sur chaussée,Conducteur,1,M,50-51,Promenade - loisirs,Equipement réfléchissant,Non,1,,07 - juillet,6 - dimanche,Saint-Pierre-en-Faucigny
,201800003485,2018-07-22,13,10,13027,43.85833,4.84207,Intersection en X,Deux véhicules - par le coté,Plein jour,Normale,Route Départementale,,2,Plat,Partie rectiligne,,,normale,Carrefour aménagé,Sur chaussée,Conducteur,2,M,43-44,Promenade - loisirs,Casque,,1,,07 - juillet,6 - dimanche,Châteaurenard
,201800004193,2018-07-22,30,10,30156,43.8661,4.44403,Giratoire,Deux véhicules - par le coté,Plein jour,Normale,Route Départementale,,2,Plat,Partie rectiligne,,,normale,,Sur chaussée,Conducteur,1,M,47-48,Promenade - loisirs,Casque,Oui,1,1,07 - juillet,6 - dimanche,Marguerittes
,201800011238,2018-07-22,87,17,87187,45.516,1.19793,Autre intersection,Autre,Plein jour,Normale,Voie Communale,,2,Pente,Partie rectiligne,,,normale,,Sur chaussée,Conducteur,2,M,11-12,Promenade - loisirs,Casque,Non,,1,07 - juillet,6 - dimanche,Saint-Yrieix-la-Perche
,201800012174,2018-07-22,53,8,53188,47.79481,-1.06092,Giratoire,Deux véhicules - par le coté,Plein jour,Temps éblouissant,Route Départementale,,2,Plat,En courbe à gauche,,,normale,,Sur chaussée,Conducteur,2,F,83-84,Promenade - loisirs,Casque,,1,1,07 - juillet,6 - dimanche,Renazé
,201800012888,2018-07-22,64,8,64256,43.379,-1.34677,Hors intersection,Deux véhicules - frontale,Plein jour,Normale,Route Départementale,,2,Pente,En courbe à droite,,,normale,,Sur chaussée,Conducteur,1,M,48-49,Promenade - loisirs,Casque,Oui,1,,07 - juillet,6 - dimanche,Hasparren
,201800013372,2018-07-22,50,10,50551,49.3867,-1.53197,Intersection en T,Aucune,Plein jour,Normale,Voie Communale,,2,Pente,Partie rectiligne,,,normale,,Sur chaussée,Conducteur,2,M,62-63,Courses - achats,Casque,,,1,07 - juillet,6 - dimanche,Saint-Sauveur-le-Vicomte
,201800019191,2018-07-22,51,13,51165,48.72812,3.87964,Hors intersection,Deux véhicules - par l’arrière,Plein jour,Temps éblouissant,Route Nationale,,2,Plat,Partie rectiligne,,,normale,,Sur chaussée,Conducteur,2,M,58-59,Promenade - loisirs,Casque,Oui,1,,07 - juillet,6 - dimanche,Connantre
,201800037942,2018-07-22,92,18,92026,48.92568,2.21584,Intersection en X,Deux véhicules - par le coté,Plein jour,Normale,Voie Communale,,2,Plat,Partie rectiligne,,,normale,,Sur chaussée,Conducteur,1,M,40-41,Domicile - travail,Equipement réfléchissant,Oui,1,1,07 - juillet,6 - dimanche,Courbevoie
,201800056232,2018-07-22,976,7,97603,-12.9248,45.18064,Hors intersection,Trois véhicules et plus - en chaîne,Plein jour,Normale,Route Nationale,,2,Pente,En courbe à droite,,,normale,,Sur chaussée,Conducteur,1,M,40-41,Promenade - loisirs,Casque,Oui,1,,07 - juillet,6 - dimanche,Bandrele
,201800056232,2018-07-22,976,7,97603,-12.9248,45.18064,Hors intersection,Trois véhicules et plus - en chaîne,Plein jour,Normale,Route Nationale,,2,Pente,En courbe à droite,,,normale,,Sur chaussée,Conducteur,2,M,41-42,Promenade - loisirs,Casque,Non,1,,07 - juillet,6 - dimanche,Bandrele
,201800000576,2018-07-21,22,8,22054,48.61468,-2.47999,Hors intersection,Aucune,Plein jour,Normale,Voie Communale,,2,Pente,En courbe à gauche,,,mouillée,,Sur chaussée,Conducteur,2,M,33-34,Promenade - loisirs,Casque,Non,,1,07 - juillet,5 - samedi,Erquy
,201800010783,2018-07-21,52,8,52405,47.67018,5.31292,Hors intersection,Deux véhicules - par l’arrière,Plein jour,Normale,Route Départementale,,2,Plat,En courbe à gauche,,,normale,,Sur chaussée,Conducteur,2,M,75-76,Promenade - loisirs,Casque,Oui,1,,07 - juillet,5 - samedi,Montsaugeonnais
,201800010783,2018-07-21,52,8,52405,47.67018,5.31292,Hors intersection,Deux véhicules - par l’arrière,Plein jour,Normale,Route Départementale,,2,Plat,En courbe à gauche,,,normale,,Sur chaussée,Conducteur,0,M,57-58,Promenade - loisirs,Casque,Oui,1,,07 - juillet,5 - samedi,Montsaugeonnais
,201800013798,2018-07-21,72,11,72344,47.94022,0.13937,Hors intersection,Deux véhicules - frontale,Plein jour,Normale,Voie Communale,,2,Sommet de côte,Partie rectiligne,,,normale,Pont - autopont,Sur chaussée,Conducteur,2,F,16-17,Domicile - travail,Casque,Non,1,,07 - juillet,5 - samedi,Spay
,201800017349,2018-07-21,89,18,89364,47.46405,3.75662,Hors intersection,Deux véhicules - frontale,Plein jour,Normale,Route Départementale,,2,Pente,En courbe à gauche,,,normale,,Sur chaussée,Conducteur,2,M,17-18,Promenade - loisirs,Casque,Oui,1,,07 - juillet,5 - samedi,Saint-Père
,201800017567,2018-07-21,11,17,11016,43.1207,2.5028,Hors intersection,Deux véhicules - par le coté,Plein jour,Normale,Route Départementale,,2,Pente,En courbe à droite,,,normale,,Sur chaussée,Conducteur,2,M,44-45,Promenade - loisirs,Casque,Oui,1,,07 - juillet,5 - samedi,Arquettes-en-Val
,201800029994,2018-07-21,22,13,22357,48.56568,-2.19493,Intersection en T,Deux véhicules - par l’arrière,Plein jour,Normale,Route Départementale,,2,Plat,Partie rectiligne,,,normale,Carrefour aménagé,,Conducteur,1,F,13-14,Promenade - loisirs,Casque,Oui,1,,07 - juillet,5 - samedi,Trégon
,201800031604,2018-07-21,24,14,24350,45.16252,0.5972,Hors intersection,Deux véhicules - frontale,Plein jour,Normale,Route Départementale,,2,Plat,Partie rectiligne,,,normale,,Sur chaussée,Conducteur,2,M,47-48,Promenade - loisirs,Casque,Oui,1,1,07 - juillet,5 - samedi,'Razac-sur-l''Isle'
,201800039024,2018-07-21,92,1,92072,48.81139,2.21147,Giratoire,Aucune,Nuit avec éclairage public allumé,Normale,Route Départementale,,2,,En courbe à droite,,,normale,Carrefour aménagé,Sur chaussée,Conducteur,1,M,27-28,Promenade - loisirs,Autre,Oui,,1,07 - juillet,5 - samedi,Sèvres
,201800001303,2018-07-20,47,10,47157,44.5349,0.20474,Intersection en X,Deux véhicules - par le coté,Plein jour,Normale,Voie Communale,,2,Pente,Partie rectiligne,,,normale,,Sur chaussée,Conducteur,2,M,11-12,Promenade - loisirs,Casque,Non,1,,07 - juillet,4 - vendredi,Marmande
,201800010629,2018-07-20,88,16,88114,48.18834,5.88734,Intersection en X,Deux véhicules - par le coté,Plein jour,Normale,Route Départementale,,2,Plat,Partie rectiligne,,,normale,,Sur chaussée,Conducteur,2,F,13-14,Promenade - loisirs,Casque,,1,1,07 - juillet,4 - vendredi,Contrexéville
,201800031593,2018-07-20,83,8,83072,43.48905,6.35443,Giratoire,Deux véhicules - par le coté,Plein jour,Normale,Route Départementale,,1,Plat,En courbe à droite,,,normale,,Sur chaussée,Conducteur,2,M,48-49,Promenade - loisirs,Casque,Oui,1,1,07 - juillet,4 - vendredi,Lorgues
,201800003264,2018-07-19,71,8,71342,46.45023,4.12784,Intersection en X,Deux véhicules - par le coté,Plein jour,Normale,Route Départementale,,2,Pente,Partie rectiligne,,,normale,Carrefour aménagé,Sur chaussée,Conducteur,2,M,67-68,Promenade - loisirs,Casque,Oui,1,1,07 - juillet,3 - jeudi,Paray-le-Monial
,201800007361,2018-07-19,10,17,10387,48.29436,4.07784,Hors intersection,Deux véhicules - par le coté,Plein jour,Normale,Autre,,2,Plat,Partie rectiligne,,,normale,,Sur accotement,Conducteur,1,M,10-11,Promenade - loisirs,Autre,Non déterminable,1,1,07 - juillet,3 - jeudi,Troyes
,201800017179,2018-07-19,63,8,63003,45.54527,3.74587,Intersection en T,Deux véhicules - par l’arrière,Plein jour,Normale,Route Départementale,,2,Plat,Partie rectiligne,,,normale,,Sur chaussée,Conducteur,1,M,78-79,Promenade - loisirs,Casque,Non,1,1,07 - juillet,3 - jeudi,Ambert
,201800024114,2018-07-19,33,17,33522,44.789,-0.58706,Intersection en T,Deux véhicules - par le coté,Plein jour,Normale,Voie Communale,,2,Plat,Partie rectiligne,,,normale,,Sur chaussée,Conducteur,1,M,31-32,Autre,Casque,Non déterminable,1,1,07 - juillet,3 - jeudi,Talence
,201800055903,2018-07-19,971,15,97117,16.29289,-61.34836,Intersection en T,Deux véhicules - par le coté,Plein jour,Normale,Route Départementale,,2,Plat,Partie rectiligne,,,normale,,Sur chaussée,Conducteur,2,M,10-11,Promenade - loisirs,Casque,Non,1,1,07 - juillet,3 - jeudi,Moule
,201800000326,2018-07-18,60,8,60589,49.22083,2.46687,Giratoire,Deux véhicules - par le coté,Plein jour,Normale,Route Départementale,,2,Pente,En courbe à gauche,,,normale,Carrefour aménagé,Sur chaussée,Conducteur,2,F,68-69,Promenade - loisirs,Casque,Oui,1,,07 - juillet,2 - mercredi,Saint-Maximin
,201800000575,2018-07-18,22,21,22186,48.59337,-2.55083,Intersection en X,Deux véhicules - par le coté,Plein jour,Normale,Voie Communale,,1,Pente,Partie rectiligne,,,normale,,Sur chaussée,Conducteur,2,M,9-10,Promenade - loisirs,Casque,Non,1,1,07 - juillet,2 - mercredi,Pléneuf-Val-André
,201800000688,2018-07-18,56,11,56007,47.66552,-2.96731,Hors intersection,Aucune,Plein jour,Normale,Route Départementale,,2,Pente,En courbe à gauche,,,normale,,Sur accotement,Conducteur,2,F,74-75,Promenade - loisirs,Casque,Non,,1,07 - juillet,2 - mercredi,Auray
,201800013797,2018-07-18,72,7,72073,48.02562,0.06858,Hors intersection,Deux véhicules - par l’arrière,Plein jour,Normale,Route Nationale,,2,Pente,Partie rectiligne,,,normale,,Sur chaussée,Conducteur,2,M,46-47,Domicile - travail,Casque,Oui,1,,07 - juillet,2 - mercredi,Chaufour-Notre-Dame
,201800021263,2018-07-18,26,12,26281,45.05029,5.05779,Hors intersection,Deux véhicules - par le coté,Plein jour,Normale,Voie Communale,,2,Plat,Partie rectiligne,,,normale,,Sur accotement,Conducteur,1,M,59-60,Autre,Autre,Non déterminable,1,1,07 - juillet,2 - mercredi,Romans-sur-Isère
,201800031166,2018-07-18,73,8,73218,45.85071,5.83413,Hors intersection,Deux véhicules - par l’arrière,Plein jour,Normale,Route Départementale,,2,Plat,Partie rectiligne,,,normale,,Sur chaussée,Conducteur,2,M,60-61,Promenade - loisirs,Casque,Oui,1,,07 - juillet,2 - mercredi,Ruffieux
,201800040914,2018-07-18,93,8,93066,48.90196,2.35836,Hors intersection,Autre,Plein jour,Normale,Voie Communale,,4,Plat,Partie rectiligne,,,normale,,Sur accotement,Piéton,1,F,49-50,Domicile - travail,Dispositif enfants,,,1,07 - juillet,2 - mercredi,Saint-Denis
,201800010742,2018-07-17,52,17,52253,48.18382,4.98018,Hors intersection,Autre,Plein jour,Normale,Route Départementale,,2,Plat,Partie rectiligne,,,normale,,Sur chaussée,Conducteur,1,M,28-29,Promenade - loisirs,Casque,Oui,1,1,07 - juillet,1 - mardi,Juzennecourt
,201800011178,2018-07-17,87,21,87153,45.8216,1.66654,Hors intersection,Aucune,Plein jour,Normale,Voie Communale,,1,Pente,En courbe à droite,,,normale,,Sur chaussée,Conducteur,3,M,61-62,Promenade - loisirs,Casque,,,,07 - juillet,1 - mardi,Saint-Julien-le-Petit
,201800018772,2018-07-17,59,17,59516,50.83796,2.35632,Intersection en Y,Deux véhicules - par le coté,Plein jour,Normale,Route Départementale,,2,Plat,Partie rectiligne,,,normale,,Sur chaussée,Conducteur,1,M,13-14,Promenade - loisirs,Casque,,1,1,07 - juillet,1 - mardi,Rubrouck
,201800029263,2018-07-17,95,12,95116,49.1432,2.3319,Hors intersection,Deux véhicules - par le coté,Plein jour,Normale,Route Départementale,,2,Plat,Partie rectiligne,,,normale,Pont - autopont,Sur chaussée,Conducteur,3,F,60-61,Domicile - travail,Casque,Non déterminable,1,,07 - juillet,1 - mardi,Bruyères-sur-Oise
,201800037830,2018-07-17,92,13,92025,0,0,Hors intersection,Deux véhicules - frontale,Plein jour,Normale,Autoroute,,,Plat,Partie rectiligne,,,normale,,Sur chaussée,Conducteur,1,M,54-55,,Casque,Oui,1,1,07 - juillet,1 - mardi,Colombes
,201800012145,2018-07-16,53,7,53207,48.13026,-0.43878,Hors intersection,Deux véhicules - par l’arrière,Plein jour,Temps éblouissant,Route Départementale,,2,Pente,Partie rectiligne,,,normale,,Sur chaussée,Conducteur,2,M,34-35,Domicile - travail,Casque,,1,,07 - juillet,0 - lundi,Saint-Christophe-du-Luat
,201800029898,2018-07-16,68,16,68156,47.90217,7.23889,Intersection en T,Deux véhicules - par le coté,Plein jour,Normale,Route Départementale,,2,Plat,Partie rectiligne,,,normale,Carrefour aménagé,Sur chaussée,Conducteur,1,M,29-30,Promenade - loisirs,Casque,Oui,1,1,07 - juillet,0 - lundi,Issenheim
,201800053076,2018-07-16,75,4,75115,48.8462,2.29514,Intersection en X,Deux véhicules - par le coté,Nuit avec éclairage public allumé,Normale,Voie Communale,,1,Plat,Partie rectiligne,,26,normale,,Sur chaussée,Conducteur,1,M,41-42,Promenade - loisirs,Autre,Non,1,1,07 - juillet,0 - lundi,Paris 15e  Arrondissement
,201800054161,2018-07-16,75,3,75118,48.8925,2.34886,Intersection en X,Autre,Nuit avec éclairage public allumé,Normale,Voie Communale,,2,Plat,Partie rectiligne,,,normale,Carrefour aménagé,Sur chaussée,Conducteur,1,M,20-21,Promenade - loisirs,Casque,Non déterminable,1,1,07 - juillet,0 - lundi,Paris 18e  Arrondissement
,201800002475,2018-07-15,73,11,73187,45.44113,6.37862,Hors intersection,Autre,Plein jour,Normale,Route Départementale,,2,Pente,En courbe à gauche,,,normale,,Sur chaussée,Conducteur,2,F,48-49,Promenade - loisirs,Casque,Oui,,,07 - juillet,6 - dimanche,Léchère
,201800002680,2018-07-15,3,10,3266,46.24918,3.47166,Hors intersection,Aucune,Plein jour,Normale,Route Départementale,,2,Bas de côte,En courbe à gauche,,,normale,,Sur accotement,Conducteur,2,M,21-22,Promenade - loisirs,Casque,Oui,1,,07 - juillet,6 - dimanche,Sanssat
,201800005727,2018-07-15,6,20,6088,43.69342,7.254,Autre intersection,Autre,Nuit avec éclairage public allumé,Normale,Autre,,1,Plat,Partie rectiligne,,,normale,Zone piétonne,Sur accotement,Conducteur,0,M,17-18,Promenade - loisirs,Casque,Oui,,1,07 - juillet,6 - dimanche,Nice
,201800013589,2018-07-15,14,10,14398,49.2069,0.15658,Hors intersection,Deux véhicules - par le coté,Plein jour,Normale,Route Départementale,,2,Plat,Partie rectiligne,,,normale,,Sur chaussée,Conducteur,1,M,64-65,Promenade - loisirs,Casque,,1,,07 - juillet,6 - dimanche,Manerbe
,201800014468,2018-07-15,1,9,1079,45.93199,5.69318,Hors intersection,Aucune,Plein jour,Normale,Voie Communale,,2,Pente,En courbe à droite,,,autre,,Sur chaussée,Conducteur,3,M,60-61,Courses - achats,Casque,Non,,1,07 - juillet,6 - dimanche,Champagne-en-Valromey
,201800016139,2018-07-15,68,11,68365,48.04683,7.33605,Hors intersection,Deux véhicules - frontale,Plein jour,Normale,Autre,,2,Plat,Partie rectiligne,,,normale,,Sur chaussée,Conducteur,1,M,64-65,Promenade - loisirs,Casque,,1,,07 - juillet,6 - dimanche,Wettolsheim