test,identifiantAccident,date,departement,heure,commune,lat,lon,typeIntersection,typeCollision,luminosite,conditionsAtmosperiques,typeRoute,circulation,nbVoies,profilLongRoute,tracePlanRoute,largeurTPC,largeurRoute,etatSurface,amenagement,situation,categorieUsager,graviteAccident,sexe,age,motifDeplacement,existenceSecurite,usageSecurite,nombreAutresVehicules,enAgglomeration,mois,jour,NCCENR
,201800031024,2018-07-15,64,13,64260,43.3914,-1.6861,Hors intersection,Autre,Plein jour,Normale,Route Départementale,,2,Plat,Partie rectiligne,,,normale,,Sur accotement,Conducteur,2,M,68-69,,Casque,Oui,1,1,07 - juillet,6 - dimanche,Hendaye
,201800039734,2018-07-15,93,20,93047,48.905,2.5588,Autre intersection,Deux véhicules - par le coté,Plein jour,Normale,Parc de stationnement ouvert à la circulation publique,,2,Plat,Partie rectiligne,,,normale,Zone piétonne,Sur chaussée,Conducteur,1,F,18-19,,Casque,Non,1,1,07 - juillet,6 - dimanche,Montfermeil
,201800055931,2018-07-15,971,8,97125,16.25871,-61.26315,Hors intersection,Deux véhicules - par l’arrière,Plein jour,Normale,Route Départementale,,2,Plat,Partie rectiligne,,,normale,,Sur chaussée,Conducteur,1,M,20-21,Promenade - loisirs,Casque,Oui,1,,07 - juillet,6 - dimanche,Saint-François
,201800000501,2018-07-14,35,11,35164,48.35932,-1.60516,Hors intersection,Deux véhicules - frontale,Plein jour,Normale,Voie Communale,,2,Plat,En courbe à droite,,,normale,,Sur chaussée,Conducteur,1,F,44-45,Promenade - loisirs,Casque,Oui,1,,07 - juillet,5 - samedi,Marcillé-Raoul
,201800006798,2018-07-14,74,17,74014,46.04504,6.61352,Hors intersection,Deux véhicules - frontale,Plein jour,Normale,Voie Communale,,2,Pente,Partie rectiligne,,,normale,,Sur chaussée,Conducteur,2,M,50-51,Promenade - loisirs,Equipement réfléchissant,Non,1,1,07 - juillet,5 - samedi,Arâches-la-Frasse
,201800013243,2018-07-14,90,16,90065,47.80314,6.84082,Hors intersection,Deux véhicules - par l’arrière,Plein jour,Normale,Route Départementale,,2,Pente,Partie rectiligne,,,normale,,Sur chaussée,Conducteur,2,M,64-65,Promenade - loisirs,Casque,Oui,1,,07 - juillet,5 - samedi,Lepuix
,201800014564,2018-07-14,15,9,15066,45.1048,2.66776,Hors intersection,Deux véhicules - par le coté,Plein jour,Normale,Route Départementale,,2,Plat,En courbe à droite,,,normale,,Sur chaussée,Conducteur,1,M,57-58,Promenade - loisirs,Casque,Oui,1,,07 - juillet,5 - samedi,Falgoux
,201800015345,2018-07-14,29,21,29195,48.60038,-4.49302,Hors intersection,Deux véhicules - par le coté,Plein jour,Normale,Route Départementale,,2,Plat,Partie rectiligne,,,normale,,Sur chaussée,Conducteur,1,F,33-34,Promenade - loisirs,Casque,Non,1,,07 - juillet,5 - samedi,Plouguerneau
,201800053446,2018-07-14,75,19,75116,48.8641,2.27801,Hors intersection,Deux véhicules - par le coté,Plein jour,Normale,Voie Communale,,4,Plat,Partie rectiligne,,,normale,,Sur chaussée,Conducteur,1,M,51-52,Utilisation professionnelle,Casque,Oui,1,1,07 - juillet,5 - samedi,Paris 16e  Arrondissement
,201800054160,2018-07-14,75,13,75118,48.8868,2.35963,Intersection en T,Deux véhicules - par le coté,Plein jour,Normale,Voie Communale,,4,Plat,Partie rectiligne,,,normale,,Sur chaussée,Conducteur,1,M,70-71,,Casque,Non déterminable,1,1,07 - juillet,5 - samedi,Paris 18e  Arrondissement
,201800055930,2018-07-14,971,9,97125,16.25773,-61.27312,Hors intersection,Trois véhicules et plus - collisions multiples,Plein jour,Normale,Route Départementale,,2,Plat,En courbe à droite,,,normale,,Sur chaussée,Conducteur,2,M,57-58,Promenade - loisirs,Casque,Oui,1,,07 - juillet,5 - samedi,Saint-François
,201800055930,2018-07-14,971,9,97125,16.25773,-61.27312,Hors intersection,Trois véhicules et plus - collisions multiples,Plein jour,Normale,Route Départementale,,2,Plat,En courbe à droite,,,normale,,Sur chaussée,Conducteur,1,M,66-67,Promenade - loisirs,Casque,Oui,1,,07 - juillet,5 - samedi,Saint-François
,201800000649,2018-07-13,29,14,29046,48.08982,-4.32553,Hors intersection,Autre,Plein jour,Normale,Voie Communale,,2,Pente,Partie rectiligne,,,normale,,Sur chaussée,Conducteur,2,M,58-59,,Casque,Non,1,1,07 - juillet,4 - vendredi,Douarnenez
,201800002327,2018-07-13,38,9,38110,45.58113,4.87915,Intersection en X,Deux véhicules - par le coté,Plein jour,Normale,Route Départementale,,2,Pente,Partie rectiligne,,,normale,,Sur chaussée,Conducteur,1,M,69-70,Promenade - loisirs,Casque,Oui,1,1,07 - juillet,4 - vendredi,Chuzelles
,201800012325,2018-07-13,7,10,7197,45.21159,4.65987,Hors intersection,Deux véhicules - frontale,Plein jour,Normale,Route Départementale,,2,Plat,Partie rectiligne,,,normale,,Sur accotement,Conducteur,3,M,78-79,Promenade - loisirs,Casque,Oui,1,,07 - juillet,4 - vendredi,Roiffieux
,201800015716,2018-07-13,44,17,44186,47.10352,-1.81052,Hors intersection,Deux véhicules - par l’arrière,Plein jour,Normale,Route Départementale,,2,Plat,Partie rectiligne,,,normale,,Sur chaussée,Conducteur,2,M,32-33,Promenade - loisirs,Casque,Oui,1,1,07 - juillet,4 - vendredi,Sainte-Pazanne
,201800018719,2018-07-13,74,8,74131,46.01895,5.92042,Hors intersection,Deux véhicules - par le coté,Plein jour,Normale,Route Départementale,,2,Plat,Partie rectiligne,,,normale,,Sur chaussée,Conducteur,2,M,80-81,Promenade - loisirs,Casque,Oui,1,,07 - juillet,4 - vendredi,Frangy
,201800020210,2018-07-13,30,19,30221,44.04961,4.77568,Intersection en T,Deux véhicules - par le coté,Plein jour,Normale,Route Départementale,,2,Plat,Partie rectiligne,,,normale,,Sur chaussée,Conducteur,1,M,18-19,Promenade - loisirs,Casque,,1,1,07 - juillet,4 - vendredi,Roquemaure
,201800030142,2018-07-13,16,12,16351,45.62533,-0.02678,Intersection en T,Autre,Plein jour,Normale,Route Départementale,,2,Pente,En « S »,,56,normale,,Sur trottoir,Conducteur,3,M,62-63,Domicile - travail,Casque,Non,,1,07 - juillet,4 - vendredi,Saint-Simeux
,201800030838,2018-07-13,64,22,64445,43.2944,-0.36889,Autre intersection,Deux véhicules - frontale,Nuit avec éclairage public allumé,Normale,Voie Communale,,1,Plat,Partie rectiligne,,,normale,,Sur chaussée,Conducteur,2,M,86-87,Promenade - loisirs,Casque,Non déterminable,1,1,07 - juillet,4 - vendredi,Pau
,201800040692,2018-07-13,93,9,93077,48.8851,2.50523,Intersection en T,Deux véhicules - par l’arrière,Plein jour,Normale,Route Nationale,,4,Plat,Partie rectiligne,,100,normale,,Sur chaussée,Conducteur,1,M,51-52,Domicile - travail,Casque,Oui,1,1,07 - juillet,4 - vendredi,Villemomble
,201800051781,2018-07-13,75,18,75111,48.8595,2.3792,Hors intersection,Aucune,Plein jour,Normale,Voie Communale,,2,Pente,Partie rectiligne,,120,normale,,Sur chaussée,Conducteur,1,M,63-64,Promenade - loisirs,Casque,Non,,1,07 - juillet,4 - vendredi,Paris 11e  Arrondissement
,201800053445,2018-07-13,75,10,75116,48.8543,2.2374,Hors intersection,Deux véhicules - par l’arrière,Plein jour,Normale,Voie Communale,,2,Plat,Partie rectiligne,,,normale,,Sur piste cyclable,Conducteur,1,M,43-44,Promenade - loisirs,Casque,Oui,1,1,07 - juillet,4 - vendredi,Paris 16e  Arrondissement
,201800000700,2018-07-12,56,14,56152,47.34757,-3.16026,Intersection en X,Deux véhicules - par le coté,Plein jour,Normale,Route Départementale,,2,Pente,Partie rectiligne,,,normale,,Sur chaussée,Conducteur,2,F,49-50,Domicile - travail,Casque,Non,1,1,07 - juillet,3 - jeudi,Palais
,201800002219,2018-07-12,38,13,38281,45.25276,5.64127,Hors intersection,Deux véhicules - frontale,Plein jour,Normale,Autre,,2,Plat,Partie rectiligne,,,normale,,Sur chaussée,Conducteur,1,M,36-37,Promenade - loisirs,Casque,Oui,1,,07 - juillet,3 - jeudi,Noyarey
,201800002219,2018-07-12,38,13,38281,45.25276,5.64127,Hors intersection,Deux véhicules - frontale,Plein jour,Normale,Autre,,2,Plat,Partie rectiligne,,,normale,,Sur chaussée,Conducteur,2,F,73-74,Promenade - loisirs,Casque,Oui,1,,07 - juillet,3 - jeudi,Noyarey
,201800003214,2018-07-12,71,11,71574,46.37255,4.7318,Hors intersection,Deux véhicules - par le coté,Plein jour,Normale,Route Départementale,,2,Plat,En courbe à droite,,,normale,,Sur chaussée,Conducteur,1,M,73-74,Promenade - loisirs,Casque,Oui,1,,07 - juillet,3 - jeudi,Verzé
,201800012750,2018-07-12,18,19,18011,47.55931,2.46404,Hors intersection,Autre,Plein jour,Normale,Route Départementale,,2,Plat,Partie rectiligne,,,normale,,Sur chaussée,Conducteur,2,M,58-59,Promenade - loisirs,Casque,Oui,,,07 - juillet,3 - jeudi,Argent-sur-Sauldre
,201800013588,2018-07-12,14,19,14743,49.16562,0.00181,Intersection en T,Deux véhicules - par l’arrière,Plein jour,Normale,Route Départementale,,2,Plat,Partie rectiligne,,,normale,,Sur chaussée,Conducteur,3,M,15-16,Promenade - loisirs,Dispositif enfants,,1,,07 - juillet,3 - jeudi,Victot-Pontfol
,201800013683,2018-07-12,6,16,6079,43.54016,6.93565,Giratoire,Deux véhicules - par l’arrière,Plein jour,Normale,Route Départementale,,2,Plat,En courbe à gauche,,,normale,Carrefour aménagé,Sur chaussée,Conducteur,1,M,52-53,Promenade - loisirs,Casque,Oui,1,1,07 - juillet,3 - jeudi,Mandelieu-la-Napoule
,201800015815,2018-07-12,25,10,25532,47.20521,6.10231,Autre intersection,Deux véhicules - par le coté,Plein jour,Normale,Route Départementale,,2,Plat,Partie rectiligne,,,normale,Carrefour aménagé,Sur chaussée,Conducteur,2,M,80-81,Promenade - loisirs,Casque,Non,1,,07 - juillet,3 - jeudi,Saône
,201800016916,2018-07-12,49,17,49055,47.52441,-0.56868,Intersection en X,Deux véhicules - par le coté,Plein jour,Temps éblouissant,Route Départementale,,2,Pente,Partie rectiligne,,,normale,Pont - autopont,Sur chaussée,Conducteur,3,M,58-59,Promenade - loisirs,Casque,,1,,07 - juillet,3 - jeudi,Cantenay-Épinard
,201800017189,2018-07-12,63,14,63337,45.56076,3.57088,Hors intersection,Deux véhicules - par le coté,Plein jour,Normale,Route Départementale,,2,Pente,En courbe à droite,,,normale,,Sur chaussée,Conducteur,2,M,30-31,Promenade - loisirs,Casque,Oui,1,,07 - juillet,3 - jeudi,Saint-Éloy-la-Glacière
,201800032506,2018-07-12,69,14,69266,45.76335,4.91337,Intersection à plus de 4 branches,Deux véhicules - par le coté,Plein jour,Normale,Voie Communale,,12,Plat,Partie rectiligne,,,normale,,Sur accotement,Conducteur,1,M,20-21,,Autre,Non déterminable,1,1,07 - juillet,3 - jeudi,Villeurbanne
,201800038123,2018-07-12,92,10,92036,48.92343,2.32122,Intersection en X,Deux véhicules - par le coté,Plein jour,Normale,Route Départementale,,2,Plat,Partie rectiligne,,,normale,,Sur chaussée,Conducteur,3,F,22-23,Courses - achats,Casque,Non,1,1,07 - juillet,3 - jeudi,Gennevilliers
,201800042480,2018-07-12,94,9,94041,48.82199,2.39284,Hors intersection,Deux véhicules - par le coté,Plein jour,Normale,Route Départementale,,4,Plat,Partie rectiligne,,100,normale,,Sur trottoir,Conducteur,1,M,26-27,Domicile - travail,Casque,Non,1,1,07 - juillet,3 - jeudi,Ivry-sur-Seine
,201800051780,2018-07-12,75,19,75111,48.8563,2.3782,Hors intersection,Deux véhicules - frontale,Plein jour,Normale,Voie Communale,,,Plat,Partie rectiligne,15,30,normale,,Sur chaussée,Conducteur,1,F,24-25,Domicile - travail,Casque,Oui,1,1,07 - juillet,3 - jeudi,Paris 11e  Arrondissement
,201800054478,2018-07-12,75,9,75119,48.8899,2.37609,Hors intersection,Deux véhicules - par l’arrière,Plein jour,Normale,Voie Communale,,2,Plat,Partie rectiligne,100,100,normale,,Sur chaussée,Conducteur,1,F,18-19,,Casque,Non,1,1,07 - juillet,3 - jeudi,Paris 19e  Arrondissement
,201800054764,2018-07-12,75,22,75120,48.8671,2.38325,Intersection en X,Autre,Nuit avec éclairage public allumé,Normale,Voie Communale,,1,Plat,Partie rectiligne,20,30,normale,,Sur chaussée,Conducteur,1,F,33-34,,Casque,Non déterminable,1,1,07 - juillet,3 - jeudi,Paris 20e  Arrondissement
,201800004213,2018-07-11,30,13,30307,44.1993,4.04113,Hors intersection,Trois véhicules et plus - collisions multiples,Plein jour,Normale,Route Nationale,,2,Plat,Partie rectiligne,,,normale,,Sur chaussée,Conducteur,2,M,47-48,Promenade - loisirs,Casque,Oui,1,,07 - juillet,2 - mercredi,Salles-du-Gardon
,201800004213,2018-07-11,30,13,30307,44.1993,4.04113,Hors intersection,Trois véhicules et plus - collisions multiples,Plein jour,Normale,Route Nationale,,2,Plat,Partie rectiligne,,,normale,,Sur chaussée,Conducteur,2,M,31-32,Promenade - loisirs,Casque,Oui,1,,07 - juillet,2 - mercredi,Salles-du-Gardon
,201800015265,2018-07-11,31,11,31374,43.40669,1.63187,Hors intersection,Aucune,Plein jour,Normale,Route Départementale,,2,Bas de côte,En courbe à gauche,,,normale,,Sur chaussée,Conducteur,2,M,59-60,Promenade - loisirs,Casque,,,,07 - juillet,2 - mercredi,Montesquieu-Lauragais
,201800023640,2018-07-11,32,8,32013,43.6712,0.59833,Hors intersection,Deux véhicules - par le coté,Plein jour,Normale,Voie Communale,,2,Plat,Partie rectiligne,,,normale,,Sur accotement,Conducteur,1,M,18-19,Domicile - travail,Dispositif enfants,,1,1,07 - juillet,2 - mercredi,Auch
,201800030589,2018-07-11,64,14,64024,43.4988,-1.54264,Intersection en T,Deux véhicules - par le coté,Plein jour,Normale,Voie Communale,,2,Plat,Partie rectiligne,,,normale,,Sur accotement,Conducteur,2,M,23-24,Promenade - loisirs,Casque,Non déterminable,1,1,07 - juillet,2 - mercredi,Anglet
,201800031018,2018-07-11,64,11,64545,43.3865,-1.71479,Hors intersection,Deux véhicules - par l’arrière,Plein jour,Normale,Route Départementale,,2,Pente,Partie rectiligne,,,normale,,Sur accotement,Conducteur,1,M,73-74,Promenade - loisirs,Dispositif enfants,,1,,07 - juillet,2 - mercredi,Urrugne
,201800041676,2018-07-11,94,10,94018,48.827,2.40491,Hors intersection,Deux véhicules - par le coté,Plein jour,Normale,Route Départementale,,2,Plat,Partie rectiligne,,120,normale,,Sur chaussée,Conducteur,1,M,52-53,,Autre,Non déterminable,1,1,07 - juillet,2 - mercredi,Charenton-le-Pont
,201800051529,2018-07-11,75,18,75110,48.8694,2.36217,Hors intersection,Deux véhicules - par l’arrière,Plein jour,Normale,Voie Communale,,2,Plat,Partie rectiligne,,,normale,,Sur chaussée,Conducteur,0,M,20-21,Utilisation professionnelle,Casque,Oui,1,1,07 - juillet,2 - mercredi,Paris 10e  Arrondissement
,201800051530,2018-07-11,75,20,75110,48.8737,2.35826,Intersection en X,Deux véhicules - par le coté,Plein jour,Normale,Voie Communale,,4,Plat,Partie rectiligne,,,normale,,Sur piste cyclable,Conducteur,0,M,48-49,Autre,Casque,Non,1,1,07 - juillet,2 - mercredi,Paris 10e  Arrondissement
,201800051530,2018-07-11,75,20,75110,48.8737,2.35826,Intersection en X,Deux véhicules - par le coté,Plein jour,Normale,Voie Communale,,4,Plat,Partie rectiligne,,,normale,,Sur piste cyclable,Conducteur,1,M,39-40,Domicile - travail,Casque,Oui,1,1,07 - juillet,2 - mercredi,Paris 10e  Arrondissement
,201800051779,2018-07-11,75,22,75111,48.8655,2.38422,Hors intersection,Deux véhicules - par l’arrière,Nuit avec éclairage public allumé,Normale,Voie Communale,,1,Plat,Partie rectiligne,,,normale,,Sur piste cyclable,Conducteur,1,F,36-37,Promenade - loisirs,Casque,Non déterminable,1,1,07 - juillet,2 - mercredi,Paris 11e  Arrondissement
,201800052100,2018-07-11,75,,75112,48.8334,2.44575,Hors intersection,Deux véhicules - par l’arrière,Nuit avec éclairage public allumé,Normale,Voie Communale,,2,Plat,Partie rectiligne,,,normale,,Sur chaussée,Conducteur,1,M,40-41,Promenade - loisirs,Casque,Non,1,1,07 - juillet,2 - mercredi,Paris 12e  Arrondissement
,201800054158,2018-07-11,75,20,75118,48.8927,2.34327,Intersection en T,Deux véhicules - par l’arrière,Plein jour,Normale,Voie Communale,,3,Plat,Partie rectiligne,,100,normale,,Sur chaussée,Conducteur,1,F,34-35,,Casque,Non,1,1,07 - juillet,2 - mercredi,Paris 18e  Arrondissement
,201800002958,2018-07-10,67,14,67127,48.57594,7.5351,Hors intersection,Deux véhicules - frontale,Plein jour,Normale,Autre,,2,Plat,Partie rectiligne,,,normale,,Sur chaussée,Conducteur,0,M,52-53,Promenade - loisirs,Casque,,1,,07 - juillet,1 - mardi,Ergersheim
,201800002958,2018-07-10,67,14,67127,48.57594,7.5351,Hors intersection,Deux véhicules - frontale,Plein jour,Normale,Autre,,2,Plat,Partie rectiligne,,,normale,,Sur chaussée,Conducteur,1,M,48-49,Promenade - loisirs,Casque,Oui,1,,07 - juillet,1 - mardi,Ergersheim
,201800010667,2018-07-10,88,15,88372,48.40658,6.85276,Hors intersection,Autre,Plein jour,Normale,Route Départementale,,2,Plat,Partie rectiligne,,,normale,,Sur trottoir,Conducteur,1,M,8-9,Promenade - loisirs,Casque,,1,1,07 - juillet,1 - mardi,'Raon-l''Étape'
,201800012498,2018-07-10,10,9,10140,48.09496,3.86129,Hors intersection,Deux véhicules - par le coté,Plein jour,Normale,Route Nationale,,2,Pente,Partie rectiligne,,,normale,,Sur accotement,Conducteur,2,M,58-59,Courses - achats,Casque,Oui,1,,07 - juillet,1 - mardi,Ervy-le-Châtel
,201800014250,2018-07-10,26,9,26345,44.29981,4.80625,Hors intersection,Deux véhicules - frontale,Plein jour,Normale,Voie Communale,,2,Plat,Partie rectiligne,,,normale,,Sur chaussée,Conducteur,3,M,72-73,Promenade - loisirs,Casque,Oui,1,,07 - juillet,1 - mardi,Suze-la-Rousse
,201800018821,2018-07-10,56,18,56149,47.59577,-2.45123,Hors intersection,Deux véhicules - par le coté,Plein jour,Normale,Route Départementale,,2,Pente,Partie rectiligne,,,normale,,Sur chaussée,Conducteur,1,M,20-21,Domicile - travail,Casque,Non,1,,07 - juillet,1 - mardi,Noyal-Muzillac
,201800032222,2018-07-10,1,11,1424,45.88287,4.96905,Intersection en T,Deux véhicules - frontale,Plein jour,Normale,Route Départementale,,2,Plat,Partie rectiligne,,,normale,,Sur chaussée,Conducteur,1,M,79-80,Promenade - loisirs,Casque,Oui,1,,07 - juillet,1 - mardi,Tramoyes
,201800032807,2018-07-10,8,15,8083,49.66642,5.05627,Hors intersection,Deux véhicules - par l’arrière,Plein jour,Normale,Voie Communale,,2,Plat,Partie rectiligne,,,normale,,Sur chaussée,Conducteur,2,M,14-15,Promenade - loisirs,Casque,Non,1,,07 - juillet,1 - mardi,Brévilly
,201800039151,2018-07-10,92,18,92046,48.4859,2.17425,Intersection en Y,Deux véhicules - par le coté,Plein jour,Normale,Voie Communale,,2,Plat,En courbe à gauche,,,normale,,Sur chaussée,Conducteur,2,M,41-42,Promenade - loisirs,Casque,Oui,1,1,07 - juillet,1 - mardi,Malakoff
,201800050291,2018-07-10,75,9,75101,48.864,2.33134,Intersection en T,Deux véhicules - par l’arrière,Plein jour,Normale,Voie Communale,,4,Plat,Partie rectiligne,5,11,normale,,Sur piste cyclable,Conducteur,2,F,58-59,Domicile - travail,Casque,Non,1,1,07 - juillet,1 - mardi,Paris 1er Arrondissement
,201800054156,2018-07-10,75,18,75118,48.8877,2.35626,Hors intersection,Deux véhicules - par l’arrière,Plein jour,Normale,Voie Communale,,2,Plat,Partie rectiligne,,30,normale,,Sur chaussée,Conducteur,1,M,34-35,Promenade - loisirs,Casque,Non,1,1,07 - juillet,1 - mardi,Paris 18e  Arrondissement
,201800054761,2018-07-10,75,15,75120,48.847,2.41119,Giratoire,Autre,Plein jour,Normale,Voie Communale,,4,Plat,Partie rectiligne,,120,normale,,Sur piste cyclable,Conducteur,1,F,48-49,Utilisation professionnelle,Casque,Non,1,1,07 - juillet,1 - mardi,Paris 20e  Arrondissement
,201800003817,2018-07-09,83,9,83107,43.49867,6.6473,Giratoire,Deux véhicules - frontale,Plein jour,Normale,Voie Communale,,1,Plat,En courbe à gauche,,,normale,,Sur chaussée,Conducteur,2,M,65-66,,Casque,Oui,1,1,07 - juillet,0 - lundi,Roquebrune-sur-Argens
,201800004048,2018-07-09,34,19,34344,43.56504,4.07329,Hors intersection,Deux véhicules - par le coté,Plein jour,Normale,Autre,,2,Plat,Partie rectiligne,,,normale,,Sur chaussée,Conducteur,2,M,14-15,Promenade - loisirs,Casque,,1,1,07 - juillet,0 - lundi,Grande-Motte
,201800006692,2018-07-09,38,9,38181,45.34627,5.9795,Hors intersection,Deux véhicules - par le coté,Plein jour,Normale,Route Départementale,,2,Plat,Partie rectiligne,,,normale,,Sur chaussée,Conducteur,1,F,31-32,Promenade - loisirs,Casque,Oui,1,1,07 - juillet,0 - lundi,Goncelin
,201800011924,2018-07-09,24,9,24412,44.99392,1.25337,Intersection en X,Deux véhicules - par le coté,Plein jour,Normale,Route Départementale,Avec voies d’affectation variable,,,,,,,,,Conducteur,2,M,60-61,Promenade - loisirs,Casque,Oui,1,1,07 - juillet,0 - lundi,Saint-Geniès
,201800014288,2018-07-09,70,18,70309,47.45196,6.22261,Hors intersection,Deux véhicules - par le coté,Plein jour,Normale,Route Départementale,,2,Plat,Partie rectiligne,,,normale,,Sur chaussée,Conducteur,2,M,56-57,Promenade - loisirs,Casque,Oui,1,,07 - juillet,0 - lundi,Loulans-Verchamp
,201800043138,2018-07-09,94,18,94080,48.847,2.444,Hors intersection,Deux véhicules - par le coté,Plein jour,Temps éblouissant,Route Départementale,,2,Plat,Partie rectiligne,,30,normale,,Sur chaussée,Conducteur,1,F,67-68,Promenade - loisirs,Casque,Non,1,1,07 - juillet,0 - lundi,Vincennes
,201800050708,2018-07-09,75,13,75105,48.8514,2.34314,Intersection en X,Autre,Plein jour,Normale,Voie Communale,,4,Pente,Partie rectiligne,,120,normale,,,Conducteur,0,M,22-23,Utilisation professionnelle,Casque,Non déterminable,,1,07 - juillet,0 - lundi,Paris 5e  Arrondissement
,201800051141,2018-07-09,75,17,75108,48.8673,2.31523,Hors intersection,Deux véhicules - par l’arrière,Plein jour,Normale,Voie Communale,,8,Plat,Partie rectiligne,,270,normale,,Sur chaussée,Conducteur,1,M,27-28,Utilisation professionnelle,Casque,Non déterminable,1,1,07 - juillet,0 - lundi,Paris 8e  Arrondissement
,201800051141,2018-07-09,75,17,75108,48.8673,2.31523,Hors intersection,Deux véhicules - par l’arrière,Plein jour,Normale,Voie Communale,,8,Plat,Partie rectiligne,,270,normale,,Sur chaussée,Passager,1,M,52-53,Promenade - loisirs,Casque,Non déterminable,1,1,07 - juillet,0 - lundi,Paris 8e  Arrondissement
,201800051141,2018-07-09,75,17,75108,48.8673,2.31523,Hors intersection,Deux véhicules - par l’arrière,Plein jour,Normale,Voie Communale,,8,Plat,Partie rectiligne,,270,normale,,Sur chaussée,Passager,1,F,15-16,Promenade - loisirs,Casque,Non déterminable,1,1,07 - juillet,0 - lundi,Paris 8e  Arrondissement
,201800051141,2018-07-09,75,17,75108,48.8673,2.31523,Hors intersection,Deux véhicules - par l’arrière,Plein jour,Normale,Voie Communale,,8,Plat,Partie rectiligne,,270,normale,,Sur chaussée,Passager,1,M,11-12,Promenade - loisirs,Casque,Non déterminable,1,1,07 - juillet,0 - lundi,Paris 8e  Arrondissement
,201800052098,2018-07-09,75,18,75112,48.844,2.37294,Hors intersection,Autre,Plein jour,Normale,Voie Communale,,2,Pente,,,,normale,,Sur chaussée,Conducteur,0,M,27-28,Promenade - loisirs,Casque,Oui,,1,07 - juillet,0 - lundi,Paris 12e  Arrondissement
,201800052775,2018-07-09,75,9,75114,48.8237,2.33581,Hors intersection,Deux véhicules - frontale,Plein jour,Normale,Voie Communale,,,Pente,Partie rectiligne,,78,normale,,Sur chaussée,Conducteur,0,M,56-57,Domicile - travail,Casque,Non déterminable,1,1,07 - juillet,0 - lundi,Paris 14e  Arrondissement
,201800052775,2018-07-09,75,9,75114,48.8237,2.33581,Hors intersection,Deux véhicules - frontale,Plein jour,Normale,Voie Communale,,,Pente,Partie rectiligne,,78,normale,,Sur chaussée,Conducteur,1,M,41-42,Domicile - travail,Casque,Non déterminable,1,1,07 - juillet,0 - lundi,Paris 14e  Arrondissement
,201800054155,2018-07-09,75,17,75118,48.8936,2.36271,Hors intersection,Autre,Plein jour,Normale,Voie Communale,,1,Plat,Partie rectiligne,,,normale,,Sur chaussée,Conducteur,0,M,32-33,,Casque,Oui,,1,07 - juillet,0 - lundi,Paris 18e  Arrondissement
,201800000495,2018-07-08,35,12,35080,48.10245,-1.87465,Intersection en X,Deux véhicules - par le coté,Plein jour,Normale,Voie Communale,,2,Bas de côte,Partie rectiligne,,,normale,,Sur chaussée,Conducteur,3,M,5-6,Promenade - loisirs,Casque,Oui,1,1,07 - juillet,6 - dimanche,Cintré
,201800000618,2018-07-08,22,17,22179,48.66299,-2.32582,Hors intersection,Deux véhicules - par le coté,Plein jour,Normale,Route Départementale,,2,Plat,En courbe à droite,,,normale,,Sur chaussée,Conducteur,2,M,66-67,Promenade - loisirs,Casque,Non,1,,07 - juillet,6 - dimanche,Fréhel
,201800002227,2018-07-08,38,10,38436,45.06846,5.64952,Hors intersection,Deux véhicules - par le coté,Plein jour,Normale,Voie Communale,,2,Pente,Partie rectiligne,,,normale,,Sur chaussée,Conducteur,2,M,54-55,Promenade - loisirs,Casque,Non,1,1,07 - juillet,6 - dimanche,Saint-Paul-de-Varces
,201800002269,2018-07-08,38,19,38445,45.05982,5.75249,Intersection en Y,Deux véhicules - par le coté,Plein jour,Normale,Route Nationale,,2,Pente,En courbe à gauche,,,normale,,Sur chaussée,Conducteur,1,M,24-25,Promenade - loisirs,Casque,Non,1,,07 - juillet,6 - dimanche,Saint-Pierre-de-Mésage
,201800003611,2018-07-08,13,5,13050,43.66826,5.23622,Hors intersection,Aucune,Crépuscule ou aube,Normale,Voie Communale,,1,Pente,En courbe à droite,,,normale,,Sur chaussée,Conducteur,3,M,66-67,Promenade - loisirs,Casque,Non,,,07 - juillet,6 - dimanche,Lambesc
,201800010836,2018-07-08,48,12,48088,44.30203,3.31369,Hors intersection,Deux véhicules - par l’arrière,Plein jour,Normale,Route Départementale,,2,Pente,Partie rectiligne,,,normale,,Sur chaussée,Conducteur,1,M,42-43,Promenade - loisirs,Casque,,1,1,07 - juillet,6 - dimanche,Malène
,201800012564,2018-07-08,10,19,10323,48.51057,3.72573,Hors intersection,Deux véhicules - par le coté,Plein jour,Normale,Route Départementale,,2,Plat,Partie rectiligne,,,normale,,Sur chaussée,Conducteur,1,M,9-10,,Casque,,1,,07 - juillet,6 - dimanche,Romilly-sur-Seine
,201800014996,2018-07-08,38,11,38422,45.15645,5.82354,Hors intersection,Aucune,Plein jour,Normale,Route Départementale,,2,Pente,Partie rectiligne,,,normale,,Sur trottoir,Conducteur,2,M,60-61,Promenade - loisirs,Casque,Oui,,1,07 - juillet,6 - dimanche,'Saint-Martin-d''Uriage'
,201800015308,2018-07-08,29,13,29165,47.82042,-4.26882,Intersection en T,Aucune,Plein jour,Normale,Voie Communale,,2,Plat,Partie rectiligne,,,normale,,Sur piste cyclable,Conducteur,2,M,66-67,Promenade - loisirs,Casque,Oui,1,,07 - juillet,6 - dimanche,Plobannalec-Lesconil