test,identifiantAccident,date,departement,heure,commune,lat,lon,typeIntersection,typeCollision,luminosite,conditionsAtmosperiques,typeRoute,circulation,nbVoies,profilLongRoute,tracePlanRoute,largeurTPC,largeurRoute,etatSurface,amenagement,situation,categorieUsager,graviteAccident,sexe,age,motifDeplacement,existenceSecurite,usageSecurite,nombreAutresVehicules,enAgglomeration,mois,jour,NCCENR
,201800015700,2018-07-08,44,11,44131,47.11215,-2.13964,Hors intersection,Autre,Plein jour,Normale,Voie Communale,,2,Pente,En courbe à droite,,,normale,,Sur chaussée,Conducteur,2,F,61-62,Promenade - loisirs,Casque,Non,1,1,07 - juillet,6 - dimanche,Pornic
,201800016614,2018-07-08,42,11,42311,45.47953,4.39699,Intersection en Y,Deux véhicules - frontale,Plein jour,Temps éblouissant,Route Départementale,,2,Plat,Partie rectiligne,,,normale,Carrefour aménagé,Sur chaussée,Conducteur,2,M,40-41,Promenade - loisirs,Casque,Oui,1,1,07 - juillet,6 - dimanche,Tour-en-Jarez
,201800018859,2018-07-08,56,11,56034,47.574,-3.06873,Hors intersection,Deux véhicules - par le coté,Plein jour,Normale,Voie Communale,,2,Plat,Partie rectiligne,,,normale,,Sur chaussée,Conducteur,2,M,70-71,Promenade - loisirs,Casque,Non,1,1,07 - juillet,6 - dimanche,Carnac
,201800019229,2018-07-08,91,10,91272,48.7022,2.14704,Intersection en T,Deux véhicules - par le coté,Plein jour,Normale,Voie Communale,,2,Plat,Partie rectiligne,,,normale,,Sur chaussée,Conducteur,2,M,74-75,Promenade - loisirs,Casque,Oui,1,1,07 - juillet,6 - dimanche,Gif-sur-Yvette
,201800036123,2018-07-08,87,11,87085,45.8241,1.25448,Hors intersection,Autre,Plein jour,Normale,Voie Communale,,2,Plat,Partie rectiligne,,,normale,,Sur accotement,Conducteur,2,M,55-56,Promenade - loisirs,Dispositif enfants,,,1,07 - juillet,6 - dimanche,Limoges
,201800039900,2018-07-08,93,17,93029,48.93388,2.45104,Intersection en T,Deux véhicules - par le coté,Plein jour,Normale,Voie Communale,,1,Plat,Partie rectiligne,,,normale,,Sur chaussée,Conducteur,2,M,26-27,Promenade - loisirs,Casque,Non,1,1,07 - juillet,6 - dimanche,Drancy
,201800002490,2018-07-07,73,2,73248,45.27592,6.34789,Intersection en Y,Aucune,Nuit avec éclairage public allumé,Normale,Voie Communale,,1,Plat,Partie rectiligne,,,normale,,Sur chaussée,Conducteur,2,M,20-21,Promenade - loisirs,Casque,Non,,1,07 - juillet,5 - samedi,Saint-Jean-de-Maurienne
,201800003862,2018-07-07,83,13,83101,43.22611,6.61258,Hors intersection,Deux véhicules - frontale,Plein jour,Normale,Route Départementale,,2,Bas de côte,En courbe à gauche,,,normale,,Sur chaussée,Conducteur,2,M,64-65,Promenade - loisirs,Casque,Oui,1,,07 - juillet,5 - samedi,Ramatuelle
,201800012201,2018-07-07,53,11,53096,48.29847,-0.93804,Hors intersection,Autre,Plein jour,Normale,Voie Communale,,2,Pente,Partie rectiligne,,,normale,,Sur chaussée,Conducteur,2,M,66-67,Promenade - loisirs,Casque,Oui,1,1,07 - juillet,5 - samedi,Ernée
,201800014838,2018-07-07,2,9,2095,49.98734,3.45385,Hors intersection,Trois véhicules et plus - collisions multiples,Plein jour,Normale,Autre,,2,Plat,Partie rectiligne,,,normale,,Sur chaussée,Conducteur,1,M,31-32,Promenade - loisirs,,,2,1,07 - juillet,5 - samedi,Bohain-en-Vermandois
,201800017769,2018-07-07,69,10,69168,45.83591,4.83824,Giratoire,Deux véhicules - par le coté,Plein jour,Normale,Voie Communale,,2,Pente,En courbe à droite,,,normale,Carrefour aménagé,Sur piste cyclable,Conducteur,2,F,64-65,Promenade - loisirs,Casque,Oui,1,1,07 - juillet,5 - samedi,Rochetaillée-sur-Saône
,201800041674,2018-07-07,94,11,94018,48.82563,2.3924,Hors intersection,Deux véhicules - par le coté,Plein jour,Normale,Route Départementale,,5,Plat,Partie rectiligne,,,normale,,Sur chaussée,Conducteur,1,M,61-62,Promenade - loisirs,Autre,Non,1,1,07 - juillet,5 - samedi,Charenton-le-Pont
,201800042096,2018-07-07,94,20,94033,48.8539,2.46971,Hors intersection,Autre,Plein jour,Normale,Route Départementale,,3,Plat,Partie rectiligne,,14,normale,,Sur chaussée,Conducteur,0,M,29-30,Promenade - loisirs,Autre,Non,1,1,07 - juillet,5 - samedi,Fontenay-sous-Bois
,201800000416,2018-07-06,27,14,27602,49.0034,1.05848,Hors intersection,Deux véhicules - par l’arrière,Plein jour,Normale,Route Départementale,,2,Plat,Partie rectiligne,,,normale,,Sur chaussée,Conducteur,2,M,12-13,Promenade - loisirs,Autre,Non,1,,07 - juillet,4 - vendredi,Saint-Sébastien-de-Morsent
,201800010698,2018-07-06,8,16,8487,50.06822,4.72956,Hors intersection,Deux véhicules - frontale,Plein jour,Normale,Voie Communale,,2,Plat,Partie rectiligne,,,normale,,Sur chaussée,Conducteur,2,M,57-58,Promenade - loisirs,Equipement réfléchissant,Oui,1,1,07 - juillet,4 - vendredi,Vireux-Wallerand
,201800012188,2018-07-06,53,11,53147,48.28577,-0.62305,Giratoire,Deux véhicules - par le coté,Plein jour,Temps éblouissant,Route Départementale,,2,Plat,En courbe à gauche,,,normale,,Sur chaussée,Conducteur,3,M,65-66,,Casque,,1,1,07 - juillet,4 - vendredi,Mayenne
,201800015943,2018-07-06,39,10,39397,46.52257,5.6105,Intersection en X,Deux véhicules - par le coté,Plein jour,Normale,Route Départementale,,2,Plat,En courbe à gauche,,,normale,,Sur chaussée,Conducteur,2,F,67-68,,Casque,Non,1,1,07 - juillet,4 - vendredi,Orgelet
,201800019985,2018-07-06,77,11,77385,48.84848,3.23189,Intersection en T,Deux véhicules - par le coté,Plein jour,Normale,Route Départementale,,2,Plat,En courbe à droite,,,normale,Carrefour aménagé,Sur chaussée,Conducteur,2,M,81-82,Promenade - loisirs,Casque,Oui,1,1,07 - juillet,4 - vendredi,Rebais
,201800037157,2018-07-06,92,13,92014,48.78489,2.30974,Intersection en X,Deux véhicules - par le coté,Plein jour,Normale,Route Départementale,,3,Plat,Partie rectiligne,,,normale,,Sur chaussée,Conducteur,1,F,38-39,Autre,Casque,Non,1,1,07 - juillet,4 - vendredi,Bourg-la-Reine
,201800037157,2018-07-06,92,13,92014,48.78489,2.30974,Intersection en X,Deux véhicules - par le coté,Plein jour,Normale,Route Départementale,,3,Plat,Partie rectiligne,,,normale,,Sur chaussée,Passager,1,M,2-3,Autre,Casque,Oui,1,1,07 - juillet,4 - vendredi,Bourg-la-Reine
,201800038295,2018-07-06,92,16,92044,48.89276,2.28547,Hors intersection,Deux véhicules - par l’arrière,Plein jour,Normale,Voie Communale,,2,Plat,Partie rectiligne,,,normale,,Sur chaussée,Conducteur,2,M,24-25,Promenade - loisirs,Autre,Non,1,1,07 - juillet,4 - vendredi,Levallois-Perret
,201800050289,2018-07-06,75,18,75101,48.8651,2.32799,Hors intersection,Autre,Plein jour,Normale,Voie Communale,,1,Plat,Partie rectiligne,,,normale,,Sur piste cyclable,Conducteur,2,M,29-30,Promenade - loisirs,Dispositif enfants,,,1,07 - juillet,4 - vendredi,Paris 1er Arrondissement
,201800051774,2018-07-06,75,15,75111,48.8581,2.37164,Intersection en X,Deux véhicules - par le coté,Plein jour,Normale,Voie Communale,,,Plat,Partie rectiligne,,,normale,,Sur chaussée,Conducteur,1,M,28-29,Domicile - travail,Casque,Non,1,1,07 - juillet,4 - vendredi,Paris 11e  Arrondissement
,201800052773,2018-07-06,75,19,75114,48.836,2.3276,Intersection en X,Deux véhicules - par le coté,Plein jour,Normale,Voie Communale,,,Plat,Partie rectiligne,,60,normale,Zone piétonne,Sur chaussée,Conducteur,1,M,63-64,Domicile - travail,Casque,Non déterminable,1,1,07 - juillet,4 - vendredi,Paris 14e  Arrondissement
,201800053066,2018-07-06,75,6,75115,48.8336,2.30919,Intersection en X,Deux véhicules - par le coté,Plein jour,Normale,Voie Communale,,2,Plat,Partie rectiligne,,,normale,,Sur chaussée,Conducteur,1,M,19-20,Promenade - loisirs,Casque,Non,1,1,07 - juillet,4 - vendredi,Paris 15e  Arrondissement
,201800002185,2018-07-05,38,11,38317,45.12568,5.69804,Hors intersection,Deux véhicules - par le coté,Plein jour,Normale,Route Départementale,,2,Plat,Partie rectiligne,,,normale,,Sur chaussée,Conducteur,1,M,44-45,,Casque,Oui,1,1,07 - juillet,3 - jeudi,Pont-de-Claix
,201800003000,2018-07-05,67,16,67351,48.96722,7.98779,Hors intersection,Deux véhicules - frontale,Plein jour,Normale,Route Départementale,,2,Plat,Partie rectiligne,,,mouillée,,Sur chaussée,Conducteur,1,M,17-18,Domicile - école,Casque,Oui,1,1,07 - juillet,3 - jeudi,Seebach
,201800003988,2018-07-05,84,18,84042,43.7768,5.45473,Hors intersection,Aucune,Plein jour,Temps éblouissant,Route Départementale,,2,Plat,Partie rectiligne,,,normale,,Sur chaussée,Conducteur,2,M,52-53,Promenade - loisirs,Casque,Oui,,,07 - juillet,3 - jeudi,Cucuron
,201800011836,2018-07-05,4,9,4139,44.1695,5.82238,Hors intersection,Trois véhicules et plus - en chaîne,Plein jour,Normale,Route Départementale,,2,Pente,Partie rectiligne,,,normale,,Sur chaussée,Conducteur,1,M,48-49,Utilisation professionnelle,Casque,Oui,2,,07 - juillet,3 - jeudi,Noyers-sur-Jabron
,201800011836,2018-07-05,4,9,4139,44.1695,5.82238,Hors intersection,Trois véhicules et plus - en chaîne,Plein jour,Normale,Route Départementale,,2,Pente,Partie rectiligne,,,normale,,Sur chaussée,Conducteur,2,M,41-42,Utilisation professionnelle,Casque,Oui,2,,07 - juillet,3 - jeudi,Noyers-sur-Jabron
,201800011836,2018-07-05,4,9,4139,44.1695,5.82238,Hors intersection,Trois véhicules et plus - en chaîne,Plein jour,Normale,Route Départementale,,2,Pente,Partie rectiligne,,,normale,,Sur chaussée,Conducteur,0,M,51-52,Utilisation professionnelle,Casque,Oui,2,,07 - juillet,3 - jeudi,Noyers-sur-Jabron
,201800014557,2018-07-05,15,17,15162,45.28543,2.64714,Giratoire,Deux véhicules - par le coté,Plein jour,Normale,Route Départementale,,2,Plat,En courbe à gauche,,,normale,,Sur chaussée,Conducteur,2,M,55-56,Promenade - loisirs,Casque,,1,1,07 - juillet,3 - jeudi,Riom-ès-Montagnes
,201800015427,2018-07-05,29,20,29199,48.57278,-3.71785,Hors intersection,Deux véhicules - par le coté,Plein jour,Normale,Voie Communale,,2,Plat,Partie rectiligne,,,normale,,Sur chaussée,Conducteur,2,M,52-53,Domicile - travail,Casque,Non,1,1,07 - juillet,3 - jeudi,Plouigneau
,201800037935,2018-07-05,92,18,92026,48.89904,2.26162,Hors intersection,Deux véhicules - frontale,Plein jour,Normale,Voie Communale,,1,Plat,,,,normale,,Sur chaussée,Conducteur,2,F,34-35,,Casque,Oui,1,1,07 - juillet,3 - jeudi,Courbevoie
,201800039145,2018-07-05,92,10,92075,48.81879,2.28596,Hors intersection,Aucune,Plein jour,Normale,Voie Communale,,2,Pente,Partie rectiligne,,,normale,,Sur chaussée,Conducteur,1,M,15-16,Autre,Casque,Oui,,1,07 - juillet,3 - jeudi,Vanves
,201800050706,2018-07-05,75,3,75105,48.8527,2.34762,Intersection en T,Deux véhicules - par l’arrière,Nuit avec éclairage public allumé,Normale,Voie Communale,,2,Plat,Partie rectiligne,,143,normale,,Sur chaussée,Conducteur,1,M,21-22,Promenade - loisirs,Casque,Non,1,1,07 - juillet,3 - jeudi,Paris 5e  Arrondissement
,201800050901,2018-07-05,75,22,75106,48.8544,2.34068,Intersection en T,Deux véhicules - par le coté,Nuit avec éclairage public allumé,Normale,Voie Communale,,1,Plat,Partie rectiligne,,,normale,,,Conducteur,1,M,26-27,,Casque,Non,1,1,07 - juillet,3 - jeudi,Paris 6e  Arrondissement
,201800051773,2018-07-05,75,23,75111,48.856,2.38625,Intersection en X,Autre,Nuit avec éclairage public allumé,Normale,Voie Communale,,1,Pente,Partie rectiligne,,,normale,,Sur chaussée,Conducteur,0,M,26-27,Autre,Casque,Non,,1,07 - juillet,3 - jeudi,Paris 11e  Arrondissement
,201800052470,2018-07-05,75,15,75113,48.8192,2.35948,Autre intersection,Deux véhicules - par le coté,Plein jour,Temps couvert,Voie Communale,,4,Plat,Partie rectiligne,,120,normale,,Sur chaussée,Conducteur,1,M,33-34,Promenade - loisirs,Casque,Non,1,1,07 - juillet,3 - jeudi,Paris 13e  Arrondissement
,201800053831,2018-07-05,75,16,75108,48.8818,2.31963,Hors intersection,Autre,Plein jour,Normale,Voie Communale,,4,Plat,Partie rectiligne,,,normale,,Sur piste cyclable,Conducteur,0,M,28-29,,Casque,Non déterminable,,1,07 - juillet,3 - jeudi,Paris 8e  Arrondissement
,201800054151,2018-07-05,75,10,75118,48.8843,2.35573,Intersection en X,Deux véhicules - par le coté,Plein jour,Temps couvert,Voie Communale,,2,Pente,En courbe à droite,,,normale,,Sur piste cyclable,Conducteur,1,F,29-30,Autre,Casque,Non,1,1,07 - juillet,3 - jeudi,Paris 18e  Arrondissement
,201800054154,2018-07-05,75,15,75118,48.8845,2.36263,Hors intersection,Deux véhicules - par le coté,Plein jour,Normale,Voie Communale,,1,Plat,Partie rectiligne,30,60,normale,,Sur piste cyclable,Conducteur,1,M,74-75,Promenade - loisirs,Casque,Non,1,1,07 - juillet,3 - jeudi,Paris 18e  Arrondissement
,201800011607,2018-07-04,85,10,85246,46.74719,-1.20136,Hors intersection,Autre,Plein jour,Normale,Route Départementale,,2,Plat,Partie rectiligne,,,normale,,Sur chaussée,Conducteur,2,M,75-76,Promenade - loisirs,Casque,Oui,,,07 - juillet,2 - mercredi,Saint-Martin-des-Noyers
,201800013551,2018-07-04,14,11,14278,49.1752,-0.58175,Hors intersection,Deux véhicules - par le coté,Plein jour,Normale,Route Départementale,,2,Plat,Partie rectiligne,,,normale,,Sur chaussée,Conducteur,1,M,65-66,Promenade - loisirs,Casque,Oui,1,,07 - juillet,2 - mercredi,Fontenay-le-Pesnel
,201800015715,2018-07-04,44,16,44220,47.20533,-1.91071,Hors intersection,Deux véhicules - par le coté,Plein jour,Normale,Route Départementale,,2,Plat,Partie rectiligne,,,normale,,Sur chaussée,Conducteur,2,M,64-65,Promenade - loisirs,Casque,Oui,1,,07 - juillet,2 - mercredi,Vue
,201800017084,2018-07-04,61,15,61187,48.66168,0.58438,Hors intersection,Deux véhicules - par l’arrière,Plein jour,Normale,Route Départementale,,2,Pente,Partie rectiligne,,,normale,,Sur chaussée,Conducteur,1,M,17-18,Promenade - loisirs,Casque,Oui,1,,07 - juillet,2 - mercredi,Genettes
,201800029024,2018-07-04,57,20,57491,49.24974,6.04853,Hors intersection,Deux véhicules - par le coté,Crépuscule ou aube,Normale,Voie Communale,,,Plat,Partie rectiligne,,,normale,,Sur accotement,Conducteur,2,M,14-15,Promenade - loisirs,Casque,Oui,1,1,07 - juillet,2 - mercredi,Moyeuvre-Grande
,201800030832,2018-07-04,64,18,64445,43.2941,-0.3753,Hors intersection,Deux véhicules - frontale,Plein jour,Normale,Voie Communale,,2,Bas de côte,En courbe à droite,,,mouillée,,Sur accotement,Conducteur,1,M,45-46,Autre,Casque,Non déterminable,1,1,07 - juillet,2 - mercredi,Pau
,201800036120,2018-07-04,87,15,87085,45.8673,1.26936,Giratoire,Aucune,Plein jour,Pluie forte,Voie Communale,,3,Pente,Partie rectiligne,,,mouillée,Carrefour aménagé,Sur accotement,Conducteur,1,F,52-53,Utilisation professionnelle,Casque,Oui,,1,07 - juillet,2 - mercredi,Limoges
,201800042479,2018-07-04,94,9,94041,48.81837,2.37506,Hors intersection,Deux véhicules - par le coté,Plein jour,Normale,Voie Communale,,2,Plat,Partie rectiligne,,,normale,,Sur chaussée,Conducteur,1,M,25-26,,Casque,Oui,1,1,07 - juillet,2 - mercredi,Ivry-sur-Seine
,201800050577,2018-07-04,75,6,75104,48.859,2.35021,Intersection en T,Deux véhicules - par le coté,Plein jour,Normale,Voie Communale,,,Plat,,,60,normale,Zone piétonne,Sur chaussée,Conducteur,1,M,41-42,Domicile - travail,Casque,Oui,1,1,07 - juillet,2 - mercredi,Paris 4e  Arrondissement
,201800051135,2018-07-04,75,9,75108,48.8729,2.31595,Intersection en X,Deux véhicules - par l’arrière,Plein jour,Normale,Voie Communale,,1,Pente,Partie rectiligne,,,normale,,Sur chaussée,Conducteur,1,M,38-39,Domicile - travail,Casque,Non,1,1,07 - juillet,2 - mercredi,Paris 8e  Arrondissement
,201800051528,2018-07-04,75,16,75110,48.8703,2.3499,Hors intersection,Deux véhicules - par l’arrière,Plein jour,Normale,Voie Communale,,3,Plat,Partie rectiligne,,80,normale,,Sur chaussée,Conducteur,1,M,26-27,Autre,Casque,Oui,1,1,07 - juillet,2 - mercredi,Paris 10e  Arrondissement
,201800052092,2018-07-04,75,16,75112,48.8443,2.39019,Intersection en T,Aucune,Plein jour,Normale,Voie Communale,,2,Pente,Partie rectiligne,100,100,normale,Carrefour aménagé,Sur chaussée,Conducteur,1,M,24-25,Promenade - loisirs,Casque,Non,,1,07 - juillet,2 - mercredi,Paris 12e  Arrondissement
,201800052771,2018-07-04,75,18,75114,48.8259,2.32226,Intersection en T,Deux véhicules - par le coté,Plein jour,Normale,Voie Communale,,,Plat,Partie rectiligne,,,normale,,Sur chaussée,Conducteur,0,F,23-24,,Casque,Non,1,1,07 - juillet,2 - mercredi,Paris 14e  Arrondissement
,201800053434,2018-07-04,75,13,75116,48.8727,2.28452,Intersection en X,Deux véhicules - par le coté,Plein jour,Normale,Voie Communale,,2,Plat,Partie rectiligne,,,normale,Carrefour aménagé,Sur piste cyclable,Conducteur,1,F,57-58,Promenade - loisirs,Casque,Oui,1,1,07 - juillet,2 - mercredi,Paris 16e  Arrondissement
,201800053435,2018-07-04,75,21,75116,48.8678,2.25104,Intersection en X,Deux véhicules - par le coté,Plein jour,Normale,Voie Communale,,4,Plat,Partie rectiligne,,,normale,,Sur chaussée,Conducteur,1,M,40-41,Promenade - loisirs,Casque,Non déterminable,1,1,07 - juillet,2 - mercredi,Paris 16e  Arrondissement
,201800054758,2018-07-04,75,3,75120,48.8645,2.40858,Place,Autre,Nuit avec éclairage public allumé,Normale,Voie Communale,,1,Plat,En courbe à droite,,40,normale,Carrefour aménagé,Sur chaussée,Conducteur,1,M,30-31,Promenade - loisirs,Casque,Non,1,1,07 - juillet,2 - mercredi,Paris 20e  Arrondissement
,201800002458,2018-07-03,73,17,73034,45.72135,6.56637,Intersection en T,Deux véhicules - par le coté,Plein jour,Normale,Voie Communale,,2,Pente,Partie rectiligne,,,normale,,Sur chaussée,Conducteur,2,M,62-63,,Casque,,1,,07 - juillet,1 - mardi,Beaufort
,201800003774,2018-07-03,83,15,83023,43.40922,6.06656,Autre intersection,Autre,Plein jour,Normale,Voie Communale,,2,Plat,Partie rectiligne,,,normale,,Sur chaussée,Conducteur,2,M,36-37,Domicile - travail,Equipement réfléchissant,Non,1,1,07 - juillet,1 - mardi,Brignoles
,201800015105,2018-07-03,38,10,38015,45.54017,5.15512,Hors intersection,Trois véhicules et plus - collisions multiples,Plein jour,Normale,Route Départementale,,2,Plat,Partie rectiligne,,,normale,,Sur chaussée,Conducteur,1,M,73-74,Promenade - loisirs,Casque,Oui,1,1,07 - juillet,1 - mardi,Artas
,201800015105,2018-07-03,38,10,38015,45.54017,5.15512,Hors intersection,Trois véhicules et plus - collisions multiples,Plein jour,Normale,Route Départementale,,2,Plat,Partie rectiligne,,,normale,,Sur chaussée,Conducteur,2,M,70-71,Promenade - loisirs,Casque,Oui,1,1,07 - juillet,1 - mardi,Artas
,201800022799,2018-07-03,67,13,67073,48.28187,7.40221,Hors intersection,Aucune,Plein jour,Normale,Route Départementale,,2,Plat,Partie rectiligne,,,normale,,Sur chaussée,Conducteur,2,M,35-36,Promenade - loisirs,Casque,,,,07 - juillet,1 - mardi,Châtenois
,201800037634,2018-07-03,92,9,92023,48.81226,2.26194,Intersection en T,Deux véhicules - par le coté,Plein jour,Normale,Voie Communale,,2,Plat,Partie rectiligne,,,normale,,Sur chaussée,Conducteur,1,M,27-28,Domicile - travail,Casque,Oui,1,1,07 - juillet,1 - mardi,Clamart
,201800050466,2018-07-03,75,12,75103,48.8664,2.36039,Intersection en T,Deux véhicules - par l’arrière,Plein jour,Normale,Voie Communale,,2,Plat,Partie rectiligne,,73,normale,Carrefour aménagé,Sur chaussée,Conducteur,1,M,71-72,Promenade - loisirs,Casque,Non,1,1,07 - juillet,1 - mardi,Paris 3e  Arrondissement
,201800050466,2018-07-03,75,12,75103,48.8664,2.36039,Intersection en T,Deux véhicules - par l’arrière,Plein jour,Normale,Voie Communale,,2,Plat,Partie rectiligne,,73,normale,Carrefour aménagé,Sur chaussée,Conducteur,0,M,41-42,Promenade - loisirs,Casque,Non,1,1,07 - juillet,1 - mardi,Paris 3e  Arrondissement
,201800051366,2018-07-03,75,8,75109,48.8783,2.32692,Hors intersection,Deux véhicules - par le coté,Plein jour,Temps éblouissant,Voie Communale,,2,Pente,Partie rectiligne,,60,normale,,Sur chaussée,Conducteur,1,M,43-44,,Casque,Oui,1,1,07 - juillet,1 - mardi,Paris 9e  Arrondissement
,201800053430,2018-07-03,75,10,75116,48.8618,2.23025,Intersection en T,Autre,Plein jour,Normale,Voie Communale,,3,Plat,Partie rectiligne,,,normale,,Sur piste cyclable,Conducteur,1,M,76-77,Promenade - loisirs,Casque,Oui,,1,07 - juillet,1 - mardi,Paris 16e  Arrondissement
,201800056001,2018-07-03,973,10,97304,5.17468,-52.65273,Hors intersection,Deux véhicules - frontale,Plein jour,Normale,Route Départementale,,2,Plat,Partie rectiligne,,,normale,,Sur chaussée,Conducteur,2,M,20-21,Courses - achats,Casque,Non,1,1,07 - juillet,1 - mardi,Kourou
,201800056456,2018-07-03,972,17,97206,14.49029,-61.04334,Intersection en T,Deux véhicules - par l’arrière,Plein jour,Normale,Route Départementale,,2,Pente,Partie rectiligne,,,normale,,Sur chaussée,Conducteur,2,M,16-17,,Casque,Non,1,,07 - juillet,1 - mardi,Diamant
,201800003687,2018-07-02,5,15,5065,44.66037,6.65862,Hors intersection,Deux véhicules - par le coté,Plein jour,Normale,Route Départementale,,2,Pente,Partie rectiligne,,,normale,,Sur chaussée,Conducteur,1,M,17-18,Promenade - loisirs,Casque,Oui,1,1,07 - juillet,0 - lundi,Guillestre
,201800017857,2018-07-02,33,13,33514,45.50802,-1.11222,Hors intersection,Deux véhicules - frontale,Plein jour,Normale,Voie Communale,,2,Pente,En courbe à droite,,,normale,,Sur trottoir,Conducteur,1,F,33-34,Domicile - travail,Casque,Non,1,1,07 - juillet,0 - lundi,Soulac-sur-Mer
,201800023637,2018-07-02,32,11,32013,43.6436,0.5871,Hors intersection,Deux véhicules - par le coté,Plein jour,Temps couvert,Voie Communale,,2,Plat,Partie rectiligne,,,normale,,Sur accotement,Conducteur,1,M,83-84,Promenade - loisirs,Dispositif enfants,,1,1,07 - juillet,0 - lundi,Auch
,201800036121,2018-07-02,87,17,87114,45.8284,1.30682,Hors intersection,Aucune,Plein jour,Normale,Voie Communale,,2,Plat,Partie rectiligne,,,normale,,Sur accotement,Conducteur,2,M,14-15,Promenade - loisirs,Dispositif enfants,,,1,07 - juillet,0 - lundi,Panazol
,201800040425,2018-07-02,93,9,93049,48.46,2.5,Hors intersection,Deux véhicules - par le coté,Plein jour,Normale,Voie Communale,,1,Pente,Partie rectiligne,,50,normale,,,Conducteur,2,M,34-35,,Casque,Non,1,1,07 - juillet,0 - lundi,Neuilly-Plaisance
,201800050286,2018-07-02,75,11,75101,48.8654,2.32697,Hors intersection,Deux véhicules - par l’arrière,Plein jour,Normale,Voie Communale,,3,Plat,Partie rectiligne,,160,mouillée,,Sur chaussée,Conducteur,1,F,41-42,Utilisation professionnelle,Casque,Non,1,1,07 - juillet,0 - lundi,Paris 1er Arrondissement
,201800051132,2018-07-02,75,13,75108,48.8666,2.3219,Place,Deux véhicules - par le coté,Plein jour,Normale,Voie Communale,,3,Plat,,,,normale,,Sur chaussée,Conducteur,1,F,49-50,,Casque,Oui,1,1,07 - juillet,0 - lundi,Paris 8e  Arrondissement
,201800051770,2018-07-02,75,19,75111,48.8529,2.38851,Intersection en X,Deux véhicules - par le coté,Plein jour,Normale,Voie Communale,,3,Plat,Partie rectiligne,,150,normale,,Sur chaussée,Conducteur,1,M,20-21,Promenade - loisirs,Casque,Non déterminable,1,1,07 - juillet,0 - lundi,Paris 11e  Arrondissement
,201800052465,2018-07-02,75,17,75113,48.8346,2.36734,Intersection en X,Aucune,Plein jour,Normale,Voie Communale,,2,Plat,Partie rectiligne,,50,normale,,Sur piste cyclable,Conducteur,1,M,54-55,Domicile - travail,Casque,Oui,,1,07 - juillet,0 - lundi,Paris 13e  Arrondissement
,201800054145,2018-07-02,75,21,75118,48.8845,2.35932,Intersection en X,Deux véhicules - par le coté,Nuit avec éclairage public allumé,Normale,Voie Communale,,4,Plat,,,,normale,,,Conducteur,2,M,20-21,,Casque,Non déterminable,1,1,07 - juillet,0 - lundi,Paris 18e  Arrondissement
,201800056524,2018-07-02,974,19,97422,-21.24178,55.49163,Hors intersection,Aucune,Nuit sans éclairage public,Normale,Route Départementale,,2,Pente,En courbe à gauche,,,normale,,Sur accotement,Conducteur,2,M,18-19,Promenade - loisirs,Casque,Non,,1,07 - juillet,0 - lundi,Tampon
,201800001000,2018-07-01,72,13,72185,47.71312,-0.00436,Hors intersection,Aucune,Plein jour,Temps éblouissant,Route Départementale,,2,Plat,En courbe à gauche,,,normale,,Sur chaussée,Conducteur,3,M,45-46,Promenade - loisirs,Casque,Non,,,07 - juillet,6 - dimanche,Mareil-sur-Loir
,201800004063,2018-07-01,34,9,34146,43.67766,4.08746,Hors intersection,Deux véhicules - par l’arrière,Plein jour,Normale,Route Nationale,,1,Plat,Partie rectiligne,,,normale,,Sur accotement,Conducteur,2,M,62-63,Promenade - loisirs,Casque,,1,,07 - juillet,6 - dimanche,Lunel-Viel
,201800012379,2018-07-01,16,10,16263,45.53056,0.04067,Intersection en X,Deux véhicules - par le coté,Plein jour,Normale,Route Départementale,,2,Pente,Partie rectiligne,55,107,normale,Carrefour aménagé,Sur chaussée,Conducteur,2,M,46-47,Promenade - loisirs,Equipement réfléchissant,Oui,1,,07 - juillet,6 - dimanche,Plassac-Rouffiac
,201800013448,2018-07-01,5,17,5072,44.62818,6.08385,Hors intersection,Trois véhicules et plus - collisions multiples,Plein jour,Normale,Route Nationale,,2,Pente,Partie rectiligne,,,normale,,Sur chaussée,Conducteur,1,M,61-62,,Casque,Oui,1,,07 - juillet,6 - dimanche,Laye
,201800013448,2018-07-01,5,17,5072,44.62818,6.08385,Hors intersection,Trois véhicules et plus - collisions multiples,Plein jour,Normale,Route Nationale,,2,Pente,Partie rectiligne,,,normale,,Sur chaussée,Conducteur,0,M,64-65,Promenade - loisirs,Casque,Oui,1,,07 - juillet,6 - dimanche,Laye
,201800016727,2018-07-01,12,11,12171,44.52106,2.42754,Intersection en X,Deux véhicules - par le coté,Plein jour,Normale,Route Départementale,,2,Plat,Partie rectiligne,,,normale,,Sur chaussée,Conducteur,2,M,10-11,Promenade - loisirs,,,1,1,07 - juillet,6 - dimanche,Nauviale
,201800029701,2018-07-01,59,16,59650,50.69697,3.20412,Hors intersection,Trois véhicules et plus - en chaîne,Plein jour,Normale,Voie Communale,,2,Plat,Partie rectiligne,,,normale,,Sur accotement,Conducteur,2,M,44-45,Promenade - loisirs,Autre,Non déterminable,2,1,07 - juillet,6 - dimanche,Wattrelos
,201800038375,2018-07-01,92,9,92048,48.81772,2.20428,Intersection en X,Deux véhicules - par le coté,Plein jour,Normale,Route Départementale,,2,Plat,Partie rectiligne,,70,normale,,Sur chaussée,Conducteur,2,M,35-36,Promenade - loisirs,Casque,Oui,1,1,07 - juillet,6 - dimanche,Meudon