test,identifiantAccident,date,departement,heure,commune,lat,lon,typeIntersection,typeCollision,luminosite,conditionsAtmosperiques,typeRoute,circulation,nbVoies,profilLongRoute,tracePlanRoute,largeurTPC,largeurRoute,etatSurface,amenagement,situation,categorieUsager,graviteAccident,sexe,age,motifDeplacement,existenceSecurite,usageSecurite,nombreAutresVehicules,enAgglomeration,mois,jour,NCCENR
,201800051769,2018-07-01,75,15,75111,48.8584,2.3894,Intersection en X,Deux véhicules - par l’arrière,Plein jour,Normale,Voie Communale,,,Plat,En courbe à gauche,40,120,normale,,Sur chaussée,Conducteur,1,F,67-68,Promenade - loisirs,Casque,Non,1,1,07 - juillet,6 - dimanche,Paris 11e  Arrondissement
,201800053429,2018-07-01,75,14,75116,48.862,2.23043,Hors intersection,Deux véhicules - par l’arrière,Plein jour,Normale,Voie Communale,,2,Plat,Partie rectiligne,,,normale,,Sur piste cyclable,Conducteur,1,F,61-62,Promenade - loisirs,Casque,Oui,1,1,07 - juillet,6 - dimanche,Paris 16e  Arrondissement
,201800054142,2018-07-01,75,8,75118,48.8884,2.34956,Intersection en X,Aucune,Plein jour,Normale,Voie Communale,,1,Plat,Partie rectiligne,,60,normale,,Sur chaussée,Conducteur,1,F,31-32,Promenade - loisirs,Casque,Oui,,1,07 - juillet,6 - dimanche,Paris 18e  Arrondissement
,201800003029,2018-06-30,68,1,68311,47.97451,7.04779,Hors intersection,Autre,Nuit sans éclairage public,Normale,Route Départementale,,2,Pente,En courbe à gauche,,55,normale,,Sur accotement,Conducteur,2,M,45-46,Promenade - loisirs,Equipement réfléchissant,Oui,,,06 - juin,5 - samedi,Sondernach
,201800011323,2018-06-30,17,9,17411,45.85162,-1.2191,Hors intersection,Autre,Plein jour,Normale,Route Départementale,,2,Plat,Partie rectiligne,,63,normale,,Sur trottoir,Conducteur,2,M,32-33,Promenade - loisirs,Autre,Non,,1,06 - juin,5 - samedi,Saint-Trojan-les-Bains
,201800011797,2018-06-30,4,9,4144,43.7727,6.32513,Hors intersection,Deux véhicules - par le coté,Plein jour,Normale,Route Départementale,,2,Pente,En courbe à droite,,,normale,,Sur chaussée,Conducteur,1,M,56-57,Promenade - loisirs,Casque,Oui,1,,06 - juin,5 - samedi,Palud-sur-Verdon
,201800018857,2018-06-30,56,10,56234,47.53218,-3.13459,Hors intersection,Deux véhicules - par l’arrière,Plein jour,Temps éblouissant,Route Départementale,,2,Plat,Partie rectiligne,,,normale,,Sur chaussée,Conducteur,2,M,65-66,Promenade - loisirs,Casque,Non,1,,06 - juin,5 - samedi,Saint-Pierre-Quiberon
,201800020377,2018-06-30,67,13,67418,48.82188,8.00637,Intersection en X,Deux véhicules - par le coté,Plein jour,Normale,Route Départementale,,2,Plat,Partie rectiligne,,,normale,,Sur chaussée,Conducteur,1,M,13-14,Promenade - loisirs,Casque,,1,1,06 - juin,5 - samedi,Rountzenheim
,201800021345,2018-06-30,38,10,38383,45.3693,5.63788,Hors intersection,Deux véhicules - par l’arrière,Plein jour,Normale,Route Départementale,,2,Plat,Partie rectiligne,,,normale,,Sur chaussée,Conducteur,2,M,44-45,Promenade - loisirs,Casque,Oui,1,,06 - juin,5 - samedi,Saint-Étienne-de-Crossey
,201800029993,2018-06-30,22,20,22209,48.5765,-2.16006,Intersection en X,Deux véhicules - par le coté,Crépuscule ou aube,Normale,Route Départementale,,2,Plat,Partie rectiligne,,,normale,Carrefour aménagé,Sur chaussée,Conducteur,2,F,16-17,Promenade - loisirs,Casque,Oui,1,,06 - juin,5 - samedi,Ploubalay
,201800033384,2018-06-30,74,15,74093,45.89611,6.11127,Autre intersection,Deux véhicules - par le coté,Plein jour,Normale,Voie Communale,,1,Pente,Partie rectiligne,,,normale,Carrefour aménagé,Sur accotement,Conducteur,1,M,69-70,,Equipement réfléchissant,Non déterminable,1,1,06 - juin,5 - samedi,Cran-Gevrier
,201800037621,2018-06-30,92,2,92023,48.80492,2.26879,Autre intersection,Deux véhicules - par l’arrière,Nuit avec éclairage public allumé,Normale,Voie Communale,,2,Plat,Partie rectiligne,,,normale,,Sur chaussée,Conducteur,1,M,23-24,,Autre,Non déterminable,1,1,06 - juin,5 - samedi,Clamart
,201800039567,2018-06-30,93,16,93008,0,0,Hors intersection,Deux véhicules - frontale,Plein jour,Normale,Autre,,,Plat,En courbe à gauche,,,normale,Zone piétonne,Sur piste cyclable,Conducteur,1,M,58-59,Promenade - loisirs,Casque,Oui,1,1,06 - juin,5 - samedi,Bobigny
,201800002463,2018-06-29,73,9,73054,45.61852,6.77089,Giratoire,Deux véhicules - par le coté,Plein jour,Normale,Route Départementale,,1,Plat,En courbe à gauche,,,normale,Carrefour aménagé,Sur chaussée,Conducteur,2,M,69-70,Promenade - loisirs,Casque,Oui,1,1,06 - juin,4 - vendredi,Bourg-Saint-Maurice
,201800003725,2018-06-29,6,7,6157,43.72489,7.10348,Intersection en Y,Deux véhicules - frontale,Plein jour,Normale,,,2,Pente,En courbe à gauche,,,normale,,Sur chaussée,Conducteur,2,M,37-38,Promenade - loisirs,Casque,Non,1,1,06 - juin,4 - vendredi,Vence
,201800015011,2018-06-29,38,10,38511,45.36234,5.95533,Hors intersection,Deux véhicules - par le coté,Plein jour,Normale,Route Départementale,,2,Pente,Partie rectiligne,,,normale,,Sur piste cyclable,Conducteur,2,M,48-49,Promenade - loisirs,Casque,Oui,1,,06 - juin,4 - vendredi,Touvet
,201800020177,2018-06-29,30,18,30014,43.99967,4.36484,Hors intersection,Aucune,Plein jour,Temps éblouissant,Route Départementale,,2,Pente,Partie rectiligne,,,normale,,Sur chaussée,Conducteur,2,M,55-56,Promenade - loisirs,Casque,Oui,1,,06 - juin,4 - vendredi,Arpaillargues-et-Aureillac
,201800032908,2018-06-29,35,13,35245,48.24403,-1.88166,Hors intersection,Deux véhicules - par l’arrière,Plein jour,Normale,Voie Communale,,2,Plat,En courbe à gauche,,,normale,,Sur chaussée,Conducteur,2,M,83-84,Promenade - loisirs,Casque,Non,1,,06 - juin,4 - vendredi,Romillé
,201800037628,2018-06-29,92,10,92060,48.78194,2.25273,Hors intersection,Autre,Plein jour,Normale,Route Départementale,,2,Plat,Partie rectiligne,,,normale,,Sur chaussée,Conducteur,1,F,72-73,Promenade - loisirs,Casque,Oui,1,1,06 - juin,4 - vendredi,Plessis-Robinson
,201800039140,2018-06-29,92,11,92075,48.8142,2.2781,Intersection en X,Aucune,Plein jour,Normale,Voie Communale,,,Plat,Partie rectiligne,,,normale,,Sur chaussée,Conducteur,0,M,36-37,Promenade - loisirs,Equipement réfléchissant,Oui,1,1,06 - juin,4 - vendredi,Vanves
,201800050285,2018-06-29,75,21,75101,48.8601,2.34337,Intersection en X,Deux véhicules - par le coté,Plein jour,Normale,Voie Communale,,,Plat,Partie rectiligne,,,normale,,Sur chaussée,Conducteur,1,F,25-26,Domicile - travail,Casque,Non déterminable,1,1,06 - juin,4 - vendredi,Paris 1er Arrondissement
,201800050571,2018-06-29,75,8,75104,48.8568,2.35104,Intersection en T,Autre,Plein jour,Normale,Voie Communale,,2,Plat,En courbe à gauche,,160,normale,,,Conducteur,1,M,55-56,Domicile - travail,Casque,Non déterminable,,1,06 - juin,4 - vendredi,Paris 4e  Arrondissement
,201800053062,2018-06-29,75,20,75115,48.8488,2.29071,Hors intersection,Autre,Plein jour,Normale,Voie Communale,,1,Plat,Partie rectiligne,,,normale,,Sur chaussée,Conducteur,0,M,45-46,Utilisation professionnelle,Casque,Non déterminable,,1,06 - juin,4 - vendredi,Paris 15e  Arrondissement
,201800011574,2018-06-28,27,17,27435,49.28253,0.52371,Intersection en X,Deux véhicules - par le coté,Plein jour,Normale,Route Départementale,Avec voies d’affectation variable,,,,,,,,,Conducteur,2,F,78-79,Promenade - loisirs,Casque,Non,1,,06 - juin,3 - jeudi,Noë-Poulain
,201800019123,2018-06-28,51,9,51154,48.82853,4.08234,Intersection en X,Deux véhicules - par le coté,Plein jour,Normale,Route Départementale,,2,Plat,Partie rectiligne,,,normale,,Sur chaussée,Conducteur,2,M,65-66,Promenade - loisirs,Casque,Oui,1,1,06 - juin,3 - jeudi,Clamanges
,201800021134,2018-06-28,26,17,26380,0,0,Hors intersection,Deux véhicules - frontale,Plein jour,Normale,Route Départementale,,2,Plat,Partie rectiligne,,,normale,,Sur chaussée,Conducteur,1,M,50-51,,Autre,Non,1,1,06 - juin,3 - jeudi,Gervans
,201800029929,2018-06-28,41,19,41194,47.34701,1.7511,Intersection en X,Trois véhicules et plus - collisions multiples,Plein jour,Normale,Voie Communale,Avec voies d’affectation variable,,,,,,,,,Conducteur,1,M,55-56,Promenade - loisirs,Casque,Oui,2,1,06 - juin,3 - jeudi,Romorantin-Lanthenay
,201800039150,2018-06-28,92,9,92075,48.48426,2.16504,Intersection en X,Deux véhicules - par le coté,Plein jour,Normale,Route Départementale,,2,Pente,Partie rectiligne,,,normale,,Sur chaussée,Conducteur,1,F,44-45,,Casque,Oui,1,1,06 - juin,3 - jeudi,Vanves
,201800041350,2018-06-28,94,16,94002,48.81454,2.41087,Autre intersection,Deux véhicules - par l’arrière,Plein jour,Normale,Voie Communale,,2,Pente,Partie rectiligne,,120,normale,Pont - autopont,Sur chaussée,Conducteur,1,F,29-30,Promenade - loisirs,Autre,Non déterminable,1,1,06 - juin,3 - jeudi,Alfortville
,201800051766,2018-06-28,75,9,75111,48.8662,2.36963,Intersection en X,Deux véhicules - par le coté,Plein jour,Normale,Voie Communale,,2,Plat,Partie rectiligne,220,135,normale,,Sur chaussée,Conducteur,1,M,71-72,Domicile - travail,Casque,Non,1,1,06 - juin,3 - jeudi,Paris 11e  Arrondissement
,201800052461,2018-06-28,75,,75113,48.8425,2.36373,Hors intersection,Autre,Nuit avec éclairage public allumé,Normale,Voie Communale,,2,Plat,Partie rectiligne,,60,normale,Carrefour aménagé,Sur chaussée,Conducteur,0,M,31-32,Promenade - loisirs,Casque,Oui,,1,06 - juin,3 - jeudi,Paris 13e  Arrondissement
,201800052463,2018-06-28,75,17,75113,48.8192,2.35948,Intersection en X,Autre,Plein jour,Temps éblouissant,Voie Communale,,3,Plat,Partie rectiligne,120,80,normale,,Sur chaussée,Conducteur,0,M,35-36,Domicile - travail,Casque,Non,,1,06 - juin,3 - jeudi,Paris 13e  Arrondissement
,201800054137,2018-06-28,75,22,75118,48.8907,2.35397,Hors intersection,Trois véhicules et plus - collisions multiples,Nuit avec éclairage public allumé,Normale,Voie Communale,,2,Plat,Partie rectiligne,,,normale,,Sur chaussée,Conducteur,2,F,56-57,,Casque,Non,2,1,06 - juin,3 - jeudi,Paris 18e  Arrondissement
,201800054463,2018-06-28,75,4,75119,48.8786,2.40206,Hors intersection,Deux véhicules - par le coté,Nuit avec éclairage public allumé,Normale,Voie Communale,,2,Pente,Partie rectiligne,40,40,normale,,Sur piste cyclable,Conducteur,1,M,38-39,Autre,Casque,Non,1,1,06 - juin,3 - jeudi,Paris 19e  Arrondissement
,201800054464,2018-06-28,75,23,75119,48.885,2.38326,Intersection en X,Autre,Nuit avec éclairage public allumé,Normale,Voie Communale,,1,Pente,Partie rectiligne,,50,normale,Carrefour aménagé,Sur chaussée,Conducteur,1,M,21-22,,Casque,Non,1,1,06 - juin,3 - jeudi,Paris 19e  Arrondissement
,201800000739,2018-06-27,14,12,14047,49.27651,-0.71866,Intersection en X,Deux véhicules - par le coté,Plein jour,Normale,Voie Communale,Avec voies d’affectation variable,,,,,,,,,Conducteur,1,M,62-63,,Casque,,1,1,06 - juin,2 - mercredi,Bayeux
,201800004162,2018-06-27,34,8,34143,43.44291,3.61636,Intersection en T,Deux véhicules - par le coté,Plein jour,Normale,Route Départementale,,2,Pente,Partie rectiligne,,,normale,,Sur piste cyclable,Conducteur,2,M,68-69,Promenade - loisirs,Casque,Oui,1,,06 - juin,2 - mercredi,Loupian
,201800004814,2018-06-27,77,19,77022,48.43789,2.59292,Autre intersection,Deux véhicules - par le coté,Plein jour,Normale,Route Départementale,,2,Plat,Partie rectiligne,,,normale,,Sur chaussée,Conducteur,2,F,63-64,Promenade - loisirs,Casque,Non,1,1,06 - juin,2 - mercredi,Barbizon
,201800010616,2018-06-27,88,13,88267,48.14437,6.1505,Hors intersection,Deux véhicules - par le coté,Plein jour,Normale,Route Départementale,,2,Sommet de côte,Partie rectiligne,,,normale,,Sur chaussée,Conducteur,2,M,14-15,Promenade - loisirs,Casque,,1,1,06 - juin,2 - mercredi,Lerrain
,201800013308,2018-06-27,50,13,50644,48.58457,-1.13403,Intersection en T,Deux véhicules - par le coté,Plein jour,Normale,Route Départementale,,2,Plat,Partie rectiligne,,,normale,,Sur chaussée,Conducteur,1,F,11-12,Courses - achats,Casque,,1,1,06 - juin,2 - mercredi,Virey
,201800016643,2018-06-27,42,16,42091,45.41659,4.00204,Hors intersection,Deux véhicules - par le coté,Plein jour,Temps éblouissant,Route Départementale,,2,Pente,En courbe à gauche,,,normale,,Sur chaussée,Conducteur,2,M,61-62,Promenade - loisirs,Casque,Oui,1,,06 - juin,2 - mercredi,Estivareilles
,201800016897,2018-06-27,49,9,49331,47.6853,-0.86886,Hors intersection,Deux véhicules - frontale,Plein jour,Temps éblouissant,Voie Communale,,2,Pente,Partie rectiligne,,,normale,,Sur chaussée,Conducteur,2,M,25-26,Domicile - travail,Casque,,1,1,06 - juin,2 - mercredi,Segré
,201800017055,2018-06-27,61,21,61211,48.55105,-0.51328,Hors intersection,Trois véhicules et plus - en chaîne,Crépuscule ou aube,Temps éblouissant,Route Départementale,,2,Plat,Partie rectiligne,,,normale,,Sur chaussée,Conducteur,2,M,58-59,Promenade - loisirs,Casque,Oui,1,,06 - juin,2 - mercredi,'Juvigny Val d''Andaine'
,201800017055,2018-06-27,61,21,61211,48.55105,-0.51328,Hors intersection,Trois véhicules et plus - en chaîne,Crépuscule ou aube,Temps éblouissant,Route Départementale,,2,Plat,Partie rectiligne,,,normale,,Sur chaussée,Conducteur,2,M,54-55,Promenade - loisirs,Casque,Oui,1,,06 - juin,2 - mercredi,'Juvigny Val d''Andaine'
,201800017055,2018-06-27,61,21,61211,48.55105,-0.51328,Hors intersection,Trois véhicules et plus - en chaîne,Crépuscule ou aube,Temps éblouissant,Route Départementale,,2,Plat,Partie rectiligne,,,normale,,Sur chaussée,Conducteur,1,M,66-67,Promenade - loisirs,Casque,Oui,1,,06 - juin,2 - mercredi,'Juvigny Val d''Andaine'
,201800017055,2018-06-27,61,21,61211,48.55105,-0.51328,Hors intersection,Trois véhicules et plus - en chaîne,Crépuscule ou aube,Temps éblouissant,Route Départementale,,2,Plat,Partie rectiligne,,,normale,,Sur chaussée,Conducteur,1,M,59-60,Promenade - loisirs,Autre,Non,1,,06 - juin,2 - mercredi,'Juvigny Val d''Andaine'
,201800018015,2018-06-27,82,9,82072,44.12084,0.85445,Hors intersection,Deux véhicules - par le coté,Plein jour,Normale,Autre,,2,Plat,En « S »,,,normale,,Sur chaussée,Conducteur,2,M,79-80,Promenade - loisirs,Casque,Oui,1,1,06 - juin,2 - mercredi,Golfech
,201800020102,2018-06-27,83,18,83130,43.1812,6.07949,Giratoire,Autre,Plein jour,Temps éblouissant,Voie Communale,,2,Pente,En courbe à droite,,,normale,,Sur chaussée,Conducteur,2,F,76-77,Promenade - loisirs,Equipement réfléchissant,Non déterminable,1,1,06 - juin,2 - mercredi,Solliès-Pont
,201800037459,2018-06-27,92,17,92012,48.83879,2.24,Hors intersection,Deux véhicules - par le coté,Plein jour,Normale,Voie Communale,,1,Plat,Partie rectiligne,25,75,normale,,Sur chaussée,Conducteur,1,F,54-55,Promenade - loisirs,Casque,Oui,1,1,06 - juin,2 - mercredi,Boulogne-Billancourt
,201800040606,2018-06-27,93,17,93055,48.89565,2.415,Hors intersection,Deux véhicules - frontale,Plein jour,Normale,Autre,,,Plat,Partie rectiligne,,,normale,,Sur piste cyclable,Conducteur,2,M,68-69,Promenade - loisirs,Autre,Non,1,1,06 - juin,2 - mercredi,Pantin
,201800053059,2018-06-27,75,19,75115,48.8472,2.27917,Intersection en T,Deux véhicules - par le coté,Plein jour,Normale,Voie Communale,,,Plat,Partie rectiligne,,,normale,,Sur chaussée,Conducteur,1,F,27-28,Autre,Casque,Non déterminable,1,1,06 - juin,2 - mercredi,Paris 15e  Arrondissement
,201800053820,2018-06-27,75,13,75117,48.8822,2.30185,Hors intersection,Deux véhicules - par le coté,Plein jour,Normale,Voie Communale,,2,Plat,Partie rectiligne,,,normale,,Sur chaussée,Conducteur,0,M,34-35,Utilisation professionnelle,Casque,Non déterminable,1,1,06 - juin,2 - mercredi,Paris 17e  Arrondissement
,201800056629,2018-06-27,971,6,97113,16.21803,-61.50912,Hors intersection,Deux véhicules - par le coté,Plein jour,Pluie légère,Route Nationale,,4,Plat,Partie rectiligne,,,mouillée,,Sur accotement,Conducteur,1,M,59-60,Promenade - loisirs,Casque,Non déterminable,1,,06 - juin,2 - mercredi,Gosier
,201800013242,2018-06-26,90,11,90054,47.7216,6.87295,Hors intersection,Aucune,Plein jour,Normale,Route Départementale,,2,Pente,Partie rectiligne,,,normale,,Sur chaussée,Conducteur,2,M,54-55,Promenade - loisirs,Casque,Oui,,,06 - juin,1 - mardi,Grosmagny
,201800015728,2018-06-26,44,16,44116,47.28685,-2.03327,Hors intersection,Aucune,Plein jour,Normale,Voie Communale,,1,Plat,Partie rectiligne,,,normale,,Sur chaussée,Conducteur,1,M,16-17,Promenade - loisirs,Casque,Non,,1,06 - juin,1 - mardi,Paimbuf
,201800023604,2018-06-26,81,8,81281,43.60568,2.10423,Hors intersection,Deux véhicules - frontale,Plein jour,Temps éblouissant,Route Départementale,,2,Pente,En courbe à droite,,,normale,,Sur chaussée,Conducteur,3,M,58-59,Promenade - loisirs,Casque,Oui,1,,06 - juin,1 - mardi,Sémalens
,201800031151,2018-06-26,9,10,9075,43.12813,1.33872,Giratoire,Aucune,Plein jour,Normale,Route Départementale,,2,Plat,Partie rectiligne,,,normale,Carrefour aménagé,Sur chaussée,Conducteur,2,M,73-74,,Casque,Non,,1,06 - juin,1 - mardi,Campagne-sur-Arize
,201800038762,2018-06-26,92,20,92062,48.88124,2.22643,Intersection en X,Deux véhicules - par le coté,Plein jour,Normale,Route Départementale,,2,Pente,Partie rectiligne,,,normale,,Sur chaussée,Conducteur,1,M,37-38,,Casque,Non déterminable,1,1,06 - juin,1 - mardi,Puteaux
,201800039142,2018-06-26,92,8,92075,48.81332,2.27917,Intersection en X,Deux véhicules - par le coté,Plein jour,Normale,Voie Communale,,1,Pente,Partie rectiligne,,,normale,,Sur chaussée,Conducteur,1,M,19-20,,Casque,Non,1,1,06 - juin,1 - mardi,Vanves
,201800045013,2018-06-26,93,9,93053,48.88403,2.46458,Hors intersection,Deux véhicules - par le coté,Plein jour,Normale,Autoroute,,9,Sommet de côte,Partie rectiligne,,,normale,,Sur accotement,Conducteur,1,M,16-17,,Dispositif enfants,,1,,06 - juin,1 - mardi,Noisy-le-Sec
,201800051523,2018-06-26,75,8,75110,48.8755,2.3585,Hors intersection,Deux véhicules - par l’arrière,Plein jour,Normale,Voie Communale,,1,Plat,Partie rectiligne,,40,normale,,Sur chaussée,Conducteur,1,M,40-41,Domicile - travail,Casque,Oui,1,1,06 - juin,1 - mardi,Paris 10e  Arrondissement
,201800051764,2018-06-26,75,18,75111,48.8551,2.38712,Intersection en X,Deux véhicules - par le coté,Plein jour,Normale,Voie Communale,,2,Pente,Partie rectiligne,,70,normale,,Sur chaussée,Conducteur,1,M,52-53,Promenade - loisirs,Casque,Non,1,1,06 - juin,1 - mardi,Paris 11e  Arrondissement
,201800052767,2018-06-26,75,23,75115,48.8372,2.29641,Intersection en X,Deux véhicules - par le coté,Nuit avec éclairage public allumé,Normale,Voie Communale,,3,Plat,En courbe à gauche,,90,normale,,Sur chaussée,Conducteur,1,M,20-21,,Casque,Non,1,1,06 - juin,1 - mardi,Paris 15e  Arrondissement
,201800002472,2018-06-25,73,8,73003,45.49946,6.51057,Intersection en T,Deux véhicules - par le coté,Plein jour,Normale,Route Départementale,,2,Bas de côte,Partie rectiligne,,,normale,,Sur chaussée,Conducteur,2,F,49-50,Promenade - loisirs,Casque,Oui,1,1,06 - juin,0 - lundi,Aigueblanche
,201800002749,2018-06-25,57,19,57160,49.20179,6.69272,Hors intersection,Deux véhicules - par l’arrière,Plein jour,Normale,Voie Communale,,1,Plat,Partie rectiligne,,,normale,,Sur chaussée,Conducteur,2,M,12-13,Promenade - loisirs,Casque,Non,1,1,06 - juin,0 - lundi,Creutzwald
,201800015941,2018-06-25,39,12,39169,46.65468,5.53202,Intersection en X,Deux véhicules - par le coté,Plein jour,Normale,Route Départementale,,2,Plat,Partie rectiligne,,,normale,,Sur chaussée,Conducteur,2,F,14-15,Promenade - loisirs,Casque,Non,1,1,06 - juin,0 - lundi,Courbouzon
,201800015941,2018-06-25,39,12,39169,46.65468,5.53202,Intersection en X,Deux véhicules - par le coté,Plein jour,Normale,Route Départementale,,2,Plat,Partie rectiligne,,,normale,,Sur chaussée,Conducteur,0,M,31-32,Promenade - loisirs,Casque,Non,1,1,06 - juin,0 - lundi,Courbouzon
,201800021253,2018-06-25,26,20,26281,45.04531,5.04636,Giratoire,Deux véhicules - par le coté,Crépuscule ou aube,Normale,Voie Communale,,2,Sommet de côte,Partie rectiligne,,,normale,,Sur accotement,Conducteur,1,M,20-21,Autre,Autre,Non déterminable,1,1,06 - juin,0 - lundi,Romans-sur-Isère
,201800030829,2018-06-25,64,9,64445,43.3104,-0.33238,Intersection en T,Deux véhicules - par le coté,Plein jour,Normale,Voie Communale,,2,Plat,Partie rectiligne,,,normale,,Sur accotement,Conducteur,1,M,71-72,Autre,Casque,Oui,1,1,06 - juin,0 - lundi,Pau
,201800037815,2018-06-25,92,17,92025,48.9244,2.25933,Intersection en X,Deux véhicules - frontale,Plein jour,Normale,Voie Communale,,,Plat,Partie rectiligne,,,normale,,Sur chaussée,Conducteur,1,M,24-25,Autre,Casque,Oui,1,1,06 - juin,0 - lundi,Colombes
,201800042010,2018-06-25,94,18,94028,48.77163,2.45867,Hors intersection,Deux véhicules - par le coté,Plein jour,Normale,Autre,,1,Plat,Partie rectiligne,,60,normale,,Sur chaussée,Conducteur,2,M,17-18,Promenade - loisirs,Autre,Non déterminable,1,1,06 - juin,0 - lundi,Créteil
,201800050894,2018-06-25,75,16,75107,48.8628,2.31163,Intersection en T,Deux véhicules - par le coté,Plein jour,Normale,Voie Communale,,2,Plat,Partie rectiligne,,,normale,,Sur chaussée,Conducteur,1,M,33-34,,Casque,Non,1,1,06 - juin,0 - lundi,Paris 7e  Arrondissement
,201800052079,2018-06-25,75,13,75112,48.8422,2.37635,Intersection en X,Deux véhicules - par le coté,Plein jour,Normale,Voie Communale,,1,Plat,Partie rectiligne,,90,normale,Souterrain - tunnel,Sur chaussée,Conducteur,1,M,30-31,Utilisation professionnelle,Casque,Oui,1,1,06 - juin,0 - lundi,Paris 12e  Arrondissement
,201800056000,2018-06-25,973,7,97304,5.15573,-52.6592,Hors intersection,Deux véhicules - par le coté,Plein jour,Normale,Voie Communale,,2,Plat,Partie rectiligne,,,normale,,Sur chaussée,Conducteur,2,M,16-17,Domicile - travail,Casque,Non,1,1,06 - juin,0 - lundi,Kourou
,201800001997,2018-06-24,1,12,1081,46.20359,5.78801,Hors intersection,Aucune,Plein jour,Normale,Route Départementale,,2,Pente,En courbe à droite,,,autre,,Sur chaussée,Conducteur,2,M,16-17,Promenade - loisirs,Casque,Oui,,,06 - juin,6 - dimanche,Champfromier
,201800010782,2018-06-24,52,17,52529,47.73068,5.32338,Hors intersection,Deux véhicules - frontale,Plein jour,Normale,Route Départementale,,2,Plat,Partie rectiligne,,,normale,,Sur accotement,Conducteur,0,M,53-54,Promenade - loisirs,Equipement réfléchissant,Oui,1,,06 - juin,6 - dimanche,Villegusien-le-Lac
,201800014380,2018-06-24,1,10,1272,46.16324,4.98809,Hors intersection,Deux véhicules - par le coté,Plein jour,Normale,Route Départementale,,2,Plat,Partie rectiligne,,,normale,,Sur chaussée,Conducteur,2,M,46-47,Promenade - loisirs,Casque,Oui,1,,06 - juin,6 - dimanche,Neuville-les-Dames
,201800016885,2018-06-24,49,8,49053,47.16759,-0.21205,Hors intersection,Trois véhicules et plus - collisions multiples,Plein jour,Normale,Route Départementale,,2,Plat,Partie rectiligne,,,normale,,Sur chaussée,Conducteur,2,M,56-57,Promenade - loisirs,Casque,Oui,2,,06 - juin,6 - dimanche,Brossay
,201800020035,2018-06-24,62,10,62670,50.57519,1.88197,Hors intersection,Aucune,Plein jour,Normale,Route Départementale,,2,Sommet de côte,En courbe à gauche,,,normale,,Sur accotement,Conducteur,2,M,51-52,Promenade - loisirs,Casque,Oui,,,06 - juin,6 - dimanche,Preures
,201800030828,2018-06-24,64,17,64445,43.3018,-0.35823,Hors intersection,Deux véhicules - par le coté,Plein jour,Normale,Voie Communale,,1,Plat,Partie rectiligne,,,normale,,Sur accotement,Conducteur,1,M,11-12,Promenade - loisirs,,,1,1,06 - juin,6 - dimanche,Pau
,201800039808,2018-06-24,93,16,93027,48.92768,2.38359,Hors intersection,Deux véhicules - par le coté,Plein jour,Normale,Voie Communale,,2,Plat,Partie rectiligne,,50,normale,,Sur chaussée,Conducteur,1,M,8-9,Promenade - loisirs,Autre,Non déterminable,1,1,06 - juin,6 - dimanche,Courneuve
,201800001833,2018-06-23,69,15,69249,45.69155,4.62678,Hors intersection,Deux véhicules - frontale,Plein jour,Normale,Route Départementale,,2,Pente,En « S »,,,normale,,Sur chaussée,Conducteur,2,M,57-58,Promenade - loisirs,Casque,Oui,1,,06 - juin,5 - samedi,Thurins
,201800002956,2018-06-23,67,18,67128,48.55709,7.56646,Hors intersection,Deux véhicules - par l’arrière,Plein jour,Normale,Route Départementale,,2,Plat,Partie rectiligne,,,normale,,Sur chaussée,Conducteur,1,M,17-18,Promenade - loisirs,Casque,Oui,1,,06 - juin,5 - samedi,Ernolsheim-Bruche
,201800011730,2018-06-23,4,11,4040,44.1894,6.14144,Hors intersection,Autre,Plein jour,Normale,Route Départementale,,2,Pente,En courbe à gauche,,,normale,,Sur chaussée,Conducteur,2,M,53-54,Promenade - loisirs,Casque,Oui,,,06 - juin,5 - samedi,Castellard-Mélan
,201800012356,2018-06-23,7,11,7114,45.03169,4.49434,Hors intersection,Aucune,Plein jour,Normale,Route Départementale,,1,Plat,Partie rectiligne,,,normale,,Sur chaussée,Conducteur,2,M,47-48,Promenade - loisirs,Casque,Oui,1,,06 - juin,5 - samedi,'Labatie-d''Andaure'
,201800012356,2018-06-23,7,11,7114,45.03169,4.49434,Hors intersection,Aucune,Plein jour,Normale,Route Départementale,,1,Plat,Partie rectiligne,,,normale,,Sur chaussée,Conducteur,0,M,48-49,Promenade - loisirs,Casque,Oui,1,,06 - juin,5 - samedi,'Labatie-d''Andaure'
,201800013513,2018-06-23,14,19,14705,49.23094,-0.9337,Hors intersection,Aucune,Plein jour,Normale,Voie Communale,,2,Plat,En courbe à droite,,,normale,,Sur chaussée,Conducteur,2,M,63-64,Promenade - loisirs,Casque,,1,,06 - juin,5 - samedi,Tournières
,201800014995,2018-06-23,38,18,38334,45.18247,5.88024,Intersection en T,Aucune,Plein jour,Normale,Route Départementale,,2,Sommet de côte,Partie rectiligne,,,normale,,Sur chaussée,Conducteur,2,M,45-46,Promenade - loisirs,Casque,Oui,1,,06 - juin,5 - samedi,Revel
,201800017176,2018-06-23,63,13,63374,45.5238,3.8003,Hors intersection,Deux véhicules - par le coté,Plein jour,Temps éblouissant,Route Départementale,,2,Bas de côte,En courbe à droite,,,normale,Pont - autopont,Sur chaussée,Conducteur,2,M,43-44,Promenade - loisirs,Casque,Oui,1,,06 - juin,5 - samedi,Saint-Martin-des-Olmes