test,identifiantAccident,date,departement,heure,commune,lat,lon,typeIntersection,typeCollision,luminosite,conditionsAtmosperiques,typeRoute,circulation,nbVoies,profilLongRoute,tracePlanRoute,largeurTPC,largeurRoute,etatSurface,amenagement,situation,categorieUsager,graviteAccident,sexe,age,motifDeplacement,existenceSecurite,usageSecurite,nombreAutresVehicules,enAgglomeration,mois,jour,NCCENR
,201800019048,2018-06-23,19,12,19154,45.32968,1.457,Hors intersection,Deux véhicules - par le coté,Plein jour,Temps éblouissant,Route Départementale,,2,Pente,Partie rectiligne,,,normale,,Sur chaussée,Conducteur,2,M,66-67,Promenade - loisirs,Casque,,1,,06 - juin,5 - samedi,Orgnac-sur-Vézère
,201800029895,2018-06-23,68,23,68156,47.90559,7.23869,Hors intersection,Aucune,Nuit avec éclairage public allumé,Normale,Voie Communale,,2,Plat,Partie rectiligne,,,normale,,Sur chaussée,Conducteur,1,M,33-34,Promenade - loisirs,Autre,Oui,,1,06 - juin,5 - samedi,Issenheim
,201800030827,2018-06-23,64,23,64445,43.2968,-0.36637,Intersection en X,Deux véhicules - par le coté,Nuit avec éclairage public allumé,Normale,Voie Communale,,2,Plat,Partie rectiligne,,,normale,,Sur accotement,Conducteur,1,M,20-21,Autre,Casque,Oui,1,1,06 - juin,5 - samedi,Pau
,201800038927,2018-06-23,92,10,92033,48.84062,2.19357,Intersection en T,Deux véhicules - par le coté,Plein jour,Temps éblouissant,Route Départementale,,2,Plat,Partie rectiligne,10,41,normale,,Sur chaussée,Conducteur,1,M,33-34,Promenade - loisirs,Casque,Oui,1,1,06 - juin,5 - samedi,Garches
,201800052458,2018-06-23,75,17,75113,48.8301,2.34781,Hors intersection,Autre,Plein jour,Normale,Voie Communale,,2,Pente,Partie rectiligne,,80,normale,,Sur piste cyclable,Conducteur,1,M,29-30,,Casque,Non déterminable,,1,06 - juin,5 - samedi,Paris 13e  Arrondissement
,201800053051,2018-06-23,75,19,75115,48.8339,2.28528,Intersection en T,Autre,Plein jour,Normale,Voie Communale,,4,Pente,Partie rectiligne,114,50,normale,,Sur chaussée,Conducteur,1,M,48-49,Domicile - travail,Casque,Non déterminable,,1,06 - juin,5 - samedi,Paris 15e  Arrondissement
,201800054459,2018-06-23,75,15,75119,48.8818,2.38836,Intersection en Y,Deux véhicules - par le coté,Plein jour,Normale,Voie Communale,,1,Pente,Partie rectiligne,,40,normale,,Sur chaussée,Conducteur,1,M,33-34,Domicile - travail,Casque,Oui,1,1,06 - juin,5 - samedi,Paris 19e  Arrondissement
,201800015010,2018-06-22,38,8,38002,45.27348,5.97673,Intersection en Y,Deux véhicules - par le coté,Plein jour,Normale,Voie Communale,,2,Pente,En courbe à gauche,,,normale,,Sur chaussée,Conducteur,2,M,64-65,Domicile - travail,Casque,,1,1,06 - juin,4 - vendredi,Adrets
,201800018984,2018-06-22,56,15,56151,48.02823,-2.91627,Intersection en X,Deux véhicules - par le coté,Plein jour,Normale,Route Départementale,,2,Plat,Partie rectiligne,,,normale,Carrefour aménagé,Sur chaussée,Conducteur,2,M,32-33,,Casque,Non,1,,06 - juin,4 - vendredi,Noyal-Pontivy
,201800031011,2018-06-22,64,11,64260,43.3496,-1.77442,Hors intersection,Deux véhicules - par le coté,Plein jour,Normale,Route Départementale,,2,Plat,En courbe à gauche,,,normale,,Sur accotement,Conducteur,1,M,43-44,,Casque,Oui,1,1,06 - juin,4 - vendredi,Hendaye
,201800039143,2018-06-22,92,8,92075,48.81779,2.30169,Intersection en T,Deux véhicules - par le coté,Plein jour,Normale,Voie Communale,,1,,Partie rectiligne,,,normale,,Sur chaussée,Conducteur,1,F,33-34,,Autre,Oui,1,1,06 - juin,4 - vendredi,Vanves
,201800050892,2018-06-22,75,9,75107,48.8595,2.30628,Intersection en T,Deux véhicules - par le coté,Plein jour,Normale,Voie Communale,,1,Plat,Partie rectiligne,,,normale,,Sur chaussée,Conducteur,1,M,46-47,Domicile - travail,Casque,Oui,1,1,06 - juin,4 - vendredi,Paris 7e  Arrondissement
,201800050893,2018-06-22,75,11,75107,48.8575,2.29103,Intersection en T,Deux véhicules - par le coté,Plein jour,Normale,Voie Communale,,3,Sommet de côte,Partie rectiligne,,,normale,,Sur chaussée,Conducteur,1,M,61-62,Promenade - loisirs,Casque,Non déterminable,1,1,06 - juin,4 - vendredi,Paris 7e  Arrondissement
,201800052764,2018-06-22,75,20,75114,48.8299,2.3231,Intersection en T,Deux véhicules - par le coté,Plein jour,Normale,Voie Communale,,,Plat,Partie rectiligne,,50,normale,,Sur trottoir,Conducteur,1,M,46-47,Utilisation professionnelle,Casque,Non,1,1,06 - juin,4 - vendredi,Paris 14e  Arrondissement
,201800054131,2018-06-22,75,14,75118,48.8987,2.35905,Intersection en X,Deux véhicules - par le coté,Plein jour,Normale,Voie Communale,,3,Plat,Partie rectiligne,,,normale,,Sur chaussée,Conducteur,1,M,19-20,Utilisation professionnelle,Casque,Non déterminable,1,1,06 - juin,4 - vendredi,Paris 18e  Arrondissement
,201800000356,2018-06-21,76,8,76239,49.54817,0.33492,Hors intersection,Deux véhicules - frontale,Plein jour,Normale,Route Départementale,,2,Plat,Partie rectiligne,,,normale,,Sur chaussée,Conducteur,3,M,82-83,Promenade - loisirs,Casque,Oui,1,,06 - juin,3 - jeudi,Épretot
,201800004928,2018-06-21,45,22,45253,48.14537,2.21705,Intersection en X,Deux véhicules - par le coté,Crépuscule ou aube,Normale,Route Départementale,,2,Plat,Partie rectiligne,,,normale,,Sur chaussée,Conducteur,3,M,16-17,Promenade - loisirs,Casque,Non,1,,06 - juin,3 - jeudi,Pithiviers-le-Vieil
,201800012748,2018-06-21,18,10,18159,47.37258,2.21934,Hors intersection,Aucune,Plein jour,Normale,Route Départementale,,2,Plat,Partie rectiligne,,,normale,,Sur chaussée,Conducteur,2,M,69-70,Promenade - loisirs,Casque,Oui,,,06 - juin,3 - jeudi,Nançay
,201800012823,2018-06-21,73,11,73231,45.33127,6.28514,Hors intersection,Deux véhicules - frontale,Plein jour,Normale,Route Départementale,,2,Pente,En courbe à gauche,,,normale,,Sur chaussée,Conducteur,2,M,52-53,Promenade - loisirs,Casque,Oui,1,,06 - juin,3 - jeudi,Saint-Étienne-de-Cuines
,201800015555,2018-06-21,35,15,35230,48.47375,-1.27798,Hors intersection,Autre,Plein jour,Normale,Route Départementale,,2,Plat,Partie rectiligne,,,normale,,Sur chaussée,Conducteur,2,M,68-69,Promenade - loisirs,Casque,Oui,1,,06 - juin,3 - jeudi,Poilley
,201800030825,2018-06-21,64,16,64445,43.3022,-0.36501,Hors intersection,Deux véhicules - par le coté,Plein jour,Normale,Voie Communale,,1,Plat,Partie rectiligne,,,normale,,Sur accotement,Conducteur,1,F,34-35,,Casque,Non déterminable,1,1,06 - juin,3 - jeudi,Pau
,201800033256,2018-06-21,73,8,73011,45.66386,6.36415,Intersection en T,Deux véhicules - par le coté,Plein jour,Normale,Route Départementale,,2,Plat,Partie rectiligne,,,normale,Carrefour aménagé,Sur chaussée,Conducteur,1,M,13-14,,Dispositif enfants,,1,1,06 - juin,3 - jeudi,Albertville
,201800039193,2018-06-21,92,19,92078,48.93485,2.32064,Hors intersection,Deux véhicules - par le coté,Plein jour,Normale,Voie Communale,,2,Plat,En courbe à droite,,60,normale,Bretelle d’échangeur ou de raccordement,,Conducteur,1,M,35-36,Autre,Autre,Non,1,1,06 - juin,3 - jeudi,Villeneuve-la-Garenne
,201800050702,2018-06-21,75,8,75105,48.8511,2.35127,Intersection en X,Deux véhicules - par le coté,Plein jour,Normale,Voie Communale,,1,Plat,Partie rectiligne,,,normale,,Sur chaussée,Conducteur,1,F,59-60,Domicile - travail,Casque,Non déterminable,1,1,06 - juin,3 - jeudi,Paris 5e  Arrondissement
,201800051516,2018-06-21,75,2,75110,48.8715,2.36032,Intersection en X,Deux véhicules - par le coté,Nuit avec éclairage public allumé,Normale,Voie Communale,,,Plat,Partie rectiligne,,,normale,,Sur chaussée,Conducteur,1,M,44-45,Promenade - loisirs,Casque,Oui,1,1,06 - juin,3 - jeudi,Paris 10e  Arrondissement
,201800051517,2018-06-21,75,9,75110,48.8724,2.36408,Hors intersection,Deux véhicules - par le coté,Plein jour,Normale,Voie Communale,,3,Plat,Partie rectiligne,,,normale,,Sur piste cyclable,Conducteur,1,F,27-28,,Casque,Oui,1,1,06 - juin,3 - jeudi,Paris 10e  Arrondissement
,201800051518,2018-06-21,75,14,75110,48.8725,2.3479,Hors intersection,Autre,Plein jour,Normale,Voie Communale,,1,Plat,Partie rectiligne,,50,normale,,Sur chaussée,Conducteur,1,M,27-28,,Casque,Non,1,1,06 - juin,3 - jeudi,Paris 10e  Arrondissement
,201800051758,2018-06-21,75,8,75111,48.8588,2.3846,Intersection en T,Deux véhicules - frontale,Plein jour,Normale,Voie Communale,,1,Pente,Partie rectiligne,,,normale,,Sur chaussée,Conducteur,1,M,36-37,Domicile - travail,Casque,Non,1,1,06 - juin,3 - jeudi,Paris 11e  Arrondissement
,201800052072,2018-06-21,75,18,75112,48.8387,2.37568,Intersection en X,Deux véhicules - par le coté,Plein jour,Normale,Voie Communale,,3,Plat,Partie rectiligne,,90,normale,Pont - autopont,Sur piste cyclable,Conducteur,1,F,66-67,Promenade - loisirs,Casque,Oui,1,1,06 - juin,3 - jeudi,Paris 12e  Arrondissement
,201800055047,2018-06-21,75,17,75107,48.8572,2.3099,Intersection en X,Autre,Plein jour,Normale,Voie Communale,,4,Plat,Partie rectiligne,,104,normale,,Sur chaussée,Conducteur,2,F,51-52,Autre,Casque,Non déterminable,1,1,06 - juin,3 - jeudi,Paris 7e  Arrondissement
,201800001545,2018-06-20,9,15,9157,42.96771,1.86717,Hors intersection,Deux véhicules - par le coté,Plein jour,Normale,Voie Communale,,1,Plat,Partie rectiligne,,,normale,,Sur chaussée,Conducteur,2,M,61-62,Promenade - loisirs,Casque,Oui,1,1,06 - juin,2 - mercredi,'Laroque-d''Olmes'
,201800002672,2018-06-20,3,9,3113,46.03608,3.64714,Hors intersection,Aucune,Plein jour,Normale,Route Départementale,,2,Bas de côte,Partie rectiligne,,,normale,,Sur chaussée,Conducteur,3,M,77-78,Promenade - loisirs,Casque,Oui,,,06 - juin,2 - mercredi,Ferrières-sur-Sichon
,201800003907,2018-06-20,83,12,83112,43.18293,5.69397,Hors intersection,Deux véhicules - par l’arrière,Plein jour,Normale,Route Départementale,,2,Plat,Partie rectiligne,,,normale,,Sur piste cyclable,Conducteur,2,M,63-64,Promenade - loisirs,Casque,Oui,1,1,06 - juin,2 - mercredi,Saint-Cyr-sur-Mer
,201800010637,2018-06-20,88,19,88158,48.09178,6.60339,Hors intersection,Aucune,Plein jour,Normale,Voie Communale,,2,Plat,Partie rectiligne,,,normale,,Sur chaussée,Conducteur,2,M,35-36,Promenade - loisirs,Casque,,,1,06 - juin,2 - mercredi,Éloyes
,201800011717,2018-06-20,85,9,85029,46.99644,-1.99757,Hors intersection,Trois véhicules et plus - en chaîne,Plein jour,Normale,Route Départementale,,2,Plat,Partie rectiligne,,,normale,,Sur chaussée,Conducteur,2,M,65-66,Promenade - loisirs,Casque,Oui,4,,06 - juin,2 - mercredi,Bouin
,201800011717,2018-06-20,85,9,85029,46.99644,-1.99757,Hors intersection,Trois véhicules et plus - en chaîne,Plein jour,Normale,Route Départementale,,2,Plat,Partie rectiligne,,,normale,,Sur chaussée,Conducteur,2,M,71-72,Promenade - loisirs,Casque,Oui,4,,06 - juin,2 - mercredi,Bouin
,201800011717,2018-06-20,85,9,85029,46.99644,-1.99757,Hors intersection,Trois véhicules et plus - en chaîne,Plein jour,Normale,Route Départementale,,2,Plat,Partie rectiligne,,,normale,,Sur chaussée,Conducteur,1,M,61-62,Promenade - loisirs,Casque,Oui,4,,06 - juin,2 - mercredi,Bouin
,201800011717,2018-06-20,85,9,85029,46.99644,-1.99757,Hors intersection,Trois véhicules et plus - en chaîne,Plein jour,Normale,Route Départementale,,2,Plat,Partie rectiligne,,,normale,,Sur chaussée,Conducteur,1,M,66-67,Promenade - loisirs,Casque,Oui,4,,06 - juin,2 - mercredi,Bouin
,201800011717,2018-06-20,85,9,85029,46.99644,-1.99757,Hors intersection,Trois véhicules et plus - en chaîne,Plein jour,Normale,Route Départementale,,2,Plat,Partie rectiligne,,,normale,,Sur chaussée,Conducteur,1,M,66-67,Promenade - loisirs,Casque,Oui,4,,06 - juin,2 - mercredi,Bouin
,201800013217,2018-06-20,83,12,83122,43.74415,6.2234,Hors intersection,Aucune,Plein jour,Normale,Route Départementale,,2,Pente,En courbe à gauche,,,normale,,Sur accotement,Conducteur,2,M,68-69,Promenade - loisirs,Equipement réfléchissant,Non,,,06 - juin,2 - mercredi,Salles-sur-Verdon
,201800017744,2018-06-20,81,7,81220,43.81789,1.69641,Hors intersection,Deux véhicules - par l’arrière,Crépuscule ou aube,Temps éblouissant,Route Départementale,,2,Plat,Partie rectiligne,,,normale,,Sur chaussée,Conducteur,2,M,46-47,Promenade - loisirs,Casque,,1,,06 - juin,2 - mercredi,Rabastens
,201800019031,2018-06-20,19,15,19123,45.16231,1.58136,Giratoire,Deux véhicules - par le coté,Plein jour,Normale,Route Départementale,,1,Plat,En courbe à droite,,,normale,,Sur chaussée,Conducteur,2,M,80-81,Promenade - loisirs,Casque,Oui,1,1,06 - juin,2 - mercredi,Malemort
,201800022577,2018-06-20,30,20,30189,43.84808,4.29042,Hors intersection,Deux véhicules - frontale,Plein jour,Normale,Route Départementale,,2,Pente,Partie rectiligne,,,normale,,Sur accotement,Conducteur,1,M,55-56,Promenade - loisirs,Casque,Non déterminable,1,,06 - juin,2 - mercredi,Nîmes
,201800038588,2018-06-20,92,16,92050,48.8914,2.20025,Place,Deux véhicules - frontale,Plein jour,Normale,Voie Communale,,4,Plat,Partie rectiligne,,120,normale,,Sur chaussée,Conducteur,1,M,42-43,Promenade - loisirs,Autre,Non déterminable,1,1,06 - juin,2 - mercredi,Nanterre
,201800042876,2018-06-20,94,19,94068,48.80654,2.47878,Intersection en X,Deux véhicules - par le coté,Plein jour,Normale,Route Départementale,,2,Plat,Partie rectiligne,,71,normale,,Sur chaussée,Conducteur,1,M,27-28,Domicile - travail,Casque,Non,1,1,06 - juin,2 - mercredi,Saint-Maur-des-Fossés
,201800050569,2018-06-20,75,8,75102,48.8697,2.35262,Intersection en T,Autre,Plein jour,Normale,Voie Communale,,,Plat,,10,100,normale,,Sur chaussée,Conducteur,1,F,27-28,Domicile - travail,Casque,Non déterminable,1,1,06 - juin,2 - mercredi,Paris 2e  Arrondissement
,201800052761,2018-06-20,75,8,75114,48.8223,2.31415,Intersection à plus de 4 branches,Deux véhicules - par le coté,Plein jour,Normale,Voie Communale,,2,Plat,Partie rectiligne,20,50,normale,,Sur chaussée,Conducteur,1,M,33-34,Domicile - travail,Casque,Non déterminable,1,1,06 - juin,2 - mercredi,Paris 14e  Arrondissement
,201800002072,2018-06-19,26,7,26037,0,0,Hors intersection,Deux véhicules - par le coté,Plein jour,Normale,Route Départementale,,3,Plat,Partie rectiligne,,,normale,,Sur accotement,Conducteur,2,M,51-52,Domicile - travail,Autre,Non,1,,06 - juin,1 - mardi,Beaumont-lès-Valence
,201800006534,2018-06-19,38,16,38486,45.16175,5.69657,Hors intersection,Deux véhicules - par le coté,Plein jour,Normale,Voie Communale,,2,Plat,Partie rectiligne,,,normale,Carrefour aménagé,Sur chaussée,Conducteur,2,M,38-39,,Casque,,1,1,06 - juin,1 - mardi,Seyssins
,201800011300,2018-06-19,17,11,17075,45.92074,-0.83496,Intersection en T,Trois véhicules et plus - collisions multiples,Plein jour,Normale,Route Départementale,,2,Plat,Partie rectiligne,,55,normale,Carrefour aménagé,Sur accotement,Conducteur,2,M,13-14,Promenade - loisirs,Autre,Non,1,1,06 - juin,1 - mardi,Cabariot
,201800011300,2018-06-19,17,11,17075,45.92074,-0.83496,Intersection en T,Trois véhicules et plus - collisions multiples,Plein jour,Normale,Route Départementale,,2,Plat,Partie rectiligne,,55,normale,Carrefour aménagé,Sur accotement,Conducteur,2,M,13-14,Promenade - loisirs,Autre,Non,1,1,06 - juin,1 - mardi,Cabariot
,201800013015,2018-06-19,45,7,45029,47.55039,2.80245,Hors intersection,Deux véhicules - par le coté,Plein jour,Normale,Route Départementale,,2,Sommet de côte,Partie rectiligne,,,normale,,Sur accotement,Conducteur,2,M,15-16,Domicile - travail,Casque,Non,1,,06 - juin,1 - mardi,Beaulieu-sur-Loire
,201800021826,2018-06-19,83,15,83048,43.19162,6.55641,Giratoire,Aucune,Plein jour,Normale,Route Départementale,,1,Plat,En courbe à gauche,,,normale,,Sur chaussée,Conducteur,2,F,67-68,Promenade - loisirs,Casque,,1,1,06 - juin,1 - mardi,Croix-Valmer
,201800041872,2018-06-19,94,22,94022,48.76579,2.41047,Hors intersection,Deux véhicules - par le coté,Nuit avec éclairage public allumé,Normale,Route Départementale,,2,Plat,Partie rectiligne,,70,normale,Pont - autopont,Sur chaussée,Conducteur,1,M,26-27,Promenade - loisirs,Casque,Non déterminable,1,1,06 - juin,1 - mardi,Choisy-le-Roi
,201800050375,2018-06-19,75,12,75102,48.8689,2.33667,Intersection en X,Autre,Plein jour,Normale,Voie Communale,,1,Plat,Partie rectiligne,,50,normale,,Sur piste cyclable,Conducteur,0,M,18-19,Utilisation professionnelle,Casque,Oui,,1,06 - juin,1 - mardi,Paris 2e  Arrondissement
,201800050701,2018-06-19,75,19,75105,48.8481,2.3504,Intersection en X,Deux véhicules - par le coté,Plein jour,Normale,Voie Communale,,2,Pente,Partie rectiligne,,90,normale,,Sur chaussée,Conducteur,1,M,64-65,Promenade - loisirs,Casque,Non déterminable,1,1,06 - juin,1 - mardi,Paris 5e  Arrondissement
,201800051363,2018-06-19,75,14,75109,48.8769,2.34767,Hors intersection,Autre,Plein jour,Normale,Voie Communale,,1,Plat,Partie rectiligne,,,normale,,Sur piste cyclable,Conducteur,1,M,29-30,Domicile - travail,Casque,Non,,1,06 - juin,1 - mardi,Paris 9e  Arrondissement
,201800051756,2018-06-19,75,14,75111,48.864,2.38129,Intersection à plus de 4 branches,Deux véhicules - par le coté,Plein jour,Normale,Voie Communale,,1,Plat,Partie rectiligne,,50,normale,,,Conducteur,1,F,46-47,Autre,Casque,Non,1,1,06 - juin,1 - mardi,Paris 11e  Arrondissement
,201800053045,2018-06-19,75,23,75115,48.8395,2.28997,Hors intersection,Autre,Nuit avec éclairage public allumé,Normale,Voie Communale,,2,Plat,Partie rectiligne,,50,normale,,Sur chaussée,Conducteur,1,M,36-37,Domicile - travail,Casque,Oui,1,1,06 - juin,1 - mardi,Paris 15e  Arrondissement
,201800054128,2018-06-19,75,13,75118,48.8966,2.37034,Hors intersection,Deux véhicules - par le coté,Plein jour,Normale,Voie Communale,,2,Plat,Partie rectiligne,,,normale,,Sur chaussée,Conducteur,1,M,21-22,Domicile - travail,Casque,Non,1,1,06 - juin,1 - mardi,Paris 18e  Arrondissement
,201800055045,2018-06-19,75,17,75116,48.8525,2.23682,Hors intersection,Deux véhicules - par l’arrière,Plein jour,Normale,Voie Communale,,2,Pente,En courbe à gauche,,119,normale,,Sur chaussée,Conducteur,2,M,68-69,Promenade - loisirs,Casque,Oui,1,1,06 - juin,1 - mardi,Paris 16e  Arrondissement
,201800001749,2018-06-18,69,19,69163,45.9215,4.77561,Giratoire,Deux véhicules - par le coté,Plein jour,Normale,Route Départementale,,2,Plat,En courbe à gauche,,,normale,,Sur chaussée,Conducteur,1,M,56-57,Promenade - loisirs,Casque,Oui,1,,06 - juin,0 - lundi,Quincieux
,201800002344,2018-06-18,38,19,38051,45.32975,4.8874,Hors intersection,Deux véhicules - par le coté,Plein jour,Normale,Route Départementale,,2,Plat,Partie rectiligne,,,normale,,Sur chaussée,Conducteur,3,M,57-58,Promenade - loisirs,Casque,Non,1,,06 - juin,0 - lundi,Bougé-Chambalud
,201800011492,2018-06-18,27,17,27462,49.09,0.4283,Intersection en T,Deux véhicules - frontale,Plein jour,Normale,Route Départementale,,2,Plat,Partie rectiligne,,,normale,,Sur chaussée,Conducteur,3,M,84-85,Promenade - loisirs,Casque,Non,1,,06 - juin,0 - lundi,Planquay
,201800015907,2018-06-18,25,8,25627,46.90276,6.04405,Intersection en X,Deux véhicules - par le coté,Plein jour,Normale,Route Départementale,,2,Pente,Partie rectiligne,,,normale,,Sur chaussée,Conducteur,2,M,77-78,Promenade - loisirs,Casque,Oui,1,1,06 - juin,0 - lundi,Villers-sous-Chalamont
,201800023633,2018-06-18,32,15,32013,43.6886,0.60456,Hors intersection,Autre,Plein jour,Normale,Route Nationale,,2,Plat,Partie rectiligne,,,normale,,Sur accotement,Conducteur,1,M,71-72,Promenade - loisirs,Casque,Oui,1,,06 - juin,0 - lundi,Auch
,201800029959,2018-06-18,60,7,60057,49.45461,2.09528,Hors intersection,Deux véhicules - par le coté,Plein jour,Normale,Route Départementale,,2,Plat,Partie rectiligne,,,normale,Bretelle d’échangeur ou de raccordement,Sur accotement,Conducteur,1,M,30-31,,Casque,Oui,1,,06 - juin,0 - lundi,Beauvais
,201800039267,2018-06-18,93,14,93001,48.91931,2.38253,Hors intersection,Autre,Plein jour,Normale,Voie Communale,,2,Plat,Partie rectiligne,,50,normale,Carrefour aménagé,Sur chaussée,Conducteur,1,F,44-45,Domicile - travail,Autre,Non déterminable,1,1,06 - juin,0 - lundi,Aubervilliers
,201800052069,2018-06-18,75,22,75112,48.8374,2.39117,Intersection en X,Deux véhicules - par le coté,Nuit avec éclairage public allumé,Temps éblouissant,Voie Communale,,1,Pente,Partie rectiligne,,,normale,,Sur chaussée,Conducteur,1,M,26-27,,Casque,Non déterminable,1,1,06 - juin,0 - lundi,Paris 12e  Arrondissement
,201800052758,2018-06-18,75,19,75114,48.8385,2.32261,Intersection en Y,Deux véhicules - par le coté,Plein jour,Normale,Voie Communale,,1,Pente,Partie rectiligne,,,normale,,Sur chaussée,Conducteur,1,M,25-26,Utilisation professionnelle,Casque,Oui,1,1,06 - juin,0 - lundi,Paris 14e  Arrondissement
,201800002568,2018-06-17,74,16,74185,46.15261,6.19197,Hors intersection,Deux véhicules - par l’arrière,Plein jour,Normale,Route Départementale,,2,Plat,Partie rectiligne,,,normale,,Sur chaussée,Conducteur,2,M,44-45,Promenade - loisirs,Casque,Oui,1,1,06 - juin,6 - dimanche,Monnetier-Mornex
,201800004277,2018-06-17,66,9,66226,42.5901,2.8366,Giratoire,Deux véhicules - par le coté,Plein jour,Normale,Route Départementale,,2,Plat,En courbe à gauche,,,normale,Carrefour aménagé,Sur chaussée,Conducteur,1,M,59-60,Promenade - loisirs,Casque,Oui,1,1,06 - juin,6 - dimanche,Villemolaque
,201800012242,2018-06-17,7,11,7349,44.80941,4.78303,Hors intersection,Autre,Plein jour,Normale,Voie Communale,,2,Pente,En courbe à droite,,,normale,,Sur trottoir,Conducteur,2,M,58-59,Promenade - loisirs,Casque,Oui,,1,06 - juin,6 - dimanche,Voulte-sur-Rhône
,201800012876,2018-06-17,64,9,64457,43.5455,-0.38976,Intersection en X,Deux véhicules - par le coté,Plein jour,Normale,Route Départementale,,2,Plat,Partie rectiligne,,,normale,,Sur chaussée,Conducteur,2,M,60-61,Promenade - loisirs,Casque,Oui,1,,06 - juin,6 - dimanche,Poursiugues-Boucoue
,201800018680,2018-06-17,74,11,74223,46.09587,6.59815,Hors intersection,Aucune,Plein jour,Normale,Route Départementale,,2,Bas de côte,En courbe à gauche,,,normale,,Sur chaussée,Conducteur,2,M,72-73,Promenade - loisirs,Equipement réfléchissant,Non,,,06 - juin,6 - dimanche,Rivière-Enverse
,201800039639,2018-06-17,93,19,93010,0,0,Intersection en T,Deux véhicules - frontale,Plein jour,Normale,Voie Communale,,,Pente,,,,normale,,Sur chaussée,Conducteur,1,M,19-20,,Autre,Non déterminable,1,1,06 - juin,6 - dimanche,Bondy
,201800050278,2018-06-17,75,20,75101,48.8674,2.32619,Intersection en X,Deux véhicules - par le coté,Plein jour,Normale,Voie Communale,,1,Plat,Partie rectiligne,60,60,normale,,Sur chaussée,Conducteur,1,M,15-16,Autre,Casque,Non déterminable,1,1,06 - juin,6 - dimanche,Paris 1er Arrondissement
,201800000414,2018-06-16,27,14,27165,48.96176,0.92378,Intersection en T,Aucune,Plein jour,Normale,Route Départementale,,2,Pente,Partie rectiligne,,,autre,,Sur accotement,Conducteur,2,F,64-65,Courses - achats,Casque,Non,1,1,06 - juin,5 - samedi,Conches-en-Ouche
,201800001747,2018-06-16,69,23,69143,45.86827,4.83944,Giratoire,Autre,Nuit avec éclairage public allumé,Normale,Route Départementale,,1,Plat,En courbe à gauche,,,normale,Carrefour aménagé,Sur chaussée,Conducteur,1,M,51-52,Promenade - loisirs,Casque,,,1,06 - juin,5 - samedi,Neuville-sur-Saône
,201800004644,2018-06-16,91,14,91200,48.53186,2.00128,Giratoire,Deux véhicules - par le coté,Plein jour,Normale,Route Départementale,,2,Plat,En courbe à droite,,,normale,Carrefour aménagé,Sur chaussée,Conducteur,2,F,73-74,Promenade - loisirs,Casque,Oui,1,1,06 - juin,5 - samedi,Dourdan
,201800013709,2018-06-16,6,10,6112,43.67461,7.00963,Hors intersection,Deux véhicules - par le coté,Plein jour,Normale,Route Départementale,,2,Pente,Partie rectiligne,,,normale,,Sur chaussée,Conducteur,1,M,47-48,Promenade - loisirs,Casque,Oui,1,1,06 - juin,5 - samedi,Rouret
,201800013744,2018-06-16,6,11,6150,43.73239,7.41157,Autre intersection,Deux véhicules - par l’arrière,Plein jour,Normale,Voie Communale,,2,Pente,En « S »,,,normale,,Sur chaussée,Conducteur,2,M,44-45,Promenade - loisirs,Casque,Non,1,1,06 - juin,5 - samedi,Turbie
,201800029894,2018-06-16,68,18,68381,47.87306,7.16862,Hors intersection,Aucune,Plein jour,Normale,Autre,,2,Pente,En « S »,,48,normale,,Sur accotement,Conducteur,1,M,38-39,Promenade - loisirs,Autre,Non déterminable,,,06 - juin,5 - samedi,Wuenheim
,201800042874,2018-06-16,94,18,94068,48.79269,2.51227,Intersection en T,Deux véhicules - frontale,Plein jour,Normale,Voie Communale,,1,Plat,En « S »,,50,normale,,Sur chaussée,Conducteur,1,M,12-13,Promenade - loisirs,Autre,Non,1,1,06 - juin,5 - samedi,Saint-Maur-des-Fossés
,201800050373,2018-06-16,75,13,75103,48.8631,2.35876,Hors intersection,Deux véhicules - par le coté,Plein jour,Normale,Voie Communale,,1,Plat,Partie rectiligne,,50,normale,,Sur chaussée,Conducteur,1,M,21-22,,Casque,Non déterminable,1,1,06 - juin,5 - samedi,Paris 3e  Arrondissement
,201800052451,2018-06-16,75,22,75113,48.8319,2.37906,Intersection en T,Deux véhicules - par le coté,Nuit avec éclairage public allumé,Normale,Voie Communale,,3,Plat,Partie rectiligne,,,,,Sur chaussée,Conducteur,1,M,51-52,Promenade - loisirs,Casque,Non déterminable,1,1,06 - juin,5 - samedi,Paris 13e  Arrondissement
,201800056152,2018-06-16,974,17,97422,-21.22395,55.55212,Hors intersection,Deux véhicules - par le coté,Crépuscule ou aube,Normale,Route Nationale,,2,Pente,En courbe à gauche,,,normale,,Sur chaussée,Conducteur,2,M,15-16,Promenade - loisirs,Casque,Non déterminable,1,1,06 - juin,5 - samedi,Tampon
,201800013151,2018-06-15,60,19,60348,49.57179,2.96532,Intersection en T,Autre,Plein jour,Normale,Voie Communale,Avec voies d’affectation variable,,,,,,,,,Conducteur,2,M,19-20,Promenade - loisirs,Casque,Non,,1,06 - juin,4 - vendredi,Larbroye