test,identifiantAccident,date,departement,heure,commune,lat,lon,typeIntersection,typeCollision,luminosite,conditionsAtmosperiques,typeRoute,circulation,nbVoies,profilLongRoute,tracePlanRoute,largeurTPC,largeurRoute,etatSurface,amenagement,situation,categorieUsager,graviteAccident,sexe,age,motifDeplacement,existenceSecurite,usageSecurite,nombreAutresVehicules,enAgglomeration,mois,jour,NCCENR
,201800013258,2018-06-15,50,17,50216,49.23789,-1.20053,Hors intersection,Deux véhicules - par le coté,Plein jour,Normale,Route Départementale,,2,Plat,Partie rectiligne,,,normale,,Sur chaussée,Conducteur,1,M,12-13,Promenade - loisirs,Casque,,1,1,06 - juin,4 - vendredi,Graignes-Mesnil-Angot
,201800016161,2018-06-15,68,21,68138,47.59674,7.23862,Intersection en T,Deux véhicules - par le coté,Crépuscule ou aube,Normale,Route Départementale,,2,Plat,Partie rectiligne,,,normale,,Sur chaussée,Conducteur,1,M,33-34,Promenade - loisirs,Casque,Oui,1,,06 - juin,4 - vendredi,Hirsingue
,201800021193,2018-06-15,1,18,1033,46.10811,5.82955,Hors intersection,Aucune,Crépuscule ou aube,Normale,Voie Communale,,1,Pente,En courbe à droite,,,normale,,Sur trottoir,Conducteur,2,M,81-82,Promenade - loisirs,Casque,,,1,06 - juin,4 - vendredi,Bellegarde-sur-Valserine
,201800022797,2018-06-15,67,15,67115,48.30536,7.503,Intersection en T,Deux véhicules - frontale,Plein jour,Normale,Voie Communale,Avec voies d’affectation variable,,,,,,,,,Conducteur,2,M,46-47,Promenade - loisirs,Casque,,1,1,06 - juin,4 - vendredi,Ebersheim
,201800036105,2018-06-15,87,19,87085,45.8342,1.26109,Hors intersection,Deux véhicules - par l’arrière,Plein jour,Normale,Voie Communale,,2,Plat,Partie rectiligne,,,normale,,Sur accotement,Conducteur,1,M,18-19,Promenade - loisirs,Casque,Oui,1,,06 - juin,4 - vendredi,Limoges
,201800038112,2018-06-15,92,21,92036,48,2.2,Hors intersection,Deux véhicules - par l’arrière,Nuit avec éclairage public allumé,Normale,Route Départementale,,4,Plat,Partie rectiligne,,80,normale,,Sur chaussée,Conducteur,1,M,31-32,Domicile - travail,Autre,Non déterminable,1,1,06 - juin,4 - vendredi,Gennevilliers
,201800038759,2018-06-15,92,8,92062,48.87779,2.23992,Hors intersection,Deux véhicules - par l’arrière,Plein jour,Normale,Voie Communale,,1,Plat,Partie rectiligne,,40,normale,,Sur chaussée,Conducteur,1,M,31-32,Domicile - travail,Casque,Non,1,1,06 - juin,4 - vendredi,Puteaux
,201800039724,2018-06-15,93,15,93014,0,0,Intersection en Y,Autre,Plein jour,Normale,Voie Communale,,1,Pente,Partie rectiligne,38,36,normale,,Sur chaussée,Conducteur,0,M,12-13,Promenade - loisirs,Casque,Oui,,1,06 - juin,4 - vendredi,Clichy-sous-Bois
,201800040603,2018-06-15,93,8,93055,48.89597,2.40961,Hors intersection,Autre,Plein jour,Normale,Voie Communale,,4,Pente,En courbe à droite,20,30,normale,,Sur piste cyclable,Conducteur,2,M,13-14,Domicile - école,Autre,Non déterminable,1,1,06 - juin,4 - vendredi,Pantin
,201800043011,2018-06-15,94,19,94074,48.74811,2.46756,Hors intersection,Deux véhicules - par le coté,Plein jour,Normale,Voie Communale,,2,Pente,En courbe à droite,,80,normale,,Sur chaussée,Conducteur,1,M,37-38,Promenade - loisirs,Casque,Non,1,1,06 - juin,4 - vendredi,Valenton
,201800052063,2018-06-15,75,10,75112,48.8379,2.40386,Hors intersection,Deux véhicules - par le coté,Plein jour,Normale,Voie Communale,,2,Plat,Partie rectiligne,,60,normale,,Sur chaussée,Conducteur,1,M,51-52,Promenade - loisirs,Casque,Oui,1,1,06 - juin,4 - vendredi,Paris 12e  Arrondissement
,201800000213,2018-06-14,62,8,62811,50.63797,2.25655,Intersection en T,Trois véhicules et plus - collisions multiples,Plein jour,Normale,Route Départementale,,2,Plat,Partie rectiligne,,,normale,,Sur chaussée,Conducteur,1,F,12-13,Domicile - école,Casque,,1,1,06 - juin,3 - jeudi,Thérouanne
,201800000213,2018-06-14,62,8,62811,50.63797,2.25655,Intersection en T,Trois véhicules et plus - collisions multiples,Plein jour,Normale,Route Départementale,,2,Plat,Partie rectiligne,,,normale,,Sur chaussée,Conducteur,1,M,14-15,Domicile - école,Casque,,1,1,06 - juin,3 - jeudi,Thérouanne
,201800001185,2018-06-14,33,14,33238,44.72735,-0.59745,Hors intersection,Deux véhicules - par le coté,Plein jour,Normale,Route Départementale,,2,Pente,En courbe à gauche,,,normale,,Sur chaussée,Conducteur,1,F,57-58,Autre,Casque,Non,1,1,06 - juin,3 - jeudi,Léognan
,201800001831,2018-06-14,69,11,69028,45.70992,4.69075,Hors intersection,Deux véhicules - par l’arrière,Plein jour,Normale,Route Départementale,,2,Bas de côte,Partie rectiligne,,,normale,,Sur chaussée,Conducteur,3,M,72-73,Promenade - loisirs,Casque,Oui,1,,06 - juin,3 - jeudi,Brindas
,201800002006,2018-06-14,1,7,1160,46.25011,6.10172,Intersection en T,Deux véhicules - par le coté,Plein jour,Normale,Voie Communale,,2,Plat,Partie rectiligne,,,normale,,Sur chaussée,Conducteur,2,M,43-44,Domicile - travail,Casque,Oui,1,1,06 - juin,3 - jeudi,Ferney-Voltaire
,201800002144,2018-06-14,26,19,26250,0,0,Giratoire,Deux véhicules - par l’arrière,Crépuscule ou aube,Normale,Route Nationale,,2,Pente,Partie rectiligne,,,normale,,Sur chaussée,Conducteur,1,M,68-69,Promenade - loisirs,Autre,Non,1,1,06 - juin,3 - jeudi,'Pont-de-l''Isère'
,201800002941,2018-06-14,67,10,67087,48.83445,7.67587,Hors intersection,Aucune,Plein jour,Normale,Route Départementale,,2,Pente,Partie rectiligne,,,normale,,Sur chaussée,Conducteur,3,M,58-59,Promenade - loisirs,Casque,Oui,,,06 - juin,3 - jeudi,Dauendorf
,201800008040,2018-06-14,13,8,13001,43.51429,5.46328,Giratoire,Deux véhicules - par le coté,Plein jour,Normale,Voie Communale,,,Plat,En courbe à droite,,,normale,,Sur accotement,Conducteur,1,M,16-17,Domicile - école,Casque,Oui,1,1,06 - juin,3 - jeudi,Aix-en-Provence
,201800015382,2018-06-14,29,12,29208,48.49668,-4.69843,Giratoire,Deux véhicules - par le coté,Plein jour,Temps couvert,Route Départementale,,2,Plat,Partie rectiligne,,,normale,Carrefour aménagé,Sur chaussée,Conducteur,1,M,31-32,Promenade - loisirs,Casque,Oui,1,,06 - juin,3 - jeudi,Plourin
,201800023742,2018-06-14,84,14,84015,44.17271,5.22444,Hors intersection,Deux véhicules - frontale,Plein jour,Normale,Route Départementale,,2,Pente,En courbe à droite,,,normale,,Sur chaussée,Conducteur,2,M,49-50,Promenade - loisirs,Casque,Oui,1,,06 - juin,3 - jeudi,Beaumont-du-Ventoux
,201800036103,2018-06-14,87,8,87085,45.8241,1.23827,Intersection en X,Deux véhicules - par le coté,Plein jour,Normale,Voie Communale,,2,Plat,Partie rectiligne,,,normale,,Sur accotement,Conducteur,1,F,23-24,Domicile - travail,Casque,Oui,1,1,06 - juin,3 - jeudi,Limoges
,201800040202,2018-06-14,93,16,93046,48.91148,2.52843,Intersection en X,Deux véhicules - par le coté,Plein jour,Normale,Voie Communale,,2,Plat,Partie rectiligne,,,normale,,Sur chaussée,Conducteur,1,M,35-36,,Casque,Non,1,1,06 - juin,3 - jeudi,Livry-Gargan
,201800042092,2018-06-14,94,21,94033,48.85361,2.45241,Intersection en X,Deux véhicules - par le coté,Crépuscule ou aube,Normale,Voie Communale,,2,Pente,Partie rectiligne,,42,normale,,Sur chaussée,Conducteur,1,M,22-23,,Autre,Non déterminable,1,1,06 - juin,3 - jeudi,Fontenay-sous-Bois
,201800047555,2018-06-14,69,18,69382,45.7636,4.8384,Place,Deux véhicules - par le coté,Plein jour,Normale,Voie Communale,,1,Plat,Partie rectiligne,,,normale,,Sur accotement,Conducteur,1,M,34-35,Domicile - travail,Casque,Oui,1,1,06 - juin,3 - jeudi,Lyon 2e  Arrondissement
,201800050372,2018-06-14,75,19,75102,48.8662,2.35251,Intersection en X,Deux véhicules - par le coté,Plein jour,Normale,Voie Communale,,4,Plat,Partie rectiligne,,120,normale,,Sur chaussée,Conducteur,1,M,33-34,,Casque,Non,1,1,06 - juin,3 - jeudi,Paris 2e  Arrondissement
,201800052065,2018-06-14,75,8,75112,48.8443,2.41032,Intersection en X,Aucune,Plein jour,Normale,Voie Communale,,2,Plat,Partie rectiligne,,80,normale,,Sur chaussée,Conducteur,1,M,54-55,Domicile - travail,Casque,Non,,1,06 - juin,3 - jeudi,Paris 12e  Arrondissement
,201800052070,2018-06-14,75,12,75112,48.8433,2.38372,Intersection en X,Deux véhicules - par le coté,Plein jour,Normale,Voie Communale,,3,Plat,Partie rectiligne,,100,normale,,Sur piste cyclable,Conducteur,0,M,42-43,Domicile - travail,Casque,Non,1,1,06 - juin,3 - jeudi,Paris 12e  Arrondissement
,201800012759,2018-06-13,18,21,18141,47.14446,2.22398,Intersection en X,Deux véhicules - par le coté,Plein jour,Normale,Route Départementale,,2,Pente,Partie rectiligne,,,normale,,Sur chaussée,Conducteur,1,M,16-17,Promenade - loisirs,Casque,Oui,1,1,06 - juin,2 - mercredi,Mehun-sur-Yèvre
,201800031400,2018-06-13,6,12,6149,43.73471,7.30456,Hors intersection,Deux véhicules - frontale,Plein jour,Normale,,,2,Plat,Partie rectiligne,,,normale,Carrefour aménagé,Sur chaussée,Conducteur,1,M,15-16,Promenade - loisirs,Casque,Non,1,1,06 - juin,2 - mercredi,Trinité
,201800037263,2018-06-13,92,19,92004,48.9131,2.28432,Hors intersection,Autre,Plein jour,Normale,Route Départementale,,2,Plat,Partie rectiligne,,,normale,,Sur chaussée,Conducteur,0,M,46-47,,Autre,Non,1,1,06 - juin,2 - mercredi,Asnières-sur-Seine
,201800037263,2018-06-13,92,19,92004,48.9131,2.28432,Hors intersection,Autre,Plein jour,Normale,Route Départementale,,2,Plat,Partie rectiligne,,,normale,,Sur chaussée,Conducteur,1,M,49-50,,Autre,Non déterminable,1,1,06 - juin,2 - mercredi,Asnières-sur-Seine
,201800037622,2018-06-13,92,18,92023,48.78026,2.22846,Intersection en Y,Autre,Plein jour,Normale,Voie Communale,,1,Plat,Partie rectiligne,,,normale,,Sur chaussée,Conducteur,1,M,8-9,Autre,Autre,Non,1,1,06 - juin,2 - mercredi,Clamart
,201800051508,2018-06-13,75,18,75110,48.8749,2.35731,Intersection à plus de 4 branches,Deux véhicules - par le coté,Plein jour,Temps couvert,Voie Communale,,5,Plat,Partie rectiligne,,,normale,Carrefour aménagé,Sur chaussée,Conducteur,1,F,50-51,,Casque,Non déterminable,1,1,06 - juin,2 - mercredi,Paris 10e  Arrondissement
,201800051509,2018-06-13,75,20,75110,48.8749,2.35731,Intersection à plus de 4 branches,Autre,Plein jour,Normale,Voie Communale,,3,Pente,Partie rectiligne,,105,normale,,Sur chaussée,Conducteur,2,M,40-41,Promenade - loisirs,Casque,Non,1,1,06 - juin,2 - mercredi,Paris 10e  Arrondissement
,201800054120,2018-06-13,75,8,75118,48.8987,2.37027,Intersection en X,Autre,Plein jour,Normale,Voie Communale,,3,Plat,Partie rectiligne,,50,normale,,Sur chaussée,Conducteur,1,M,53-54,,Casque,Oui,2,1,06 - juin,2 - mercredi,Paris 18e  Arrondissement
,201800055039,2018-06-13,75,7,75112,48.8447,2.36914,Intersection en X,Deux véhicules - par le coté,Plein jour,Normale,Voie Communale,,1,Plat,Partie rectiligne,,28,,,Sur chaussée,Conducteur,2,F,40-41,Utilisation professionnelle,Casque,Non,1,1,06 - juin,2 - mercredi,Paris 12e  Arrondissement
,201800011796,2018-06-12,4,10,4124,43.7359,6.07972,Hors intersection,Autre,Plein jour,Normale,Voie Communale,,2,Plat,Partie rectiligne,,,normale,,Sur accotement,Conducteur,2,M,67-68,Promenade - loisirs,Casque,Oui,,,06 - juin,1 - mardi,Montagnac-Montpezat
,201800033381,2018-06-12,74,19,74010,45.90534,6.12393,Hors intersection,Autre,Plein jour,Pluie légère,Voie Communale,,2,Plat,Partie rectiligne,,,mouillée,,Sur accotement,Conducteur,0,M,24-25,Promenade - loisirs,Equipement réfléchissant,Non déterminable,,1,06 - juin,1 - mardi,Annecy
,201800039265,2018-06-12,93,,93001,0,0,Hors intersection,Deux véhicules - par le coté,Nuit avec éclairage public allumé,Pluie légère,Voie Communale,,4,Plat,Partie rectiligne,,,mouillée,,Sur chaussée,Conducteur,1,M,30-31,,Autre,Non déterminable,1,1,06 - juin,1 - mardi,Aubervilliers
,201800050274,2018-06-12,75,19,75109,48.8776,2.33832,Hors intersection,Autre,Plein jour,Normale,Voie Communale,,1,Pente,Partie rectiligne,,40,normale,,Sur chaussée,Conducteur,1,M,21-22,Utilisation professionnelle,Casque,Non,,1,06 - juin,1 - mardi,Paris 9e  Arrondissement
,201800050885,2018-06-12,75,14,75107,48.8548,2.32918,Intersection en X,Deux véhicules - par le coté,Plein jour,Normale,Voie Communale,,2,Plat,Partie rectiligne,,,normale,,Sur chaussée,Conducteur,1,F,74-75,Promenade - loisirs,Casque,Oui,1,1,06 - juin,1 - mardi,Paris 7e  Arrondissement
,201800052744,2018-06-12,75,8,75114,48.8278,2.32667,Place,Deux véhicules - par le coté,Plein jour,Pluie légère,Voie Communale,,,Plat,En courbe à gauche,30,200,mouillée,,Sur chaussée,Conducteur,1,F,39-40,Domicile - travail,Casque,Non,1,1,06 - juin,1 - mardi,Paris 14e  Arrondissement
,201800052747,2018-06-12,75,16,75114,48.8307,2.32376,Intersection en T,Deux véhicules - par le coté,Plein jour,Normale,Voie Communale,,1,Plat,Partie rectiligne,,40,normale,,Sur chaussée,Conducteur,1,M,7-8,Promenade - loisirs,Casque,Non,1,1,06 - juin,1 - mardi,Paris 14e  Arrondissement
,201800053039,2018-06-12,75,16,75115,48.8467,2.28886,Intersection en X,Autre,Plein jour,Normale,Voie Communale,,2,Plat,,18,70,normale,,Sur chaussée,Conducteur,0,M,41-42,,Casque,Oui,,1,06 - juin,1 - mardi,Paris 15e  Arrondissement
,201800017672,2018-06-11,32,17,32462,43.7603,0.30197,Hors intersection,Deux véhicules - par le coté,Plein jour,Normale,Voie Communale,,2,Plat,Partie rectiligne,,,normale,,Sur chaussée,Conducteur,2,M,12-13,Domicile - école,Casque,Oui,1,1,06 - juin,0 - lundi,Vic-Fezensac
,201800037926,2018-06-11,92,18,92026,48.89,2.26,Hors intersection,Deux véhicules - par le coté,Plein jour,Pluie forte,Voie Communale,,2,Plat,Partie rectiligne,,,mouillée,,Sur chaussée,Conducteur,1,M,12-13,Promenade - loisirs,Casque,Non déterminable,1,1,06 - juin,0 - lundi,Courbevoie
,201800042188,2018-06-11,94,19,94076,48.7858,2.37269,Intersection en T,Deux véhicules - par le coté,Plein jour,Pluie forte,Parc de stationnement ouvert à la circulation publique,,,Plat,Partie rectiligne,,55,mouillée,,Sur chaussée,Conducteur,2,M,6-7,Promenade - loisirs,Casque,Non,1,1,06 - juin,0 - lundi,Villejuif
,201800003444,2018-06-10,13,10,13048,43.59688,5.64524,Hors intersection,Autre,Plein jour,Normale,Route Départementale,,2,Plat,Partie rectiligne,,,normale,,Sur chaussée,Conducteur,2,M,48-49,Promenade - loisirs,Casque,Oui,1,,06 - juin,6 - dimanche,Jouques
,201800011008,2018-06-10,37,21,37050,47.31482,0.7114,Intersection en X,Deux véhicules - par le coté,Crépuscule ou aube,Normale,Voie Communale,,2,Plat,Partie rectiligne,,,normale,Carrefour aménagé,Sur chaussée,Conducteur,2,M,34-35,Domicile - travail,Casque,Non,1,1,06 - juin,6 - dimanche,Chambray-lès-Tours
,201800012773,2018-06-10,73,14,73010,45.77178,5.86803,Hors intersection,Deux véhicules - par l’arrière,Plein jour,Normale,Route Départementale,,2,Plat,Partie rectiligne,,,normale,,Sur chaussée,Conducteur,2,M,58-59,Promenade - loisirs,Casque,Non déterminable,1,,06 - juin,6 - dimanche,Entrelacs
,201800016207,2018-06-10,68,18,68129,47.72682,7.21963,Intersection en T,Deux véhicules - par le coté,Plein jour,Normale,Route Départementale,,2,Plat,Partie rectiligne,,,normale,,Sur chaussée,Conducteur,1,M,16-17,Promenade - loisirs,Casque,,1,1,06 - juin,6 - dimanche,Heimsbrunn
,201800037716,2018-06-10,92,18,92024,48.90122,2.30506,Intersection en X,Deux véhicules - par le coté,Plein jour,Normale,Route Départementale,,3,Plat,En courbe à gauche,,,mouillée,,Sur chaussée,Conducteur,1,M,18-19,Autre,Casque,Non,1,1,06 - juin,6 - dimanche,Clichy
,201800050697,2018-06-10,75,14,75105,48.8508,2.34548,Intersection en X,Autre,Plein jour,Normale,Voie Communale,,3,Plat,Partie rectiligne,,300,normale,,Sur chaussée,Conducteur,0,M,52-53,Domicile - travail,Casque,Non,,1,06 - juin,6 - dimanche,Paris 5e  Arrondissement
,201800053403,2018-06-10,75,19,75116,48.8624,2.28699,Place,Deux véhicules - par le coté,Plein jour,Pluie légère,Voie Communale,,,Plat,Partie rectiligne,10,10,mouillée,,Sur chaussée,Conducteur,1,M,36-37,,Casque,Oui,1,1,06 - juin,6 - dimanche,Paris 16e  Arrondissement
,201800054445,2018-06-10,75,2,75119,48.8849,2.36985,Hors intersection,Autre,Nuit avec éclairage public allumé,Normale,Voie Communale,,2,Plat,Partie rectiligne,,80,normale,,Sur chaussée,Conducteur,1,M,28-29,Promenade - loisirs,Casque,Non,,1,06 - juin,6 - dimanche,Paris 19e  Arrondissement
,201800001030,2018-06-09,85,8,85198,46.99628,-1.00478,Hors intersection,Deux véhicules - par le coté,Plein jour,Normale,Voie Communale,,2,Pente,Partie rectiligne,,,normale,,Sur chaussée,Conducteur,0,M,50-51,Promenade - loisirs,Casque,Oui,1,,06 - juin,5 - samedi,Saint-Aubin-des-Ormeaux
,201800001030,2018-06-09,85,8,85198,46.99628,-1.00478,Hors intersection,Deux véhicules - par le coté,Plein jour,Normale,Voie Communale,,2,Pente,Partie rectiligne,,,normale,,Sur chaussée,Conducteur,2,M,62-63,Promenade - loisirs,Casque,Oui,1,,06 - juin,5 - samedi,Saint-Aubin-des-Ormeaux
,201800003128,2018-06-09,8,16,8188,49.82238,4.82803,Hors intersection,Deux véhicules - frontale,Plein jour,Normale,Voie Communale,,2,Plat,Partie rectiligne,,,normale,,Sur chaussée,Conducteur,1,M,69-70,Promenade - loisirs,Casque,Non,1,1,06 - juin,5 - samedi,Gespunsart
,201800010647,2018-06-09,88,13,88369,47.88999,6.73912,Intersection en T,Deux véhicules - par le coté,Plein jour,Normale,Voie Communale,,2,Plat,Partie rectiligne,,,normale,,Sur chaussée,Conducteur,2,M,13-14,Promenade - loisirs,Casque,,1,1,06 - juin,5 - samedi,Ramonchamp
,201800014080,2018-06-09,66,14,66154,0,0,Hors intersection,Deux véhicules - par le coté,Plein jour,Normale,Route Départementale,,2,Pente,En courbe à droite,,,normale,,Sur chaussée,Conducteur,2,M,38-39,Promenade - loisirs,Casque,Oui,1,,06 - juin,5 - samedi,Puyvalador
,201800016784,2018-06-09,12,17,12183,43.92631,2.54547,Hors intersection,Deux véhicules - par le coté,Plein jour,Normale,Route Départementale,,2,Plat,En courbe à droite,,,normale,,Sur chaussée,Conducteur,2,F,68-69,Promenade - loisirs,Casque,Oui,1,1,06 - juin,5 - samedi,Plaisance
,201800017477,2018-06-09,71,17,71247,46.70453,4.71848,Intersection en X,Deux véhicules - par le coté,Plein jour,Normale,Route Départementale,,2,Plat,Partie rectiligne,,,normale,,Sur chaussée,Conducteur,1,M,16-17,Promenade - loisirs,Casque,Oui,1,,06 - juin,5 - samedi,Jully-lès-Buxy
,201800018691,2018-06-09,74,10,74314,46.1052,5.95841,Intersection en T,Deux véhicules - par le coté,Plein jour,Normale,Route Départementale,,2,Plat,Partie rectiligne,,,normale,,Sur chaussée,Conducteur,2,M,43-44,Promenade - loisirs,Casque,Oui,1,1,06 - juin,5 - samedi,Vulbens
,201800029919,2018-06-09,43,11,43003,0,0,Hors intersection,Deux véhicules - par le coté,Plein jour,Normale,Voie Communale,,2,Plat,Partie rectiligne,,40,normale,,Sur chaussée,Conducteur,2,M,13-14,Promenade - loisirs,Casque,Oui,1,1,06 - juin,5 - samedi,Allègre
,201800030817,2018-06-09,64,10,64445,43.3302,-0.35587,Giratoire,Deux véhicules - par le coté,Plein jour,Pluie légère,Route Départementale,,2,Plat,En courbe à gauche,,,normale,,Sur accotement,Conducteur,1,M,44-45,Autre,Casque,Oui,1,1,06 - juin,5 - samedi,Pau
,201800012161,2018-06-08,53,9,53078,47.78629,-0.64231,Hors intersection,Deux véhicules - par l’arrière,Plein jour,Normale,Route Départementale,,2,Plat,Partie rectiligne,,,normale,,Sur chaussée,Conducteur,2,M,80-81,Promenade - loisirs,Casque,Oui,1,,06 - juin,4 - vendredi,Coudray
,201800020997,2018-06-08,25,16,25056,47.21727,5.97746,Hors intersection,Deux véhicules - par le coté,Plein jour,Normale,Voie Communale,,2,Plat,Partie rectiligne,,,normale,,Sur accotement,Conducteur,1,F,8-9,,Casque,Non déterminable,1,1,06 - juin,4 - vendredi,Besançon
,201800022710,2018-06-08,84,20,84135,44.21075,4.80137,Intersection en X,Aucune,Plein jour,Normale,Route Départementale,,2,Pente,Partie rectiligne,,,normale,,Sur trottoir,Conducteur,2,M,59-60,Autre,Autre,Non,,1,06 - juin,4 - vendredi,Uchaux
,201800030814,2018-06-08,64,11,64445,43.3119,-0.34588,Intersection en T,Deux véhicules - par le coté,Plein jour,Normale,Voie Communale,,2,Plat,Partie rectiligne,,,normale,,Sur accotement,Conducteur,1,M,66-67,Promenade - loisirs,Casque,Oui,1,1,06 - juin,4 - vendredi,Pau
,201800030815,2018-06-08,64,19,64445,43.3061,-0.33372,Giratoire,Deux véhicules - par le coté,Plein jour,Normale,Voie Communale,,2,Plat,En courbe à gauche,,,normale,,Sur accotement,Conducteur,1,M,20-21,Autre,Casque,Oui,1,1,06 - juin,4 - vendredi,Pau
,201800037610,2018-06-08,92,16,92023,48.79242,2.26842,Hors intersection,Deux véhicules - frontale,Plein jour,Normale,Route Départementale,,1,Plat,Partie rectiligne,,,normale,,Sur piste cyclable,Conducteur,2,M,68-69,Promenade - loisirs,Casque,Oui,1,1,06 - juin,4 - vendredi,Clamart
,201800038826,2018-06-08,92,7,92063,48.86469,2.18833,Intersection en T,Deux véhicules - par le coté,Plein jour,Normale,Voie Communale,,2,Pente,Partie rectiligne,,70,normale,,Sur chaussée,Conducteur,1,M,22-23,Domicile - travail,Autre,Non déterminable,1,1,06 - juin,4 - vendredi,Rueil-Malmaison
,201800051096,2018-06-08,75,11,75108,48.8722,2.30905,Intersection en T,Deux véhicules - par le coté,Plein jour,Normale,Voie Communale,,2,Plat,Partie rectiligne,10,50,normale,,Sur chaussée,Conducteur,1,M,36-37,Utilisation professionnelle,Casque,Non déterminable,1,1,06 - juin,4 - vendredi,Paris 8e  Arrondissement
,201800012663,2018-06-07,43,17,43244,45.1174,4.2881,Hors intersection,Autre,Plein jour,Pluie légère,Route Départementale,,2,Plat,Partie rectiligne,,50,mouillée,,Sur chaussée,Conducteur,3,M,86-87,Promenade - loisirs,Casque,Oui,,1,06 - juin,3 - jeudi,Tence
,201800014314,2018-06-07,70,18,70294,47.74723,6.50506,Hors intersection,Trois véhicules et plus - collisions multiples,Plein jour,Normale,Route Départementale,,2,Plat,Partie rectiligne,,,normale,,Sur chaussée,Conducteur,2,F,7-8,Promenade - loisirs,Casque,Non,2,,06 - juin,3 - jeudi,Lantenot
,201800015470,2018-06-07,29,18,29287,48.61143,-4.26532,Intersection en X,Deux véhicules - par l’arrière,Plein jour,Normale,Route Départementale,,2,Sommet de côte,En « S »,,,normale,,Sur chaussée,Conducteur,1,M,43-44,Promenade - loisirs,Casque,Oui,1,,06 - juin,3 - jeudi,Tréflez
,201800018737,2018-06-07,74,18,74256,45.9366,6.63709,Intersection en T,Deux véhicules - par le coté,Plein jour,Normale,Voie Communale,,2,Plat,Partie rectiligne,,,normale,,Sur chaussée,Conducteur,1,M,41-42,Promenade - loisirs,Casque,Oui,1,1,06 - juin,3 - jeudi,Sallanches
,201800021146,2018-06-07,59,14,59162,50.9156,2.39256,Hors intersection,Trois véhicules et plus - collisions multiples,Plein jour,Normale,Voie Communale,,1,Plat,Partie rectiligne,,,normale,,Sur chaussée,Conducteur,2,M,68-69,Promenade - loisirs,Casque,Oui,1,,06 - juin,3 - jeudi,Crochte
,201800021146,2018-06-07,59,14,59162,50.9156,2.39256,Hors intersection,Trois véhicules et plus - collisions multiples,Plein jour,Normale,Voie Communale,,1,Plat,Partie rectiligne,,,normale,,Sur chaussée,Conducteur,2,M,59-60,Promenade - loisirs,Casque,Oui,1,,06 - juin,3 - jeudi,Crochte
,201800038824,2018-06-07,92,8,92063,48.88946,2.17882,Intersection en T,Deux véhicules - par le coté,Plein jour,Normale,Voie Communale,,2,Plat,Partie rectiligne,,70,normale,,Sur chaussée,Conducteur,1,F,32-33,Domicile - travail,Autre,Non,1,1,06 - juin,3 - jeudi,Rueil-Malmaison
,201800047539,2018-06-07,69,21,69385,45.76602,4.82884,Hors intersection,Autre,Nuit sans éclairage public,Pluie légère,Voie Communale,,3,Plat,Partie rectiligne,,,mouillée,,Sur accotement,Conducteur,0,M,38-39,Promenade - loisirs,Casque,Oui,,1,06 - juin,3 - jeudi,Lyon 5e  Arrondissement
,201800051355,2018-06-07,75,17,75109,48.8741,2.33724,Intersection en Y,Autre,Plein jour,Normale,Voie Communale,,1,Plat,Partie rectiligne,,,normale,,Sur chaussée,Conducteur,1,F,42-43,Domicile - travail,Casque,Oui,1,1,06 - juin,3 - jeudi,Paris 9e  Arrondissement
,201800004872,2018-06-06,45,15,45082,47.86749,2.21849,Intersection en X,Deux véhicules - par le coté,Plein jour,Normale,Voie Communale,,2,Plat,Partie rectiligne,,,mouillée,,Sur chaussée,Conducteur,1,M,13-14,Promenade - loisirs,Casque,Oui,1,1,06 - juin,2 - mercredi,Châteauneuf-sur-Loire
,201800041030,2018-06-06,93,20,93070,48.90729,2.3262,Hors intersection,Deux véhicules - frontale,Plein jour,Pluie légère,Voie Communale,,1,,,,,mouillée,,Sur chaussée,Conducteur,2,M,23-24,Utilisation professionnelle,Autre,Non déterminable,1,1,06 - juin,2 - mercredi,Saint-Ouen
,201800051742,2018-06-06,75,20,75111,48.8594,2.37584,Intersection en X,Deux véhicules - par le coté,Plein jour,Pluie légère,Voie Communale,,1,Plat,Partie rectiligne,,40,mouillée,,Sur chaussée,Conducteur,1,M,24-25,Courses - achats,Casque,Non déterminable,1,1,06 - juin,2 - mercredi,Paris 11e  Arrondissement
,201800052056,2018-06-06,75,14,75112,48.8206,2.44532,Intersection en T,Deux véhicules - par le coté,Plein jour,Normale,Voie Communale,,2,Plat,Partie rectiligne,,,normale,,Sur chaussée,Conducteur,1,M,69-70,Promenade - loisirs,Casque,Oui,1,1,06 - juin,2 - mercredi,Paris 12e  Arrondissement
,201800053395,2018-06-06,75,19,75116,48.877,2.28307,Place,Deux véhicules - par le coté,Crépuscule ou aube,Pluie légère,Voie Communale,,3,Plat,En courbe à gauche,25,150,mouillée,Carrefour aménagé,Sur chaussée,Conducteur,1,M,52-53,Promenade - loisirs,Casque,Oui,1,1,06 - juin,2 - mercredi,Paris 16e  Arrondissement
,201800003833,2018-06-05,83,7,83068,43.27338,6.51275,Hors intersection,Deux véhicules - par l’arrière,Plein jour,Temps éblouissant,Route Départementale,,2,Pente,Partie rectiligne,,,normale,,Sur chaussée,Conducteur,1,F,55-56,Domicile - travail,Casque,Oui,1,1,06 - juin,1 - mardi,Grimaud
,201800012772,2018-06-05,73,9,73103,45.65826,5.92762,Giratoire,Deux véhicules - par l’arrière,Plein jour,Normale,Route Départementale,,1,Plat,En courbe à gauche,,,normale,Carrefour aménagé,Sur chaussée,Conducteur,2,M,55-56,Promenade - loisirs,Casque,Oui,1,1,06 - juin,1 - mardi,Drumettaz-Clarafond