test,identifiantAccident,date,departement,heure,commune,lat,lon,typeIntersection,typeCollision,luminosite,conditionsAtmosperiques,typeRoute,circulation,nbVoies,profilLongRoute,tracePlanRoute,largeurTPC,largeurRoute,etatSurface,amenagement,situation,categorieUsager,graviteAccident,sexe,age,motifDeplacement,existenceSecurite,usageSecurite,nombreAutresVehicules,enAgglomeration,mois,jour,NCCENR
,201800019059,2018-06-05,19,9,19058,45.4952,2.15026,Hors intersection,Aucune,Plein jour,Normale,Route Départementale,,2,Plat,En « S »,,,normale,,Sur accotement,Conducteur,2,M,43-44,Promenade - loisirs,Casque,Oui,,,06 - juin,1 - mardi,Combressol
,201800038297,2018-06-05,92,17,92044,48.89276,2.28547,Hors intersection,Autre,Plein jour,Normale,Voie Communale,,2,Plat,Partie rectiligne,,,normale,,Sur chaussée,Conducteur,0,M,20-21,Promenade - loisirs,Casque,Oui,1,1,06 - juin,1 - mardi,Levallois-Perret
,201800041095,2018-06-05,93,8,93071,48.92999,2.53,Hors intersection,Deux véhicules - par l’arrière,Plein jour,Pluie forte,Voie Communale,,2,Plat,,,,mouillée,,Sur chaussée,Conducteur,2,M,9-10,Domicile - école,Casque,Oui,1,1,06 - juin,1 - mardi,Sevran
,201800050561,2018-06-05,75,18,75104,48.8585,2.3482,Intersection en X,Autre,Plein jour,Temps couvert,Voie Communale,,2,Plat,Partie rectiligne,,140,normale,,Sur piste cyclable,Conducteur,1,M,50-51,,Casque,Non,,1,06 - juin,1 - mardi,Paris 4e  Arrondissement
,201800050695,2018-06-05,75,14,75105,48.8476,2.34094,Hors intersection,Deux véhicules - par le coté,Plein jour,Normale,Voie Communale,,4,Pente,Partie rectiligne,,74,normale,Zone piétonne,Sur chaussée,Conducteur,1,M,38-39,Autre,Casque,Non,1,1,06 - juin,1 - mardi,Paris 5e  Arrondissement
,201800051093,2018-06-05,75,20,75108,48.8775,2.30971,Place,Deux véhicules - par l’arrière,Plein jour,Normale,Voie Communale,,2,Plat,Partie rectiligne,,,normale,,Sur chaussée,Conducteur,1,F,53-54,Promenade - loisirs,Casque,Non,1,1,06 - juin,1 - mardi,Paris 8e  Arrondissement
,201800052439,2018-06-05,75,23,75113,48.8245,2.35785,Intersection en T,Autre,Nuit avec éclairage public allumé,Normale,Voie Communale,,6,Pente,Partie rectiligne,1,30,normale,,Sur piste cyclable,Conducteur,1,F,23-24,,Casque,Non,,1,06 - juin,1 - mardi,Paris 13e  Arrondissement
,201800054741,2018-06-05,75,18,75120,48.8659,2.39931,Hors intersection,Autre,Plein jour,Normale,Voie Communale,,2,Pente,Partie rectiligne,,55,normale,,Sur chaussée,Conducteur,0,M,41-42,Autre,Casque,Oui,,1,06 - juin,1 - mardi,Paris 20e  Arrondissement
,201800012706,2018-06-04,18,8,18197,46.72036,2.51215,Hors intersection,Aucune,Plein jour,Normale,Voie Communale,,1,Plat,Partie rectiligne,,,normale,,Sur chaussée,Conducteur,0,F,14-15,Domicile - école,Casque,,1,1,06 - juin,0 - lundi,Saint-Amand-Montrond
,201800012706,2018-06-04,18,8,18197,46.72036,2.51215,Hors intersection,Aucune,Plein jour,Normale,Voie Communale,,1,Plat,Partie rectiligne,,,normale,,Sur chaussée,Conducteur,1,F,73-74,Promenade - loisirs,Casque,,1,1,06 - juin,0 - lundi,Saint-Amand-Montrond
,201800016180,2018-06-04,68,14,68152,47.67175,7.26534,Intersection en T,Deux véhicules - par le coté,Plein jour,Normale,Route Départementale,,2,Plat,Partie rectiligne,,56,normale,Carrefour aménagé,Sur chaussée,Conducteur,2,M,15-16,Autre,Autre,Non déterminable,1,1,06 - juin,0 - lundi,Illfurth
,201800018505,2018-06-04,76,17,76161,49.71158,0.72137,Hors intersection,Deux véhicules - frontale,Plein jour,Normale,Route Départementale,,2,Plat,Partie rectiligne,,,normale,,Sur chaussée,Conducteur,3,M,62-63,Promenade - loisirs,Casque,Oui,1,,06 - juin,0 - lundi,Carville-Pot-de-Fer
,201800021343,2018-06-04,38,19,38270,45.38112,5.54208,Intersection en T,Deux véhicules - par le coté,Plein jour,Normale,Voie Communale,,2,Plat,Partie rectiligne,,,normale,,Sur chaussée,Conducteur,2,M,8-9,Promenade - loisirs,Casque,Non,1,1,06 - juin,0 - lundi,Murette
,201800025364,2018-06-04,37,17,37261,47.37415,0.67559,Intersection en T,Aucune,Plein jour,Normale,Voie Communale,,4,Plat,Partie rectiligne,,,normale,,Sur accotement,Conducteur,1,F,45-46,Promenade - loisirs,Casque,Non déterminable,,1,06 - juin,0 - lundi,Tours
,201800029928,2018-06-04,41,18,41194,47.35078,1.73935,Hors intersection,Deux véhicules - par l’arrière,Plein jour,Temps couvert,Voie Communale,,2,Plat,Partie rectiligne,,,normale,,Sur chaussée,Conducteur,1,M,20-21,,Autre,Oui,1,1,06 - juin,0 - lundi,Romorantin-Lanthenay
,201800036092,2018-06-04,87,17,87085,45.8849,1.28129,Hors intersection,Autre,Plein jour,Normale,Voie Communale,,3,Plat,Partie rectiligne,,,normale,,Sur accotement,Conducteur,1,M,32-33,Promenade - loisirs,Casque,Oui,1,1,06 - juin,0 - lundi,Limoges
,201800042290,2018-06-04,94,18,94073,48.77125,2.40094,Hors intersection,Deux véhicules - par le coté,Plein jour,Normale,Route Départementale,,4,Plat,Partie rectiligne,,80,normale,,Sur chaussée,Conducteur,1,M,46-47,Autre,Casque,Non déterminable,1,1,06 - juin,0 - lundi,Thiais
,201800050459,2018-06-04,75,21,75103,48.8612,2.35819,Intersection en X,Deux véhicules - par le coté,Nuit avec éclairage public allumé,Normale,Voie Communale,,1,Plat,Partie rectiligne,,89,normale,Carrefour aménagé,Sur chaussée,Conducteur,0,M,41-42,Utilisation professionnelle,Casque,Oui,1,1,06 - juin,0 - lundi,Paris 3e  Arrondissement
,201800051740,2018-06-04,75,18,75111,48.8551,2.38712,Intersection en X,Deux véhicules - par le coté,Plein jour,Normale,Voie Communale,,2,Pente,Partie rectiligne,,,normale,Carrefour aménagé,Sur chaussée,Conducteur,1,M,26-27,,Casque,Non,1,1,06 - juin,0 - lundi,Paris 11e  Arrondissement
,201800054739,2018-06-04,75,12,75120,48.8551,2.41529,Hors intersection,Aucune,Plein jour,Normale,Voie Communale,,4,Plat,Partie rectiligne,20,80,normale,,Sur chaussée,Conducteur,2,F,82-83,Courses - achats,Casque,Oui,,1,06 - juin,0 - lundi,Paris 20e  Arrondissement
,201800000442,2018-06-03,27,14,27016,49.25057,1.43906,Hors intersection,Deux véhicules - frontale,Plein jour,Temps éblouissant,Voie Communale,,2,Pente,En courbe à droite,,,normale,,Sur chaussée,Conducteur,2,M,13-14,Promenade - loisirs,Casque,Non,1,1,06 - juin,6 - dimanche,Andelys
,201800001302,2018-06-03,47,17,47157,44.5072,0.14519,Hors intersection,Deux véhicules - par l’arrière,Plein jour,Normale,Route Départementale,,3,Plat,Partie rectiligne,,,normale,,Sur chaussée,Conducteur,1,M,67-68,Domicile - travail,Casque,Non,1,1,06 - juin,6 - dimanche,Marmande
,201800003501,2018-06-03,13,11,13097,43.64272,4.79963,Giratoire,Deux véhicules - par le coté,Plein jour,Normale,Route Départementale,,1,Plat,En courbe à gauche,,,normale,,Sur chaussée,Conducteur,1,M,83-84,Promenade - loisirs,Casque,,1,,06 - juin,6 - dimanche,Saint-Martin-de-Crau
,201800041240,2018-06-03,93,11,93073,48.98369,2.52494,Giratoire,Deux véhicules - par le coté,Plein jour,Normale,Voie Communale,,,Plat,,,,normale,,Sur chaussée,Conducteur,1,F,60-61,Promenade - loisirs,Casque,Oui,1,,06 - juin,6 - dimanche,Tremblay-en-France
,201800050271,2018-06-03,75,9,75101,48.8625,2.33607,Place,Autre,Plein jour,Normale,Voie Communale,,4,Plat,Partie rectiligne,,143,normale,Zone piétonne,Sur chaussée,Conducteur,0,M,53-54,Domicile - travail,Casque,Non déterminable,,1,06 - juin,6 - dimanche,Paris 1er Arrondissement
,201800054440,2018-06-03,75,14,75119,48.8893,2.38367,Intersection à plus de 4 branches,Deux véhicules - par le coté,Plein jour,Normale,Voie Communale,,,Plat,Partie rectiligne,,,normale,,Sur chaussée,Conducteur,1,M,15-16,Promenade - loisirs,Casque,Non déterminable,1,1,06 - juin,6 - dimanche,Paris 19e  Arrondissement
,201800054738,2018-06-03,75,17,75120,48.8567,2.40925,Intersection en T,Deux véhicules - par le coté,Plein jour,Normale,Voie Communale,,1,Pente,Partie rectiligne,,25,normale,,Sur piste cyclable,Conducteur,1,M,31-32,Promenade - loisirs,Casque,Non déterminable,1,1,06 - juin,6 - dimanche,Paris 20e  Arrondissement
,201800055030,2018-06-03,75,2,75113,48.8299,2.35013,Hors intersection,Aucune,Nuit avec éclairage public allumé,Normale,Voie Communale,,2,Pente,Partie rectiligne,,62,normale,,Sur chaussée,Conducteur,2,M,38-39,,Casque,Non déterminable,,1,06 - juin,6 - dimanche,Paris 13e  Arrondissement
,201800000494,2018-06-02,35,16,35076,48.05876,-1.79446,Hors intersection,Deux véhicules - par l’arrière,Plein jour,Normale,Route Départementale,,2,Plat,Partie rectiligne,,,normale,,Sur chaussée,Conducteur,2,M,21-22,Promenade - loisirs,Equipement réfléchissant,Non,1,,06 - juin,5 - samedi,Chavagne
,201800001363,2018-06-02,16,18,16187,45.64839,0.07148,Hors intersection,Deux véhicules - par l’arrière,Plein jour,Normale,Route Départementale,,2,Pente,Partie rectiligne,,53,normale,,Sur chaussée,Conducteur,2,M,39-40,Promenade - loisirs,Casque,Non,1,1,06 - juin,5 - samedi,Linars
,201800001363,2018-06-02,16,18,16187,45.64839,0.07148,Hors intersection,Deux véhicules - par l’arrière,Plein jour,Normale,Route Départementale,,2,Pente,Partie rectiligne,,53,normale,,Sur chaussée,Passager,0,F,1-2,Promenade - loisirs,Casque,Oui,1,1,06 - juin,5 - samedi,Linars
,201800004099,2018-06-02,34,10,34226,43.34377,2.96497,Hors intersection,Autre,Plein jour,Normale,Voie Communale,,2,Plat,Partie rectiligne,,,normale,,Sur chaussée,Conducteur,1,M,56-57,Promenade - loisirs,Casque,,1,1,06 - juin,5 - samedi,Quarante
,201800004099,2018-06-02,34,10,34226,43.34377,2.96497,Hors intersection,Autre,Plein jour,Normale,Voie Communale,,2,Plat,Partie rectiligne,,,normale,,Sur chaussée,Conducteur,1,M,7-8,Promenade - loisirs,Casque,,1,1,06 - juin,5 - samedi,Quarante
,201800012866,2018-06-02,64,14,64526,43.2688,-0.19703,Giratoire,Deux véhicules - par le coté,Plein jour,Normale,Route Départementale,,1,Plat,En courbe à gauche,,,normale,,Sur chaussée,Conducteur,2,F,75-76,Promenade - loisirs,Casque,Oui,1,1,06 - juin,5 - samedi,Soumoulou
,201800013947,2018-06-02,72,11,72266,48.26633,-0.00188,Hors intersection,Autre,Plein jour,Normale,Route Départementale,,2,Pente,Partie rectiligne,,,normale,,Sur chaussée,Conducteur,2,M,51-52,Promenade - loisirs,Casque,Oui,,,06 - juin,5 - samedi,Saint-Aubin-de-Locquenay
,201800015887,2018-06-02,25,9,25193,47.24792,6.87847,Hors intersection,Deux véhicules - par le coté,Plein jour,Normale,Route Départementale,,2,Plat,Partie rectiligne,,,normale,,Sur accotement,Conducteur,2,M,77-78,Promenade - loisirs,Casque,Oui,1,1,06 - juin,5 - samedi,Damprichard
,201800016260,2018-06-02,68,14,68060,47.74039,7.1425,Giratoire,Deux véhicules - par l’arrière,Plein jour,Normale,Route Départementale,,2,Plat,Partie rectiligne,,,normale,Carrefour aménagé,Sur chaussée,Conducteur,1,M,64-65,Promenade - loisirs,Casque,Oui,1,,06 - juin,5 - samedi,Burnhaupt-le-Haut
,201800018637,2018-06-02,74,12,74104,45.79537,6.23182,Hors intersection,Deux véhicules - par le coté,Plein jour,Normale,Route Départementale,,2,Plat,Partie rectiligne,,,normale,,Sur chaussée,Conducteur,1,M,64-65,Promenade - loisirs,Casque,Oui,1,,06 - juin,5 - samedi,Doussard
,201800019122,2018-06-02,51,18,51158,48.84322,3.98323,Hors intersection,Deux véhicules - par le coté,Plein jour,Normale,Route Départementale,,2,Plat,Partie rectiligne,,,normale,,Sur chaussée,Conducteur,2,M,57-58,Domicile - travail,Casque,Oui,1,,06 - juin,5 - samedi,Val-des-Marais
,201800023741,2018-06-02,84,11,84015,44.18033,5.18815,Hors intersection,Deux véhicules - frontale,Plein jour,Normale,Route Départementale,,2,Pente,En courbe à droite,,,normale,,Sur chaussée,Conducteur,2,M,47-48,Promenade - loisirs,Casque,Oui,1,,06 - juin,5 - samedi,Beaumont-du-Ventoux
,201800041574,2018-06-02,94,3,94017,48.81366,2.51015,Hors intersection,Deux véhicules - par le coté,Nuit avec éclairage public allumé,Normale,Route Départementale,,2,Bas de côte,Partie rectiligne,,70,normale,Carrefour aménagé,Sur chaussée,Conducteur,2,M,20-21,,Autre,Non déterminable,1,1,06 - juin,5 - samedi,Champigny-sur-Marne
,201800000107,2018-06-01,59,13,59139,50.12199,3.42028,Giratoire,Deux véhicules - par le coté,Plein jour,Pluie forte,Voie Communale,,2,Plat,Partie rectiligne,,,mouillée,,Sur chaussée,Conducteur,1,F,23-24,Courses - achats,Casque,,1,1,06 - juin,4 - vendredi,Caudry
,201800002550,2018-06-01,74,22,74216,46.09336,6.09257,Hors intersection,Deux véhicules - par l’arrière,Nuit sans éclairage public,Normale,Route Départementale,,2,Sommet de côte,Partie rectiligne,,,normale,,Sur chaussée,Conducteur,3,M,17-18,Promenade - loisirs,Equipement réfléchissant,Non,1,,06 - juin,4 - vendredi,Présilly
,201800004699,2018-06-01,95,19,95177,49.1211,2.0264,Hors intersection,Deux véhicules - par le coté,Plein jour,Normale,Route Départementale,,3,Plat,En courbe à gauche,,,normale,,Sur chaussée,Conducteur,3,M,21-22,Promenade - loisirs,Casque,Oui,1,,06 - juin,4 - vendredi,Cormeilles-en-Vexin
,201800012802,2018-06-01,73,8,73032,45.62548,6.45072,Intersection en T,Deux véhicules - frontale,Plein jour,Normale,Voie Communale,,2,Plat,Partie rectiligne,,,normale,,Sur chaussée,Conducteur,2,M,8-9,Domicile - école,Casque,Oui,1,1,06 - juin,4 - vendredi,Bâthie
,201800036090,2018-06-01,87,17,87085,45.8097,1.23534,Hors intersection,Autre,Plein jour,Normale,Voie Communale,,2,Pente,Partie rectiligne,,,normale,,Sur accotement,Conducteur,1,M,31-32,Promenade - loisirs,Casque,Oui,1,1,06 - juin,4 - vendredi,Limoges
,201800038581,2018-06-01,92,19,92050,0,0,Hors intersection,Autre,Plein jour,Pluie légère,Route Départementale,,1,Pente,Partie rectiligne,,30,mouillée,,Sur piste cyclable,Conducteur,1,M,28-29,,Casque,Non,,1,06 - juin,4 - vendredi,Nanterre
,201800050558,2018-06-01,75,17,75102,48.8673,2.34774,Hors intersection,Deux véhicules - par l’arrière,Plein jour,Normale,Voie Communale,,3,Plat,,,,normale,,Sur chaussée,Conducteur,1,F,25-26,Domicile - travail,Casque,Non,1,1,06 - juin,4 - vendredi,Paris 2e  Arrondissement
,201800054736,2018-06-01,75,14,75120,48.847,2.41503,Giratoire,Trois véhicules et plus - collisions multiples,Plein jour,Temps couvert,Voie Communale,,2,Plat,Partie rectiligne,,89,normale,Bretelle d’échangeur ou de raccordement,Sur chaussée,Conducteur,1,M,56-57,Promenade - loisirs,Casque,Non,2,1,06 - juin,4 - vendredi,Paris 20e  Arrondissement
,201800002442,2018-05-31,73,12,73036,45.73159,6.10963,Hors intersection,Autre,Plein jour,Normale,Route Départementale,,2,Pente,Partie rectiligne,,,normale,,Sur accotement,Conducteur,2,F,14-15,Autre,Casque,Oui,,,05 - mai,3 - jeudi,Bellecombe-en-Bauges
,201800014923,2018-05-31,38,14,38304,44.94965,5.76826,Intersection en Y,Deux véhicules - par le coté,Plein jour,Pluie légère,Route Départementale,,2,Plat,En courbe à gauche,,,normale,,Sur chaussée,Conducteur,2,M,50-51,Promenade - loisirs,Casque,Oui,1,,05 - mai,3 - jeudi,Pierre-Châtel
,201800015440,2018-05-31,29,10,29277,48.41098,-4.08551,Giratoire,Deux véhicules - par le coté,Plein jour,Pluie légère,Route Départementale,,1,Pente,En courbe à gauche,,,mouillée,Carrefour aménagé,Sur chaussée,Conducteur,2,M,61-62,Promenade - loisirs,Casque,Oui,1,,05 - mai,3 - jeudi,Sizun
,201800018770,2018-05-31,59,11,59262,50.79699,2.64561,Autre intersection,Deux véhicules - par le coté,Plein jour,Normale,Voie Communale,,2,Plat,En courbe à droite,,,normale,,Sur chaussée,Conducteur,2,M,7-8,Promenade - loisirs,Casque,,1,1,05 - mai,3 - jeudi,Godewaersvelde
,201800030807,2018-05-31,64,10,64445,43.3024,-0.36049,Intersection en T,Deux véhicules - par le coté,Plein jour,Temps couvert,Voie Communale,,2,Plat,Partie rectiligne,,,normale,,Sur accotement,Conducteur,1,M,45-46,Courses - achats,Casque,Non déterminable,1,1,05 - mai,3 - jeudi,Pau
,201800041440,2018-05-31,94,9,94044,48.74118,2.48042,Giratoire,Deux véhicules - par le coté,Plein jour,Temps couvert,Route Départementale,,,Plat,En courbe à droite,,,mouillée,,Sur chaussée,Conducteur,1,M,31-32,Domicile - travail,Casque,Oui,1,1,05 - mai,3 - jeudi,Limeil-Brévannes
,201800051087,2018-05-31,75,18,75108,48.872,2.30045,Intersection en T,Deux véhicules - par le coté,Plein jour,Normale,Voie Communale,,,Pente,Partie rectiligne,20,200,normale,,Sur chaussée,Conducteur,1,M,46-47,Domicile - travail,Casque,Non déterminable,1,1,05 - mai,3 - jeudi,Paris 8e  Arrondissement
,201800053031,2018-05-31,75,19,75115,48.8501,2.28669,Hors intersection,Deux véhicules - par le coté,Plein jour,Normale,Voie Communale,,1,Plat,Partie rectiligne,,30,normale,,,Conducteur,2,M,22-23,,Casque,Non déterminable,1,1,05 - mai,3 - jeudi,Paris 15e  Arrondissement
,201800056016,2018-05-31,973,7,97308,3.89401,-51.8028,Hors intersection,Deux véhicules - par le coté,Plein jour,Pluie légère,Voie Communale,,2,Plat,Partie rectiligne,,,flaques,,Sur chaussée,Conducteur,1,M,35-36,Domicile - école,Casque,Non,1,1,05 - mai,3 - jeudi,Saint-Georges
,201800056016,2018-05-31,973,7,97308,3.89401,-51.8028,Hors intersection,Deux véhicules - par le coté,Plein jour,Pluie légère,Voie Communale,,2,Plat,Partie rectiligne,,,flaques,,Sur chaussée,Passager,1,M,7-8,Domicile - école,Casque,Non,1,1,05 - mai,3 - jeudi,Saint-Georges
,201800002044,2018-05-30,7,8,7178,44.66874,4.29093,Hors intersection,Deux véhicules - par le coté,Plein jour,Pluie légère,Voie Communale,,2,Pente,En courbe à gauche,,,mouillée,,Sur chaussée,Conducteur,2,M,46-47,Domicile - travail,Dispositif enfants,,1,1,05 - mai,2 - mercredi,Pont-de-Labeaume
,201800017609,2018-05-30,11,11,11170,43.11728,3.08846,Giratoire,Deux véhicules - par l’arrière,Plein jour,Normale,Route Départementale,,2,Pente,Partie rectiligne,,,normale,,Sur chaussée,Conducteur,2,M,67-68,Promenade - loisirs,Casque,Oui,1,,05 - mai,2 - mercredi,Gruissan
,201800042864,2018-05-30,94,11,94068,48.78455,2.49217,Intersection en T,Deux véhicules - par le coté,Plein jour,Normale,Voie Communale,,2,Plat,Partie rectiligne,,62,normale,,Sur chaussée,Conducteur,1,M,63-64,Autre,Autre,Non déterminable,1,1,05 - mai,2 - mercredi,Saint-Maur-des-Fossés
,201800051502,2018-05-30,75,9,75110,48.8737,2.35826,Intersection en X,Deux véhicules - par le coté,Plein jour,Normale,Voie Communale,,3,Plat,Partie rectiligne,,90,normale,,Sur chaussée,Conducteur,1,F,26-27,Domicile - travail,Casque,Non déterminable,1,1,05 - mai,2 - mercredi,Paris 10e  Arrondissement
,201800051737,2018-05-30,75,11,75111,48.858,2.38147,Intersection en X,Deux véhicules - par le coté,Plein jour,Temps couvert,Voie Communale,,1,Pente,Partie rectiligne,15,120,normale,,Sur chaussée,Conducteur,1,M,24-25,Domicile - école,Casque,Non déterminable,1,1,05 - mai,2 - mercredi,Paris 11e  Arrondissement
,201800052046,2018-05-30,75,20,75112,48.8455,2.37124,Intersection en X,Deux véhicules - par le coté,Plein jour,Normale,Voie Communale,,2,Plat,,,,normale,,Sur chaussée,Conducteur,1,M,21-22,Domicile - travail,Casque,Non déterminable,1,1,05 - mai,2 - mercredi,Paris 12e  Arrondissement
,201800053029,2018-05-30,75,17,75115,48.8277,2.3001,Intersection en X,Deux véhicules - par le coté,Plein jour,Normale,Voie Communale,,1,Plat,Partie rectiligne,,60,normale,,Sur chaussée,Conducteur,1,M,10-11,,Casque,Non déterminable,1,1,05 - mai,2 - mercredi,Paris 15e  Arrondissement
,201800053384,2018-05-30,75,10,75116,48.8618,2.23025,Place,Autre,Plein jour,Normale,Voie Communale,,,,,,,,,,Conducteur,2,M,65-66,Promenade - loisirs,Casque,Oui,1,1,05 - mai,2 - mercredi,Paris 16e  Arrondissement
,201800056087,2018-05-30,974,17,97419,-21.12825,55.7938,Autre intersection,Deux véhicules - par le coté,Plein jour,Pluie légère,Voie Communale,,2,Plat,Partie rectiligne,,,mouillée,,Sur trottoir,Conducteur,2,M,15-16,Courses - achats,Casque,Non,1,1,05 - mai,2 - mercredi,Sainte-Rose
,201800012152,2018-05-29,53,18,53137,48.0628,-0.93457,Intersection en X,Deux véhicules - par le coté,Plein jour,Normale,Route Départementale,,2,Plat,Partie rectiligne,,,normale,Carrefour aménagé,Sur chaussée,Conducteur,1,M,6-7,Promenade - loisirs,Casque,,1,1,05 - mai,1 - mardi,Loiron-Ruillé
,201800013879,2018-05-29,72,14,72376,47.86942,0.49503,Hors intersection,Deux véhicules - par le coté,Plein jour,Normale,Route Départementale,,2,Pente,Partie rectiligne,,,normale,,Sur chaussée,Conducteur,2,M,61-62,Promenade - loisirs,Casque,,1,,05 - mai,1 - mardi,Villaines-sous-Lucé
,201800016206,2018-05-29,68,17,68195,47.75892,7.29024,Giratoire,Deux véhicules - frontale,Plein jour,Normale,Route Départementale,,2,Plat,Partie rectiligne,,,normale,,Sur chaussée,Conducteur,2,F,56-57,Promenade - loisirs,Casque,Non,1,1,05 - mai,1 - mardi,Lutterbach
,201800018894,2018-05-29,56,12,56185,47.77675,-3.39225,Hors intersection,Autre,Plein jour,Autre,Voie Communale,,2,Plat,Partie rectiligne,,,mouillée,,Sur chaussée,Conducteur,1,M,51-52,Promenade - loisirs,Casque,Oui,,,05 - mai,1 - mardi,Quéven
,201800047524,2018-05-29,69,7,69034,45.77947,4.84412,Autre intersection,Deux véhicules - frontale,Plein jour,Normale,Voie Communale,,2,Plat,En courbe à gauche,,,normale,Carrefour aménagé,Sur accotement,Conducteur,1,M,26-27,Promenade - loisirs,Casque,Oui,1,1,05 - mai,1 - mardi,Caluire-et-Cuire
,201800053383,2018-05-29,75,22,75116,48.8398,2.26759,Hors intersection,Deux véhicules - frontale,Nuit avec éclairage public allumé,Pluie forte,Voie Communale,,2,Plat,Partie rectiligne,10,10,mouillée,,Sur piste cyclable,Conducteur,1,F,19-20,Promenade - loisirs,Casque,Oui,1,1,05 - mai,1 - mardi,Paris 16e  Arrondissement
,201800053383,2018-05-29,75,22,75116,48.8398,2.26759,Hors intersection,Deux véhicules - frontale,Nuit avec éclairage public allumé,Pluie forte,Voie Communale,,2,Plat,Partie rectiligne,10,10,mouillée,,Sur piste cyclable,Conducteur,1,M,31-32,Promenade - loisirs,Casque,Oui,1,1,05 - mai,1 - mardi,Paris 16e  Arrondissement
,201800053792,2018-05-29,75,9,75117,48.8845,2.3148,Intersection en T,Autre,Plein jour,Temps couvert,Voie Communale,,1,Plat,Partie rectiligne,,,normale,,Sur chaussée,Conducteur,1,M,31-32,Utilisation professionnelle,Casque,Non déterminable,1,1,05 - mai,1 - mardi,Paris 17e  Arrondissement
,201800054435,2018-05-29,75,9,75119,48.8869,2.37784,Hors intersection,Autre,Plein jour,Temps couvert,Voie Communale,,1,Plat,Partie rectiligne,,20,mouillée,Zone piétonne,Sur trottoir,Conducteur,1,F,26-27,,Casque,Oui,,1,05 - mai,1 - mardi,Paris 19e  Arrondissement
,201800010624,2018-05-28,88,10,88292,48.27996,6.1334,Hors intersection,Aucune,Plein jour,Normale,Route Départementale,,2,Plat,Partie rectiligne,,,normale,,Sur chaussée,Conducteur,2,F,64-65,Promenade - loisirs,Casque,Oui,1,1,05 - mai,0 - lundi,Mattaincourt
,201800025353,2018-05-28,37,18,37122,47.35526,0.66472,Hors intersection,Autre,Plein jour,Pluie légère,Voie Communale,,,Plat,Partie rectiligne,,,mouillée,Zone piétonne,Sur accotement,Conducteur,0,M,26-27,,Casque,Oui,,1,05 - mai,0 - lundi,Joué-lès-Tours
,201800038439,2018-05-28,92,18,92049,48.81835,2.31959,Intersection en X,Deux véhicules - par le coté,Plein jour,Pluie légère,Route Départementale,,4,Plat,Partie rectiligne,40,20,normale,,Sur chaussée,Conducteur,1,F,32-33,Domicile - travail,Casque,Non,1,1,05 - mai,0 - lundi,Montrouge
,201800039377,2018-05-28,93,11,93005,0,0,Hors intersection,Deux véhicules - frontale,Plein jour,Normale,Voie Communale,,1,Plat,Partie rectiligne,,,normale,,Sur chaussée,Conducteur,1,M,30-31,Promenade - loisirs,Autre,Non déterminable,1,1,05 - mai,0 - lundi,Aulnay-sous-Bois
,201800040877,2018-05-28,93,12,93066,48.92617,2.35642,Intersection en T,Deux véhicules - par le coté,Plein jour,Normale,Route Nationale,,2,Plat,En courbe à droite,,,normale,,Sur chaussée,Conducteur,1,F,44-45,Domicile - travail,Casque,Oui,1,1,05 - mai,0 - lundi,Saint-Denis
,201800041996,2018-05-28,94,6,94028,48.79624,2.46351,Hors intersection,Deux véhicules - par le coté,Plein jour,Normale,Voie Communale,,4,Pente,Partie rectiligne,,120,normale,,Sur chaussée,Conducteur,2,M,32-33,Domicile - travail,Autre,Non,1,1,05 - mai,0 - lundi,Créteil
,201800042757,2018-05-28,94,7,94042,48.82011,2.48021,Hors intersection,Deux véhicules - par le coté,Plein jour,Normale,Route Départementale,,4,Plat,Partie rectiligne,,140,normale,,Sur chaussée,Conducteur,1,M,33-34,Domicile - travail,Casque,Oui,1,1,05 - mai,0 - lundi,Joinville-le-Pont
,201800043444,2018-05-28,95,16,95598,48.9969,2.3032,Hors intersection,Deux véhicules - frontale,Plein jour,Normale,Route Départementale,,2,Pente,Partie rectiligne,,,normale,,Sur chaussée,Conducteur,1,M,15-16,Domicile - école,Autre,Non déterminable,1,1,05 - mai,0 - lundi,Soisy-sous-Montmorency
,201800050370,2018-05-28,75,19,75102,48.8682,2.34361,Intersection en X,Deux véhicules - par le coté,Crépuscule ou aube,Pluie forte,Voie Communale,,,,,,,,,,Conducteur,1,M,40-41,Domicile - travail,Casque,Non déterminable,1,1,05 - mai,0 - lundi,Paris 2e  Arrondissement
,201800051082,2018-05-28,75,19,75108,48.8644,2.30185,Place,Deux véhicules - par le coté,Crépuscule ou aube,Pluie forte,Voie Communale,,3,Plat,Partie rectiligne,,150,mouillée,,Sur chaussée,Conducteur,1,F,40-41,Domicile - travail,Casque,Non déterminable,1,1,05 - mai,0 - lundi,Paris 8e  Arrondissement
,201800052041,2018-05-28,75,8,75112,48.8357,2.38605,Place,Deux véhicules - par le coté,Plein jour,Normale,Voie Communale,,2,Plat,En courbe à gauche,,80,normale,,Sur chaussée,Conducteur,1,M,42-43,Domicile - travail,Casque,Non déterminable,1,1,05 - mai,0 - lundi,Paris 12e  Arrondissement
,201800053790,2018-05-28,75,20,75117,48.8963,2.31022,Intersection en X,Deux véhicules - par le coté,Plein jour,Temps couvert,Voie Communale,,1,Plat,Partie rectiligne,,,normale,Carrefour aménagé,Sur chaussée,Conducteur,2,M,27-28,Autre,Casque,Non déterminable,1,1,05 - mai,0 - lundi,Paris 17e  Arrondissement
,201800055024,2018-05-28,75,11,75112,48.8348,2.39337,Hors intersection,Autre,Plein jour,Normale,Voie Communale,,2,Pente,Partie rectiligne,,84,normale,,Sur chaussée,Conducteur,2,M,44-45,,Casque,Non déterminable,,1,05 - mai,0 - lundi,Paris 12e  Arrondissement