test,identifiantAccident,date,departement,heure,commune,lat,lon,typeIntersection,typeCollision,luminosite,conditionsAtmosperiques,typeRoute,circulation,nbVoies,profilLongRoute,tracePlanRoute,largeurTPC,largeurRoute,etatSurface,amenagement,situation,categorieUsager,graviteAccident,sexe,age,motifDeplacement,existenceSecurite,usageSecurite,nombreAutresVehicules,enAgglomeration,mois,jour,NCCENR
,201800000020,2018-05-27,59,16,59586,50.54129,3.18902,Hors intersection,Aucune,Plein jour,Normale,Voie Communale,,2,Plat,En courbe à gauche,,,normale,,Sur chaussée,Conducteur,2,M,20-21,Autre,Casque,Oui,1,,05 - mai,6 - dimanche,Templeuve-en-Pévèle
,201800011435,2018-05-27,28,17,28239,48.67084,1.3782,Hors intersection,Deux véhicules - par le coté,Plein jour,Temps éblouissant,Route Départementale,,2,Plat,Partie rectiligne,,,normale,,Sur chaussée,Conducteur,2,F,49-50,Promenade - loisirs,,,1,,05 - mai,6 - dimanche,Marville-Moutiers-Brûlé
,201800016856,2018-05-27,49,11,49125,47.1845,-0.25799,Intersection en T,Deux véhicules - par le coté,Plein jour,Normale,Voie Communale,,2,Plat,Partie rectiligne,,,normale,Carrefour aménagé,Sur chaussée,Conducteur,2,M,56-57,Promenade - loisirs,Casque,,1,1,05 - mai,6 - dimanche,Doué-la-Fontaine
,201800029893,2018-05-27,68,11,68043,47.85569,7.23726,Intersection en T,Deux véhicules - par le coté,Plein jour,Normale,Route Départementale,,2,Plat,Partie rectiligne,,57,normale,,Sur chaussée,Conducteur,2,M,72-73,Promenade - loisirs,Autre,Non,1,,05 - mai,6 - dimanche,Bollwiller
,201800038292,2018-05-27,92,18,92044,48.89276,2.28547,Hors intersection,Deux véhicules - par le coté,Plein jour,Normale,Voie Communale,,2,Plat,Partie rectiligne,,,normale,,Sur chaussée,Conducteur,1,M,43-44,Promenade - loisirs,Casque,Oui,1,1,05 - mai,6 - dimanche,Levallois-Perret
,201800052040,2018-05-27,75,1,75112,48.8478,2.39057,Intersection en T,Deux véhicules - par le coté,Nuit avec éclairage public allumé,Normale,Voie Communale,,2,Plat,Partie rectiligne,,80,normale,,Sur chaussée,Conducteur,1,M,27-28,Promenade - loisirs,Casque,Non déterminable,1,1,05 - mai,6 - dimanche,Paris 12e  Arrondissement
,201800053789,2018-05-27,75,21,75117,48.8888,2.30885,Intersection en T,Deux véhicules - frontale,Crépuscule ou aube,Normale,Voie Communale,,1,Plat,Partie rectiligne,,,normale,,Sur chaussée,Conducteur,1,F,25-26,Promenade - loisirs,Casque,Non déterminable,1,1,05 - mai,6 - dimanche,Paris 17e  Arrondissement
,201800015240,2018-05-26,31,15,31152,43.34161,0.89039,Hors intersection,Deux véhicules - frontale,Plein jour,Normale,Route Départementale,,2,Pente,En courbe à droite,,,normale,,Sur chaussée,Conducteur,2,M,15-16,Promenade - loisirs,Casque,Oui,1,,05 - mai,5 - samedi,Coueilles
,201800023675,2018-05-26,57,10,57177,48.81408,6.72096,Hors intersection,Deux véhicules - par le coté,Plein jour,Normale,Parc de stationnement ouvert à la circulation publique,Avec voies d’affectation variable,,Plat,Partie rectiligne,,,normale,Carrefour aménagé,Sur trottoir,Conducteur,1,F,35-36,Utilisation professionnelle,Casque,Oui,1,1,05 - mai,5 - samedi,Dieuze
,201800032815,2018-05-26,54,18,54345,48.59373,6.26187,Intersection en X,Deux véhicules - par le coté,Plein jour,Normale,Route Départementale,,2,Pente,Partie rectiligne,,,normale,,Sur chaussée,Conducteur,2,M,75-76,Promenade - loisirs,Casque,Oui,1,,05 - mai,5 - samedi,Manoncourt-en-Vermois
,201800042176,2018-05-26,94,15,94043,48.81244,2.35317,Intersection en X,Deux véhicules - par le coté,Plein jour,Temps couvert,Voie Communale,,1,Pente,Partie rectiligne,,,normale,,Sur chaussée,Conducteur,0,M,54-55,,Casque,Non,1,1,05 - mai,5 - samedi,Kremlin-Bicêtre
,201800000827,2018-05-25,1,8,1053,46.19568,5.2176,Hors intersection,Deux véhicules - par le coté,Plein jour,Temps éblouissant,Voie Communale,,1,Pente,Partie rectiligne,,,normale,,Sur accotement,Conducteur,2,M,48-49,Domicile - travail,Casque,Oui,1,1,05 - mai,4 - vendredi,Bourg-en-Bresse
,201800003483,2018-05-25,13,18,13027,43.88505,4.84948,Intersection en X,Deux véhicules - par l’arrière,Plein jour,Normale,Route Départementale,,2,Plat,En courbe à droite,,,normale,,Sur chaussée,Conducteur,2,F,80-81,Promenade - loisirs,Casque,,1,1,05 - mai,4 - vendredi,Châteaurenard
,201800012952,2018-05-25,64,16,64029,43.1293,-0.71941,Hors intersection,Aucune,Plein jour,Normale,Voie Communale,,2,Bas de côte,En courbe à gauche,,,normale,,Sur chaussée,Conducteur,2,F,57-58,Promenade - loisirs,Casque,Non,,,05 - mai,4 - vendredi,Aramits
,201800025143,2018-05-25,36,15,36202,46.7757,1.64841,Giratoire,Deux véhicules - par le coté,Plein jour,Normale,Route Départementale,,2,Plat,Partie rectiligne,,86,normale,,Sur chaussée,Conducteur,1,M,34-35,Utilisation professionnelle,Casque,Oui,1,,05 - mai,4 - vendredi,Saint-Maur
,201800034875,2018-05-25,79,8,79191,46.31069,-0.47416,Intersection en T,Deux véhicules - frontale,Plein jour,Normale,Voie Communale,,2,Plat,Partie rectiligne,,50,normale,,Sur chaussée,Conducteur,2,F,6-7,Domicile - école,Autre,Oui,1,1,05 - mai,4 - vendredi,Niort
,201800038699,2018-05-25,92,16,92051,48.88007,2.79664,Hors intersection,Deux véhicules - frontale,Plein jour,Pluie forte,Voie Communale,,2,Plat,Partie rectiligne,,35,mouillée,,Sur chaussée,Conducteur,2,M,22-23,Domicile - travail,Casque,Oui,1,1,05 - mai,4 - vendredi,Neuilly-sur-Seine
,201800039962,2018-05-25,93,20,93031,48.96169,2.2953,Intersection en X,Deux véhicules - par le coté,Crépuscule ou aube,Pluie légère,Route Nationale,,2,Plat,Partie rectiligne,,,mouillée,,Sur chaussée,Conducteur,2,M,41-42,Promenade - loisirs,Casque,Oui,1,1,05 - mai,4 - vendredi,Épinay-sur-Seine
,201800042998,2018-05-25,94,17,94078,48.7395,2.45688,Hors intersection,Deux véhicules - par le coté,Plein jour,Normale,Voie Communale,,2,Plat,Partie rectiligne,,56,normale,,Sur chaussée,Conducteur,2,M,11-12,Promenade - loisirs,Autre,Oui,1,1,05 - mai,4 - vendredi,Villeneuve-Saint-Georges
,201800051497,2018-05-25,75,10,75110,48.8702,2.35032,Hors intersection,Deux véhicules - par l’arrière,Plein jour,Normale,Voie Communale,,5,Plat,Partie rectiligne,,,normale,,Sur chaussée,Conducteur,1,M,35-36,Domicile - travail,Casque,Non déterminable,1,1,05 - mai,4 - vendredi,Paris 10e  Arrondissement
,201800051732,2018-05-25,75,15,75111,48.851,2.37714,Intersection en T,Deux véhicules - par le coté,Plein jour,Normale,Voie Communale,,3,Plat,Partie rectiligne,50,100,normale,,Sur chaussée,Conducteur,1,F,33-34,Promenade - loisirs,Casque,Non déterminable,1,1,05 - mai,4 - vendredi,Paris 11e  Arrondissement
,201800057253,2018-05-25,974,18,97409,-20.95067,55.67508,Hors intersection,Deux véhicules - par le coté,Nuit avec éclairage public allumé,Normale,Voie Communale,,2,Pente,Partie rectiligne,,,normale,,Sur accotement,Conducteur,1,M,39-40,Promenade - loisirs,Casque,Non déterminable,1,1,05 - mai,4 - vendredi,Saint-André
,201800003304,2018-05-24,89,16,89206,47.98089,3.39901,Hors intersection,Autre,Plein jour,Normale,Route Départementale,,2,Plat,Partie rectiligne,,,normale,,Sur chaussée,Conducteur,2,M,64-65,Promenade - loisirs,Autre,Non,1,1,05 - mai,3 - jeudi,Joigny
,201800004623,2018-05-24,91,8,91386,48.57067,2.44502,Giratoire,Deux véhicules - par le coté,Plein jour,Normale,Voie Communale,,1,Plat,En courbe à gauche,,,normale,,Sur chaussée,Conducteur,2,M,13-14,Autre,Casque,Non,1,1,05 - mai,3 - jeudi,Mennecy
,201800012799,2018-05-24,73,11,73130,45.65422,6.38194,Hors intersection,Deux véhicules - par l’arrière,Plein jour,Normale,Route Départementale,,2,Plat,Partie rectiligne,,,normale,,Sur chaussée,Conducteur,2,M,79-80,Promenade - loisirs,Casque,Oui,1,1,05 - mai,3 - jeudi,Grignon
,201800019481,2018-05-24,34,12,34014,43.7002,3.89924,Intersection en T,Deux véhicules - frontale,Plein jour,Normale,Route Départementale,,2,Plat,Partie rectiligne,,,normale,,Sur chaussée,Conducteur,2,M,54-55,Promenade - loisirs,Casque,Oui,1,1,05 - mai,3 - jeudi,Assas
,201800034874,2018-05-24,79,18,79191,46.33856,-0.4468,Hors intersection,Deux véhicules - par le coté,Plein jour,Normale,Route Départementale,,2,Plat,Partie rectiligne,,120,normale,,Sur accotement,Conducteur,1,F,46-47,Domicile - travail,Autre,Oui,1,1,05 - mai,3 - jeudi,Niort
,201800037545,2018-05-24,92,8,92019,48.76489,2.26539,Intersection en T,Deux véhicules - par le coté,Plein jour,Normale,Route Départementale,,2,Pente,Partie rectiligne,,97,normale,,Sur chaussée,Conducteur,2,M,38-39,Domicile - travail,Casque,Non,1,1,05 - mai,3 - jeudi,Châtenay-Malabry
,201800038816,2018-05-24,92,8,92063,48.88142,2.18412,Intersection en X,Autre,Plein jour,Normale,Route Départementale,,4,Plat,Partie rectiligne,10,120,normale,Carrefour aménagé,Sur chaussée,Conducteur,1,F,32-33,Promenade - loisirs,Autre,Oui,1,1,05 - mai,3 - jeudi,Rueil-Malmaison
,201800050781,2018-05-24,75,17,75106,48.8577,2.33536,Intersection en T,Deux véhicules - par le coté,Plein jour,Normale,Voie Communale,,4,Plat,Partie rectiligne,,,normale,,Sur chaussée,Conducteur,1,M,37-38,,Casque,Non déterminable,1,1,05 - mai,3 - jeudi,Paris 6e  Arrondissement
,201800051730,2018-05-24,75,10,75111,48.8607,2.36729,Intersection en Y,Deux véhicules - par l’arrière,Plein jour,Normale,Voie Communale,,1,Plat,Partie rectiligne,,55,normale,,Sur chaussée,Conducteur,1,M,31-32,Domicile - travail,Casque,Oui,1,1,05 - mai,3 - jeudi,Paris 11e  Arrondissement
,201800054430,2018-05-24,75,13,75119,48.8861,2.37142,Hors intersection,Autre,Plein jour,Normale,Voie Communale,,2,Plat,Partie rectiligne,,,normale,,Sur chaussée,Conducteur,0,M,21-22,,Casque,Non déterminable,,1,05 - mai,3 - jeudi,Paris 19e  Arrondissement
,201800001111,2018-05-23,33,17,33056,44.91391,-0.63355,Intersection en T,Deux véhicules - par le coté,Plein jour,Normale,Voie Communale,,2,Pente,Partie rectiligne,,,normale,,Sur piste cyclable,Conducteur,1,M,13-14,Promenade - loisirs,Casque,Non,1,1,05 - mai,2 - mercredi,Blanquefort
,201800005046,2018-05-23,33,18,33199,44.63875,-1.06821,Hors intersection,Deux véhicules - par le coté,Plein jour,Normale,Voie Communale,,2,Plat,Partie rectiligne,,,normale,,Sur chaussée,Conducteur,2,M,72-73,Promenade - loisirs,Casque,Non,1,1,05 - mai,2 - mercredi,Gujan-Mestras
,201800007156,2018-05-23,35,14,35131,48.12551,-1.81622,Hors intersection,Deux véhicules - par l’arrière,Plein jour,Normale,Voie Communale,,2,Plat,Partie rectiligne,,,normale,,Sur chaussée,Conducteur,2,M,65-66,Promenade - loisirs,Casque,Oui,1,1,05 - mai,2 - mercredi,Hermitage
,201800010810,2018-05-23,48,15,48086,44.68772,3.87514,Hors intersection,Deux véhicules - par l’arrière,Plein jour,Normale,Route Départementale,,2,Plat,Partie rectiligne,,,normale,,Sur chaussée,Conducteur,1,M,66-67,Promenade - loisirs,Casque,Oui,1,,05 - mai,2 - mercredi,Luc
,201800011005,2018-05-23,37,16,37050,47.3424,0.70866,Intersection en T,Deux véhicules - par le coté,Plein jour,Normale,Voie Communale,,2,Plat,Partie rectiligne,,,normale,,Sur chaussée,Conducteur,2,M,48-49,Promenade - loisirs,Casque,Oui,1,1,05 - mai,2 - mercredi,Chambray-lès-Tours
,201800011827,2018-05-23,4,13,4065,44.1182,5.82193,Hors intersection,Aucune,Plein jour,Pluie légère,Route Départementale,,2,Pente,Partie rectiligne,,,mouillée,,Sur chaussée,Conducteur,3,M,60-61,Promenade - loisirs,Casque,Oui,,,05 - mai,2 - mercredi,Cruis
,201800021961,2018-05-23,1,14,1322,45.93038,4.82157,Hors intersection,Deux véhicules - frontale,Plein jour,Normale,Autre,,2,Plat,Partie rectiligne,,,normale,,Sur chaussée,Conducteur,1,M,10-11,Promenade - loisirs,Casque,Oui,1,1,05 - mai,2 - mercredi,Reyrieux
,201800036082,2018-05-23,87,13,87050,45.8671,1.25917,Autre intersection,Autre,Plein jour,Normale,Voie Communale,,2,Pente,En courbe à gauche,,,normale,,Sur accotement,Conducteur,1,F,36-37,Domicile - travail,Casque,Oui,1,1,05 - mai,2 - mercredi,Couzeix
,201800042284,2018-05-23,94,18,94021,48.7708,2.33752,Intersection en T,Aucune,Plein jour,Normale,Voie Communale,,,Plat,Partie rectiligne,,,normale,Zone piétonne,Sur chaussée,Conducteur,1,M,59-60,Promenade - loisirs,Autre,Non déterminable,,1,05 - mai,2 - mercredi,Chevilly-Larue
,201800042997,2018-05-23,94,20,94078,48.74757,2.43677,Hors intersection,Deux véhicules - par le coté,Crépuscule ou aube,Normale,Route Départementale,,2,Plat,Partie rectiligne,,80,normale,,Sur chaussée,Conducteur,1,M,9-10,,Autre,Non déterminable,1,1,05 - mai,2 - mercredi,Villeneuve-Saint-Georges
,201800051729,2018-05-23,75,8,75111,48.8638,2.37563,Hors intersection,Deux véhicules - par le coté,Plein jour,Normale,Voie Communale,,2,Plat,Partie rectiligne,,140,normale,,Sur chaussée,Conducteur,1,F,51-52,Domicile - travail,Casque,Non déterminable,1,1,05 - mai,2 - mercredi,Paris 11e  Arrondissement
,201800053372,2018-05-23,75,17,75116,48.8545,2.28359,Intersection en T,Deux véhicules - par le coté,Plein jour,Normale,Voie Communale,,3,Plat,Partie rectiligne,,75,normale,,Sur chaussée,Conducteur,1,M,78-79,Promenade - loisirs,Casque,Non déterminable,1,1,05 - mai,2 - mercredi,Paris 16e  Arrondissement
,201800002728,2018-05-22,57,14,57350,49.06321,6.0796,Intersection en T,Deux véhicules - par le coté,Plein jour,Normale,Route Départementale,,3,Plat,Partie rectiligne,,,normale,Carrefour aménagé,Sur chaussée,Conducteur,2,M,39-40,Promenade - loisirs,Casque,Oui,1,1,05 - mai,1 - mardi,Jouy-aux-Arches
,201800004614,2018-05-22,78,11,78522,48.58201,1.98045,Giratoire,Deux véhicules - par le coté,Plein jour,Normale,Route Départementale,,2,Plat,En courbe à gauche,,,normale,Carrefour aménagé,Sur chaussée,Conducteur,0,M,68-69,Promenade - loisirs,Casque,Oui,1,,05 - mai,1 - mardi,Rochefort-en-Yvelines
,201800010696,2018-05-22,8,17,8190,50.13433,4.83989,Giratoire,Deux véhicules - par le coté,Plein jour,Temps éblouissant,Route Départementale,,2,Plat,En courbe à droite,,,normale,,Sur chaussée,Conducteur,1,M,58-59,Promenade - loisirs,Casque,Oui,1,1,05 - mai,1 - mardi,Givet
,201800012986,2018-05-22,45,16,45175,47.74945,1.81238,Giratoire,Aucune,Plein jour,Pluie légère,Route Départementale,,1,Plat,En courbe à gauche,,,mouillée,,Sur chaussée,Conducteur,2,M,66-67,Promenade - loisirs,Casque,Oui,,1,05 - mai,1 - mardi,Jouy-le-Potier
,201800013126,2018-05-22,60,21,60581,49.5002,2.43348,Hors intersection,Aucune,Crépuscule ou aube,Normale,Voie Communale,,2,Pente,Partie rectiligne,,,normale,,Sur trottoir,Conducteur,3,M,36-37,Promenade - loisirs,Casque,Non,,1,05 - mai,1 - mardi,Saint-Just-en-Chaussée
,201800019083,2018-05-22,59,16,59545,50.05045,3.53791,Intersection en T,Deux véhicules - frontale,Plein jour,Normale,Route Départementale,,2,Plat,Partie rectiligne,,,normale,,Sur chaussée,Conducteur,2,M,10-11,Promenade - loisirs,Casque,,1,1,05 - mai,1 - mardi,Saint-Souplet
,201800038913,2018-05-22,92,13,92064,48.84587,2.21877,Intersection en X,Deux véhicules - par le coté,Plein jour,Normale,Voie Communale,,4,Pente,Partie rectiligne,,,normale,,Sur chaussée,Conducteur,1,F,57-58,Domicile - travail,Autre,Non,1,1,05 - mai,1 - mardi,Saint-Cloud
,201800002633,2018-05-21,3,17,3015,46.64538,3.20463,Hors intersection,Deux véhicules - par le coté,Plein jour,Normale,Route Départementale,,2,Pente,Partie rectiligne,,,normale,,Sur chaussée,Conducteur,1,M,13-14,Promenade - loisirs,Casque,Non,1,1,05 - mai,0 - lundi,Bagneux
,201800019285,2018-05-21,57,15,57235,49.28728,6.50508,Hors intersection,Deux véhicules - frontale,Plein jour,Normale,Voie Communale,,2,Plat,En « S »,,,normale,Voie ferrée,Sur chaussée,Conducteur,1,M,9-10,,Casque,Non,1,1,05 - mai,0 - lundi,Freistroff
,201800021944,2018-05-21,68,11,68020,47.81071,7.50605,Hors intersection,Deux véhicules - par le coté,Plein jour,Normale,Route Départementale,,2,Plat,Partie rectiligne,,75,normale,,Sur chaussée,Conducteur,2,M,61-62,Promenade - loisirs,Casque,Oui,1,1,05 - mai,0 - lundi,Bantzenheim
,201800056250,2018-05-21,973,18,97309,4.88949,-52.27559,Hors intersection,Autre,Nuit sans éclairage public,Normale,Route Départementale,,2,Plat,Partie rectiligne,,,normale,,Sur accotement,Conducteur,1,M,33-34,,Casque,Non,,,05 - mai,0 - lundi,Remire-Montjoly
,201800003568,2018-05-20,13,10,13092,43.52744,5.06977,Intersection en T,Deux véhicules - par le coté,Plein jour,Normale,Route Départementale,,2,Pente,Partie rectiligne,,,normale,Carrefour aménagé,Sur chaussée,Conducteur,2,M,68-69,Promenade - loisirs,Casque,Oui,1,1,05 - mai,6 - dimanche,Saint-Chamas
,201800014940,2018-05-20,38,14,38292,45.44904,5.51233,Giratoire,Deux véhicules - par le coté,Plein jour,Normale,Route Départementale,,2,Plat,En courbe à gauche,,,normale,,Sur chaussée,Conducteur,2,M,67-68,Promenade - loisirs,Casque,Oui,1,,05 - mai,6 - dimanche,Paladru
,201800015101,2018-05-20,38,10,38015,45.54194,5.19057,Intersection en T,Deux véhicules - frontale,Plein jour,Normale,Route Départementale,,2,Plat,Partie rectiligne,,,normale,,Sur chaussée,Conducteur,2,M,49-50,Promenade - loisirs,Casque,Oui,1,,05 - mai,6 - dimanche,Artas
,201800033219,2018-05-20,83,10,83043,43.23983,6.34946,Hors intersection,Deux véhicules - frontale,Plein jour,Pluie légère,Route Départementale,,2,Pente,En courbe à droite,,,normale,,Sur accotement,Conducteur,2,F,45-46,Promenade - loisirs,Casque,Oui,1,,05 - mai,6 - dimanche,Collobrières
,201800051728,2018-05-20,75,19,75111,48.8665,2.36813,Intersection en Y,Deux véhicules - par le coté,Plein jour,Normale,Voie Communale,,1,Plat,Partie rectiligne,,60,normale,,Sur chaussée,Conducteur,1,F,52-53,Autre,Casque,Non déterminable,1,1,05 - mai,6 - dimanche,Paris 11e  Arrondissement
,201800053020,2018-05-20,75,20,75115,48.8403,2.28584,Intersection en X,Deux véhicules - par le coté,Crépuscule ou aube,Normale,Voie Communale,,1,Plat,Partie rectiligne,,40,normale,,Sur chaussée,Conducteur,1,M,33-34,Utilisation professionnelle,Casque,Non déterminable,1,1,05 - mai,6 - dimanche,Paris 15e  Arrondissement
,201800054101,2018-05-20,75,13,75118,48.8978,2.33738,Intersection à plus de 4 branches,Deux véhicules - par le coté,Plein jour,Normale,Voie Communale,,2,Plat,Partie rectiligne,,60,normale,Carrefour aménagé,Sur chaussée,Conducteur,1,M,32-33,,Casque,Non déterminable,1,1,05 - mai,6 - dimanche,Paris 18e  Arrondissement
,201800003326,2018-05-19,25,13,25048,47.48352,6.72394,Autre intersection,Deux véhicules - par le coté,Plein jour,Normale,Voie Communale,,2,Plat,Partie rectiligne,,,normale,,Sur chaussée,Conducteur,2,M,9-10,Promenade - loisirs,Casque,Oui,1,1,05 - mai,5 - samedi,Bavans
,201800016790,2018-05-19,12,17,12148,44.47997,2.22957,Hors intersection,Autre,Plein jour,Normale,Voie Communale,,2,Plat,Partie rectiligne,,,normale,,Sur chaussée,Conducteur,3,F,7-8,Promenade - loisirs,Casque,,1,1,05 - mai,5 - samedi,Montbazens
,201800016790,2018-05-19,12,17,12148,44.47997,2.22957,Hors intersection,Autre,Plein jour,Normale,Voie Communale,,2,Plat,Partie rectiligne,,,normale,,Sur chaussée,Conducteur,3,M,7-8,Promenade - loisirs,Casque,,1,1,05 - mai,5 - samedi,Montbazens
,201800029153,2018-05-19,45,14,45293,47.98821,2.63777,Intersection en X,Deux véhicules - par le coté,Plein jour,Normale,Route Départementale,,2,Pente,Partie rectiligne,,,normale,Pont - autopont,Sur chaussée,Conducteur,2,M,25-26,Promenade - loisirs,Casque,Non,1,,05 - mai,5 - samedi,Saint-Maurice-sur-Fessard
,201800033615,2018-05-19,50,8,50199,48.68743,-1.46072,Hors intersection,Trois véhicules et plus - en chaîne,Plein jour,Temps éblouissant,Route Départementale,,2,Pente,Partie rectiligne,,,normale,,Sur chaussée,Conducteur,3,F,37-38,Promenade - loisirs,Casque,,1,,05 - mai,5 - samedi,Genêts
,201800033615,2018-05-19,50,8,50199,48.68743,-1.46072,Hors intersection,Trois véhicules et plus - en chaîne,Plein jour,Temps éblouissant,Route Départementale,,2,Pente,Partie rectiligne,,,normale,,Sur chaussée,Conducteur,1,F,9-10,Promenade - loisirs,Casque,Oui,1,,05 - mai,5 - samedi,Genêts
,201800054725,2018-05-19,75,20,75120,48.8494,2.40649,Intersection en T,Deux véhicules - par le coté,Plein jour,Normale,Voie Communale,,,Plat,Partie rectiligne,,,normale,,Sur chaussée,Conducteur,1,M,12-13,Promenade - loisirs,Casque,Non déterminable,1,1,05 - mai,5 - samedi,Paris 20e  Arrondissement
,201800056249,2018-05-19,973,5,97309,4.88248,-52.29189,Hors intersection,Deux véhicules - par l’arrière,Nuit sans éclairage public,Normale,Route Départementale,,2,Plat,Partie rectiligne,,,normale,,Sur chaussée,Conducteur,3,M,40-41,Autre,Casque,Non,1,,05 - mai,5 - samedi,Remire-Montjoly
,201800001226,2018-05-18,33,15,33494,44.94785,-0.85229,Intersection en X,Deux véhicules - par le coté,Plein jour,Normale,Route Départementale,,2,Plat,Partie rectiligne,,,normale,,,Conducteur,2,M,60-61,Promenade - loisirs,Casque,Oui,1,,05 - mai,4 - vendredi,Salaunes
,201800001811,2018-05-18,69,11,69227,45.62511,4.55347,Hors intersection,Deux véhicules - par le coté,Plein jour,Normale,Route Départementale,,2,Plat,Partie rectiligne,,,normale,,Sur chaussée,Conducteur,1,M,53-54,Promenade - loisirs,Casque,Oui,1,,05 - mai,4 - vendredi,Saint-Martin-en-Haut
,201800010988,2018-05-18,30,9,30133,43.53936,4.14351,Giratoire,Deux véhicules - par le coté,Plein jour,Normale,Route Départementale,,4,Plat,En courbe à droite,,,normale,,Sur chaussée,Conducteur,2,M,68-69,Promenade - loisirs,Casque,,1,1,05 - mai,4 - vendredi,Grau-du-Roi
,201800012613,2018-05-18,43,9,43112,45.0902,3.49444,Intersection en T,Deux véhicules - par le coté,Plein jour,Normale,Route Départementale,,2,Pente,En courbe à gauche,,70,normale,,Sur chaussée,Conducteur,2,M,83-84,Promenade - loisirs,Casque,Oui,1,,05 - mai,4 - vendredi,Langeac
,201800013095,2018-05-18,60,15,60403,49.49608,2.01126,Hors intersection,Trois véhicules et plus - en chaîne,Plein jour,Normale,Route Départementale,,2,Plat,Partie rectiligne,,,normale,,Sur chaussée,Conducteur,2,M,22-23,Promenade - loisirs,Casque,Oui,1,,05 - mai,4 - vendredi,Milly-sur-Thérain
,201800013095,2018-05-18,60,15,60403,49.49608,2.01126,Hors intersection,Trois véhicules et plus - en chaîne,Plein jour,Normale,Route Départementale,,2,Plat,Partie rectiligne,,,normale,,Sur chaussée,Conducteur,2,M,30-31,Promenade - loisirs,Casque,Oui,1,,05 - mai,4 - vendredi,Milly-sur-Thérain
,201800014981,2018-05-18,38,17,38140,45.27869,5.89501,Hors intersection,Deux véhicules - par le coté,Plein jour,Normale,Voie Communale,,2,Pente,En courbe à gauche,,,normale,Pont - autopont,Sur chaussée,Conducteur,2,M,55-56,Promenade - loisirs,Casque,Oui,1,,05 - mai,4 - vendredi,Crolles
,201800015570,2018-05-18,35,7,35011,48.37734,-1.37285,Intersection en X,Deux véhicules - par le coté,Plein jour,Normale,Route Départementale,,3,Plat,Partie rectiligne,,,normale,Carrefour aménagé,Sur chaussée,Conducteur,2,M,70-71,Courses - achats,Casque,Oui,1,,05 - mai,4 - vendredi,Baillé
,201800015624,2018-05-18,35,4,35360,48.11384,-1.19815,Intersection en T,Deux véhicules - par le coté,Nuit avec éclairage public non allumé,Normale,Route Départementale,,3,Plat,Partie rectiligne,,,normale,Carrefour aménagé,Sur chaussée,Conducteur,2,M,18-19,Domicile - travail,Equipement réfléchissant,Non,1,1,05 - mai,4 - vendredi,Vitré
,201800015661,2018-05-18,44,17,44180,47.52194,-1.18448,Hors intersection,Autre,Plein jour,Normale,Route Départementale,,2,Plat,Partie rectiligne,,,normale,Zone piétonne,Sur trottoir,Conducteur,0,M,14-15,Promenade - loisirs,Casque,Non,,1,05 - mai,4 - vendredi,Saint-Mars-la-Jaille
,201800018214,2018-05-18,2B,13,2B152,42.89815,9.40137,Hors intersection,Deux véhicules - par le coté,Plein jour,Normale,Route Départementale,,2,Pente,En courbe à droite,,,normale,,Sur chaussée,Conducteur,2,M,46-47,Promenade - loisirs,Casque,Oui,1,,05 - mai,4 - vendredi,Luri
,201800019457,2018-05-18,74,16,74105,46.30383,6.29595,Hors intersection,Deux véhicules - par le coté,Plein jour,Normale,Route Départementale,,2,Plat,Partie rectiligne,,,normale,,Sur trottoir,Conducteur,2,M,81-82,Courses - achats,Casque,Non,1,1,05 - mai,4 - vendredi,Douvaine
,201800023571,2018-05-18,44,8,44120,47.19879,-1.7567,Hors intersection,Deux véhicules - par le coté,Plein jour,Normale,Autre,,2,Plat,Partie rectiligne,,,normale,,Sur chaussée,Conducteur,3,M,89-90,Courses - achats,Casque,Non,1,1,05 - mai,4 - vendredi,Pellerin
,201800040308,2018-05-18,93,18,93048,48.86032,2.46642,Intersection en T,Deux véhicules - par le coté,Plein jour,Normale,Voie Communale,,2,Plat,Partie rectiligne,,,normale,,Sur chaussée,Conducteur,2,F,33-34,,Casque,Non,1,1,05 - mai,4 - vendredi,Montreuil
,201800041231,2018-05-18,93,20,93078,48.9531,2.55185,Hors intersection,Deux véhicules - par le coté,Plein jour,Normale,Voie Communale,,2,Plat,Partie rectiligne,,,normale,,Sur chaussée,Conducteur,1,M,19-20,Promenade - loisirs,Autre,Non déterminable,1,1,05 - mai,4 - vendredi,Villepinte
,201800054098,2018-05-18,75,5,75118,48.8908,2.35987,Intersection en Y,Deux véhicules - par l’arrière,Crépuscule ou aube,Normale,Voie Communale,,5,Plat,Partie rectiligne,,,normale,,Sur chaussée,Conducteur,1,M,31-32,,Casque,Non déterminable,1,1,05 - mai,4 - vendredi,Paris 18e  Arrondissement
,201800054721,2018-05-18,75,,75120,48.8584,2.40297,Hors intersection,Deux véhicules - par le coté,Nuit avec éclairage public allumé,Normale,Voie Communale,,2,Pente,Partie rectiligne,,100,normale,,Sur chaussée,Conducteur,1,M,18-19,Autre,Casque,Non déterminable,1,1,05 - mai,4 - vendredi,Paris 20e  Arrondissement
,201800054722,2018-05-18,75,15,75120,48.8484,2.41633,Intersection en T,Deux véhicules - par le coté,Plein jour,Normale,Voie Communale,,1,Plat,Partie rectiligne,,35,normale,,Sur chaussée,Conducteur,1,M,81-82,Promenade - loisirs,Casque,Non déterminable,1,1,05 - mai,4 - vendredi,Paris 20e  Arrondissement
,201800020990,2018-05-17,25,11,25056,47.24849,6.01489,Hors intersection,Deux véhicules - par le coté,Plein jour,Normale,Voie Communale,,,Pente,Partie rectiligne,,,normale,,Sur accotement,Conducteur,1,M,60-61,Promenade - loisirs,Casque,Non déterminable,1,1,05 - mai,3 - jeudi,Besançon