test,identifiantAccident,date,departement,heure,commune,lat,lon,typeIntersection,typeCollision,luminosite,conditionsAtmosperiques,typeRoute,circulation,nbVoies,profilLongRoute,tracePlanRoute,largeurTPC,largeurRoute,etatSurface,amenagement,situation,categorieUsager,graviteAccident,sexe,age,motifDeplacement,existenceSecurite,usageSecurite,nombreAutresVehicules,enAgglomeration,mois,jour,NCCENR
,201800034872,2018-05-17,79,20,79191,46.32765,-0.46612,Intersection en T,Deux véhicules - par le coté,Plein jour,Normale,Voie Communale,,1,Plat,Partie rectiligne,,,normale,,Sur accotement,Conducteur,1,M,13-14,Domicile - école,Casque,Oui,1,1,05 - mai,3 - jeudi,Niort
,201800037700,2018-05-17,92,17,92024,48.90023,2.30886,Hors intersection,Deux véhicules - par le coté,Plein jour,Normale,Route Départementale,,3,Plat,Partie rectiligne,,,normale,,Sur chaussée,Conducteur,0,F,29-30,Domicile - travail,Casque,Non,1,1,05 - mai,3 - jeudi,Clichy
,201800042279,2018-05-17,94,14,94034,48.75852,2.32468,Hors intersection,Autre,Plein jour,Normale,Voie Communale,,,Pente,,,,normale,Zone piétonne,Sur trottoir,Conducteur,0,M,16-17,Promenade - loisirs,Autre,Oui,,1,05 - mai,3 - jeudi,Fresnes
,201800052425,2018-05-17,75,12,75113,48.8322,2.36287,Hors intersection,Autre,Plein jour,Normale,Voie Communale,,2,Plat,Partie rectiligne,,140,normale,,Sur piste cyclable,Conducteur,1,M,14-15,Promenade - loisirs,Casque,Non déterminable,1,1,05 - mai,3 - jeudi,Paris 13e  Arrondissement
,201800031429,2018-05-16,85,16,85042,46.39416,-1.02427,Hors intersection,Deux véhicules - par le coté,Plein jour,Normale,Route Départementale,,2,Plat,Partie rectiligne,,,normale,,Sur chaussée,Conducteur,2,M,45-46,Promenade - loisirs,Casque,Non,1,1,05 - mai,2 - mercredi,Chaillé-les-Marais
,201800038208,2018-05-16,92,17,92040,48.821,2.25924,Hors intersection,Deux véhicules - par l’arrière,Plein jour,Normale,Voie Communale,,2,Plat,Partie rectiligne,,,normale,,Sur chaussée,Conducteur,1,M,16-17,Promenade - loisirs,Autre,Non déterminable,1,1,05 - mai,2 - mercredi,Issy-les-Moulineaux
,201800051073,2018-05-16,75,10,75108,48.8692,2.30107,Hors intersection,Deux véhicules - par le coté,Plein jour,Temps couvert,Voie Communale,,2,Plat,Partie rectiligne,,100,normale,,Sur chaussée,Conducteur,1,F,58-59,Domicile - travail,Casque,Non déterminable,1,1,05 - mai,2 - mercredi,Paris 8e  Arrondissement
,201800051490,2018-05-16,75,13,75110,48.8714,2.37229,Intersection en T,Autre,Plein jour,Normale,Voie Communale,,1,Plat,Partie rectiligne,,25,normale,,Sur piste cyclable,Conducteur,1,F,27-28,Promenade - loisirs,Casque,Oui,1,1,05 - mai,2 - mercredi,Paris 10e  Arrondissement
,201800000651,2018-05-15,29,18,29058,47.89419,-4.00455,Intersection en X,Deux véhicules - par le coté,Plein jour,Temps éblouissant,Voie Communale,,2,,,,,,Carrefour aménagé,Sur chaussée,Conducteur,1,M,56-57,Promenade - loisirs,Casque,Oui,1,1,05 - mai,1 - mardi,Fouesnant
,201800001390,2018-05-15,17,11,17051,46.18291,-1.37677,Hors intersection,Aucune,Plein jour,Normale,Autre,,2,Plat,Partie rectiligne,,,normale,,Sur piste cyclable,Conducteur,3,M,80-81,Promenade - loisirs,Casque,Oui,,1,05 - mai,1 - mardi,Bois-Plage-en-Ré
,201800007076,2018-05-15,6,17,6018,43.6153,7.08322,Hors intersection,Deux véhicules - par le coté,Plein jour,Normale,Hors réseau public,,2,Plat,En courbe à droite,,,normale,,Sur piste cyclable,Conducteur,1,M,23-24,,Casque,Oui,1,,05 - mai,1 - mardi,Biot
,201800007076,2018-05-15,6,17,6018,43.6153,7.08322,Hors intersection,Deux véhicules - par le coté,Plein jour,Normale,Hors réseau public,,2,Plat,En courbe à droite,,,normale,,Sur piste cyclable,Conducteur,2,F,51-52,Domicile - travail,Casque,Oui,1,,05 - mai,1 - mardi,Biot
,201800019121,2018-05-15,51,14,51367,48.94807,3.98966,Hors intersection,Deux véhicules - par le coté,Plein jour,Normale,Route Départementale,,2,Pente,En courbe à droite,,,normale,,Sur chaussée,Conducteur,2,M,60-61,Promenade - loisirs,Casque,Oui,1,,05 - mai,1 - mardi,Mesnil-sur-Oger
,201800030079,2018-05-15,84,14,84043,44.00539,4.92325,Intersection en T,Deux véhicules - par le coté,Plein jour,Normale,Voie Communale,,2,Sommet de côte,Partie rectiligne,,,normale,,Sur chaussée,Conducteur,2,M,26-27,Domicile - travail,Autre,Non,1,1,05 - mai,1 - mardi,Entraigues-sur-la-Sorgue
,201800039009,2018-05-15,92,9,92022,48.81014,2.19036,Autre intersection,Deux véhicules - par l’arrière,Plein jour,Normale,Route Départementale,,4,Plat,Partie rectiligne,,120,normale,,Sur chaussée,Conducteur,1,M,41-42,Promenade - loisirs,Casque,Non,1,1,05 - mai,1 - mardi,Chaville
,201800041430,2018-05-15,94,18,94048,48.73812,2.55243,Intersection en T,Deux véhicules - par le coté,Plein jour,Normale,Voie Communale,,2,Plat,Partie rectiligne,,60,normale,,,Conducteur,1,M,11-12,Promenade - loisirs,Casque,Non,1,1,05 - mai,1 - mardi,Marolles-en-Brie
,201800042458,2018-05-15,94,14,94041,48.81459,2.40683,Intersection en X,Deux véhicules - par le coté,Plein jour,Normale,Voie Communale,,2,Plat,Partie rectiligne,,60,normale,Carrefour aménagé,Sur chaussée,Conducteur,1,M,38-39,,Autre,Non déterminable,1,1,05 - mai,1 - mardi,Ivry-sur-Seine
,201800042993,2018-05-15,94,9,94074,48.74845,2.45688,Hors intersection,Deux véhicules - par le coté,Plein jour,Normale,Voie Communale,,2,Plat,Partie rectiligne,43,30,normale,,Sur piste cyclable,Conducteur,3,F,73-74,,Casque,Non,1,1,05 - mai,1 - mardi,Valenton
,201800054414,2018-05-15,75,17,75119,48.882,2.40247,Intersection en X,Deux véhicules - par le coté,Plein jour,Normale,Voie Communale,,2,Pente,Partie rectiligne,,,normale,,Sur chaussée,Conducteur,1,M,24-25,,Casque,Non déterminable,1,1,05 - mai,1 - mardi,Paris 19e  Arrondissement
,201800015326,2018-05-14,29,8,29075,48.43549,-4.3996,Giratoire,Deux véhicules - par le coté,Plein jour,Normale,Route Départementale,,2,Pente,Partie rectiligne,,,normale,,Sur chaussée,Conducteur,2,M,10-11,Domicile - école,Casque,Oui,1,1,05 - mai,0 - lundi,Guipavas
,201800030998,2018-05-14,64,12,64260,43.354,-1.77974,Hors intersection,Deux véhicules - par l’arrière,Plein jour,Normale,Route Départementale,,2,Plat,En courbe à droite,,,normale,,Sur accotement,Conducteur,1,M,55-56,Promenade - loisirs,,,1,1,05 - mai,0 - lundi,Hendaye
,201800038207,2018-05-14,92,19,92040,48.82277,2.26347,Intersection en Y,Deux véhicules - par le coté,Plein jour,Pluie légère,Route Départementale,,2,Pente,Partie rectiligne,,56,mouillée,,Sur chaussée,Conducteur,2,M,47-48,Domicile - travail,Casque,Non,1,1,05 - mai,0 - lundi,Issy-les-Moulineaux
,201800050454,2018-05-14,75,12,75103,48.8634,2.36151,Intersection en X,Deux véhicules - par le coté,Plein jour,Temps couvert,Voie Communale,,1,Plat,Partie rectiligne,,100,mouillée,,Sur chaussée,Conducteur,1,F,38-39,Promenade - loisirs,Casque,Non déterminable,1,1,05 - mai,0 - lundi,Paris 3e  Arrondissement
,201800054410,2018-05-14,75,12,75119,48.8843,2.36761,Intersection en T,Deux véhicules - par l’arrière,Plein jour,Pluie légère,Voie Communale,,,Plat,Partie rectiligne,,,mouillée,,Sur chaussée,Conducteur,1,M,23-24,Utilisation professionnelle,Casque,Oui,1,1,05 - mai,0 - lundi,Paris 19e  Arrondissement
,201800005899,2018-05-13,13,12,13090,43.52071,5.57346,Hors intersection,Deux véhicules - par l’arrière,Plein jour,Pluie forte,Route Départementale,,2,Pente,Partie rectiligne,,,mouillée,,Sur chaussée,Conducteur,2,F,44-45,Promenade - loisirs,Casque,Oui,1,,05 - mai,6 - dimanche,Saint-Antonin-sur-Bayon
,201800016895,2018-05-13,49,11,49305,47.71748,-0.74281,Intersection en X,Deux véhicules - par le coté,Plein jour,Normale,Voie Communale,Avec voies d’affectation variable,,,,,,,,,Conducteur,2,M,41-42,Promenade - loisirs,Casque,Oui,1,,05 - mai,6 - dimanche,Saint-Martin-du-Bois
,201800021855,2018-05-13,35,17,35077,47.86827,-1.27459,Hors intersection,Trois véhicules et plus - en chaîne,Plein jour,Normale,Route Départementale,,2,Plat,Partie rectiligne,,,normale,,Sur chaussée,Conducteur,1,M,10-11,Promenade - loisirs,Casque,Non,1,,05 - mai,6 - dimanche,Chelun
,201800021855,2018-05-13,35,17,35077,47.86827,-1.27459,Hors intersection,Trois véhicules et plus - en chaîne,Plein jour,Normale,Route Départementale,,2,Plat,Partie rectiligne,,,normale,,Sur chaussée,Conducteur,2,M,16-17,Promenade - loisirs,Casque,Non,1,,05 - mai,6 - dimanche,Chelun
,201800021973,2018-05-13,28,17,28358,48.5072,1.51351,Intersection en T,Deux véhicules - par l’arrière,Plein jour,Normale,Route Départementale,,2,Plat,Partie rectiligne,,,normale,,Sur chaussée,Conducteur,1,M,64-65,Promenade - loisirs,Casque,,1,,05 - mai,6 - dimanche,Saint-Prest
,201800032740,2018-05-13,86,16,86140,46.40004,0.71681,Hors intersection,Deux véhicules - frontale,Plein jour,Normale,Route Départementale,,2,Pente,Partie rectiligne,,,normale,,Sur accotement,Conducteur,0,M,17-18,Promenade - loisirs,Casque,,1,1,05 - mai,6 - dimanche,Lussac-les-Châteaux
,201800037438,2018-05-13,92,20,92012,48.83465,2.24634,Intersection en X,Deux véhicules - par le coté,Plein jour,Normale,Route Départementale,,4,Plat,Partie rectiligne,,,normale,,,Conducteur,1,F,27-28,Promenade - loisirs,Autre,Non déterminable,1,1,05 - mai,6 - dimanche,Boulogne-Billancourt
,201800002225,2018-05-12,38,17,38545,45.06648,5.67213,Giratoire,Deux véhicules - par le coté,Plein jour,Normale,Route Départementale,,2,Plat,Partie rectiligne,,,normale,,Sur chaussée,Conducteur,1,M,50-51,Domicile - travail,Casque,,1,1,05 - mai,5 - samedi,Vif
,201800042856,2018-05-12,94,16,94068,48.7966,2.50606,Hors intersection,Deux véhicules - par le coté,Plein jour,Pluie légère,Route Départementale,,2,Plat,Partie rectiligne,,80,mouillée,,Sur chaussée,Conducteur,1,M,18-19,Autre,Autre,Non,1,1,05 - mai,5 - samedi,Saint-Maur-des-Fossés
,201800050258,2018-05-12,75,14,75101,48.8604,2.34232,Intersection à plus de 4 branches,Deux véhicules - par le coté,Plein jour,Normale,Voie Communale,,3,Plat,,,120,normale,,Sur chaussée,Conducteur,1,M,27-28,,Casque,Oui,1,1,05 - mai,5 - samedi,Paris 1er Arrondissement
,201800050259,2018-05-12,75,16,75101,48.8587,2.34139,Hors intersection,Aucune,Plein jour,Pluie légère,Voie Communale,,4,Plat,Partie rectiligne,,,mouillée,,Sur piste cyclable,Conducteur,1,M,27-28,Utilisation professionnelle,Casque,Non déterminable,,1,05 - mai,5 - samedi,Paris 1er Arrondissement
,201800054409,2018-05-12,75,18,75119,48.8789,2.37042,Hors intersection,Deux véhicules - par le coté,Plein jour,Pluie légère,Voie Communale,,1,Pente,Partie rectiligne,,80,mouillée,,Sur chaussée,Conducteur,1,M,29-30,,Casque,Oui,1,1,05 - mai,5 - samedi,Paris 19e  Arrondissement
,201800055774,2018-05-12,972,23,97230,14.74361,-60,Intersection en T,Deux véhicules - frontale,Nuit avec éclairage public allumé,Normale,Voie Communale,,2,Plat,Partie rectiligne,,,normale,,Sur chaussée,Conducteur,2,M,15-16,Promenade - loisirs,Casque,Non,1,1,05 - mai,5 - samedi,Trinité
,201800011003,2018-05-11,37,10,37050,47.3469,0.70716,Intersection en X,Deux véhicules - par le coté,Plein jour,Normale,Route Départementale,,2,Plat,Partie rectiligne,,,normale,,Sur chaussée,Conducteur,1,M,33-34,Promenade - loisirs,Casque,Non,1,1,05 - mai,4 - vendredi,Chambray-lès-Tours
,201800014189,2018-05-11,58,16,58109,47.46835,3.32607,Intersection en T,Deux véhicules - par le coté,Plein jour,Normale,Route Départementale,,2,Bas de côte,Partie rectiligne,,,normale,,Sur chaussée,Conducteur,2,M,66-67,Promenade - loisirs,Casque,Oui,1,,05 - mai,4 - vendredi,Entrains-sur-Nohain
,201800017406,2018-05-11,89,8,89060,48.05937,3.26095,Hors intersection,Deux véhicules - par le coté,Plein jour,Normale,Voie Communale,,2,Plat,Partie rectiligne,,,normale,,Sur chaussée,Conducteur,2,M,80-81,Promenade - loisirs,Casque,Non,1,,05 - mai,4 - vendredi,Bussy-le-Repos
,201800018174,2018-05-11,80,8,80781,49.84509,2.68789,Hors intersection,Deux véhicules - frontale,Plein jour,Normale,Route Départementale,,2,Plat,En courbe à gauche,,,normale,,Sur chaussée,Conducteur,2,F,65-66,Courses - achats,Casque,Non,1,,05 - mai,4 - vendredi,Vauvillers
,201800035054,2018-05-11,80,17,80021,49.89242,2.29985,Hors intersection,Autre,Plein jour,Normale,Voie Communale,,4,Plat,Partie rectiligne,,,normale,Zone piétonne,Sur chaussée,Piéton,1,M,6-7,Promenade - loisirs,Dispositif enfants,,,1,05 - mai,4 - vendredi,Amiens
,201800051069,2018-05-11,75,14,75108,48.8767,2.29716,Intersection en T,Deux véhicules - par le coté,Plein jour,Normale,Voie Communale,,5,Pente,Partie rectiligne,,180,normale,,Sur chaussée,Conducteur,0,M,26-27,Promenade - loisirs,Casque,Non,1,1,05 - mai,4 - vendredi,Paris 8e  Arrondissement
,201800051722,2018-05-11,75,17,75111,48.8577,2.38038,Place,Deux véhicules - par le coté,Plein jour,Normale,Voie Communale,,2,Plat,Partie rectiligne,,,normale,,Sur chaussée,Conducteur,2,M,56-57,,Casque,Non,1,1,05 - mai,4 - vendredi,Paris 11e  Arrondissement
,201800053007,2018-05-11,75,18,75115,48.8414,2.27781,Hors intersection,Deux véhicules - par l’arrière,Plein jour,Normale,Voie Communale,,,Plat,Partie rectiligne,,40,normale,,Sur chaussée,Conducteur,1,M,46-47,Domicile - travail,Casque,Oui,1,1,05 - mai,4 - vendredi,Paris 15e  Arrondissement
,201800056248,2018-05-11,973,17,97309,4.88789,-52.27604,Hors intersection,Trois véhicules et plus - collisions multiples,Plein jour,Temps couvert,Route Départementale,,2,Pente,Partie rectiligne,,,normale,,Sur chaussée,Conducteur,1,M,14-15,Autre,Casque,Oui,1,1,05 - mai,4 - vendredi,Remire-Montjoly
,201800056248,2018-05-11,973,17,97309,4.88789,-52.27604,Hors intersection,Trois véhicules et plus - collisions multiples,Plein jour,Temps couvert,Route Départementale,,2,Pente,Partie rectiligne,,,normale,,Sur chaussée,Conducteur,2,M,12-13,Autre,Casque,Oui,1,1,05 - mai,4 - vendredi,Remire-Montjoly
,201800013343,2018-05-10,50,21,50031,49.36496,-1.75964,Hors intersection,Autre,Nuit avec éclairage public allumé,Normale,Voie Communale,,2,Plat,Partie rectiligne,,,normale,,Sur accotement,Conducteur,1,M,49-50,Promenade - loisirs,Casque,,,1,05 - mai,3 - jeudi,Barneville-Carteret
,201800013868,2018-05-10,72,10,72198,48.07021,0.1417,Hors intersection,Deux véhicules - par l’arrière,Plein jour,Normale,Route Départementale,,1,Plat,Partie rectiligne,,,normale,,Sur chaussée,Conducteur,2,M,52-53,Promenade - loisirs,Casque,Oui,1,,05 - mai,3 - jeudi,Milesse
,201800016392,2018-05-10,86,9,86053,46.69261,0.13939,Intersection en X,Deux véhicules - par le coté,Plein jour,Normale,Route Départementale,,2,Pente,Partie rectiligne,,,normale,,Sur chaussée,Conducteur,2,M,50-51,Promenade - loisirs,Casque,Oui,1,,05 - mai,3 - jeudi,Champigny-le-Sec
,201800017902,2018-05-10,65,15,65176,43.00883,-0.26535,Hors intersection,Aucune,Plein jour,Normale,Route Départementale,,2,Pente,En courbe à droite,,,normale,,Sur chaussée,Conducteur,2,M,47-48,Promenade - loisirs,Casque,Oui,,,05 - mai,3 - jeudi,Ferrières
,201800039008,2018-05-10,92,12,92072,48.82711,2.22347,Hors intersection,Autre,Plein jour,Normale,Route Départementale,,2,Plat,En courbe à droite,25,130,normale,,Sur chaussée,Conducteur,0,M,28-29,Promenade - loisirs,Casque,Oui,,1,05 - mai,3 - jeudi,Sèvres
,201800038566,2018-05-09,92,16,92050,48.88858,2.2241,Hors intersection,Deux véhicules - par l’arrière,Plein jour,Normale,Voie Communale,,1,Pente,Partie rectiligne,,,normale,,Sur chaussée,Conducteur,2,M,49-50,Promenade - loisirs,Autre,Non,1,1,05 - mai,2 - mercredi,Nanterre
,201800050257,2018-05-09,75,17,75104,48.8508,2.3614,Intersection en X,Deux véhicules - par le coté,Crépuscule ou aube,Normale,Voie Communale,,3,Plat,En courbe à droite,,,normale,Pont - autopont,Sur chaussée,Conducteur,1,M,30-31,Autre,Casque,Non,1,1,05 - mai,2 - mercredi,Paris 4e  Arrondissement
,201800050452,2018-05-09,75,15,75103,48.868,2.36223,Place,Deux véhicules - par le coté,Plein jour,Normale,Voie Communale,,2,Plat,En courbe à droite,20,60,normale,,Sur chaussée,Conducteur,1,M,55-56,Utilisation professionnelle,Casque,Oui,1,1,05 - mai,2 - mercredi,Paris 3e  Arrondissement
,201800050453,2018-05-09,75,20,75104,48.8529,2.35896,Intersection en T,Deux véhicules - par le coté,Crépuscule ou aube,Normale,Voie Communale,,2,Plat,Partie rectiligne,,114,normale,Carrefour aménagé,Sur chaussée,Conducteur,1,M,28-29,Domicile - travail,Casque,Non,1,1,05 - mai,2 - mercredi,Paris 4e  Arrondissement
,201800001301,2018-05-08,47,17,47157,44.506,0.1479,Hors intersection,Autre,Plein jour,Normale,Route Départementale,,2,Plat,Partie rectiligne,,,normale,,Sur trottoir,Conducteur,1,M,62-63,Promenade - loisirs,Casque,Non,,1,05 - mai,1 - mardi,Marmande
,201800016132,2018-05-08,68,15,68155,48.09032,7.31784,Giratoire,Deux véhicules - par le coté,Plein jour,Normale,Route Départementale,,2,Pente,Partie rectiligne,,,normale,,Sur piste cyclable,Conducteur,0,M,13-14,Promenade - loisirs,Casque,,1,1,05 - mai,1 - mardi,Ingersheim
,201800016132,2018-05-08,68,15,68155,48.09032,7.31784,Giratoire,Deux véhicules - par le coté,Plein jour,Normale,Route Départementale,,2,Pente,Partie rectiligne,,,normale,,Sur piste cyclable,Conducteur,1,M,19-20,Promenade - loisirs,Casque,,1,1,05 - mai,1 - mardi,Ingersheim
,201800021870,2018-05-08,62,9,62252,50.56131,2.71564,Hors intersection,Trois véhicules et plus - collisions multiples,Plein jour,Normale,Route Départementale,,2,Plat,Partie rectiligne,,,normale,,Sur chaussée,Conducteur,2,M,46-47,Promenade - loisirs,Casque,Oui,1,1,05 - mai,1 - mardi,Couture
,201800021870,2018-05-08,62,9,62252,50.56131,2.71564,Hors intersection,Trois véhicules et plus - collisions multiples,Plein jour,Normale,Route Départementale,,2,Plat,Partie rectiligne,,,normale,,Sur chaussée,Conducteur,1,M,24-25,Promenade - loisirs,Casque,Oui,1,1,05 - mai,1 - mardi,Couture
,201800034682,2018-05-08,78,19,78440,48.98214,1.91636,Autre intersection,Autre,Plein jour,Normale,Parc de stationnement ouvert à la circulation publique,,,Plat,Partie rectiligne,,,normale,,Sur accotement,Conducteur,0,M,10-11,Promenade - loisirs,Dispositif enfants,,,1,05 - mai,1 - mardi,Mureaux
,201800034682,2018-05-08,78,19,78440,48.98214,1.91636,Autre intersection,Autre,Plein jour,Normale,Parc de stationnement ouvert à la circulation publique,,,Plat,Partie rectiligne,,,normale,,Sur accotement,Piéton,1,M,10-11,Promenade - loisirs,Dispositif enfants,,,1,05 - mai,1 - mardi,Mureaux
,201800042668,2018-05-08,94,16,94046,48.80563,2.43147,Intersection en X,Deux véhicules - par le coté,Plein jour,Normale,Route Départementale,,,Plat,En courbe à droite,,150,normale,,Sur piste cyclable,Conducteur,1,M,38-39,Promenade - loisirs,Casque,Non,1,1,05 - mai,1 - mardi,Maisons-Alfort
,201800050778,2018-05-08,75,15,75106,48.8476,2.32746,Hors intersection,Deux véhicules - par l’arrière,Plein jour,Normale,Voie Communale,,,Plat,Partie rectiligne,20,100,normale,,Sur chaussée,Conducteur,1,M,56-57,Promenade - loisirs,Casque,Non,1,1,05 - mai,1 - mardi,Paris 6e  Arrondissement
,201800051063,2018-05-08,75,11,75108,48.8777,2.29857,Hors intersection,Deux véhicules - par l’arrière,Plein jour,Normale,Voie Communale,,4,Pente,Partie rectiligne,,120,normale,,Sur chaussée,Conducteur,1,M,58-59,,Casque,Oui,1,1,05 - mai,1 - mardi,Paris 8e  Arrondissement
,201800000462,2018-05-07,27,14,27599,49.15294,1.40368,Hors intersection,Deux véhicules - par le coté,Plein jour,Normale,Route Départementale,,2,Pente,En courbe à gauche,,,normale,Pont - autopont,Sur chaussée,Conducteur,1,M,55-56,Promenade - loisirs,Casque,Oui,1,,05 - mai,0 - lundi,Saint-Pierre-la-Garenne
,201800002768,2018-05-07,57,20,57207,49.12388,6.87585,Hors intersection,Autre,Plein jour,Normale,Voie Communale,,2,Bas de côte,Partie rectiligne,,,normale,Carrefour aménagé,Sur trottoir,Conducteur,2,M,8-9,Promenade - loisirs,Casque,Oui,,1,05 - mai,0 - lundi,Farébersviller
,201800002987,2018-05-07,67,15,67084,48.32596,7.42417,Intersection en T,Deux véhicules - par le coté,Plein jour,Normale,Voie Communale,Avec voies d’affectation variable,,,,,,,,,Conducteur,2,M,57-58,Promenade - loisirs,Casque,Oui,1,1,05 - mai,0 - lundi,Dambach-la-Ville
,201800006429,2018-05-07,72,10,72240,47.76276,0.66151,Hors intersection,Deux véhicules - par le coté,Plein jour,Normale,Route Départementale,,2,Plat,Partie rectiligne,,,normale,,Sur chaussée,Conducteur,3,M,56-57,Promenade - loisirs,Casque,Oui,1,1,05 - mai,0 - lundi,Poncé-sur-le-Loir
,201800012724,2018-05-07,18,11,18058,46.85735,2.31789,Intersection en T,Deux véhicules - par le coté,Plein jour,Normale,Route Départementale,,2,Plat,Partie rectiligne,,,normale,,Sur chaussée,Conducteur,2,F,73-74,Autre,Casque,,1,1,05 - mai,0 - lundi,Châteauneuf-sur-Cher
,201800016241,2018-05-07,68,18,68082,47.85873,7.33991,Intersection en T,Deux véhicules - par l’arrière,Plein jour,Normale,Route Départementale,,2,Plat,Partie rectiligne,,,normale,,Sur chaussée,Conducteur,1,M,55-56,Promenade - loisirs,Casque,Oui,1,1,05 - mai,0 - lundi,Ensisheim
,201800038278,2018-05-07,92,19,92044,48.89276,2.28547,Hors intersection,Deux véhicules - par le coté,Plein jour,Normale,Voie Communale,,2,Plat,Partie rectiligne,,,normale,,Sur piste cyclable,Conducteur,1,M,40-41,Promenade - loisirs,Autre,Non déterminable,1,1,05 - mai,0 - lundi,Levallois-Perret
,201800040595,2018-05-07,93,18,93055,0,0,Intersection en T,Deux véhicules - par le coté,Plein jour,Normale,Route Nationale,,,Plat,Partie rectiligne,,,normale,,Sur chaussée,Conducteur,2,M,22-23,,Autre,Non déterminable,1,1,05 - mai,0 - lundi,Pantin
,201800041426,2018-05-07,94,20,94071,48.76744,2.53289,Hors intersection,Aucune,Plein jour,Normale,Voie Communale,,1,Plat,Partie rectiligne,80,80,normale,,Sur chaussée,Conducteur,1,M,49-50,Domicile - travail,Casque,Oui,,1,05 - mai,0 - lundi,Sucy-en-Brie
,201800050877,2018-05-07,75,20,75107,48.8554,2.31803,Intersection en T,Deux véhicules - par le coté,Crépuscule ou aube,Normale,Voie Communale,,1,Plat,Partie rectiligne,10,10,normale,,Sur chaussée,Conducteur,2,F,50-51,,Casque,Non,1,1,05 - mai,0 - lundi,Paris 7e  Arrondissement
,201800051718,2018-05-07,75,18,75111,48.8505,2.3833,Hors intersection,Deux véhicules - par l’arrière,Plein jour,Normale,Voie Communale,,1,Plat,Partie rectiligne,,35,,,Sur chaussée,Conducteur,2,M,37-38,Promenade - loisirs,Casque,Non,1,1,05 - mai,0 - lundi,Paris 11e  Arrondissement
,201800000570,2018-05-06,22,8,22081,48.48503,-2.646,Hors intersection,Aucune,Plein jour,Normale,Route Départementale,,2,Plat,Partie rectiligne,,,normale,,Sur accotement,Conducteur,2,M,77-78,Promenade - loisirs,Casque,Oui,,1,05 - mai,6 - dimanche,Hillion
,201800002311,2018-05-06,38,11,38509,45.57407,5.43911,Intersection en T,Autre,Plein jour,Normale,Voie Communale,,2,Pente,Partie rectiligne,,,normale,,Sur chaussée,Conducteur,2,M,45-46,Promenade - loisirs,Casque,,1,1,05 - mai,6 - dimanche,Tour-du-Pin
,201800003905,2018-05-06,83,13,83112,43.1522,5.71362,Hors intersection,Deux véhicules - par le coté,Plein jour,Normale,Voie Communale,,2,Pente,Partie rectiligne,,,normale,,Sur chaussée,Conducteur,2,F,65-66,Promenade - loisirs,Casque,Oui,1,,05 - mai,6 - dimanche,Saint-Cyr-sur-Mer
,201800004666,2018-05-06,91,15,91661,48.69915,2.20913,Hors intersection,Autre,Plein jour,Normale,Route Départementale,,2,Pente,Partie rectiligne,,,normale,,Sur trottoir,Conducteur,3,M,54-55,Promenade - loisirs,Casque,Non,,1,05 - mai,6 - dimanche,Villebon-sur-Yvette
,201800015801,2018-05-06,44,8,44013,47.39309,-2.09849,Hors intersection,Deux véhicules - frontale,Plein jour,Normale,,,2,Plat,En courbe à droite,,,normale,,Sur chaussée,Conducteur,2,M,57-58,Promenade - loisirs,Autre,Oui,1,1,05 - mai,6 - dimanche,Besné
,201800017108,2018-05-06,61,13,61345,48.41755,0.79974,Hors intersection,Autre,Plein jour,Temps éblouissant,Autre,,1,Plat,Partie rectiligne,,,normale,,Sur piste cyclable,Conducteur,3,M,85-86,Promenade - loisirs,Autre,Non,,1,05 - mai,6 - dimanche,Rémalard en Perche
,201800020009,2018-05-06,62,9,62378,50.3029,2.64575,Hors intersection,Deux véhicules - par l’arrière,Plein jour,Temps éblouissant,Route Départementale,,2,Plat,Partie rectiligne,,,normale,,Sur chaussée,Conducteur,1,M,83-84,Autre,Casque,Oui,1,,05 - mai,6 - dimanche,Gouves
,201800029989,2018-05-06,22,11,22172,48.52255,-2.23214,Giratoire,Deux véhicules - par le coté,Plein jour,Normale,Route Départementale,,1,Pente,Partie rectiligne,,,normale,Carrefour aménagé,Sur chaussée,Conducteur,1,M,57-58,Promenade - loisirs,Casque,Oui,1,1,05 - mai,6 - dimanche,Plancoët
,201800030561,2018-05-06,64,11,64024,43.4967,-1.50879,Giratoire,Deux véhicules - par le coté,Plein jour,Normale,Voie Communale,,2,Plat,Partie rectiligne,,,normale,Carrefour aménagé,Sur accotement,Conducteur,1,M,43-44,Promenade - loisirs,Casque,Oui,1,1,05 - mai,6 - dimanche,Anglet
,201800038291,2018-05-06,92,12,92044,48.89276,2.28547,Hors intersection,Autre,Plein jour,Normale,Voie Communale,,1,Plat,Partie rectiligne,,,normale,,Sur chaussée,Conducteur,1,M,57-58,,Autre,Non déterminable,,1,05 - mai,6 - dimanche,Levallois-Perret
,201800054713,2018-05-06,75,18,75120,48.872,2.39184,Intersection en X,Deux véhicules - par le coté,Plein jour,Normale,Voie Communale,,1,Pente,Partie rectiligne,,30,normale,,Sur chaussée,Conducteur,1,M,45-46,Promenade - loisirs,Casque,Non,1,1,05 - mai,6 - dimanche,Paris 20e  Arrondissement
,201800000004,2018-05-05,59,17,59052,50.51974,2.89123,Hors intersection,Deux véhicules - par le coté,Plein jour,Temps éblouissant,Route Départementale,,2,Plat,Partie rectiligne,,,normale,,Sur chaussée,Conducteur,2,M,4-5,Promenade - loisirs,Casque,,1,1,05 - mai,5 - samedi,Bauvin