test,identifiantAccident,date,departement,heure,commune,lat,lon,typeIntersection,typeCollision,luminosite,conditionsAtmosperiques,typeRoute,circulation,nbVoies,profilLongRoute,tracePlanRoute,largeurTPC,largeurRoute,etatSurface,amenagement,situation,categorieUsager,graviteAccident,sexe,age,motifDeplacement,existenceSecurite,usageSecurite,nombreAutresVehicules,enAgglomeration,mois,jour,NCCENR
,201800001809,2018-05-05,69,16,69227,45.69518,4.5574,Hors intersection,Autre,Plein jour,Normale,Voie Communale,,2,Bas de côte,En courbe à gauche,,,normale,,Sur chaussée,Conducteur,2,M,65-66,Promenade - loisirs,Casque,Oui,,,05 - mai,5 - samedi,Saint-Martin-en-Haut
,201800001809,2018-05-05,69,16,69227,45.69518,4.5574,Hors intersection,Autre,Plein jour,Normale,Voie Communale,,2,Bas de côte,En courbe à gauche,,,normale,,Sur chaussée,Piéton,0,M,69-70,Autre,Casque,,,,05 - mai,5 - samedi,Saint-Martin-en-Haut
,201800003735,2018-05-05,6,13,6101,44.02707,6.97739,Hors intersection,Autre,Plein jour,Normale,Route Départementale,,2,Pente,En courbe à droite,,,normale,,Sur chaussée,Conducteur,2,M,72-73,Promenade - loisirs,Casque,Oui,,,05 - mai,5 - samedi,Rigaud
,201800005035,2018-05-05,13,14,13088,43.37773,5.22562,Hors intersection,Deux véhicules - par le coté,Plein jour,Normale,Route Départementale,,2,Plat,Partie rectiligne,,,normale,,Sur chaussée,Conducteur,2,M,31-32,Promenade - loisirs,Casque,Oui,1,,05 - mai,5 - samedi,Rove
,201800015097,2018-05-05,38,8,38399,45.49674,5.14057,Giratoire,Deux véhicules - par le coté,Plein jour,Normale,Route Départementale,,2,Plat,Partie rectiligne,,,normale,,Sur chaussée,Conducteur,1,M,63-64,Promenade - loisirs,Casque,Oui,1,1,05 - mai,5 - samedi,Saint-Jean-de-Bournay
,201800016013,2018-05-05,39,18,39047,46.56347,6.07515,Hors intersection,Deux véhicules - frontale,Plein jour,Pluie légère,Route Départementale,,2,Pente,En courbe à gauche,,,mouillée,,Sur chaussée,Conducteur,2,M,30-31,Promenade - loisirs,Casque,Oui,1,,05 - mai,5 - samedi,Bellefontaine
,201800018916,2018-05-05,56,17,56054,47.62853,-3.14312,Intersection en X,Deux véhicules - par le coté,Plein jour,Normale,Route Départementale,,2,Plat,Partie rectiligne,,,normale,,Sur chaussée,Conducteur,0,M,14-15,Promenade - loisirs,Casque,Oui,1,,05 - mai,5 - samedi,Erdeven
,201800020216,2018-05-05,38,12,38456,44.8385,5.79753,Hors intersection,Aucune,Plein jour,Normale,Route Départementale,,2,Pente,En courbe à gauche,,,flaques,,Sur chaussée,Conducteur,2,M,42-43,Promenade - loisirs,Casque,Oui,,,05 - mai,5 - samedi,Saint-Sébastien
,201800022757,2018-05-05,62,7,62621,50.87653,2.02921,Hors intersection,Deux véhicules - par l’arrière,Plein jour,Normale,Route Départementale,,2,Plat,Partie rectiligne,,,normale,,Sur chaussée,Conducteur,2,M,61-62,,Casque,,1,1,05 - mai,5 - samedi,Nortkerque
,201800052025,2018-05-05,75,10,75112,48.8337,2.41554,Hors intersection,Aucune,Plein jour,Normale,Voie Communale,,1,Plat,Partie rectiligne,,,normale,,Sur piste cyclable,Conducteur,1,M,37-38,Promenade - loisirs,Casque,Oui,,1,05 - mai,5 - samedi,Paris 12e  Arrondissement
,201800000569,2018-05-04,22,18,22173,48.55272,-2.55751,Intersection en X,Deux véhicules - par le coté,Plein jour,Autre,Voie Communale,,2,Plat,Partie rectiligne,,,normale,,Sur chaussée,Conducteur,2,M,58-59,Domicile - travail,Casque,Oui,1,,05 - mai,4 - vendredi,Planguenoual
,201800011116,2018-05-04,37,10,37119,47.12323,0.4284,Autre intersection,Deux véhicules - par le coté,Plein jour,Normale,Voie Communale,,1,Plat,Partie rectiligne,,,normale,,Sur chaussée,Conducteur,2,M,37-38,Courses - achats,Casque,Non,1,1,05 - mai,4 - vendredi,Île-Bouchard
,201800014220,2018-05-04,26,17,26108,44.73085,5.01758,Intersection en X,Deux véhicules - frontale,Plein jour,Normale,Voie Communale,,1,Plat,Partie rectiligne,,,normale,Carrefour aménagé,Sur chaussée,Conducteur,2,M,77-78,Promenade - loisirs,Autre,Non,1,1,05 - mai,4 - vendredi,Crest
,201800018448,2018-05-04,76,15,76085,49.81563,1.03584,Hors intersection,Deux véhicules - par le coté,Plein jour,Normale,Route Départementale,,2,Plat,Partie rectiligne,,,normale,,Sur chaussée,Conducteur,3,M,71-72,Promenade - loisirs,Casque,Non,1,,05 - mai,4 - vendredi,Bertreville-Saint-Ouen
,201800019078,2018-05-04,59,16,59037,50.19753,3.37926,Hors intersection,Deux véhicules - frontale,Plein jour,Normale,Route Départementale,,1,Pente,Partie rectiligne,,,normale,,Sur chaussée,Conducteur,0,M,10-11,Promenade - loisirs,Casque,,1,1,05 - mai,4 - vendredi,Avesnes-les-Aubert
,201800019078,2018-05-04,59,16,59037,50.19753,3.37926,Hors intersection,Deux véhicules - frontale,Plein jour,Normale,Route Départementale,,1,Pente,Partie rectiligne,,,normale,,Sur chaussée,Passager,2,M,7-8,Promenade - loisirs,Casque,,1,1,05 - mai,4 - vendredi,Avesnes-les-Aubert
,201800019347,2018-05-04,57,16,57325,49.00167,6.88931,Hors intersection,Deux véhicules - par le coté,Plein jour,Normale,Voie Communale,,2,Plat,En courbe à gauche,,,normale,Pont - autopont,Sur chaussée,Conducteur,2,M,58-59,Promenade - loisirs,Casque,Oui,1,,05 - mai,4 - vendredi,Hilsprich
,201800021691,2018-05-04,74,18,74213,45.91912,6.06947,Giratoire,Deux véhicules - par le coté,Plein jour,Normale,Route Départementale,,2,Plat,Partie rectiligne,,,normale,Carrefour aménagé,Sur chaussée,Conducteur,1,M,40-41,Promenade - loisirs,Casque,Oui,1,1,05 - mai,4 - vendredi,Poisy
,201800030793,2018-05-04,64,9,64445,43.3028,-0.36161,Autre intersection,Deux véhicules - par le coté,Plein jour,Pluie légère,Voie Communale,,2,Plat,Partie rectiligne,,,mouillée,,Sur accotement,Conducteur,1,M,58-59,Domicile - travail,Casque,Oui,1,1,05 - mai,4 - vendredi,Pau
,201800038752,2018-05-04,92,16,92062,48.88456,2.22673,Hors intersection,Aucune,Plein jour,Normale,Voie Communale,,2,Plat,Partie rectiligne,,,normale,,Sur chaussée,Conducteur,1,M,35-36,Domicile - travail,Casque,Non,1,1,05 - mai,4 - vendredi,Puteaux
,201800039138,2018-05-04,92,9,92046,48.81932,2.30464,Hors intersection,Autre,Plein jour,Normale,Voie Communale,,2,Plat,Partie rectiligne,,,normale,,Sur chaussée,Conducteur,0,M,33-34,Domicile - travail,Casque,Non,,1,05 - mai,4 - vendredi,Malakoff
,201800039630,2018-05-04,93,14,93010,48.91709,2.47952,Hors intersection,Deux véhicules - par l’arrière,Plein jour,Normale,Voie Communale,,2,Plat,,,30,normale,,Sur chaussée,Conducteur,1,M,44-45,Promenade - loisirs,Casque,Non,1,1,05 - mai,4 - vendredi,Bondy
,201800050255,2018-05-04,75,19,75101,48.8599,2.34395,Intersection en X,Deux véhicules - par le coté,Plein jour,Normale,Voie Communale,,3,Plat,Partie rectiligne,,130,normale,,Sur chaussée,Conducteur,1,M,34-35,,Casque,Non,1,1,05 - mai,4 - vendredi,Paris 1er Arrondissement
,201800051482,2018-05-04,75,9,75110,48.8806,2.36196,Intersection en X,Deux véhicules - par le coté,Plein jour,Normale,Voie Communale,,2,Plat,Partie rectiligne,,,normale,Carrefour aménagé,Sur chaussée,Conducteur,1,M,52-53,Domicile - travail,Casque,Non,1,1,05 - mai,4 - vendredi,Paris 10e  Arrondissement
,201800012705,2018-05-03,18,8,18169,46.72489,2.44771,Hors intersection,Deux véhicules - par le coté,Plein jour,Pluie légère,Route Départementale,,2,Plat,Partie rectiligne,,,normale,,Sur chaussée,Conducteur,2,F,40-41,Domicile - travail,Casque,Oui,1,,05 - mai,3 - jeudi,Nozières
,201800050451,2018-05-03,75,8,75103,48.859,2.35922,Hors intersection,Deux véhicules - par l’arrière,Plein jour,Normale,Voie Communale,,1,Plat,Partie rectiligne,,34,normale,,Sur chaussée,Conducteur,1,M,59-60,Domicile - travail,Casque,Non déterminable,1,1,05 - mai,3 - jeudi,Paris 3e  Arrondissement
,201800050684,2018-05-03,75,19,75105,48.8412,2.35596,Intersection en X,Autre,Plein jour,Normale,Voie Communale,,2,Plat,Partie rectiligne,,62,normale,,Sur chaussée,Conducteur,1,F,51-52,Promenade - loisirs,Casque,Non,,1,05 - mai,3 - jeudi,Paris 5e  Arrondissement
,201800052993,2018-05-03,75,14,75115,48.8316,2.29066,Hors intersection,Aucune,Plein jour,Normale,Voie Communale,,2,Pente,Partie rectiligne,,50,normale,,Sur piste cyclable,Conducteur,1,M,69-70,Promenade - loisirs,Casque,Non,,1,05 - mai,3 - jeudi,Paris 15e  Arrondissement
,201800053355,2018-05-03,75,9,75116,48.8483,2.26035,Intersection en X,Deux véhicules - par le coté,Plein jour,Normale,Voie Communale,,1,Plat,Partie rectiligne,,,normale,,Sur chaussée,Conducteur,1,M,35-36,Domicile - travail,Casque,Oui,1,1,05 - mai,3 - jeudi,Paris 16e  Arrondissement
,201800054398,2018-05-03,75,11,75119,48.8803,2.37418,Intersection en Y,Deux véhicules - par le coté,Plein jour,Normale,Voie Communale,,1,Plat,Partie rectiligne,,30,normale,,Sur chaussée,Conducteur,1,M,41-42,Domicile - travail,Casque,Oui,1,1,05 - mai,3 - jeudi,Paris 19e  Arrondissement
,201800002334,2018-05-02,38,16,38085,45.75346,5.14929,Giratoire,Deux véhicules - par le coté,Plein jour,Normale,Voie Communale,,2,Plat,En courbe à gauche,,,normale,Carrefour aménagé,Sur chaussée,Conducteur,1,M,73-74,Promenade - loisirs,Casque,Oui,1,1,05 - mai,2 - mercredi,Charvieu-Chavagneux
,201800030995,2018-05-02,64,8,64483,43.3837,-1.65994,Hors intersection,Deux véhicules - par le coté,Plein jour,Normale,Voie Communale,,2,Plat,Partie rectiligne,,,normale,,Sur accotement,Conducteur,0,M,68-69,,Casque,Non déterminable,1,1,05 - mai,2 - mercredi,Saint-Jean-de-Luz
,201800030995,2018-05-02,64,8,64483,43.3837,-1.65994,Hors intersection,Deux véhicules - par le coté,Plein jour,Normale,Voie Communale,,2,Plat,Partie rectiligne,,,normale,,Sur accotement,Conducteur,1,M,63-64,Promenade - loisirs,Casque,Non déterminable,1,1,05 - mai,2 - mercredi,Saint-Jean-de-Luz
,201800032106,2018-05-02,68,4,68066,48.07821,7.35361,Hors intersection,Autre,Nuit avec éclairage public allumé,Normale,Voie Communale,,3,Plat,En courbe à gauche,,,normale,,Sur accotement,Conducteur,1,M,24-25,Promenade - loisirs,Casque,Oui,1,1,05 - mai,2 - mercredi,Colmar
,201800037433,2018-05-02,92,5,92012,48.83205,2.25305,Intersection en X,Deux véhicules - par le coté,Crépuscule ou aube,Normale,Route Départementale,,2,Plat,Partie rectiligne,,,normale,,Sur chaussée,Conducteur,1,M,54-55,Domicile - travail,Casque,Non,1,1,05 - mai,2 - mercredi,Boulogne-Billancourt
,201800037695,2018-05-02,92,21,92024,48.90083,2.31546,Intersection en X,Deux véhicules - par le coté,Nuit avec éclairage public allumé,Pluie légère,Route Départementale,,2,Plat,Partie rectiligne,,,mouillée,,Sur chaussée,Conducteur,1,M,19-20,Courses - achats,Casque,Non,1,1,05 - mai,2 - mercredi,Clichy
,201800041663,2018-05-02,94,10,94018,48.82007,2.4156,Hors intersection,Autre,Plein jour,Normale,Route Départementale,,1,Plat,Partie rectiligne,,37,normale,,Sur piste cyclable,Conducteur,0,M,48-49,Domicile - travail,Casque,Non déterminable,,1,05 - mai,2 - mercredi,Charenton-le-Pont
,201800054397,2018-05-02,75,16,75119,48.8886,2.39253,Hors intersection,Autre,Plein jour,Normale,Voie Communale,,1,Plat,Partie rectiligne,,,normale,,Sur piste cyclable,Conducteur,1,F,34-35,Promenade - loisirs,Casque,Non,1,1,05 - mai,2 - mercredi,Paris 19e  Arrondissement
,201800056520,2018-05-02,974,17,97422,-21.28173,55.52696,Intersection en T,Deux véhicules - par le coté,Plein jour,Normale,Voie Communale,,2,Pente,Partie rectiligne,,,normale,,Sur chaussée,Conducteur,2,M,9-10,Promenade - loisirs,Casque,Non,1,,05 - mai,2 - mercredi,Tampon
,201800015465,2018-05-01,29,11,29259,48.6554,-4.00967,Hors intersection,Deux véhicules - par l’arrière,Plein jour,Normale,Voie Communale,,2,Plat,Partie rectiligne,,,normale,,Sur chaussée,Conducteur,1,M,47-48,Promenade - loisirs,Casque,Oui,1,,05 - mai,1 - mardi,Saint-Pol-de-Léon
,201800030458,2018-05-01,62,16,62826,50.53092,1.59364,Hors intersection,Autre,Plein jour,Normale,Voie Communale,,1,Plat,Partie rectiligne,,,normale,,Sur accotement,Conducteur,0,M,9-10,,Casque,Oui,,1,05 - mai,1 - mardi,Touquet-Paris-Plage
,201800052412,2018-05-01,75,22,75113,48.8242,2.37675,Intersection en X,Deux véhicules - par le coté,Nuit avec éclairage public non allumé,Normale,Voie Communale,,,,,,,,,,Conducteur,1,M,20-21,Autre,Casque,Non déterminable,1,1,05 - mai,1 - mardi,Paris 13e  Arrondissement
,201800052412,2018-05-01,75,22,75113,48.8242,2.37675,Intersection en X,Deux véhicules - par le coté,Nuit avec éclairage public non allumé,Normale,Voie Communale,,,,,,,,,,Conducteur,1,M,18-19,,Casque,Non déterminable,1,1,05 - mai,1 - mardi,Paris 13e  Arrondissement
,201800001328,2018-04-30,64,11,64422,43.1991,-0.61247,Hors intersection,Deux véhicules - par le coté,Plein jour,Normale,Route Départementale,,2,Pente,En courbe à droite,,,normale,,Sur chaussée,Conducteur,1,M,60-61,Promenade - loisirs,Casque,Oui,1,1,04 - avril,0 - lundi,Oloron-Sainte-Marie
,201800030792,2018-04-30,64,18,64445,43.3083,-0.32949,Hors intersection,Autre,Plein jour,Normale,Voie Communale,,3,Plat,Partie rectiligne,,,normale,,Sur accotement,Conducteur,1,M,19-20,Domicile - travail,,,1,1,04 - avril,0 - lundi,Pau
,201800050252,2018-04-30,75,8,75101,48.8602,2.34826,Intersection en X,Deux véhicules - par le coté,Plein jour,Pluie légère,Voie Communale,,,Plat,Partie rectiligne,,160,mouillée,Zone piétonne,,Conducteur,1,F,45-46,Autre,Casque,Non,1,1,04 - avril,0 - lundi,Paris 1er Arrondissement
,201800052411,2018-04-30,75,18,75113,48.8232,2.37423,Hors intersection,Aucune,Plein jour,Pluie légère,Voie Communale,,2,Pente,Partie rectiligne,94,50,mouillée,,Sur piste cyclable,Conducteur,1,F,41-42,Domicile - travail,Casque,Oui,,1,04 - avril,0 - lundi,Paris 13e  Arrondissement
,201800052716,2018-04-30,75,9,75114,48.8201,2.32575,Hors intersection,Autre,Plein jour,Normale,Voie Communale,,4,Plat,Partie rectiligne,5,120,mouillée,,Sur chaussée,Conducteur,1,F,14-15,Domicile - école,Casque,Non,,1,04 - avril,0 - lundi,Paris 14e  Arrondissement
,201800002562,2018-04-29,74,13,74094,46.19961,6.28832,Intersection en T,Deux véhicules - par le coté,Plein jour,Normale,Voie Communale,,2,Plat,Partie rectiligne,,,normale,Zone piétonne,Sur chaussée,Conducteur,2,F,9-10,Promenade - loisirs,Casque,Non,1,1,04 - avril,6 - dimanche,Cranves-Sales
,201800012007,2018-04-29,40,9,40046,44.45197,-1.1075,Intersection en T,Deux véhicules - par le coté,Plein jour,Normale,Route Départementale,,2,Plat,Partie rectiligne,,,normale,,Sur chaussée,Conducteur,1,M,41-42,Promenade - loisirs,Casque,Oui,1,,04 - avril,6 - dimanche,Biscarrosse
,201800002068,2018-04-28,26,16,26232,44.9126,5.1042,Hors intersection,Deux véhicules - par l’arrière,Plein jour,Normale,Route Départementale,,2,Plat,Partie rectiligne,,,normale,,Sur chaussée,Conducteur,1,F,37-38,Promenade - loisirs,Casque,Oui,1,1,04 - avril,5 - samedi,Peyrus
,201800014980,2018-04-28,38,11,38397,45.24274,5.8254,Hors intersection,Aucune,Plein jour,Normale,Route Départementale,,2,Plat,Partie rectiligne,,,normale,,Sur piste cyclable,Conducteur,1,M,67-68,Promenade - loisirs,Casque,Oui,,1,04 - avril,5 - samedi,Saint-Ismier
,201800015062,2018-04-28,38,15,38291,45.36365,5.12964,Intersection en X,Deux véhicules - par le coté,Plein jour,Normale,Voie Communale,,2,Pente,Partie rectiligne,,,normale,,Sur chaussée,Conducteur,2,M,13-14,Promenade - loisirs,Casque,,1,,04 - avril,5 - samedi,Pajay
,201800032107,2018-04-28,68,12,68066,48.07481,7.35951,Hors intersection,Autre,Plein jour,Normale,Voie Communale,,2,Plat,Partie rectiligne,,,normale,,Sur accotement,Conducteur,0,M,34-35,,Casque,Oui,,1,04 - avril,5 - samedi,Colmar
,201800037688,2018-04-28,92,12,92024,48.90322,2.28989,Giratoire,Trois véhicules et plus - en chaîne,Plein jour,Normale,Route Départementale,,3,Plat,Partie rectiligne,,,normale,,Sur chaussée,Conducteur,1,F,50-51,Promenade - loisirs,Casque,Non,2,1,04 - avril,5 - samedi,Clichy
,201800056451,2018-04-28,972,6,97231,14.52842,-61.00291,Hors intersection,Deux véhicules - par l’arrière,Plein jour,Normale,Route Départementale,,2,Pente,Partie rectiligne,,,normale,,Sur chaussée,Conducteur,3,M,63-64,Promenade - loisirs,Casque,Oui,1,,04 - avril,5 - samedi,Trois-Îlets
,201800004160,2018-04-27,34,14,34157,43.41809,3.59527,Hors intersection,Deux véhicules - par le coté,Plein jour,Normale,Voie Communale,,2,Plat,Partie rectiligne,,,normale,,Sur chaussée,Conducteur,2,F,30-31,Autre,Casque,,1,1,04 - avril,4 - vendredi,Mèze
,201800004583,2018-04-27,78,10,78128,48.6681,1.94331,Hors intersection,Deux véhicules - par l’arrière,Plein jour,Normale,Route Départementale,,2,Plat,Partie rectiligne,,,normale,,Sur chaussée,Conducteur,2,F,50-51,,Casque,Oui,1,,04 - avril,4 - vendredi,Cernay-la-Ville
,201800016176,2018-04-27,68,16,68018,47.67157,7.176,Intersection en T,Deux véhicules - par le coté,Plein jour,Normale,Route Départementale,,2,Plat,Partie rectiligne,,72,normale,,Sur chaussée,Conducteur,1,M,22-23,Promenade - loisirs,Casque,Oui,1,1,04 - avril,4 - vendredi,Balschwiller
,201800017223,2018-04-27,63,15,63295,46.01412,3.35366,Intersection en X,Deux véhicules - par le coté,Plein jour,Normale,Route Départementale,,2,Plat,Partie rectiligne,,,normale,,Sur chaussée,Conducteur,2,F,86-87,Courses - achats,Casque,Non,1,1,04 - avril,4 - vendredi,Randan
,201800019194,2018-04-27,62,16,62387,50.10985,2.79101,Intersection en T,Deux véhicules - frontale,Plein jour,Normale,Route Départementale,,2,Plat,Partie rectiligne,,,normale,,Sur chaussée,Conducteur,2,M,13-14,Promenade - loisirs,Casque,,1,,04 - avril,4 - vendredi,Grévillers
,201800020129,2018-04-27,47,16,47156,44.4926,0.07222,Hors intersection,Autre,Plein jour,Normale,Route Départementale,,2,Plat,En courbe à gauche,,,normale,,Sur accotement,Conducteur,2,M,73-74,Promenade - loisirs,Casque,Oui,,,04 - avril,4 - vendredi,Marcellus
,201800020173,2018-04-27,30,15,30334,44.02616,4.41665,Intersection en Y,Deux véhicules - frontale,Plein jour,Normale,Voie Communale,,2,Plat,Partie rectiligne,,,normale,Carrefour aménagé,Sur chaussée,Conducteur,2,M,32-33,Promenade - loisirs,Casque,Non,1,1,04 - avril,4 - vendredi,Uzès
,201800022044,2018-04-27,29,9,29019,48.39339,-4.48115,Intersection en X,Deux véhicules - par le coté,Plein jour,Temps couvert,Voie Communale,,2,Plat,Partie rectiligne,,,normale,,Sur accotement,Conducteur,1,M,19-20,,Casque,Non déterminable,1,1,04 - avril,4 - vendredi,Brest
,201800042849,2018-04-27,94,19,94068,48.79785,2.50106,Hors intersection,Autre,Plein jour,Normale,Route Départementale,,2,Plat,Partie rectiligne,,69,normale,,Sur chaussée,Conducteur,0,M,16-17,Courses - achats,Autre,Non déterminable,,1,04 - avril,4 - vendredi,Saint-Maur-des-Fossés
,201800051712,2018-04-27,75,17,75111,48.8653,2.38453,Intersection en T,Deux véhicules - par le coté,Plein jour,Normale,Voie Communale,,,Plat,Partie rectiligne,,50,normale,,Sur chaussée,Conducteur,0,M,28-29,,Casque,Non,1,1,04 - avril,4 - vendredi,Paris 11e  Arrondissement
,201800000166,2018-04-26,59,19,59265,50.27426,3.7072,Hors intersection,Deux véhicules - par l’arrière,Plein jour,Normale,Voie Communale,,2,Plat,Partie rectiligne,,,autre,,Sur chaussée,Conducteur,2,M,16-17,Promenade - loisirs,Casque,,1,1,04 - avril,3 - jeudi,Gommegnies
,201800001611,2018-04-26,81,17,81105,43.76003,1.96854,Intersection en T,Deux véhicules - par le coté,Plein jour,Temps éblouissant,Route Départementale,,2,Bas de côte,Partie rectiligne,,,normale,,Sur chaussée,Conducteur,1,M,57-58,Promenade - loisirs,Casque,Oui,1,1,04 - avril,3 - jeudi,Graulhet
,201800003020,2018-04-26,68,15,68226,48.04025,7.13937,Place,Deux véhicules - par le coté,Plein jour,Normale,Parc de stationnement ouvert à la circulation publique,,,Plat,En courbe à gauche,,60,normale,,Sur chaussée,Conducteur,1,M,24-25,Promenade - loisirs,Equipement réfléchissant,Non,1,1,04 - avril,3 - jeudi,Munster
,201800016565,2018-04-26,46,19,46335,44.40381,1.34669,Intersection en T,Deux véhicules - par le coté,Crépuscule ou aube,Normale,Route Départementale,,2,Plat,Partie rectiligne,,,normale,,Sur chaussée,Conducteur,2,M,49-50,,Casque,Non déterminable,1,,04 - avril,3 - jeudi,Villesèque
,201800019480,2018-04-26,34,17,34118,43.73848,3.90906,Hors intersection,Deux véhicules - par le coté,Plein jour,Normale,Route Départementale,,2,Plat,Partie rectiligne,,,normale,,Sur chaussée,Conducteur,2,F,54-55,Promenade - loisirs,Casque,Oui,1,,04 - avril,3 - jeudi,Guzargues
,201800020531,2018-04-26,83,15,83019,43.13883,6.35121,Giratoire,Deux véhicules - par le coté,Plein jour,Normale,Voie Communale,,1,Plat,En courbe à gauche,,,normale,Carrefour aménagé,Sur chaussée,Conducteur,1,M,65-66,Promenade - loisirs,Equipement réfléchissant,Non,1,1,04 - avril,3 - jeudi,Bormes-les-Mimosas
,201800052984,2018-04-26,75,8,75115,48.8264,2.29556,Hors intersection,Deux véhicules - par le coté,Plein jour,Normale,Voie Communale,,1,Plat,Partie rectiligne,,60,normale,,Sur trottoir,Conducteur,1,M,69-70,Autre,Casque,Non déterminable,1,1,04 - avril,3 - jeudi,Paris 15e  Arrondissement
,201800052985,2018-04-26,75,11,75115,48.8459,2.31835,Hors intersection,Deux véhicules - par le coté,Plein jour,Normale,Voie Communale,,4,Pente,Partie rectiligne,,210,normale,,,Conducteur,1,F,52-53,,Casque,Non déterminable,1,1,04 - avril,3 - jeudi,Paris 15e  Arrondissement
,201800004938,2018-04-25,18,5,18285,47.03018,2.22771,Hors intersection,Aucune,Nuit sans éclairage public,Normale,Route Départementale,,2,Pente,Partie rectiligne,,,normale,,Sur chaussée,Conducteur,1,F,33-34,Domicile - travail,Casque,,,,04 - avril,2 - mercredi,Villeneuve-sur-Cher
,201800005992,2018-04-25,33,10,33229,44.70241,-1.0343,Hors intersection,Autre,Plein jour,Normale,Voie Communale,,1,Plat,Partie rectiligne,,,normale,,Sur chaussée,Conducteur,1,F,72-73,Courses - achats,Casque,Non,1,1,04 - avril,2 - mercredi,Lanton
,201800014979,2018-04-25,38,17,38140,45.27258,5.88713,Intersection en T,Autre,Plein jour,Normale,Voie Communale,,1,Plat,Partie rectiligne,,,normale,,Sur piste cyclable,Conducteur,2,M,13-14,Promenade - loisirs,Casque,Oui,1,1,04 - avril,2 - mercredi,Crolles
,201800020032,2018-04-25,62,12,62554,50.52962,1.73045,Hors intersection,Autre,Plein jour,Normale,Route Départementale,,2,Plat,Partie rectiligne,,,normale,,Sur chaussée,Conducteur,2,M,65-66,Promenade - loisirs,Casque,Oui,,1,04 - avril,2 - mercredi,Maresville
,201800032779,2018-04-25,62,19,62204,50.39458,1.88339,Hors intersection,Deux véhicules - frontale,Plein jour,Normale,Route Départementale,,2,Plat,Partie rectiligne,,,normale,,Sur chaussée,Conducteur,1,M,14-15,Promenade - loisirs,Casque,,1,1,04 - avril,2 - mercredi,Campagne-lès-Hesdin
,201800042847,2018-04-25,94,10,94068,48.81025,2.4744,Intersection en T,Deux véhicules - par le coté,Plein jour,Normale,Voie Communale,,2,,,,40,,,Sur chaussée,Conducteur,1,M,19-20,Autre,Autre,Non,1,1,04 - avril,2 - mercredi,Saint-Maur-des-Fossés
,201800043477,2018-04-25,95,18,95563,49.0091,2.2375,Hors intersection,Autre,Plein jour,Normale,Route Départementale,,2,Plat,Partie rectiligne,,,normale,,Sur chaussée,Piéton,1,F,71-72,Promenade - loisirs,Dispositif enfants,,,1,04 - avril,2 - mercredi,Saint-Leu-la-Forêt
,201800051056,2018-04-25,75,13,75108,48.8684,2.32324,Intersection en X,Deux véhicules - par l’arrière,Plein jour,Normale,Voie Communale,,2,Plat,Partie rectiligne,,,mouillée,,Sur chaussée,Conducteur,1,M,23-24,Domicile - travail,Casque,Non,1,1,04 - avril,2 - mercredi,Paris 8e  Arrondissement
,201800052402,2018-04-25,75,10,75113,48.8262,2.35988,Intersection à plus de 4 branches,Autre,Plein jour,Normale,Voie Communale,,2,Plat,Partie rectiligne,,70,mouillée,,Sur chaussée,Conducteur,1,M,31-32,Promenade - loisirs,Casque,Non,2,1,04 - avril,2 - mercredi,Paris 13e  Arrondissement
,201800052403,2018-04-25,75,16,75113,48.8329,2.36261,Hors intersection,Autre,Plein jour,Normale,Voie Communale,,2,Plat,Partie rectiligne,,60,normale,,Sur chaussée,Conducteur,2,F,23-24,Promenade - loisirs,Casque,Non,,1,04 - avril,2 - mercredi,Paris 13e  Arrondissement
,201800000722,2018-04-24,14,9,14488,49.27865,-0.25948,Intersection en T,Deux véhicules - par le coté,Plein jour,Normale,Voie Communale,Avec voies d’affectation variable,,,,,,,,,Conducteur,2,M,11-12,Domicile - école,Casque,,1,1,04 - avril,1 - mardi,Ouistreham
,201800001384,2018-04-24,17,1,17121,46.20174,-1.44801,Intersection en X,Deux véhicules - par le coté,Nuit sans éclairage public,Normale,Route Départementale,,2,Plat,En courbe à gauche,,100,normale,Carrefour aménagé,Sur chaussée,Conducteur,3,M,16-17,Promenade - loisirs,Casque,Non déterminable,1,,04 - avril,1 - mardi,Couarde-sur-Mer
,201800005983,2018-04-24,69,16,69064,45.49653,4.72171,Intersection en X,Deux véhicules - par le coté,Plein jour,Normale,Route Départementale,,2,Pente,Partie rectiligne,,,normale,,Sur chaussée,Conducteur,1,M,66-67,Promenade - loisirs,Casque,Oui,1,,04 - avril,1 - mardi,Condrieu
,201800013170,2018-04-24,60,20,60509,49.30825,2.60048,Intersection en T,Deux véhicules - par le coté,Plein jour,Normale,Voie Communale,,1,Plat,Partie rectiligne,,,normale,,Sur chaussée,Conducteur,2,M,58-59,,Casque,Non,1,1,04 - avril,1 - mardi,Pont-Sainte-Maxence
,201800015190,2018-04-24,31,16,31455,43.25552,1.20075,Hors intersection,Aucune,Plein jour,Normale,Voie Communale,,2,Pente,Partie rectiligne,,,normale,,Sur chaussée,Conducteur,1,M,38-39,Promenade - loisirs,Casque,,,1,04 - avril,1 - mardi,Rieux-Volvestre
,201800020493,2018-04-24,72,19,72200,47.8938,0.21881,Hors intersection,Deux véhicules - par le coté,Plein jour,Normale,Route Départementale,,2,Plat,Partie rectiligne,,,normale,,Sur chaussée,Conducteur,1,M,43-44,Promenade - loisirs,Casque,Oui,1,,04 - avril,1 - mardi,Moncé-en-Belin
,201800023724,2018-04-24,42,13,42162,46.014,3.98618,Hors intersection,Trois véhicules et plus - collisions multiples,Plein jour,Normale,Route Départementale,,2,Plat,Partie rectiligne,,,normale,,Sur chaussée,Conducteur,1,M,65-66,Promenade - loisirs,Casque,Oui,1,1,04 - avril,1 - mardi,Ouches