test,identifiantAccident,date,departement,heure,commune,lat,lon,typeIntersection,typeCollision,luminosite,conditionsAtmosperiques,typeRoute,circulation,nbVoies,profilLongRoute,tracePlanRoute,largeurTPC,largeurRoute,etatSurface,amenagement,situation,categorieUsager,graviteAccident,sexe,age,motifDeplacement,existenceSecurite,usageSecurite,nombreAutresVehicules,enAgglomeration,mois,jour,NCCENR
,201800023724,2018-04-24,42,13,42162,46.014,3.98618,Hors intersection,Trois véhicules et plus - collisions multiples,Plein jour,Normale,Route Départementale,,2,Plat,Partie rectiligne,,,normale,,Sur chaussée,Conducteur,1,M,70-71,Promenade - loisirs,Casque,Oui,1,1,04 - avril,1 - mardi,Ouches
,201800023724,2018-04-24,42,13,42162,46.014,3.98618,Hors intersection,Trois véhicules et plus - collisions multiples,Plein jour,Normale,Route Départementale,,2,Plat,Partie rectiligne,,,normale,,Sur chaussée,Conducteur,2,M,70-71,Promenade - loisirs,Casque,Oui,1,1,04 - avril,1 - mardi,Ouches
,201800033069,2018-04-24,12,20,12263,44.34468,1.95287,Intersection en X,Deux véhicules - par le coté,Plein jour,Normale,Route Départementale,,2,Sommet de côte,Partie rectiligne,,,normale,,Sur chaussée,Conducteur,3,M,11-12,Promenade - loisirs,Casque,,1,,04 - avril,1 - mardi,Savignac
,201800039363,2018-04-24,93,21,93005,0,0,Hors intersection,Autre,Nuit avec éclairage public allumé,Normale,Voie Communale,,,Plat,Partie rectiligne,,,normale,,Sur chaussée,Conducteur,1,F,17-18,,Casque,Non,1,1,04 - avril,1 - mardi,Aulnay-sous-Bois
,201800041023,2018-04-24,93,8,93070,48.903,2.334,Intersection en T,Deux véhicules - frontale,Plein jour,Normale,Voie Communale,,1,Plat,Partie rectiligne,,,normale,,Sur chaussée,Conducteur,2,M,29-30,Domicile - travail,Autre,Oui,1,1,04 - avril,1 - mardi,Saint-Ouen
,201800041979,2018-04-24,94,21,94028,48.78366,2.44236,Intersection en T,Deux véhicules - frontale,Nuit avec éclairage public allumé,Normale,Voie Communale,,2,Plat,Partie rectiligne,,70,normale,,Sur chaussée,Conducteur,1,M,45-46,,Casque,Oui,1,1,04 - avril,1 - mardi,Créteil
,201800050868,2018-04-24,75,9,75107,48.854,2.30953,Intersection en X,Deux véhicules - par le coté,Plein jour,Temps éblouissant,Voie Communale,,2,Plat,Partie rectiligne,,76,normale,,Sur chaussée,Conducteur,1,M,29-30,Domicile - travail,Casque,Oui,1,1,04 - avril,1 - mardi,Paris 7e  Arrondissement
,201800051710,2018-04-24,75,20,75111,48.8662,2.3797,Hors intersection,Aucune,Plein jour,Normale,Voie Communale,,1,Plat,,,,normale,,Sur chaussée,Conducteur,1,M,24-25,Promenade - loisirs,Casque,Non déterminable,,1,04 - avril,1 - mardi,Paris 11e  Arrondissement
,201800054705,2018-04-24,75,17,75120,48.8647,2.39862,Place,Deux véhicules - par le coté,Plein jour,Normale,Voie Communale,,4,Plat,,30,80,normale,Carrefour aménagé,Sur chaussée,Conducteur,1,F,37-38,Domicile - travail,Casque,Non déterminable,1,1,04 - avril,1 - mardi,Paris 20e  Arrondissement
,201800001553,2018-04-23,9,12,9052,43.03512,1.86024,Hors intersection,Aucune,Plein jour,Normale,Route Départementale,,2,Bas de côte,Partie rectiligne,,,inondée,Pont - autopont,Sur chaussée,Conducteur,2,M,66-67,Promenade - loisirs,Casque,Oui,,,04 - avril,0 - lundi,Besset
,201800014750,2018-04-23,84,17,84072,44.05662,5.15424,Hors intersection,Deux véhicules - frontale,Plein jour,Normale,Voie Communale,,2,Pente,Partie rectiligne,,,normale,,Sur chaussée,Conducteur,3,M,7-8,Promenade - loisirs,Equipement réfléchissant,Non,1,,04 - avril,0 - lundi,Mazan
,201800039006,2018-04-23,92,8,92072,48.8248,2.21378,Hors intersection,Autre,Plein jour,Normale,Route Départementale,,4,Plat,Partie rectiligne,30,130,normale,,Sur chaussée,Conducteur,0,M,42-43,Domicile - travail,Casque,Non déterminable,,1,04 - avril,0 - lundi,Sèvres
,201800042267,2018-04-23,94,20,94073,48.7522,2.3991,Intersection en T,Deux véhicules - par le coté,Plein jour,Normale,Voie Communale,,2,Plat,Partie rectiligne,,,normale,,Sur chaussée,Conducteur,1,M,59-60,Promenade - loisirs,Casque,Oui,1,1,04 - avril,0 - lundi,Thiais
,201800052401,2018-04-23,75,17,75113,48.8336,2.34471,Hors intersection,Deux véhicules - par le coté,Plein jour,Normale,Voie Communale,,2,Plat,Partie rectiligne,,,normale,,Sur chaussée,Conducteur,1,F,22-23,Domicile - école,Casque,Non,1,1,04 - avril,0 - lundi,Paris 13e  Arrondissement
,201800013669,2018-04-22,6,9,6090,43.58753,6.93485,Giratoire,Deux véhicules - par le coté,Plein jour,Normale,Route Départementale,,2,Plat,En courbe à gauche,,,normale,Carrefour aménagé,Sur chaussée,Conducteur,1,F,19-20,Promenade - loisirs,Casque,Non,1,,04 - avril,6 - dimanche,Pégomas
,201800014562,2018-04-22,15,10,15070,45.10891,2.51785,Hors intersection,Aucune,Plein jour,Normale,Route Départementale,,2,Pente,En courbe à gauche,,,normale,,Sur chaussée,Conducteur,2,M,43-44,Promenade - loisirs,Casque,Oui,,,04 - avril,6 - dimanche,Fontanges
,201800015587,2018-04-22,35,14,35299,48.63276,-1.91041,Hors intersection,Trois véhicules et plus - collisions multiples,Plein jour,Normale,Route Départementale,,2,Plat,Partie rectiligne,,,normale,,Sur chaussée,Conducteur,2,M,22-23,Promenade - loisirs,Casque,Oui,1,,04 - avril,6 - dimanche,Saint-Méloir-des-Ondes
,201800015587,2018-04-22,35,14,35299,48.63276,-1.91041,Hors intersection,Trois véhicules et plus - collisions multiples,Plein jour,Normale,Route Départementale,,2,Plat,Partie rectiligne,,,normale,,Sur chaussée,Conducteur,1,M,19-20,Promenade - loisirs,Casque,Oui,1,,04 - avril,6 - dimanche,Saint-Méloir-des-Ondes
,201800016052,2018-04-22,22,8,22015,48.41126,-2.58851,Hors intersection,Aucune,Plein jour,Normale,Route Départementale,,2,Pente,En courbe à droite,,,normale,,Sur accotement,Conducteur,3,M,68-69,Promenade - loisirs,Casque,Oui,,,04 - avril,6 - dimanche,Bréhand
,201800019346,2018-04-22,57,11,57556,49.06386,6.91872,Hors intersection,Deux véhicules - par l’arrière,Plein jour,Normale,Route Départementale,,2,Pente,En courbe à droite,,,normale,,Sur chaussée,Conducteur,2,M,29-30,Promenade - loisirs,Casque,Oui,1,,04 - avril,6 - dimanche,Puttelange-aux-Lacs
,201800020100,2018-04-22,83,14,83054,43.1598,6.05494,Hors intersection,Deux véhicules - par le coté,Plein jour,Normale,Route Départementale,,2,Plat,Partie rectiligne,,,normale,,Sur chaussée,Conducteur,2,M,63-64,Promenade - loisirs,Casque,Oui,1,,04 - avril,6 - dimanche,Farlède
,201800029406,2018-04-22,59,15,59271,51.01712,2.30257,Autre intersection,Deux véhicules - par le coté,Plein jour,Normale,Voie Communale,,2,Plat,Partie rectiligne,,,normale,,Sur accotement,Conducteur,1,M,10-11,,Dispositif enfants,,1,1,04 - avril,6 - dimanche,Grande-Synthe
,201800037792,2018-04-22,92,19,92025,48.9244,2.22,Hors intersection,Deux véhicules - frontale,Plein jour,Normale,Route Départementale,,,Plat,Partie rectiligne,,,normale,,Sur chaussée,Conducteur,1,M,26-27,,Casque,Oui,1,1,04 - avril,6 - dimanche,Colombes
,201800043208,2018-04-22,94,20,94081,48.80616,2.40482,Hors intersection,Deux véhicules - par le coté,Plein jour,Normale,Route Départementale,,2,Plat,Partie rectiligne,,60,normale,,Sur trottoir,Conducteur,1,F,31-32,Autre,Autre,Non déterminable,1,1,04 - avril,6 - dimanche,Vitry-sur-Seine
,201800051707,2018-04-22,75,20,75111,48.8507,2.39447,Intersection en X,Deux véhicules - par le coté,Crépuscule ou aube,Normale,Voie Communale,,1,Pente,Partie rectiligne,,50,normale,,Sur piste cyclable,Conducteur,1,M,28-29,Promenade - loisirs,Casque,Non déterminable,1,1,04 - avril,6 - dimanche,Paris 11e  Arrondissement
,201800053768,2018-04-22,75,4,75117,48.8785,2.29471,Hors intersection,Deux véhicules - par l’arrière,Nuit avec éclairage public allumé,Normale,Voie Communale,,2,Pente,Partie rectiligne,,,normale,,Sur chaussée,Conducteur,1,M,26-27,,Casque,Non déterminable,1,1,04 - avril,6 - dimanche,Paris 17e  Arrondissement
,201800054987,2018-04-22,75,20,75116,48.8585,2.24489,Intersection en X,Deux véhicules - par le coté,Crépuscule ou aube,Normale,Voie Communale,,2,Plat,Partie rectiligne,,130,normale,,Sur chaussée,Conducteur,2,M,25-26,Promenade - loisirs,Casque,Non déterminable,1,1,04 - avril,6 - dimanche,Paris 16e  Arrondissement
,201800015902,2018-04-21,25,9,25110,46.91198,6.27904,Hors intersection,Deux véhicules - par le coté,Plein jour,Normale,Route Départementale,,2,Plat,Partie rectiligne,,,normale,,Sur chaussée,Conducteur,2,F,61-62,Promenade - loisirs,Casque,Non,1,,04 - avril,5 - samedi,Chaffois
,201800016026,2018-04-21,22,11,22232,48.63032,-2.8703,Intersection en T,Deux véhicules - par le coté,Plein jour,Normale,Route Départementale,,2,Plat,Partie rectiligne,,,normale,,Sur chaussée,Conducteur,2,M,56-57,Promenade - loisirs,Casque,Oui,1,1,04 - avril,5 - samedi,Plourhan
,201800016641,2018-04-21,42,16,42107,45.5368,3.98936,Hors intersection,Deux véhicules - par le coté,Plein jour,Normale,Route Départementale,,2,Pente,Partie rectiligne,,,normale,,Sur chaussée,Conducteur,1,M,52-53,Promenade - loisirs,Casque,Oui,1,,04 - avril,5 - samedi,Gumières
,201800016723,2018-04-21,12,16,12215,44.46204,2.39579,Hors intersection,Trois véhicules et plus - en chaîne,Plein jour,Normale,Route Départementale,,2,Plat,Partie rectiligne,,,normale,,Sur chaussée,Conducteur,2,M,18-19,Promenade - loisirs,Casque,Oui,2,,04 - avril,5 - samedi,Saint-Christophe-Vallon
,201800016913,2018-04-21,49,9,49043,47.57458,-0.73238,Intersection en X,Deux véhicules - par le coté,Plein jour,Temps éblouissant,Route Départementale,,2,Plat,Partie rectiligne,,,normale,,Sur chaussée,Conducteur,3,M,46-47,Promenade - loisirs,Casque,Oui,1,1,04 - avril,5 - samedi,Brain-sur-Longuenée
,201800041745,2018-04-21,94,9,94055,48.78988,2.53169,Intersection en Y,Deux véhicules - par le coté,Plein jour,Normale,Voie Communale,,1,Plat,Partie rectiligne,,30,normale,,Sur chaussée,Conducteur,1,M,85-86,Promenade - loisirs,Casque,Oui,1,1,04 - avril,5 - samedi,Ormesson-sur-Marne
,201800054077,2018-04-21,75,18,75109,48.8827,2.34394,Intersection en X,Autre,Plein jour,Normale,Voie Communale,,,Plat,Partie rectiligne,,,normale,Zone piétonne,Sur piste cyclable,Conducteur,0,M,29-30,,Casque,Non déterminable,,1,04 - avril,5 - samedi,Paris 9e  Arrondissement
,201800054983,2018-04-21,75,17,75119,48.8797,2.40157,Hors intersection,Deux véhicules - par le coté,Plein jour,Normale,Voie Communale,,4,Pente,En courbe à gauche,11,247,normale,,Sur chaussée,Conducteur,1,M,28-29,Utilisation professionnelle,Casque,Oui,1,1,04 - avril,5 - samedi,Paris 19e  Arrondissement
,201800010722,2018-04-20,8,17,8025,49.47967,4.57882,Hors intersection,Deux véhicules - par le coté,Plein jour,Normale,Route Départementale,,2,Plat,Partie rectiligne,,,normale,Pont - autopont,Sur chaussée,Conducteur,2,F,57-58,Promenade - loisirs,Casque,Oui,1,1,04 - avril,4 - vendredi,Attigny
,201800016239,2018-04-20,68,2,68082,47.84907,7.34654,Hors intersection,Deux véhicules - par l’arrière,Nuit sans éclairage public,Normale,Route Départementale,,2,Plat,Partie rectiligne,,65,normale,,Sur chaussée,Conducteur,1,M,18-19,Domicile - travail,Equipement réfléchissant,Oui,1,,04 - avril,4 - vendredi,Ensisheim
,201800016893,2018-04-20,49,7,49331,47.69147,-0.86243,Intersection en X,Deux véhicules - par le coté,Plein jour,Normale,Route Départementale,,1,Pente,En courbe à droite,,,normale,Carrefour aménagé,Sur chaussée,Conducteur,2,F,57-58,Domicile - travail,Casque,,1,1,04 - avril,4 - vendredi,Segré
,201800023771,2018-04-20,41,17,41276,47.62309,1.32679,Hors intersection,Deux véhicules - par le coté,Plein jour,Normale,Voie Communale,,2,Plat,Partie rectiligne,,,normale,,Sur chaussée,Conducteur,2,M,7-8,Promenade - loisirs,Casque,Non déterminable,1,1,04 - avril,4 - vendredi,Villebarou
,201800043207,2018-04-20,94,12,94081,48.79862,2.40036,Hors intersection,Deux véhicules - par le coté,Plein jour,Normale,Route Départementale,,2,Plat,Partie rectiligne,,80,normale,,Sur chaussée,Conducteur,1,F,59-60,Autre,Autre,Non déterminable,1,1,04 - avril,4 - vendredi,Vitry-sur-Seine
,201800054698,2018-04-20,75,8,75120,48.8649,2.3981,Place,Deux véhicules - par l’arrière,Plein jour,Normale,Voie Communale,,4,Plat,En courbe à gauche,,150,normale,,Sur chaussée,Conducteur,1,F,34-35,Domicile - travail,Casque,Oui,1,1,04 - avril,4 - vendredi,Paris 20e  Arrondissement
,201800054982,2018-04-20,75,9,75107,48.8627,2.31902,Intersection à plus de 4 branches,Deux véhicules - par le coté,Plein jour,Normale,Voie Communale,,3,Plat,Partie rectiligne,,194,normale,Pont - autopont,,Conducteur,3,F,29-30,Domicile - travail,Casque,Non,1,1,04 - avril,4 - vendredi,Paris 7e  Arrondissement
,201800001634,2018-04-19,81,15,81099,43.90071,1.891,Intersection en T,Deux véhicules - par le coté,Plein jour,Normale,Voie Communale,,2,Pente,Partie rectiligne,,,normale,,Sur chaussée,Conducteur,0,M,19-20,,Casque,,1,1,04 - avril,3 - jeudi,Gaillac
,201800001634,2018-04-19,81,15,81099,43.90071,1.891,Intersection en T,Deux véhicules - par le coté,Plein jour,Normale,Voie Communale,,2,Pente,Partie rectiligne,,,normale,,Sur chaussée,Passager,2,M,17-18,,Casque,,1,1,04 - avril,3 - jeudi,Gaillac
,201800012560,2018-04-19,10,9,10323,48.50955,3.72435,Intersection en X,Deux véhicules - par le coté,Plein jour,Temps éblouissant,Voie Communale,,2,Plat,Partie rectiligne,,,normale,,Sur chaussée,Conducteur,2,M,69-70,Promenade - loisirs,Casque,Oui,1,1,04 - avril,3 - jeudi,Romilly-sur-Seine
,201800015095,2018-04-19,38,9,38015,45.53558,5.16387,Hors intersection,Aucune,Plein jour,Normale,Route Départementale,,2,Plat,Partie rectiligne,,,normale,,Sur chaussée,Conducteur,1,M,63-64,Promenade - loisirs,Casque,Oui,1,1,04 - avril,3 - jeudi,Artas
,201800023737,2018-04-19,84,18,84069,44.18671,5.11165,Intersection en Y,Autre,Plein jour,Normale,Route Départementale,,2,,,,,,,,Conducteur,1,M,64-65,Promenade - loisirs,Casque,Oui,1,1,04 - avril,3 - jeudi,Malaucène
,201800032061,2018-04-19,26,17,26139,45.0854,5.0862,Hors intersection,Trois véhicules et plus - collisions multiples,Plein jour,Normale,Route Départementale,,2,Pente,En courbe à droite,,,normale,,Sur chaussée,Conducteur,3,M,47-48,Promenade - loisirs,Casque,Oui,2,,04 - avril,3 - jeudi,Génissieux
,201800034516,2018-04-19,77,18,77118,48.94732,2.69071,Hors intersection,Deux véhicules - par le coté,Plein jour,Normale,Route Départementale,,2,Pente,Partie rectiligne,,,normale,,Sur accotement,Conducteur,1,M,24-25,,Casque,Oui,1,1,04 - avril,3 - jeudi,Claye-Souilly
,201800039244,2018-04-19,93,17,93001,0,0,Intersection en X,Autre,Plein jour,Normale,Voie Communale,,2,Plat,Partie rectiligne,,120,normale,,Sur chaussée,Conducteur,1,M,27-28,Domicile - travail,Casque,Non,1,1,04 - avril,3 - jeudi,Aubervilliers
,201800050776,2018-04-19,75,9,75106,48.8438,2.33751,Hors intersection,Deux véhicules - par le coté,Plein jour,Normale,Voie Communale,,1,Plat,Partie rectiligne,,100,normale,,Sur chaussée,Conducteur,1,F,68-69,Autre,Casque,Oui,1,1,04 - avril,3 - jeudi,Paris 6e  Arrondissement
,201800052000,2018-04-19,75,23,75112,48.8526,2.36962,Place,Deux véhicules - par le coté,Nuit avec éclairage public allumé,Normale,Voie Communale,,1,Plat,En courbe à gauche,,150,normale,,Sur chaussée,Conducteur,1,F,36-37,,Casque,Non déterminable,1,1,04 - avril,3 - jeudi,Paris 12e  Arrondissement
,201800052709,2018-04-19,75,17,75114,48.8308,2.31206,Hors intersection,Autre,Plein jour,Normale,Voie Communale,,2,Plat,Partie rectiligne,20,40,normale,,Sur chaussée,Conducteur,1,M,30-31,Promenade - loisirs,Casque,Non déterminable,1,1,04 - avril,3 - jeudi,Paris 14e  Arrondissement
,201800052709,2018-04-19,75,17,75114,48.8308,2.31206,Hors intersection,Autre,Plein jour,Normale,Voie Communale,,2,Plat,Partie rectiligne,20,40,normale,,Sur chaussée,Passager,1,F,3-4,Promenade - loisirs,Dispositif enfants,Non déterminable,1,1,04 - avril,3 - jeudi,Paris 14e  Arrondissement
,201800053763,2018-04-19,75,19,75117,48.8782,2.28123,Place,Autre,Plein jour,Normale,Voie Communale,,2,Plat,En courbe à gauche,,,normale,,Sur chaussée,Conducteur,1,M,42-43,Domicile - travail,Casque,Non déterminable,1,1,04 - avril,3 - jeudi,Paris 17e  Arrondissement
,201800054076,2018-04-19,75,17,75118,48.8979,2.33992,Hors intersection,Deux véhicules - par le coté,Plein jour,Normale,Voie Communale,,2,Plat,Partie rectiligne,35,35,normale,,Sur chaussée,Conducteur,1,M,66-67,Domicile - travail,Casque,Non déterminable,1,1,04 - avril,3 - jeudi,Paris 18e  Arrondissement
,201800054981,2018-04-19,75,17,75119,48.8772,2.40668,Intersection à plus de 4 branches,Deux véhicules - frontale,Plein jour,Normale,Voie Communale,,4,Plat,Partie rectiligne,,158,normale,,Sur chaussée,Conducteur,1,M,27-28,Utilisation professionnelle,Casque,Oui,1,1,04 - avril,3 - jeudi,Paris 19e  Arrondissement
,201800056372,2018-04-19,974,17,97414,-21.26578,55.43744,Hors intersection,Deux véhicules - par le coté,Plein jour,Normale,Voie Communale,,2,Pente,Partie rectiligne,,,normale,,Sur chaussée,Conducteur,0,M,15-16,Promenade - loisirs,Casque,Non,1,1,04 - avril,3 - jeudi,Saint-Louis
,201800056372,2018-04-19,974,17,97414,-21.26578,55.43744,Hors intersection,Deux véhicules - par le coté,Plein jour,Normale,Voie Communale,,2,Pente,Partie rectiligne,,,normale,,Sur chaussée,Passager,1,M,15-16,Promenade - loisirs,Casque,Non,1,1,04 - avril,3 - jeudi,Saint-Louis
,201800000715,2018-04-18,14,8,14228,49.29959,-0.38097,Giratoire,Deux véhicules - par le coté,Plein jour,Normale,Route Départementale,,2,Plat,En courbe à droite,,,normale,,Sur chaussée,Conducteur,1,M,68-69,Courses - achats,Casque,,1,1,04 - avril,2 - mercredi,Douvres-la-Délivrande
,201800002837,2018-04-18,55,13,55366,48.79054,5.06464,Hors intersection,Deux véhicules - par l’arrière,Plein jour,Temps éblouissant,Route Départementale,,2,Plat,Partie rectiligne,,,normale,,Sur chaussée,Conducteur,3,F,65-66,Promenade - loisirs,Casque,,1,,04 - avril,2 - mercredi,'Val-d''Ornain'
,201800013704,2018-04-18,6,12,6089,43.66528,6.99278,Intersection en X,Deux véhicules - par le coté,Plein jour,Normale,Voie Communale,,2,Sommet de côte,Partie rectiligne,,,normale,,Sur chaussée,Conducteur,2,M,57-58,Courses - achats,Casque,Oui,1,1,04 - avril,2 - mercredi,Opio
,201800014408,2018-04-18,1,18,1229,46.33163,5.14656,Hors intersection,Autre,Plein jour,Normale,Voie Communale,,2,Plat,Partie rectiligne,,,normale,,Sur chaussée,Conducteur,1,M,42-43,Promenade - loisirs,Casque,Oui,,,04 - avril,2 - mercredi,Malafretaz
,201800014408,2018-04-18,1,18,1229,46.33163,5.14656,Hors intersection,Autre,Plein jour,Normale,Voie Communale,,2,Plat,Partie rectiligne,,,normale,,Sur chaussée,Piéton,0,M,44-45,Domicile - travail,Casque,,,,04 - avril,2 - mercredi,Malafretaz
,201800021791,2018-04-18,1,15,1354,46.24547,6.02344,Giratoire,Deux véhicules - par le coté,Plein jour,Normale,Voie Communale,,1,Plat,En courbe à gauche,,,normale,,Sur chaussée,Conducteur,2,F,47-48,Domicile - travail,Casque,Oui,1,1,04 - avril,2 - mercredi,Saint-Genis-Pouilly
,201800021832,2018-04-18,67,14,67532,48.67372,7.51565,Hors intersection,Aucune,Plein jour,Normale,Route Départementale,,2,Pente,Partie rectiligne,,,normale,,Sur chaussée,Conducteur,2,M,61-62,Promenade - loisirs,Casque,,,1,04 - avril,2 - mercredi,Willgottheim
,201800030554,2018-04-18,64,16,64024,43.5003,-1.53903,Hors intersection,Aucune,Plein jour,Normale,Voie Communale,,2,Pente,Partie rectiligne,,,normale,,Sur accotement,Conducteur,2,M,32-33,Promenade - loisirs,Casque,Oui,,1,04 - avril,2 - mercredi,Anglet
,201800042264,2018-04-18,94,15,94034,48.75598,2.32803,Intersection en X,Deux véhicules - par le coté,Plein jour,Normale,Route Départementale,,4,Plat,Partie rectiligne,,,normale,,Sur chaussée,Conducteur,1,M,57-58,,Casque,Oui,1,1,04 - avril,2 - mercredi,Fresnes
,201800047456,2018-04-18,69,12,69381,45.76867,4.83778,Autre intersection,Deux véhicules - frontale,Plein jour,Normale,Voie Communale,,4,Plat,Partie rectiligne,,,normale,,Sur accotement,Conducteur,1,M,33-34,Autre,Autre,Non déterminable,1,1,04 - avril,2 - mercredi,Lyon 1er Arrondissement
,201800054382,2018-04-18,75,8,75119,48.8998,2.38781,Intersection en X,Deux véhicules - par le coté,Plein jour,Normale,Voie Communale,,6,Plat,Partie rectiligne,,240,normale,,Sur chaussée,Conducteur,1,M,22-23,Promenade - loisirs,Casque,Non,1,1,04 - avril,2 - mercredi,Paris 19e  Arrondissement
,201800013500,2018-04-17,14,19,14034,49.10025,-0.45897,Intersection en X,Deux véhicules - par le coté,Plein jour,Normale,Route Départementale,,2,Pente,Partie rectiligne,,,normale,,Sur chaussée,Conducteur,2,M,15-16,Promenade - loisirs,Casque,,1,1,04 - avril,1 - mardi,Avenay
,201800014823,2018-04-17,2,16,2397,49.71189,3.22432,Hors intersection,Autre,Plein jour,Normale,Route Départementale,,2,Plat,Partie rectiligne,,,normale,,Sur chaussée,Conducteur,2,M,71-72,Promenade - loisirs,Casque,,3,,04 - avril,1 - mardi,Jussy
,201800014823,2018-04-17,2,16,2397,49.71189,3.22432,Hors intersection,Autre,Plein jour,Normale,Route Départementale,,2,Plat,Partie rectiligne,,,normale,,Sur chaussée,Conducteur,1,M,70-71,Promenade - loisirs,Casque,Oui,3,,04 - avril,1 - mardi,Jussy
,201800014823,2018-04-17,2,16,2397,49.71189,3.22432,Hors intersection,Autre,Plein jour,Normale,Route Départementale,,2,Plat,Partie rectiligne,,,normale,,Sur chaussée,Conducteur,2,M,69-70,Promenade - loisirs,Casque,Oui,3,,04 - avril,1 - mardi,Jussy
,201800014823,2018-04-17,2,16,2397,49.71189,3.22432,Hors intersection,Autre,Plein jour,Normale,Route Départementale,,2,Plat,Partie rectiligne,,,normale,,Sur chaussée,Conducteur,1,M,67-68,Promenade - loisirs,Casque,Oui,3,,04 - avril,1 - mardi,Jussy
,201800015979,2018-04-17,39,18,39448,46.98253,5.46687,Hors intersection,Autre,Plein jour,Normale,Voie Communale,,2,Plat,Partie rectiligne,,,normale,,Sur chaussée,Conducteur,2,M,53-54,Promenade - loisirs,Casque,Oui,1,1,04 - avril,1 - mardi,Rahon
,201800019223,2018-04-17,91,12,91635,48.73498,2.20987,Hors intersection,Deux véhicules - frontale,Plein jour,Normale,Route Départementale,,2,Pente,En courbe à gauche,,,normale,,Sur chaussée,Conducteur,2,M,67-68,Promenade - loisirs,Casque,Oui,1,1,04 - avril,1 - mardi,Vauhallan
,201800041659,2018-04-17,94,22,94018,48.81908,2.40576,Hors intersection,Aucune,Nuit avec éclairage public allumé,Normale,Voie Communale,,2,Plat,Partie rectiligne,2,37,normale,,Sur chaussée,Conducteur,2,M,29-30,Promenade - loisirs,Autre,Non,,1,04 - avril,1 - mardi,Charenton-le-Pont
,201800053337,2018-04-17,75,18,75116,48.8605,2.27345,Hors intersection,Autre,Plein jour,Normale,Voie Communale,,1,Plat,Partie rectiligne,,,normale,,Sur chaussée,Conducteur,0,M,53-54,Domicile - travail,Casque,Non,,1,04 - avril,1 - mardi,Paris 16e  Arrondissement
,201800003998,2018-04-16,84,16,84004,44.10031,5.02534,Hors intersection,Deux véhicules - par l’arrière,Plein jour,Normale,Route Départementale,,2,Plat,Partie rectiligne,,,normale,,Sur piste cyclable,Conducteur,1,F,49-50,Promenade - loisirs,Casque,Oui,1,1,04 - avril,0 - lundi,Aubignan
,201800011163,2018-04-16,37,7,37250,47.25555,0.67907,Giratoire,Deux véhicules - par le coté,Plein jour,Normale,Route Départementale,,2,Plat,Partie rectiligne,,,normale,,Sur chaussée,Conducteur,1,M,32-33,Domicile - travail,Casque,Oui,1,,04 - avril,0 - lundi,Sorigny
,201800011164,2018-04-16,37,16,37154,47.28584,0.70687,Hors intersection,Aucune,Plein jour,Normale,Autre,,1,Pente,En courbe à gauche,,,normale,,Sur chaussée,Conducteur,2,M,12-13,Domicile - école,Casque,Oui,,1,04 - avril,0 - lundi,Montbazon
,201800013257,2018-04-16,50,14,50468,49.2197,-1.12348,Giratoire,Deux véhicules - par le coté,Plein jour,Normale,Route Départementale,,1,Plat,En courbe à gauche,,,normale,,Sur chaussée,Conducteur,2,F,82-83,Promenade - loisirs,Equipement réfléchissant,Oui,1,,04 - avril,0 - lundi,Saint-Fromond
,201800013703,2018-04-16,6,13,6112,43.67482,7.01032,Intersection en X,Deux véhicules - par le coté,Plein jour,Normale,Route Départementale,,2,Pente,Partie rectiligne,,,normale,Carrefour aménagé,Sur chaussée,Conducteur,2,M,69-70,Promenade - loisirs,Casque,Oui,1,1,04 - avril,0 - lundi,Rouret
,201800017021,2018-04-16,61,18,61145,48.59261,-0.65223,Hors intersection,Aucune,Plein jour,Normale,Voie Communale,,2,Pente,Partie rectiligne,,,normale,,Sur chaussée,Conducteur,2,M,14-15,Domicile - école,Casque,Non,,1,04 - avril,0 - lundi,Domfront en Poiraie
,201800021156,2018-04-16,79,9,79083,46.11078,-0.10896,Hors intersection,Deux véhicules - par le coté,Plein jour,Normale,Route Départementale,,2,Plat,Partie rectiligne,,70,normale,,Sur chaussée,Conducteur,2,M,69-70,Promenade - loisirs,Autre,Non,1,,04 - avril,0 - lundi,Chef-Boutonne
,201800040590,2018-04-16,93,12,93055,48.89483,2.40963,Hors intersection,Aucune,Plein jour,Normale,Voie Communale,,4,Pente,Partie rectiligne,,40,normale,,Sur piste cyclable,Conducteur,2,M,34-35,Domicile - travail,Autre,Non,,1,04 - avril,0 - lundi,Pantin
,201800050442,2018-04-16,75,19,75103,48.8647,2.35967,Intersection en X,Aucune,Plein jour,Normale,Voie Communale,,3,Plat,Partie rectiligne,,134,normale,,Sur chaussée,Conducteur,1,M,24-25,,Casque,Oui,,1,04 - avril,0 - lundi,Paris 3e  Arrondissement
,201800051701,2018-04-16,75,19,75111,48.8657,2.37246,Intersection en Y,Deux véhicules - par le coté,Crépuscule ou aube,Normale,Voie Communale,,1,Pente,Partie rectiligne,,,normale,,Sur chaussée,Conducteur,2,M,69-70,,Casque,Oui,1,1,04 - avril,0 - lundi,Paris 11e  Arrondissement
,201800004588,2018-04-15,78,14,78289,48.76863,1.76324,Hors intersection,Autre,Plein jour,Normale,Route Départementale,,2,Pente,En courbe à gauche,,,normale,,Sur chaussée,Conducteur,2,F,69-70,Promenade - loisirs,Casque,Oui,1,,04 - avril,6 - dimanche,Grosrouvre
,201800004588,2018-04-15,78,14,78289,48.76863,1.76324,Hors intersection,Autre,Plein jour,Normale,Route Départementale,,2,Pente,En courbe à gauche,,,normale,,Sur chaussée,Conducteur,2,M,52-53,Promenade - loisirs,Casque,Oui,1,,04 - avril,6 - dimanche,Grosrouvre