test,identifiantAccident,date,departement,heure,commune,lat,lon,typeIntersection,typeCollision,luminosite,conditionsAtmosperiques,typeRoute,circulation,nbVoies,profilLongRoute,tracePlanRoute,largeurTPC,largeurRoute,etatSurface,amenagement,situation,categorieUsager,graviteAccident,sexe,age,motifDeplacement,existenceSecurite,usageSecurite,nombreAutresVehicules,enAgglomeration,mois,jour,NCCENR
,201800011051,2018-04-15,37,9,37139,47.40213,0.55733,Intersection en T,Deux véhicules - frontale,Plein jour,Normale,Voie Communale,,2,,,,,,,Sur chaussée,Conducteur,2,M,44-45,Promenade - loisirs,Casque,Oui,1,1,04 - avril,6 - dimanche,Luynes
,201800012704,2018-04-15,18,12,18197,46.72714,2.50028,Giratoire,Trois véhicules et plus - en chaîne,Plein jour,Temps éblouissant,Route Départementale,,1,Plat,En courbe à gauche,,,normale,Carrefour aménagé,Sur chaussée,Conducteur,2,M,50-51,Promenade - loisirs,Casque,,1,1,04 - avril,6 - dimanche,Saint-Amand-Montrond
,201800012704,2018-04-15,18,12,18197,46.72714,2.50028,Giratoire,Trois véhicules et plus - en chaîne,Plein jour,Temps éblouissant,Route Départementale,,1,Plat,En courbe à gauche,,,normale,Carrefour aménagé,Sur chaussée,Conducteur,0,F,44-45,Promenade - loisirs,Casque,,1,1,04 - avril,6 - dimanche,Saint-Amand-Montrond
,201800018098,2018-04-15,80,11,80253,50.15997,2.34795,Hors intersection,Deux véhicules - par le coté,Plein jour,Normale,Route Départementale,,2,Plat,Partie rectiligne,,,normale,,Sur chaussée,Conducteur,2,M,30-31,Promenade - loisirs,Casque,Oui,1,1,04 - avril,6 - dimanche,Doullens
,201800021319,2018-04-15,6,13,6033,43.78531,7.19627,Hors intersection,Deux véhicules - par le coté,Plein jour,Temps couvert,,,2,Pente,Partie rectiligne,,,normale,,Sur chaussée,Conducteur,2,M,25-26,Promenade - loisirs,Casque,Oui,1,,04 - avril,6 - dimanche,Carros
,201800030553,2018-04-15,64,14,64024,43.5002,-1.53527,Intersection en T,Deux véhicules - par le coté,Plein jour,Temps couvert,Voie Communale,,,Pente,En courbe à droite,,,normale,,Sur accotement,Conducteur,1,M,18-19,Promenade - loisirs,Casque,Oui,1,1,04 - avril,6 - dimanche,Anglet
,201800043205,2018-04-15,94,13,94081,48.79278,2.39128,Intersection en X,Deux véhicules - par le coté,Plein jour,Normale,Route Départementale,,5,Pente,Partie rectiligne,,60,normale,,Sur chaussée,Conducteur,1,F,56-57,,Casque,Oui,1,1,04 - avril,6 - dimanche,Vitry-sur-Seine
,201800053334,2018-04-15,75,10,75116,48.8561,2.23747,Hors intersection,Deux véhicules - par l’arrière,Plein jour,Normale,Voie Communale,,2,Plat,Partie rectiligne,,,normale,,Sur piste cyclable,Conducteur,1,F,25-26,Promenade - loisirs,Casque,Oui,1,1,04 - avril,6 - dimanche,Paris 16e  Arrondissement
,201800053334,2018-04-15,75,10,75116,48.8561,2.23747,Hors intersection,Deux véhicules - par l’arrière,Plein jour,Normale,Voie Communale,,2,Plat,Partie rectiligne,,,normale,,Sur piste cyclable,Conducteur,1,M,76-77,Promenade - loisirs,Casque,Oui,1,1,04 - avril,6 - dimanche,Paris 16e  Arrondissement
,201800053758,2018-04-15,75,,75117,48.8848,2.29793,Place,Deux véhicules - par le coté,Nuit avec éclairage public allumé,Normale,Voie Communale,,3,Plat,En courbe à gauche,,,normale,,Sur chaussée,Conducteur,1,M,38-39,,Casque,Non déterminable,1,1,04 - avril,6 - dimanche,Paris 17e  Arrondissement
,201800054693,2018-04-15,75,1,75111,48.8658,2.37168,Hors intersection,Autre,Nuit avec éclairage public allumé,Normale,Voie Communale,,4,Pente,Partie rectiligne,,80,normale,,Sur chaussée,Conducteur,0,M,21-22,Promenade - loisirs,Casque,Non déterminable,,1,04 - avril,6 - dimanche,Paris 11e  Arrondissement
,201800001826,2018-04-14,69,16,69154,45.77259,4.65886,Hors intersection,Aucune,Plein jour,Normale,Route Départementale,,2,Pente,En courbe à droite,,,mouillée,,Sur chaussée,Conducteur,2,F,41-42,Promenade - loisirs,Casque,Oui,,,04 - avril,5 - samedi,Pollionnay
,201800003720,2018-04-14,6,17,6157,43.72452,7.10491,Hors intersection,Deux véhicules - par le coté,Plein jour,Normale,,,2,Plat,Partie rectiligne,,,normale,,Sur chaussée,Conducteur,1,M,48-49,Promenade - loisirs,Casque,Oui,1,1,04 - avril,5 - samedi,Vence
,201800003874,2018-04-14,83,9,83016,43.21824,5.81048,Hors intersection,Deux véhicules - par l’arrière,Plein jour,Normale,Route Départementale,,2,Plat,Partie rectiligne,,,normale,,Sur chaussée,Conducteur,1,M,67-68,Promenade - loisirs,Casque,Oui,1,,04 - avril,5 - samedi,Beausset
,201800004996,2018-04-14,41,16,41136,47.7064,1.51951,Giratoire,Deux véhicules - par l’arrière,Plein jour,Normale,Route Départementale,,2,Plat,En courbe à gauche,,,normale,,Sur chaussée,Conducteur,2,M,55-56,Promenade - loisirs,Casque,Oui,1,1,04 - avril,5 - samedi,Mer
,201800006233,2018-04-14,95,15,95604,49.1004,2.5321,Hors intersection,Deux véhicules - par le coté,Plein jour,Normale,Voie Communale,,2,Plat,Partie rectiligne,,,normale,,Sur chaussée,Conducteur,1,M,45-46,Promenade - loisirs,Casque,Oui,1,1,04 - avril,5 - samedi,Survilliers
,201800014312,2018-04-14,70,17,70188,47.68254,6.29383,Hors intersection,Trois véhicules et plus - collisions multiples,Plein jour,Normale,Route Départementale,,2,Bas de côte,Partie rectiligne,,,normale,,Sur chaussée,Conducteur,1,M,22-23,Autre,Casque,Oui,2,,04 - avril,5 - samedi,Creveney
,201800022439,2018-04-14,46,16,46023,44.26834,1.54341,Intersection en T,Deux véhicules - frontale,Plein jour,Normale,Route Départementale,,2,Plat,Partie rectiligne,,,normale,,Sur chaussée,Conducteur,1,M,33-34,Promenade - loisirs,Casque,Oui,1,1,04 - avril,5 - samedi,Belfort-du-Quercy
,201800029927,2018-04-14,41,10,41194,47.34939,1.75605,Hors intersection,Aucune,Plein jour,Temps couvert,Voie Communale,,2,Plat,Partie rectiligne,,,mouillée,,Sur chaussée,Conducteur,2,M,54-55,Courses - achats,Casque,,,1,04 - avril,5 - samedi,Romorantin-Lanthenay
,201800038272,2018-04-14,92,14,92044,48.89276,2.28547,Autre intersection,Deux véhicules - par le coté,Plein jour,Normale,Voie Communale,,2,Plat,Partie rectiligne,,,normale,,Sur chaussée,Conducteur,1,M,36-37,Promenade - loisirs,Autre,Oui,1,1,04 - avril,5 - samedi,Levallois-Perret
,201800050775,2018-04-14,75,17,75106,48.8507,2.33027,Hors intersection,Deux véhicules - par l’arrière,Plein jour,Normale,Voie Communale,,4,Plat,Partie rectiligne,,160,normale,,Sur chaussée,Conducteur,1,M,17-18,Promenade - loisirs,Casque,Non,1,1,04 - avril,5 - samedi,Paris 6e  Arrondissement
,201800051995,2018-04-14,75,14,75112,48.8342,2.40424,Hors intersection,Autre,Plein jour,Normale,Voie Communale,,4,Plat,Partie rectiligne,50,60,normale,,Sur piste cyclable,Conducteur,0,M,26-27,Promenade - loisirs,Casque,Non,,1,04 - avril,5 - samedi,Paris 12e  Arrondissement
,201800055809,2018-04-14,971,23,97111,16.27461,-61.80399,Hors intersection,Aucune,Nuit sans éclairage public,Normale,Route Nationale,,2,Bas de côte,En courbe à gauche,,,normale,,Sur accotement,Conducteur,2,M,23-24,Promenade - loisirs,Casque,,,,04 - avril,5 - samedi,Deshaies
,201800055809,2018-04-14,971,23,97111,16.27461,-61.80399,Hors intersection,Aucune,Nuit sans éclairage public,Normale,Route Nationale,,2,Bas de côte,En courbe à gauche,,,normale,,Sur accotement,Passager,1,F,26-27,Promenade - loisirs,Casque,,,,04 - avril,5 - samedi,Deshaies
,201800001029,2018-04-13,85,16,85097,46.93695,-1.07687,Giratoire,Deux véhicules - par le coté,Plein jour,Normale,Route Départementale,,2,Plat,Partie rectiligne,,,normale,Carrefour aménagé,Sur chaussée,Conducteur,2,M,65-66,Promenade - loisirs,Casque,Oui,1,,04 - avril,4 - vendredi,Gaubretière
,201800037427,2018-04-13,92,9,92012,48.83693,2.23655,Hors intersection,Deux véhicules - par l’arrière,Plein jour,Normale,Voie Communale,,1,Plat,Partie rectiligne,,,normale,,Sur chaussée,Conducteur,1,F,61-62,Autre,Autre,Non,1,1,04 - avril,4 - vendredi,Boulogne-Billancourt
,201800051699,2018-04-13,75,12,75111,48.8667,2.36518,Place,Autre,Plein jour,Normale,Voie Communale,,2,Plat,Partie rectiligne,,,normale,,Sur chaussée,Conducteur,0,M,24-25,Domicile - travail,Casque,Non déterminable,,1,04 - avril,4 - vendredi,Paris 11e  Arrondissement
,201800054691,2018-04-13,75,8,75120,48.8544,2.39613,Intersection en X,Deux véhicules - par le coté,Plein jour,Normale,Voie Communale,,1,Plat,Partie rectiligne,,,normale,,Sur chaussée,Conducteur,1,F,30-31,Domicile - travail,Casque,Non,1,1,04 - avril,4 - vendredi,Paris 20e  Arrondissement
,201800001520,2018-04-12,31,17,31165,43.42035,1.37489,Giratoire,Deux véhicules - par le coté,Crépuscule ou aube,Normale,Route Départementale,,2,Plat,En courbe à gauche,,,mouillée,,Sur chaussée,Conducteur,1,M,19-20,Promenade - loisirs,Casque,Oui,1,,04 - avril,3 - jeudi,Eaunes
,201800001825,2018-04-12,69,12,69028,45.71369,4.71362,Giratoire,Deux véhicules - par le coté,Plein jour,Normale,Route Départementale,,2,Plat,Partie rectiligne,,,normale,Carrefour aménagé,Sur chaussée,Conducteur,1,M,18-19,Promenade - loisirs,Casque,Oui,1,,04 - avril,3 - jeudi,Brindas
,201800010602,2018-04-12,88,14,88465,48.24597,6.42533,Giratoire,Deux véhicules - par le coté,Plein jour,Normale,Route Départementale,,2,Plat,En courbe à droite,,,normale,Carrefour aménagé,Sur chaussée,Conducteur,2,F,72-73,Promenade - loisirs,Casque,,1,1,04 - avril,3 - jeudi,Capavenir Vosges
,201800050241,2018-04-12,75,12,75101,48.8623,2.32551,Hors intersection,Autre,Plein jour,Normale,Voie Communale,,5,Plat,Partie rectiligne,10,180,normale,,Sur piste cyclable,Conducteur,1,M,38-39,Utilisation professionnelle,Casque,Oui,,1,04 - avril,3 - jeudi,Paris 1er Arrondissement
,201800050774,2018-04-12,75,9,75106,48.8452,2.32855,Intersection en X,Deux véhicules - par le coté,Plein jour,Normale,Voie Communale,,2,Pente,Partie rectiligne,80,140,normale,,Sur chaussée,Conducteur,1,M,37-38,Domicile - travail,Casque,Non déterminable,1,1,04 - avril,3 - jeudi,Paris 6e  Arrondissement
,201800051697,2018-04-12,75,9,75111,48.8617,2.37442,Intersection en T,Autre,Plein jour,Temps couvert,Voie Communale,,1,Plat,Partie rectiligne,,,normale,,Sur chaussée,Conducteur,0,F,60-61,Domicile - travail,Casque,Non déterminable,,1,04 - avril,3 - jeudi,Paris 11e  Arrondissement
,201800054972,2018-04-12,75,9,75102,48.8669,2.34943,Intersection en X,Autre,Plein jour,Normale,Voie Communale,,4,Plat,Partie rectiligne,54,204,normale,,Sur chaussée,Conducteur,0,M,24-25,,Casque,Non déterminable,,1,04 - avril,3 - jeudi,Paris 2e  Arrondissement
,201800000222,2018-04-11,80,15,80603,50.10796,1.61532,Hors intersection,Deux véhicules - par l’arrière,Plein jour,Normale,Route Départementale,,2,Plat,Partie rectiligne,,,normale,,Sur chaussée,Conducteur,2,M,60-61,Promenade - loisirs,Casque,Oui,1,1,04 - avril,2 - mercredi,Ochancourt
,201800000222,2018-04-11,80,15,80603,50.10796,1.61532,Hors intersection,Deux véhicules - par l’arrière,Plein jour,Normale,Route Départementale,,2,Plat,Partie rectiligne,,,normale,,Sur chaussée,Conducteur,0,M,56-57,Promenade - loisirs,Casque,Oui,1,1,04 - avril,2 - mercredi,Ochancourt
,201800000311,2018-04-11,60,9,60086,49.19394,2.32817,Intersection en T,Deux véhicules - par le coté,Plein jour,Normale,Route Départementale,,2,Plat,Partie rectiligne,,,normale,,Sur chaussée,Conducteur,2,M,71-72,,Casque,Non,1,,04 - avril,2 - mercredi,Boran-sur-Oise
,201800002162,2018-04-11,2,18,2722,49.39151,3.31773,Hors intersection,Deux véhicules - par le coté,Plein jour,Normale,Voie Communale,,1,Plat,Partie rectiligne,,,normale,,Sur accotement,Conducteur,1,M,13-14,Promenade - loisirs,Casque,Oui,1,1,04 - avril,2 - mercredi,Soissons
,201800010689,2018-04-11,8,16,8302,49.88386,4.7456,Intersection en X,Deux véhicules - par le coté,Plein jour,Normale,Route Départementale,,4,Plat,Partie rectiligne,,,normale,Carrefour aménagé,Sur chaussée,Conducteur,2,F,47-48,Promenade - loisirs,Casque,Oui,1,1,04 - avril,2 - mercredi,Monthermé
,201800015189,2018-04-11,31,17,31280,43.24325,1.2853,Hors intersection,Deux véhicules - par le coté,Plein jour,Normale,Route Départementale,,2,Bas de côte,Partie rectiligne,,,normale,,Sur chaussée,Conducteur,1,M,10-11,Promenade - loisirs,Casque,Oui,1,,04 - avril,2 - mercredi,Latrape
,201800019189,2018-04-11,51,14,51090,48.78483,3.85648,Intersection en X,Trois véhicules et plus - en chaîne,Plein jour,Temps éblouissant,Route Départementale,,2,Plat,Partie rectiligne,,,normale,,Sur chaussée,Conducteur,1,M,81-82,Promenade - loisirs,Casque,Oui,1,,04 - avril,2 - mercredi,Broussy-le-Grand
,201800019189,2018-04-11,51,14,51090,48.78483,3.85648,Intersection en X,Trois véhicules et plus - en chaîne,Plein jour,Temps éblouissant,Route Départementale,,2,Plat,Partie rectiligne,,,normale,,Sur chaussée,Conducteur,3,M,77-78,Promenade - loisirs,Casque,Oui,1,,04 - avril,2 - mercredi,Broussy-le-Grand
,201800020492,2018-04-11,72,16,72058,47.96358,0.24415,Hors intersection,Autre,Plein jour,Normale,Route Départementale,,2,Plat,En courbe à gauche,,,normale,,Sur chaussée,Conducteur,2,M,60-61,Promenade - loisirs,Casque,Oui,,1,04 - avril,2 - mercredi,Changé
,201800040182,2018-04-11,93,16,93046,48.92264,2.53607,Hors intersection,Deux véhicules - par le coté,Plein jour,Normale,Voie Communale,,2,Plat,Partie rectiligne,,,normale,,Sur chaussée,Conducteur,1,F,65-66,,Autre,Non déterminable,1,1,04 - avril,2 - mercredi,Livry-Gargan
,201800051474,2018-04-11,75,10,75110,48.8726,2.35769,Intersection en T,Deux véhicules - par le coté,Plein jour,Normale,Voie Communale,,3,Plat,Partie rectiligne,,,normale,,Sur chaussée,Conducteur,1,F,24-25,,Casque,Non déterminable,1,1,04 - avril,2 - mercredi,Paris 10e  Arrondissement
,201800056121,2018-04-11,974,9,97415,-21.05996,55.2243,Hors intersection,Deux véhicules - par le coté,Plein jour,Normale,Route Nationale,,2,Pente,Partie rectiligne,,,normale,,Sur chaussée,Conducteur,1,M,37-38,Autre,Casque,Oui,1,1,04 - avril,2 - mercredi,Saint-Paul
,201800000056,2018-04-10,59,15,59252,50.68934,2.96942,Hors intersection,Deux véhicules - par l’arrière,Plein jour,Normale,Route Départementale,,2,Plat,Partie rectiligne,,,normale,,Sur chaussée,Conducteur,2,M,73-74,Promenade - loisirs,Casque,Oui,1,,04 - avril,1 - mardi,Frelinghien
,201800015780,2018-04-10,44,10,44069,47.3407,-2.42774,Giratoire,Deux véhicules - par le coté,Plein jour,Pluie forte,Route Départementale,,1,Plat,En courbe à gauche,,,mouillée,Carrefour aménagé,Sur chaussée,Conducteur,2,M,78-79,Courses - achats,Casque,Non,1,1,04 - avril,1 - mardi,Guérande
,201800018582,2018-04-10,67,11,67261,48.97481,8.17989,Hors intersection,Deux véhicules - par le coté,Plein jour,Normale,Route Départementale,,2,Pente,Partie rectiligne,,,normale,,Sur chaussée,Conducteur,2,M,8-9,Domicile - école,Casque,Oui,1,1,04 - avril,1 - mardi,Lauterbourg
,201800039126,2018-04-10,92,14,92075,48.82672,2.28626,Hors intersection,Aucune,Plein jour,Normale,Voie Communale,,2,Pente,Partie rectiligne,,,normale,,Sur chaussée,Conducteur,1,M,69-70,Domicile - travail,Casque,Non déterminable,,1,04 - avril,1 - mardi,Vanves
,201800051696,2018-04-10,75,20,75111,48.861,2.37475,Intersection en T,Autre,Nuit avec éclairage public allumé,Normale,Voie Communale,,1,Plat,Partie rectiligne,,50,mouillée,,Sur chaussée,Conducteur,1,M,49-50,Promenade - loisirs,Casque,Non déterminable,1,1,04 - avril,1 - mardi,Paris 11e  Arrondissement
,201800052705,2018-04-10,75,17,75114,48.8325,2.31684,Hors intersection,Autre,Plein jour,Vent fort - tempête,Voie Communale,,1,Plat,Partie rectiligne,,,normale,,Sur chaussée,Conducteur,0,M,30-31,,Casque,Non déterminable,,1,04 - avril,1 - mardi,Paris 14e  Arrondissement
,201800013387,2018-04-09,50,12,50003,49.04817,-1.59818,Hors intersection,Deux véhicules - par l’arrière,Plein jour,Normale,Voie Communale,,1,Plat,Partie rectiligne,,,normale,,Sur chaussée,Conducteur,2,M,84-85,Courses - achats,Casque,,1,1,04 - avril,0 - lundi,Agon-Coutainville
,201800024101,2018-04-09,33,6,33119,44.8531,-0.5384,Intersection en T,Deux véhicules - par l’arrière,Nuit avec éclairage public allumé,Normale,Voie Communale,,3,Plat,Partie rectiligne,,,normale,Carrefour aménagé,Sur chaussée,Conducteur,1,M,47-48,Domicile - travail,Equipement réfléchissant,Non déterminable,1,1,04 - avril,0 - lundi,Cenon
,201800050772,2018-04-09,75,8,75106,48.842,2.3296,Intersection en X,Deux véhicules - par l’arrière,Plein jour,Normale,Voie Communale,,,,,,,,,,Conducteur,1,F,57-58,Utilisation professionnelle,Casque,Non déterminable,1,1,04 - avril,0 - lundi,Paris 6e  Arrondissement
,201800000428,2018-04-08,27,12,27448,49.03252,1.39942,Hors intersection,Deux véhicules - par le coté,Plein jour,Normale,Route Départementale,,2,Plat,Partie rectiligne,,,normale,,Sur chaussée,Conducteur,1,M,25-26,Promenade - loisirs,Casque,Non,1,,04 - avril,6 - dimanche,Pacy-sur-Eure
,201800001989,2018-04-08,1,15,1099,45.88517,5.25119,Hors intersection,Deux véhicules - par le coté,Plein jour,Temps couvert,Route Départementale,,2,Plat,Partie rectiligne,,,normale,,Sur chaussée,Conducteur,1,M,14-15,Autre,Casque,Oui,1,,04 - avril,6 - dimanche,Chazey-sur-Ain
,201800002291,2018-04-08,38,11,38176,45.637,5.20249,Hors intersection,Trois véhicules et plus - collisions multiples,Plein jour,Normale,Route Départementale,,2,Plat,En courbe à droite,,,normale,,Sur chaussée,Conducteur,1,M,58-59,Promenade - loisirs,Casque,Oui,3,,04 - avril,6 - dimanche,Frontonas
,201800017331,2018-04-08,89,15,89368,47.61599,3.21057,Hors intersection,Deux véhicules - par le coté,Plein jour,Normale,Voie Communale,,2,Pente,Partie rectiligne,,,normale,,Sur accotement,Conducteur,2,M,10-11,Promenade - loisirs,Casque,Non,1,1,04 - avril,6 - dimanche,Saint-Sauveur-en-Puisaye
,201800002737,2018-04-07,57,11,57546,49.1669,6.11224,Hors intersection,Trois véhicules et plus - collisions multiples,Plein jour,Normale,Voie Communale,,2,Pente,En courbe à droite,,,normale,,Sur chaussée,Conducteur,0,M,17-18,Promenade - loisirs,Casque,Oui,1,1,04 - avril,5 - samedi,Plesnois
,201800002737,2018-04-07,57,11,57546,49.1669,6.11224,Hors intersection,Trois véhicules et plus - collisions multiples,Plein jour,Normale,Voie Communale,,2,Pente,En courbe à droite,,,normale,,Sur chaussée,Conducteur,1,M,56-57,Promenade - loisirs,Casque,Oui,1,1,04 - avril,5 - samedi,Plesnois
,201800010662,2018-04-07,88,16,88346,48.40457,6.98864,Hors intersection,Autre,Plein jour,Normale,Route Départementale,,2,Plat,En courbe à gauche,,,normale,,Sur chaussée,Conducteur,2,M,73-74,Promenade - loisirs,Casque,Oui,,1,04 - avril,5 - samedi,Petite-Raon
,201800037689,2018-04-07,92,11,92024,48.90199,2.30909,Hors intersection,Deux véhicules - par le coté,Plein jour,Normale,Voie Communale,,1,Plat,Partie rectiligne,,,normale,,Sur chaussée,Conducteur,1,F,42-43,Promenade - loisirs,Casque,Non,1,1,04 - avril,5 - samedi,Clichy
,201800051694,2018-04-07,75,19,75111,48.8623,2.38515,Intersection en X,Autre,Crépuscule ou aube,Normale,Voie Communale,,,Pente,Partie rectiligne,,,normale,,Sur chaussée,Conducteur,0,M,18-19,Domicile - travail,Casque,Non déterminable,,1,04 - avril,5 - samedi,Paris 11e  Arrondissement
,201800054058,2018-04-07,75,15,75118,48.8996,2.35229,Intersection en Y,Deux véhicules - par le coté,Crépuscule ou aube,Normale,Voie Communale,,2,Plat,Partie rectiligne,,60,normale,,Sur chaussée,Conducteur,1,M,62-63,Promenade - loisirs,Casque,Non déterminable,1,1,04 - avril,5 - samedi,Paris 18e  Arrondissement
,201800056438,2018-04-07,972,9,97210,14.60068,-60,Giratoire,Deux véhicules - par le coté,Plein jour,Normale,Route Nationale,,2,Plat,En courbe à gauche,,,normale,,Sur chaussée,Conducteur,1,M,74-75,Promenade - loisirs,Casque,Oui,1,,04 - avril,5 - samedi,François
,201800002067,2018-04-06,26,16,26170,44.9136,4.9603,Intersection en X,Trois véhicules et plus - collisions multiples,Plein jour,Normale,Route Départementale,,3,Plat,Partie rectiligne,,,normale,Carrefour aménagé,Sur chaussée,Conducteur,1,M,75-76,Promenade - loisirs,Casque,Oui,2,,04 - avril,4 - vendredi,Malissard
,201800002067,2018-04-06,26,16,26170,44.9136,4.9603,Intersection en X,Trois véhicules et plus - collisions multiples,Plein jour,Normale,Route Départementale,,3,Plat,Partie rectiligne,,,normale,Carrefour aménagé,Sur chaussée,Conducteur,2,F,71-72,Promenade - loisirs,Casque,Oui,2,,04 - avril,4 - vendredi,Malissard
,201800004255,2018-04-06,66,12,66171,42.61894,3.00968,Giratoire,Deux véhicules - frontale,Plein jour,Normale,Route Départementale,,1,Plat,Partie rectiligne,,,normale,,Sur chaussée,Conducteur,2,M,55-56,Promenade - loisirs,Casque,Oui,1,1,04 - avril,4 - vendredi,Saint-Cyprien
,201800015899,2018-04-06,25,13,25493,46.87371,6.21862,Hors intersection,Deux véhicules - par le coté,Plein jour,Normale,Route Départementale,,2,Plat,Partie rectiligne,,,normale,,Sur chaussée,Conducteur,2,M,55-56,Promenade - loisirs,Casque,Oui,1,,04 - avril,4 - vendredi,Rivière-Drugeon
,201800018630,2018-04-06,74,14,74270,45.70577,6.30762,Intersection en X,Deux véhicules - par le coté,Plein jour,Temps éblouissant,Route Départementale,,2,Pente,Partie rectiligne,,,normale,,Sur chaussée,Conducteur,1,M,52-53,Promenade - loisirs,Casque,Oui,1,,04 - avril,4 - vendredi,Seythenex
,201800023698,2018-04-06,31,11,31044,43.60445,1.49841,Autre intersection,Deux véhicules - par le coté,Plein jour,Temps éblouissant,Route Départementale,,1,Pente,Partie rectiligne,,,normale,,Sur piste cyclable,Conducteur,2,M,65-66,Promenade - loisirs,Casque,Oui,1,1,04 - avril,4 - vendredi,Balma
,201800050240,2018-04-06,75,15,75101,48.8627,2.33525,Intersection en X,Deux véhicules - par le coté,Plein jour,Normale,Voie Communale,,4,Plat,Partie rectiligne,,160,normale,,Sur chaussée,Conducteur,1,F,25-26,Utilisation professionnelle,Casque,Oui,1,1,04 - avril,4 - vendredi,Paris 1er Arrondissement
,201800050440,2018-04-06,75,22,75103,48.8581,2.36446,Intersection en T,Deux véhicules - par le coté,Nuit avec éclairage public allumé,Normale,Voie Communale,,2,Plat,Partie rectiligne,,60,normale,,Sur chaussée,Conducteur,2,F,36-37,Promenade - loisirs,Casque,Non déterminable,1,1,04 - avril,4 - vendredi,Paris 3e  Arrondissement
,201800050861,2018-04-06,75,19,75107,48.863,2.30966,Hors intersection,Deux véhicules - frontale,Plein jour,Normale,Voie Communale,,,Plat,Partie rectiligne,,,normale,Zone piétonne,Sur chaussée,Conducteur,1,M,63-64,Promenade - loisirs,Casque,Non déterminable,1,1,04 - avril,4 - vendredi,Paris 7e  Arrondissement
,201800050861,2018-04-06,75,19,75107,48.863,2.30966,Hors intersection,Deux véhicules - frontale,Plein jour,Normale,Voie Communale,,,Plat,Partie rectiligne,,,normale,Zone piétonne,Sur chaussée,Conducteur,0,M,15-16,Promenade - loisirs,Casque,Non déterminable,1,1,04 - avril,4 - vendredi,Paris 7e  Arrondissement
,201800051333,2018-04-06,75,14,75109,48.8753,2.34171,Intersection en X,Autre,Plein jour,Normale,Voie Communale,,3,Plat,Partie rectiligne,,90,normale,,Sur chaussée,Conducteur,0,M,23-24,,Casque,Non déterminable,,1,04 - avril,4 - vendredi,Paris 9e  Arrondissement
,201800053321,2018-04-06,75,12,75116,48.8652,2.28517,Hors intersection,Autre,Plein jour,Normale,Voie Communale,,1,Plat,Partie rectiligne,,,normale,,Sur piste cyclable,Conducteur,0,M,21-22,Domicile - travail,Casque,Non déterminable,,1,04 - avril,4 - vendredi,Paris 16e  Arrondissement
,201800054055,2018-04-06,75,19,75118,48.8893,2.3418,Intersection en T,Deux véhicules - par le coté,Plein jour,Normale,Voie Communale,,1,Pente,Partie rectiligne,,60,normale,,Sur chaussée,Conducteur,1,F,26-27,,Casque,Non déterminable,1,1,04 - avril,4 - vendredi,Paris 18e  Arrondissement
,201800008808,2018-04-05,13,19,13055,43.2645,5.40957,Hors intersection,Autre,Plein jour,Normale,Voie Communale,,2,Pente,Partie rectiligne,,,normale,,Sur chaussée,Conducteur,1,M,58-59,,Casque,Non déterminable,,1,04 - avril,3 - jeudi,Marseille
,201800012149,2018-04-05,53,15,53015,48.16934,-0.9444,Hors intersection,Deux véhicules - par l’arrière,Plein jour,Normale,Route Départementale,,2,Pente,Partie rectiligne,,,normale,,Sur chaussée,Conducteur,2,M,82-83,Promenade - loisirs,Casque,Oui,1,,04 - avril,3 - jeudi,Baconnière
,201800018419,2018-04-05,79,11,79222,46.73414,-0.5201,Hors intersection,Autre,Plein jour,Normale,Route Départementale,,2,Plat,En courbe à gauche,,,normale,,Sur chaussée,Conducteur,2,M,66-67,Promenade - loisirs,Autre,Oui,,,04 - avril,3 - jeudi,Pugny
,201800018734,2018-04-05,74,16,74256,45.96431,6.63016,Giratoire,Deux véhicules - par le coté,Plein jour,Normale,Route Départementale,,2,Plat,En courbe à droite,,,normale,Carrefour aménagé,Sur chaussée,Conducteur,2,M,72-73,Promenade - loisirs,Casque,Oui,1,,04 - avril,3 - jeudi,Sallanches
,201800019182,2018-04-05,51,14,51088,49.3477,4.03442,Giratoire,Deux véhicules - par le coté,Plein jour,Normale,Route Départementale,,2,Plat,En courbe à gauche,,,normale,,Sur chaussée,Conducteur,2,M,61-62,Promenade - loisirs,Casque,Oui,1,,04 - avril,3 - jeudi,Brimont
,201800037422,2018-04-05,92,13,92012,48.8461,2.22705,Hors intersection,Deux véhicules - par l’arrière,Plein jour,Normale,Route Départementale,,2,Plat,Partie rectiligne,,,normale,,Sur chaussée,Conducteur,2,M,47-48,Promenade - loisirs,Casque,Oui,1,1,04 - avril,3 - jeudi,Boulogne-Billancourt
,201800041417,2018-04-05,94,7,94004,48.74855,2.51309,Hors intersection,Deux véhicules - par le coté,Plein jour,Normale,Voie Communale,,2,Pente,Partie rectiligne,,,normale,,Sur chaussée,Conducteur,1,M,59-60,,Autre,Non déterminable,1,1,04 - avril,3 - jeudi,Boissy-Saint-Léger
,201800050439,2018-04-05,75,20,75103,48.868,2.36223,Place,Deux véhicules - par le coté,Nuit avec éclairage public allumé,Normale,Voie Communale,,4,Plat,Partie rectiligne,,,normale,,,Conducteur,1,M,51-52,Domicile - travail,Casque,Non,1,1,04 - avril,3 - jeudi,Paris 3e  Arrondissement