test,identifiantAccident,date,departement,heure,commune,lat,lon,typeIntersection,typeCollision,luminosite,conditionsAtmosperiques,typeRoute,circulation,nbVoies,profilLongRoute,tracePlanRoute,largeurTPC,largeurRoute,etatSurface,amenagement,situation,categorieUsager,graviteAccident,sexe,age,motifDeplacement,existenceSecurite,usageSecurite,nombreAutresVehicules,enAgglomeration,mois,jour,NCCENR
,201800051692,2018-04-05,75,9,75111,48.8688,2.37629,Intersection en X,Deux véhicules - par le coté,Plein jour,Pluie légère,Voie Communale,,1,Plat,Partie rectiligne,,90,mouillée,,Sur chaussée,Conducteur,1,F,28-29,Domicile - travail,Casque,Non,1,1,04 - avril,3 - jeudi,Paris 11e  Arrondissement
,201800002909,2018-04-04,67,10,67397,48.31687,7.70515,Giratoire,Deux véhicules - par l’arrière,Plein jour,Normale,Voie Communale,,2,Plat,En courbe à droite,,,mouillée,,Sur chaussée,Conducteur,1,M,62-63,,Casque,,1,1,04 - avril,2 - mercredi,Rhinau
,201800003068,2018-04-04,68,17,68287,47.9563,7.29431,Hors intersection,Deux véhicules - par le coté,Plein jour,Normale,Route Départementale,,2,Plat,Partie rectiligne,,65,normale,,Sur trottoir,Conducteur,1,F,10-11,Promenade - loisirs,Casque,Non,1,1,04 - avril,2 - mercredi,Rouffach
,201800008793,2018-04-04,13,14,13055,43.30488,5.37323,Giratoire,Deux véhicules - par le coté,Plein jour,Normale,Voie Communale,,2,Plat,En courbe à gauche,,,normale,,Sur accotement,Conducteur,2,M,54-55,Autre,Equipement réfléchissant,Non déterminable,1,1,04 - avril,2 - mercredi,Marseille
,201800017743,2018-04-04,81,20,81145,43.85331,1.81015,Place,Deux véhicules - frontale,Plein jour,Normale,Autre,,2,Plat,Partie rectiligne,,,normale,,Sur chaussée,Conducteur,2,M,14-15,Promenade - loisirs,Casque,Non,1,1,04 - avril,2 - mercredi,Lisle-sur-Tarn
,201800037681,2018-04-04,92,13,92024,48.90766,2.29881,Intersection en X,Deux véhicules - par le coté,Plein jour,Normale,Route Départementale,,4,Plat,Partie rectiligne,,,normale,,Sur chaussée,Conducteur,1,M,30-31,,Casque,Non déterminable,1,1,04 - avril,2 - mercredi,Clichy
,201800003076,2018-04-03,68,13,68154,47.76504,7.3773,Autre intersection,Deux véhicules - par le coté,Plein jour,Normale,Parc de stationnement ouvert à la circulation publique,,,Plat,Partie rectiligne,,,normale,,Sur chaussée,Conducteur,1,M,23-24,Domicile - travail,Casque,,1,1,04 - avril,1 - mardi,Illzach
,201800012786,2018-04-03,73,15,73183,45.50982,5.98582,Intersection en X,Deux véhicules - par le coté,Plein jour,Normale,Route Départementale,,2,Plat,Partie rectiligne,,,normale,,Sur chaussée,Conducteur,1,M,60-61,Promenade - loisirs,Casque,Oui,1,,04 - avril,1 - mardi,Myans
,201800014295,2018-04-03,70,11,70299,47.62401,5.78382,Intersection en T,Deux véhicules - par le coté,Plein jour,Normale,Route Départementale,,2,Plat,Partie rectiligne,,,normale,,Sur chaussée,Conducteur,1,M,10-11,Domicile - école,Casque,Non,1,1,04 - avril,1 - mardi,Lavoncourt
,201800015490,2018-04-03,29,16,29150,47.80813,-3.65986,Hors intersection,Deux véhicules - par l’arrière,Plein jour,Normale,Route Départementale,,2,Plat,Partie rectiligne,,,mouillée,,Sur accotement,Conducteur,1,F,44-45,Promenade - loisirs,Casque,Non,1,,04 - avril,1 - mardi,Moëlan-sur-Mer
,201800015993,2018-04-03,39,13,39478,46.40426,5.87843,Intersection en T,Deux véhicules - par le coté,Plein jour,Normale,Route Départementale,,2,Pente,En courbe à gauche,,,normale,,Sur chaussée,Conducteur,1,M,71-72,Promenade - loisirs,Casque,Oui,1,,04 - avril,1 - mardi,Saint-Claude
,201800024100,2018-04-03,33,21,33063,44.8401,-0.57419,Intersection en X,Autre,Nuit avec éclairage public allumé,Normale,Voie Communale,,1,Plat,Partie rectiligne,,,normale,Zone piétonne,,Conducteur,0,M,19-20,Utilisation professionnelle,Casque,Non déterminable,,1,04 - avril,1 - mardi,Bordeaux
,201800030551,2018-04-03,64,10,64102,43.4658,-1.49509,Giratoire,Deux véhicules - par le coté,Plein jour,Normale,Route Départementale,,4,Plat,En courbe à droite,,,normale,Carrefour aménagé,Sur accotement,Conducteur,1,M,29-30,Promenade - loisirs,Casque,Oui,1,1,04 - avril,1 - mardi,Bayonne
,201800039123,2018-04-03,92,8,92075,48.82104,2.28842,Hors intersection,Aucune,Crépuscule ou aube,Normale,Voie Communale,,2,Pente,Partie rectiligne,28,100,normale,,Sur chaussée,Conducteur,1,F,26-27,Autre,Casque,Oui,,1,04 - avril,1 - mardi,Vanves
,201800042838,2018-04-03,94,17,94068,48.81102,2.46933,Intersection en X,Deux véhicules - par le coté,Plein jour,Pluie légère,Route Départementale,,2,Plat,En courbe à droite,10,60,mouillée,,Sur chaussée,Conducteur,1,M,15-16,Domicile - école,Autre,Non déterminable,1,1,04 - avril,1 - mardi,Saint-Maur-des-Fossés
,201800051690,2018-04-03,75,22,75111,48.8593,2.38685,Intersection en X,Deux véhicules - par le coté,Nuit avec éclairage public allumé,Normale,Voie Communale,,1,Plat,Partie rectiligne,,,normale,,Sur chaussée,Conducteur,1,F,28-29,,Casque,Non déterminable,1,1,04 - avril,1 - mardi,Paris 11e  Arrondissement
,201800002246,2018-04-02,38,7,38565,45.30743,5.61772,Hors intersection,Aucune,Crépuscule ou aube,Normale,Voie Communale,,2,Plat,Partie rectiligne,,,normale,,Sur piste cyclable,Conducteur,2,M,88-89,Promenade - loisirs,Equipement réfléchissant,Oui,,1,04 - avril,0 - lundi,Voreppe
,201800004357,2018-04-02,2B,10,2B301,42.59595,9.2665,Hors intersection,Autre,Plein jour,Normale,Route Départementale,,2,Plat,En courbe à gauche,,,normale,,Sur accotement,Conducteur,2,F,9-10,Promenade - loisirs,Casque,Non,,,04 - avril,0 - lundi,San-Gavino-di-Tenda
,201800015851,2018-04-02,25,8,25560,47.27042,6.07886,Hors intersection,Deux véhicules - par l’arrière,Plein jour,Normale,Route Départementale,,2,Plat,Partie rectiligne,,,normale,,Sur chaussée,Conducteur,3,M,64-65,Promenade - loisirs,Casque,Non déterminable,1,,04 - avril,0 - lundi,Thise
,201800001182,2018-04-01,33,21,33501,44.68786,-0.60437,Hors intersection,Deux véhicules - par l’arrière,Nuit sans éclairage public,Normale,Route Départementale,,2,Plat,Partie rectiligne,,,normale,,Sur chaussée,Conducteur,3,M,47-48,Promenade - loisirs,Casque,Oui,1,,04 - avril,6 - dimanche,Saucats
,201800015758,2018-04-01,44,9,44079,47.2081,-1.31495,Hors intersection,Deux véhicules - par l’arrière,Plein jour,Normale,Route Départementale,,2,Sommet de côte,Partie rectiligne,,,normale,,Sur chaussée,Conducteur,2,M,63-64,Promenade - loisirs,Casque,Oui,1,,04 - avril,6 - dimanche,Landreau
,201800030776,2018-04-01,64,15,64445,43.3382,-0.37973,Autre intersection,Deux véhicules - par le coté,Plein jour,Normale,Route Départementale,,2,Plat,Partie rectiligne,,,normale,,Sur chaussée,Conducteur,1,F,20-21,Domicile - travail,Casque,Oui,1,1,04 - avril,6 - dimanche,Pau
,201800052376,2018-04-01,75,15,75113,48.8203,2.35912,Hors intersection,Deux véhicules - par le coté,Plein jour,Normale,Voie Communale,,4,Plat,Partie rectiligne,,,normale,,Sur piste cyclable,Conducteur,0,M,21-22,Autre,Casque,Non déterminable,1,1,04 - avril,6 - dimanche,Paris 13e  Arrondissement
,201800056245,2018-04-01,973,17,97309,4.92075,-52.27987,Hors intersection,Deux véhicules - frontale,Crépuscule ou aube,Normale,Route Départementale,,2,Plat,Partie rectiligne,,,normale,,Sur piste cyclable,Conducteur,2,M,33-34,Promenade - loisirs,Casque,Non,1,1,04 - avril,6 - dimanche,Remire-Montjoly
,201800001013,2018-03-31,72,10,72244,47.76387,-0.31968,Hors intersection,Deux véhicules - frontale,Plein jour,Normale,Route Départementale,,2,Plat,Partie rectiligne,,,normale,,Sur chaussée,Conducteur,1,F,69-70,,Casque,,1,1,03 - mars,5 - samedi,Précigné
,201800013629,2018-03-31,14,13,14414,0,0,Intersection en T,Trois véhicules et plus - collisions multiples,Plein jour,Normale,Route Départementale,,2,Pente,Partie rectiligne,,,normale,,Sur chaussée,Conducteur,1,M,59-60,Promenade - loisirs,Casque,Oui,2,,03 - mars,5 - samedi,Mesnil-Bacley
,201800014657,2018-03-31,3,11,3126,46.07734,3.43899,Hors intersection,Deux véhicules - par le coté,Plein jour,Normale,Route Départementale,,2,Plat,Partie rectiligne,,,normale,,Sur chaussée,Conducteur,1,M,20-21,Promenade - loisirs,Casque,Non,1,,03 - mars,5 - samedi,Hauterive
,201800020818,2018-03-31,22,10,22278,48.51121,-2.76188,Giratoire,Autre,Plein jour,Normale,Voie Communale,,2,Plat,En courbe à gauche,,,mouillée,Carrefour aménagé,Sur chaussée,Conducteur,1,M,54-55,Promenade - loisirs,Casque,Non,1,1,03 - mars,5 - samedi,Saint-Brieuc
,201800022555,2018-03-31,30,12,30189,43.82428,4.36959,Giratoire,Deux véhicules - par le coté,Plein jour,Normale,Voie Communale,,1,Plat,En courbe à gauche,,,normale,,Sur chaussée,Conducteur,1,M,46-47,,Autre,Non déterminable,1,1,03 - mars,5 - samedi,Nîmes
,201800026352,2018-03-31,44,21,44109,47.23315,-1.56572,Hors intersection,Deux véhicules - par le coté,Crépuscule ou aube,Normale,Voie Communale,,2,Pente,Partie rectiligne,,,normale,,Sur chaussée,Conducteur,2,M,40-41,,Casque,Non,1,1,03 - mars,5 - samedi,Nantes
,201800057587,2018-03-31,976,17,97611,-12.78604,45.22107,Hors intersection,Deux véhicules - par le coté,Crépuscule ou aube,Normale,Voie Communale,,2,Sommet de côte,Partie rectiligne,,,normale,,Sur chaussée,Conducteur,1,M,12-13,Autre,Autre,Non déterminable,1,1,03 - mars,5 - samedi,Mamoudzou
,201800057587,2018-03-31,976,17,97611,-12.78604,45.22107,Hors intersection,Deux véhicules - par le coté,Crépuscule ou aube,Normale,Voie Communale,,2,Sommet de côte,Partie rectiligne,,,normale,,Sur chaussée,Passager,1,M,4-5,Autre,Autre,Non déterminable,1,1,03 - mars,5 - samedi,Mamoudzou
,201800008762,2018-03-30,13,11,13075,43.34536,5.46489,Giratoire,Deux véhicules - par le coté,Plein jour,Normale,Voie Communale,,2,Sommet de côte,En courbe à droite,,60,normale,,Sur chaussée,Conducteur,1,M,68-69,Promenade - loisirs,Casque,Non,1,1,03 - mars,4 - vendredi,Plan-de-Cuques
,201800018004,2018-03-30,82,20,82012,44.07678,1.18096,Hors intersection,Deux véhicules - par l’arrière,Plein jour,Normale,Route Départementale,,2,Plat,Partie rectiligne,,,normale,,Sur chaussée,Conducteur,3,M,17-18,Promenade - loisirs,Equipement réfléchissant,Non,1,,03 - mars,4 - vendredi,Barthes
,201800023888,2018-03-30,33,19,33063,44.8541,-0.58174,Hors intersection,Autre,Crépuscule ou aube,Normale,Voie Communale,,1,Plat,Partie rectiligne,,,normale,,Sur chaussée,Conducteur,0,M,38-39,,Casque,Non déterminable,,1,03 - mars,4 - vendredi,Bordeaux
,201800025313,2018-03-30,37,19,37261,47.42053,0.68627,Hors intersection,Deux véhicules - par le coté,Plein jour,Normale,Voie Communale,,2,Plat,Partie rectiligne,,,normale,,Sur chaussée,Conducteur,1,M,12-13,Promenade - loisirs,Casque,Oui,1,1,03 - mars,4 - vendredi,Tours
,201800035014,2018-03-30,80,8,80021,49.88703,2.26819,Hors intersection,Deux véhicules - frontale,Plein jour,Normale,Voie Communale,,2,Plat,Partie rectiligne,,,normale,,Sur chaussée,Conducteur,1,F,18-19,Promenade - loisirs,Autre,Non,1,1,03 - mars,4 - vendredi,Amiens
,201800037238,2018-03-30,92,23,92004,48.9097,2.28033,Hors intersection,Autre,Nuit avec éclairage public allumé,Normale,Route Départementale,,2,Plat,Partie rectiligne,,,normale,,Sur chaussée,Conducteur,1,M,16-17,Promenade - loisirs,Autre,Non,1,1,03 - mars,4 - vendredi,Asnières-sur-Seine
,201800051687,2018-03-30,75,23,75111,48.8547,2.38535,Intersection en X,Deux véhicules - par le coté,Nuit avec éclairage public allumé,Normale,Voie Communale,,,Plat,,,,normale,Carrefour aménagé,Sur chaussée,Conducteur,1,M,53-54,,Casque,Non déterminable,1,1,03 - mars,4 - vendredi,Paris 11e  Arrondissement
,201800001028,2018-03-29,85,13,85302,46.94674,-0.97978,Giratoire,Deux véhicules - frontale,Plein jour,Pluie forte,Route Départementale,,2,Plat,En courbe à gauche,,,mouillée,,Sur chaussée,Conducteur,1,M,69-70,Promenade - loisirs,Casque,Oui,1,,03 - mars,3 - jeudi,Verrie
,201800020530,2018-03-29,83,18,83019,43.13883,6.35121,Giratoire,Deux véhicules - par le coté,Plein jour,Normale,Route Départementale,,2,Plat,En courbe à gauche,,,normale,,Sur chaussée,Conducteur,2,M,75-76,Promenade - loisirs,Casque,Oui,1,1,03 - mars,3 - jeudi,Bormes-les-Mimosas
,201800023002,2018-03-29,31,10,31555,43.61097,1.43691,Hors intersection,Deux véhicules - par le coté,Plein jour,Normale,Voie Communale,,4,Plat,Partie rectiligne,,,normale,,Sur chaussée,Conducteur,1,F,53-54,Autre,Casque,Non,1,1,03 - mars,3 - jeudi,Toulouse
,201800024710,2018-03-29,35,8,35238,48.09807,-1.72705,Intersection en X,Deux véhicules - par le coté,Plein jour,Pluie légère,Voie Communale,,2,Plat,Partie rectiligne,,,normale,,Sur chaussée,Conducteur,1,M,38-39,Domicile - travail,Casque,Non déterminable,1,,03 - mars,3 - jeudi,Rennes
,201800024711,2018-03-29,35,12,35238,48.10144,-1.65968,Intersection en T,Autre,Plein jour,Pluie forte,Voie Communale,,1,Pente,Partie rectiligne,,,mouillée,,Sur chaussée,Conducteur,1,M,10-11,Domicile - école,Casque,Non déterminable,1,1,03 - mars,3 - jeudi,Rennes
,201800028695,2018-03-29,56,9,56121,47.75951,-3.36746,Intersection en T,Deux véhicules - par le coté,Plein jour,Pluie forte,Autre,,2,Plat,Partie rectiligne,,,mouillée,,Sur chaussée,Conducteur,1,M,63-64,,Casque,Non déterminable,1,1,03 - mars,3 - jeudi,Lorient
,201800030370,2018-03-29,62,15,62427,50.42233,2.94803,Hors intersection,Deux véhicules - par le coté,Plein jour,Normale,Route Départementale,,2,Plat,Partie rectiligne,,,normale,Zone piétonne,Sur chaussée,Conducteur,1,M,14-15,Promenade - loisirs,Casque,Non,1,1,03 - mars,3 - jeudi,Hénin-Beaumont
,201800035870,2018-03-29,86,9,86158,46.62766,0.30556,Hors intersection,Autre,Plein jour,Normale,Route Départementale,,2,Plat,Partie rectiligne,,60,normale,,Sur chaussée,Conducteur,1,F,51-52,Promenade - loisirs,Autre,Non déterminable,1,1,03 - mars,3 - jeudi,Migné-Auxances
,201800042082,2018-03-29,94,8,94033,48.8512,2.47443,Intersection en X,Deux véhicules - par le coté,Plein jour,Normale,Route Départementale,,2,Plat,Partie rectiligne,,50,normale,,Sur chaussée,Conducteur,1,F,16-17,Domicile - école,Autre,Non déterminable,1,1,03 - mars,3 - jeudi,Fontenay-sous-Bois
,201800047434,2018-03-29,69,19,69382,45.76,4.83,Hors intersection,Deux véhicules - par le coté,Plein jour,Normale,Voie Communale,,1,Plat,Partie rectiligne,,,normale,,Sur chaussée,Conducteur,1,F,36-37,Domicile - travail,Autre,Non,1,1,03 - mars,3 - jeudi,Lyon 2e  Arrondissement
,201800048156,2018-03-29,69,9,69387,45.7496,4.8524,Hors intersection,Autre,Plein jour,Normale,Voie Communale,,2,Plat,En courbe à droite,,,normale,,Sur chaussée,Conducteur,1,F,28-29,,Casque,Non,1,1,03 - mars,3 - jeudi,Lyon 7e  Arrondissement
,201800050436,2018-03-29,75,6,75103,48.8662,2.35251,Intersection en X,Deux véhicules - par le coté,Nuit avec éclairage public allumé,Normale,Voie Communale,,3,Plat,Partie rectiligne,,80,normale,,Sur chaussée,Conducteur,1,M,81-82,Promenade - loisirs,Casque,Non déterminable,1,1,03 - mars,3 - jeudi,Paris 3e  Arrondissement
,201800050851,2018-03-29,75,7,75107,48.8563,2.32545,Intersection en Y,Deux véhicules - par le coté,Crépuscule ou aube,Normale,Voie Communale,,3,Plat,Partie rectiligne,,,normale,,Sur chaussée,Conducteur,1,M,25-26,Domicile - travail,Casque,Non déterminable,1,1,03 - mars,3 - jeudi,Paris 7e  Arrondissement
,201800002487,2018-03-28,73,13,73203,45.31764,6.32857,Hors intersection,Deux véhicules - par l’arrière,Plein jour,Normale,Route Départementale,,2,Plat,Partie rectiligne,,,normale,,Sur chaussée,Conducteur,1,M,52-53,Promenade - loisirs,Casque,Oui,1,,03 - mars,2 - mercredi,Pontamafrey-Montpascal
,201800013706,2018-03-28,6,11,6038,43.67516,6.97931,Hors intersection,Aucune,Plein jour,Normale,Route Départementale,,2,Pente,Partie rectiligne,,,normale,,Sur chaussée,Conducteur,2,M,66-67,Promenade - loisirs,Casque,Oui,1,1,03 - mars,2 - mercredi,Châteauneuf-Grasse
,201800019564,2018-03-28,17,13,17299,45.94349,-0.97521,Giratoire,Deux véhicules - par le coté,Plein jour,Pluie légère,Voie Communale,,1,Plat,En courbe à gauche,,59,mouillée,,Sur piste cyclable,Conducteur,1,F,67-68,Courses - achats,Equipement réfléchissant,Oui,1,1,03 - mars,2 - mercredi,Rochefort
,201800024707,2018-03-28,35,8,35281,48.07464,-1.71432,Intersection en T,Autre,Plein jour,Pluie légère,Voie Communale,,2,Plat,Partie rectiligne,,,mouillée,,Sur chaussée,Conducteur,1,M,20-21,Domicile - travail,Casque,Non déterminable,1,1,03 - mars,2 - mercredi,Saint-Jacques-de-la-Lande
,201800024709,2018-03-28,35,18,35051,48.12709,-1.61381,Giratoire,Deux véhicules - par l’arrière,Plein jour,Normale,Voie Communale,,2,Plat,En courbe à droite,,,normale,,Sur chaussée,Conducteur,1,M,20-21,,Casque,Oui,1,1,03 - mars,2 - mercredi,Cesson-Sévigné
,201800027211,2018-03-28,49,16,49007,47.47992,-0.59534,Hors intersection,Deux véhicules - frontale,Plein jour,Normale,Voie Communale,,,,,,,normale,,Sur chaussée,Conducteur,1,M,5-6,,Casque,Non,1,1,03 - mars,2 - mercredi,Angers
,201800028229,2018-03-28,53,8,53130,48.05386,-0.79633,Autre intersection,Deux véhicules - par le coté,Plein jour,Normale,Route Départementale,,2,Plat,Partie rectiligne,,,normale,,Sur chaussée,Conducteur,2,M,24-25,,Casque,Non,1,1,03 - mars,2 - mercredi,Laval
,201800032079,2018-03-28,91,13,91235,48.63621,2.35996,Giratoire,Deux véhicules - par le coté,Plein jour,Pluie légère,Route Départementale,,4,Plat,En courbe à droite,,,mouillée,,Sur chaussée,Conducteur,2,M,28-29,Autre,Casque,Non,1,1,03 - mars,2 - mercredi,Fleury-Mérogis
,201800051330,2018-03-28,75,19,75109,48.8812,2.3425,Intersection en X,Autre,Nuit avec éclairage public allumé,Normale,Voie Communale,,1,Plat,Partie rectiligne,,,normale,,Sur chaussée,Conducteur,1,M,29-30,Autre,Casque,Non déterminable,1,1,03 - mars,2 - mercredi,Paris 9e  Arrondissement
,201800054370,2018-03-28,75,10,75119,48.8801,2.37566,Intersection en X,Deux véhicules - par le coté,Plein jour,Pluie légère,Voie Communale,,1,Pente,Partie rectiligne,,,mouillée,,Sur chaussée,Conducteur,1,F,22-23,Domicile - école,Casque,Oui,1,1,03 - mars,2 - mercredi,Paris 19e  Arrondissement
,201800056885,2018-03-28,973,11,97302,4.9341,-52.31707,Hors intersection,Autre,Plein jour,Normale,Voie Communale,,2,Plat,Partie rectiligne,,,normale,,Sur chaussée,Conducteur,1,F,48-49,,Autre,Non déterminable,,1,03 - mars,2 - mercredi,Cayenne
,201800010907,2018-03-27,30,16,30259,44.08295,4.11249,Hors intersection,Autre,Plein jour,Normale,Route Départementale,,2,Plat,Partie rectiligne,,,normale,,Sur chaussée,Conducteur,2,M,58-59,Promenade - loisirs,Casque,Oui,,1,03 - mars,1 - mardi,Saint-Hilaire-de-Brethmas
,201800011344,2018-03-27,17,15,17397,45.89065,-0.66633,Intersection en X,Deux véhicules - par le coté,Plein jour,Pluie forte,Route Départementale,,2,Bas de côte,En courbe à gauche,,49,mouillée,,Sur chaussée,Conducteur,2,M,66-67,Courses - achats,Autre,Non,1,,03 - mars,1 - mardi,Saint-Savinien
,201800018758,2018-03-27,59,17,59663,50.88327,2.46461,Hors intersection,Aucune,Plein jour,Temps couvert,Route Départementale,,2,Plat,Partie rectiligne,,,mouillée,,Sur chaussée,Conducteur,1,M,12-13,Domicile - école,Casque,,,1,03 - mars,1 - mardi,Wormhout
,201800027207,2018-03-27,49,14,49007,47.4687,-0.52743,Hors intersection,Aucune,Plein jour,Normale,Voie Communale,,2,Plat,,,,normale,,Sur chaussée,Conducteur,1,F,25-26,,Casque,Non,,1,03 - mars,1 - mardi,Angers
,201800029359,2018-03-27,59,17,59178,50.36497,3.06903,Giratoire,Deux véhicules - par le coté,Plein jour,Normale,Route Départementale,,2,Plat,Partie rectiligne,,110,normale,,Sur chaussée,Conducteur,2,M,47-48,Promenade - loisirs,Autre,Non déterminable,1,1,03 - mars,1 - mardi,Douai
,201800031691,2018-03-27,67,13,67043,48.61081,7.76645,Intersection en T,Deux véhicules - par le coté,Plein jour,Normale,Voie Communale,,2,Plat,Partie rectiligne,,60,normale,,Sur chaussée,Conducteur,1,F,33-34,Domicile - travail,Autre,Non déterminable,1,1,03 - mars,1 - mardi,Bischheim
,201800033248,2018-03-27,73,17,73008,45.68811,5.90973,Giratoire,Deux véhicules - par le coté,Crépuscule ou aube,Pluie légère,Route Départementale,,2,Pente,Partie rectiligne,,90,mouillée,Carrefour aménagé,Sur chaussée,Conducteur,2,M,25-26,Domicile - travail,Casque,Oui,1,1,03 - mars,1 - mardi,Aix-les-Bains
,201800034213,2018-03-27,77,17,77058,48.835,2.70582,Giratoire,Deux véhicules - par le coté,Plein jour,Pluie légère,Route Départementale,,2,Plat,En courbe à droite,,,mouillée,Carrefour aménagé,Sur chaussée,Conducteur,2,M,40-41,,Casque,Non déterminable,1,1,03 - mars,1 - mardi,Bussy-Saint-Georges
,201800041337,2018-03-27,94,16,94002,48.80522,2.42059,Hors intersection,Deux véhicules - par l’arrière,Plein jour,Pluie légère,Voie Communale,,1,Plat,Partie rectiligne,15,30,mouillée,,Sur chaussée,Conducteur,1,M,10-11,Domicile - école,Autre,Non déterminable,1,1,03 - mars,1 - mardi,Alfortville
,201800042546,2018-03-27,94,12,94037,48.81294,2.34879,Intersection en X,Deux véhicules - par le coté,Plein jour,Pluie légère,Voie Communale,,2,Pente,Partie rectiligne,,,mouillée,,Sur chaussée,Conducteur,2,F,57-58,Domicile - travail,Casque,Non déterminable,1,1,03 - mars,1 - mardi,Gentilly
,201800048153,2018-03-27,69,10,69383,45.75404,4.86233,Hors intersection,Autre,Plein jour,Normale,Voie Communale,,3,Plat,Partie rectiligne,,,normale,,Sur chaussée,Conducteur,0,M,24-25,Domicile - travail,Casque,Non,,1,03 - mars,1 - mardi,Lyon 3e  Arrondissement
,201800051327,2018-03-27,75,12,75109,48.8736,2.32832,Intersection en T,Deux véhicules - par le coté,Plein jour,Pluie forte,Voie Communale,,3,Plat,Partie rectiligne,,,mouillée,,Sur chaussée,Conducteur,1,M,24-25,Utilisation professionnelle,Casque,Non déterminable,1,1,03 - mars,1 - mardi,Paris 9e  Arrondissement
,201800051974,2018-03-27,75,23,75111,48.8665,2.36813,Intersection en Y,Deux véhicules - par le coté,Nuit avec éclairage public allumé,Normale,Voie Communale,,2,Plat,Partie rectiligne,,,normale,,Sur chaussée,Conducteur,1,M,63-64,Promenade - loisirs,Casque,Non déterminable,1,1,03 - mars,1 - mardi,Paris 11e  Arrondissement
,201800052374,2018-03-27,75,8,75113,48.8384,2.35703,Intersection en X,Autre,Crépuscule ou aube,Pluie forte,Voie Communale,,4,Plat,Partie rectiligne,,100,mouillée,,Sur piste cyclable,Conducteur,0,M,23-24,Domicile - école,Casque,Non déterminable,,1,03 - mars,1 - mardi,Paris 13e  Arrondissement
,201800007316,2018-03-26,10,12,10387,48.27344,4.07878,Intersection en X,Deux véhicules - frontale,Plein jour,Normale,Voie Communale,,2,Plat,Partie rectiligne,,,normale,,Sur chaussée,Conducteur,1,M,19-20,Courses - achats,Casque,Non,1,1,03 - mars,0 - lundi,Troyes
,201800008739,2018-03-26,13,22,13055,43.28753,5.38888,Hors intersection,Deux véhicules - frontale,Nuit avec éclairage public allumé,Normale,Voie Communale,,,Plat,Partie rectiligne,,,normale,,Sur chaussée,Conducteur,1,M,20-21,,Autre,Non,1,1,03 - mars,0 - lundi,Marseille
,201800025153,2018-03-26,36,17,36044,46.81268,1.68492,Intersection en T,Deux véhicules - par le coté,Plein jour,Normale,Voie Communale,,2,Plat,Partie rectiligne,,,normale,,Sur chaussée,Conducteur,1,M,77-78,Promenade - loisirs,Casque,Oui,1,1,03 - mars,0 - lundi,Châteauroux
,201800030371,2018-03-26,62,7,62032,50.40944,2.75682,Giratoire,Deux véhicules - par le coté,Nuit sans éclairage public,Normale,Route Départementale,,2,Plat,Partie rectiligne,,67,normale,,Sur chaussée,Conducteur,2,F,55-56,Domicile - travail,Casque,Oui,1,1,03 - mars,0 - lundi,Angres
,201800031690,2018-03-26,67,19,67482,48.58074,7.72763,Intersection en T,Deux véhicules - par le coté,Plein jour,Normale,Voie Communale,,4,Plat,Partie rectiligne,,200,normale,,Sur chaussée,Conducteur,1,M,21-22,,Autre,Non déterminable,1,1,03 - mars,0 - lundi,Strasbourg
,201800032837,2018-03-26,71,17,71076,46.78744,4.83873,Intersection en X,Deux véhicules - par le coté,Plein jour,Normale,Voie Communale,,5,Plat,Partie rectiligne,,,normale,,Sur chaussée,Conducteur,3,M,80-81,Promenade - loisirs,Casque,Non,1,1,03 - mars,0 - lundi,Chalon-sur-Saône
,201800037420,2018-03-26,92,19,92012,48.83586,2.2391,Intersection en T,Deux véhicules - par le coté,Crépuscule ou aube,Normale,Voie Communale,,,Plat,Partie rectiligne,,,normale,,Sur chaussée,Conducteur,0,F,53-54,Autre,Casque,Non,1,1,03 - mars,0 - lundi,Boulogne-Billancourt
,201800043115,2018-03-26,94,12,94080,48.84877,2.42937,Intersection en T,Deux véhicules - par le coté,Plein jour,Normale,Route Départementale,,2,Plat,Partie rectiligne,,,normale,,Sur chaussée,Conducteur,1,M,25-26,Utilisation professionnelle,Casque,Non,1,1,03 - mars,0 - lundi,Vincennes
,201800052372,2018-03-26,75,15,75113,48.8234,2.37505,Intersection en T,Deux véhicules - par le coté,Plein jour,Normale,Voie Communale,,2,Pente,Partie rectiligne,100,100,normale,,Sur piste cyclable,Conducteur,1,F,22-23,Domicile - école,Casque,Non déterminable,1,1,03 - mars,0 - lundi,Paris 13e  Arrondissement
,201800053314,2018-03-26,75,22,75116,48.8774,2.28374,Place,Deux véhicules - par le coté,Nuit avec éclairage public allumé,Normale,Voie Communale,,4,Plat,Partie rectiligne,,,normale,,Sur chaussée,Conducteur,1,F,19-20,Promenade - loisirs,Casque,Non,1,1,03 - mars,0 - lundi,Paris 16e  Arrondissement
,201800056878,2018-03-26,973,6,97302,4.9347,-52.3085,Hors intersection,Autre,Crépuscule ou aube,Normale,Route Départementale,,2,Plat,Partie rectiligne,,,normale,,Sur chaussée,Conducteur,1,F,16-17,Domicile - école,Autre,Oui,1,1,03 - mars,0 - lundi,Cayenne
,201800011669,2018-03-25,85,12,85264,46.67701,-0.68935,Hors intersection,Aucune,Plein jour,Normale,Route Départementale,,2,Pente,Partie rectiligne,,,normale,,Sur chaussée,Conducteur,2,M,16-17,Promenade - loisirs,Autre,Non,,,03 - mars,6 - dimanche,Saint-Pierre-du-Chemin