test,identifiantAccident,date,departement,heure,commune,lat,lon,typeIntersection,typeCollision,luminosite,conditionsAtmosperiques,typeRoute,circulation,nbVoies,profilLongRoute,tracePlanRoute,largeurTPC,largeurRoute,etatSurface,amenagement,situation,categorieUsager,graviteAccident,sexe,age,motifDeplacement,existenceSecurite,usageSecurite,nombreAutresVehicules,enAgglomeration,mois,jour,NCCENR
,201800012483,2018-03-25,36,16,36018,46.62717,1.08672,Hors intersection,Deux véhicules - par le coté,Plein jour,Normale,Voie Communale,,2,Sommet de côte,Partie rectiligne,,,normale,,Sur chaussée,Conducteur,0,M,54-55,Promenade - loisirs,Casque,Oui,1,1,03 - mars,6 - dimanche,Blanc
,201800012483,2018-03-25,36,16,36018,46.62717,1.08672,Hors intersection,Deux véhicules - par le coté,Plein jour,Normale,Voie Communale,,2,Sommet de côte,Partie rectiligne,,,normale,,Sur chaussée,Conducteur,2,M,63-64,Promenade - loisirs,Casque,Oui,1,1,03 - mars,6 - dimanche,Blanc
,201800033253,2018-03-25,73,10,73011,45.6639,6.36414,Intersection en X,Deux véhicules - par le coté,Plein jour,Normale,Voie Communale,,2,Plat,Partie rectiligne,,,normale,,,Conducteur,1,F,56-57,Promenade - loisirs,Autre,Non,1,1,03 - mars,6 - dimanche,Albertville
,201800036333,2018-03-25,89,15,89387,48.18588,3.27224,Intersection en Y,Deux véhicules - par le coté,Plein jour,Normale,Voie Communale,,2,Plat,,,,normale,,Sur chaussée,Conducteur,1,M,69-70,Promenade - loisirs,Casque,Non déterminable,1,,03 - mars,6 - dimanche,Sens
,201800037038,2018-03-25,91,7,91477,48.71058,2.25265,Hors intersection,Deux véhicules - par le coté,Nuit avec éclairage public allumé,Normale,Voie Communale,,3,Plat,Partie rectiligne,,,normale,,Sur chaussée,Conducteur,2,M,24-25,Autre,Autre,Non,1,1,03 - mars,6 - dimanche,Palaiseau
,201800052692,2018-03-25,75,19,75114,48.8344,2.31889,Intersection en T,Deux véhicules - frontale,Plein jour,Normale,Voie Communale,,1,Plat,Partie rectiligne,,,normale,,,Conducteur,0,M,20-21,Utilisation professionnelle,Casque,Non,1,1,03 - mars,6 - dimanche,Paris 14e  Arrondissement
,201800052692,2018-03-25,75,19,75114,48.8344,2.31889,Intersection en T,Deux véhicules - frontale,Plein jour,Normale,Voie Communale,,1,Plat,Partie rectiligne,,,normale,,,Conducteur,1,M,25-26,Utilisation professionnelle,Casque,Oui,1,1,03 - mars,6 - dimanche,Paris 14e  Arrondissement
,201800002233,2018-03-24,38,17,38129,45.02951,5.52482,Hors intersection,Deux véhicules - par le coté,Plein jour,Normale,Route Départementale,,2,Pente,Partie rectiligne,,,normale,,Sur chaussée,Conducteur,2,M,8-9,Promenade - loisirs,Casque,Oui,1,1,03 - mars,5 - samedi,Corrençon-en-Vercors
,201800004683,2018-03-24,91,14,91634,48.59823,2.11204,Intersection en T,Deux véhicules - par l’arrière,Plein jour,Normale,Route Départementale,,2,Plat,Partie rectiligne,,,normale,,Sur chaussée,Conducteur,1,M,68-69,Promenade - loisirs,Casque,Oui,1,1,03 - mars,5 - samedi,Vaugrigneuse
,201800026308,2018-03-24,44,3,44109,47.226,-1.555,Hors intersection,Deux véhicules - frontale,Nuit avec éclairage public allumé,Normale,Autre,,,Plat,Partie rectiligne,,,normale,,Sur chaussée,Conducteur,2,M,24-25,,Autre,Non déterminable,1,1,03 - mars,5 - samedi,Nantes
,201800026756,2018-03-24,45,10,45234,47.89901,1.9136,Intersection en X,Autre,Plein jour,Normale,Voie Communale,,1,Pente,Partie rectiligne,,50,normale,,Sur chaussée,Conducteur,0,F,57-58,Promenade - loisirs,Casque,Non,,1,03 - mars,5 - samedi,Orléans
,201800027213,2018-03-24,49,9,49007,47.46335,-0.60189,Giratoire,Aucune,Plein jour,Normale,Voie Communale,,2,Plat,Partie rectiligne,,,normale,Carrefour aménagé,Sur chaussée,Conducteur,1,M,53-54,Promenade - loisirs,Casque,Non déterminable,,1,03 - mars,5 - samedi,Angers
,201800027217,2018-03-24,49,10,49007,47.47156,-0.55202,Hors intersection,Aucune,Plein jour,Normale,Voie Communale,,2,Plat,Partie rectiligne,,,normale,Voie ferrée,Sur chaussée,Conducteur,1,M,18-19,Promenade - loisirs,Casque,Non déterminable,,1,03 - mars,5 - samedi,Angers
,201800030767,2018-03-24,64,1,64445,43.2946,-0.37716,Hors intersection,Autre,Nuit avec éclairage public allumé,Pluie légère,Voie Communale,,2,Pente,Partie rectiligne,,,mouillée,,Sur chaussée,Conducteur,1,M,31-32,Domicile - travail,Equipement réfléchissant,Non,1,1,03 - mars,5 - samedi,Pau
,201800033226,2018-03-24,37,15,37063,47.58565,0.90338,Intersection en T,Deux véhicules - par le coté,Plein jour,Normale,Route Départementale,,2,Plat,Partie rectiligne,,,normale,,Sur chaussée,Conducteur,2,M,16-17,Promenade - loisirs,Casque,Non,1,1,03 - mars,5 - samedi,Château-Renault
,201800043196,2018-03-24,94,11,94081,48.79421,2.39645,Hors intersection,Deux véhicules - par l’arrière,Plein jour,Normale,Route Départementale,,2,Plat,Partie rectiligne,,80,normale,,Sur chaussée,Conducteur,1,M,17-18,Domicile - école,Autre,Non déterminable,1,1,03 - mars,5 - samedi,Vitry-sur-Seine
,201800048150,2018-03-24,69,16,69383,45.75898,4.84918,Intersection en X,Deux véhicules - par le coté,Plein jour,Normale,Voie Communale,,1,Plat,Partie rectiligne,,70,normale,,Sur chaussée,Conducteur,1,M,22-23,Promenade - loisirs,Autre,Non déterminable,1,1,03 - mars,5 - samedi,Lyon 3e  Arrondissement
,201800003609,2018-03-23,13,16,13084,43.70859,5.36242,Intersection en T,Deux véhicules - par le coté,Plein jour,Normale,Route Départementale,,2,Plat,Partie rectiligne,,,normale,,Sur chaussée,Conducteur,2,M,63-64,Promenade - loisirs,Casque,Oui,1,,03 - mars,4 - vendredi,'Roque-d''Anthéron'
,201800010530,2018-03-23,14,14,14118,49.2104,-0.36737,Intersection en X,Deux véhicules - par le coté,Plein jour,Normale,Route Départementale,,4,Plat,Partie rectiligne,,,normale,,Sur chaussée,Conducteur,3,M,63-64,Promenade - loisirs,Autre,Non,1,1,03 - mars,4 - vendredi,Caen
,201800015298,2018-03-23,29,16,29220,47.8625,-4.24793,Hors intersection,Deux véhicules - par l’arrière,Plein jour,Pluie forte,Voie Communale,,2,Plat,En courbe à droite,,,mouillée,,Sur chaussée,Conducteur,2,M,57-58,Courses - achats,Equipement réfléchissant,Non,1,,03 - mars,4 - vendredi,'Pont-l''Abbé'
,201800024704,2018-03-23,35,8,35238,48.1102,-1.6846,Intersection en X,Deux véhicules - par le coté,Plein jour,Normale,Voie Communale,,2,Plat,Partie rectiligne,,,normale,,Sur piste cyclable,Conducteur,1,F,50-51,,Casque,Oui,1,1,03 - mars,4 - vendredi,Rennes
,201800026242,2018-03-23,44,11,44132,47.28651,-2.39163,Intersection en T,Deux véhicules - par le coté,Plein jour,Normale,Voie Communale,,2,Plat,Partie rectiligne,,,normale,,Sur chaussée,Conducteur,2,M,68-69,,Autre,Non déterminable,1,1,03 - mars,4 - vendredi,Pornichet
,201800032401,2018-03-23,69,16,69266,45.75659,4.92124,Hors intersection,Deux véhicules - frontale,Plein jour,Normale,Voie Communale,,3,Plat,Partie rectiligne,,,normale,,Sur chaussée,Conducteur,1,M,69-70,Promenade - loisirs,Casque,Non,1,1,03 - mars,4 - vendredi,Villeurbanne
,201800033283,2018-03-23,73,21,73065,45.56486,5.92408,Hors intersection,Deux véhicules - par le coté,Nuit avec éclairage public allumé,Normale,Voie Communale,,,Plat,Partie rectiligne,,,normale,Zone piétonne,,Conducteur,1,M,15-16,Promenade - loisirs,Casque,Non déterminable,1,1,03 - mars,4 - vendredi,Chambéry
,201800050535,2018-03-23,75,10,75103,48.8681,2.36131,Hors intersection,Autre,Plein jour,Normale,Voie Communale,,4,Pente,Partie rectiligne,,150,normale,,Sur chaussée,Conducteur,0,M,28-29,Promenade - loisirs,Casque,Oui,,1,03 - mars,4 - vendredi,Paris 3e  Arrondissement
,201800051968,2018-03-23,75,19,75112,48.8487,2.37253,Intersection en X,Deux véhicules - par le coté,Nuit avec éclairage public allumé,Normale,Voie Communale,,3,Plat,Partie rectiligne,,,normale,,Sur chaussée,Conducteur,1,M,18-19,Domicile - travail,Casque,Non,1,1,03 - mars,4 - vendredi,Paris 12e  Arrondissement
,201800052368,2018-03-23,75,11,75113,48.8391,2.36115,Intersection en T,Deux véhicules - par l’arrière,Plein jour,Normale,Voie Communale,,4,Pente,Partie rectiligne,,,mouillée,,Sur chaussée,Conducteur,1,M,48-49,Utilisation professionnelle,Casque,Non,1,1,03 - mars,4 - vendredi,Paris 13e  Arrondissement
,201800054041,2018-03-23,75,9,75118,48.8838,2.3393,Hors intersection,Deux véhicules - par le coté,Plein jour,Temps couvert,Voie Communale,,1,Pente,Partie rectiligne,,,normale,,Sur chaussée,Conducteur,1,F,47-48,Domicile - travail,Casque,Oui,1,1,03 - mars,4 - vendredi,Paris 18e  Arrondissement
,201800055819,2018-03-23,971,19,97114,16.13455,-61.57209,Intersection en T,Deux véhicules - par le coté,Nuit avec éclairage public allumé,Normale,Route Départementale,,2,Pente,Partie rectiligne,,,normale,,Sur chaussée,Conducteur,2,M,39-40,Promenade - loisirs,Autre,Non,1,1,03 - mars,4 - vendredi,Goyave
,201800005116,2018-03-22,6,8,6027,43.66828,7.14915,Hors intersection,Deux véhicules - par le coté,Plein jour,Normale,Voie Communale,,2,Plat,En courbe à gauche,,,normale,,Sur chaussée,Conducteur,1,M,12-13,Domicile - école,Autre,Non déterminable,1,1,03 - mars,3 - jeudi,Cagnes-sur-Mer
,201800023882,2018-03-22,33,14,33063,44.8373,-0.57675,Hors intersection,Autre,Plein jour,Normale,Voie Communale,,3,Plat,Partie rectiligne,,,normale,Voie ferrée,Sur chaussée,Conducteur,0,M,22-23,,Autre,Non déterminable,,1,03 - mars,3 - jeudi,Bordeaux
,201800026214,2018-03-22,43,17,43157,45.0394,3.88198,Hors intersection,Autre,Plein jour,Normale,Route Départementale,,2,Plat,Partie rectiligne,,50,normale,,Sur trottoir,Conducteur,0,M,14-15,Domicile - école,,,,1,03 - mars,3 - jeudi,Puy-en-Velay
,201800026309,2018-03-22,44,10,44109,47.24796,-1.55497,Hors intersection,Autre,Plein jour,Normale,Voie Communale,,2,Plat,Partie rectiligne,,,normale,,Sur chaussée,Conducteur,0,M,25-26,,Casque,Non déterminable,,1,03 - mars,3 - jeudi,Nantes
,201800027201,2018-03-22,49,13,49353,47.4427,-0.49542,Intersection en X,Deux véhicules - par l’arrière,Plein jour,Normale,Voie Communale,,2,Plat,Partie rectiligne,,35,normale,,Sur chaussée,Conducteur,1,F,21-22,Utilisation professionnelle,Casque,Oui,1,1,03 - mars,3 - jeudi,Trélazé
,201800041407,2018-03-22,94,14,94044,48.74297,2.50073,Intersection en T,Deux véhicules - par l’arrière,Plein jour,Normale,Route Départementale,,2,Plat,,,80,,,Sur chaussée,Conducteur,1,M,56-57,,Autre,Non déterminable,1,1,03 - mars,3 - jeudi,Limeil-Brévannes
,201800025270,2018-03-21,37,14,37261,47.37422,0.70368,Hors intersection,Deux véhicules - par le coté,Plein jour,Normale,Voie Communale,,4,Plat,Partie rectiligne,,,normale,,Sur chaussée,Conducteur,1,M,69-70,Promenade - loisirs,Casque,Oui,1,1,03 - mars,2 - mercredi,Tours
,201800039128,2018-03-21,92,7,92046,48.8193,2.2954,Intersection en X,Deux véhicules - par le coté,Crépuscule ou aube,Normale,Voie Communale,,2,Plat,Partie rectiligne,,,normale,,Sur chaussée,Conducteur,1,M,54-55,Domicile - travail,Casque,Non,1,1,03 - mars,2 - mercredi,Malakoff
,201800056555,2018-03-21,971,9,97107,16.05113,-61.5625,Intersection en T,Deux véhicules - par le coté,Plein jour,Normale,Route Départementale,,2,Pente,Partie rectiligne,,,normale,,Sur chaussée,Conducteur,1,M,25-26,Promenade - loisirs,Casque,Oui,1,1,03 - mars,2 - mercredi,Capesterre-Belle-Eau
,201800057582,2018-03-21,976,18,97611,-12.76833,45.22532,Autre intersection,Deux véhicules - par l’arrière,Crépuscule ou aube,Normale,Route Nationale,,2,Plat,Partie rectiligne,,,normale,,Sur chaussée,Conducteur,1,M,30-31,Autre,Casque,Oui,1,1,03 - mars,2 - mercredi,Mamoudzou
,201800002938,2018-03-20,67,14,67067,48.72465,7.7143,Intersection en T,Deux véhicules - frontale,Plein jour,Normale,Route Départementale,,2,Pente,Partie rectiligne,,,normale,,Sur chaussée,Conducteur,2,M,49-50,Promenade - loisirs,Casque,Oui,1,,03 - mars,1 - mardi,Brumath
,201800004159,2018-03-20,34,10,34143,43.44293,3.61635,Intersection en T,Deux véhicules - par le coté,Plein jour,Normale,Route Départementale,,2,Pente,Partie rectiligne,,,normale,,Sur chaussée,Conducteur,2,M,76-77,Promenade - loisirs,Casque,Oui,1,,03 - mars,1 - mardi,Loupian
,201800024097,2018-03-20,33,10,33063,44.8247,-0.58808,Hors intersection,Deux véhicules - par le coté,Plein jour,Normale,Voie Communale,,4,Plat,Partie rectiligne,,,normale,,Sur piste cyclable,Conducteur,1,M,65-66,Promenade - loisirs,Casque,Non déterminable,1,1,03 - mars,1 - mardi,Bordeaux
,201800024282,2018-03-20,34,19,34172,43.61701,3.86115,Intersection en X,Trois véhicules et plus - collisions multiples,Nuit avec éclairage public allumé,Normale,Voie Communale,,2,Plat,Partie rectiligne,,60,normale,Carrefour aménagé,Sur chaussée,Conducteur,2,F,25-26,Autre,Casque,Non,3,1,03 - mars,1 - mardi,Montpellier
,201800024702,2018-03-20,35,8,35238,48.11628,-1.66617,Intersection en X,Deux véhicules - par le coté,Plein jour,Temps éblouissant,Voie Communale,,1,Plat,Partie rectiligne,,,normale,Carrefour aménagé,Sur chaussée,Conducteur,2,M,61-62,Domicile - travail,Casque,Non,1,1,03 - mars,1 - mardi,Rennes
,201800025158,2018-03-20,36,16,36044,46.81681,1.68453,Giratoire,Deux véhicules - par le coté,Plein jour,Normale,Voie Communale,,,Plat,En courbe à droite,,,normale,,Sur chaussée,Conducteur,1,M,19-20,Courses - achats,Casque,Oui,1,1,03 - mars,1 - mardi,Châteauroux
,201800026753,2018-03-20,45,12,45234,47.90583,1.90974,Intersection en X,Deux véhicules - par le coté,Plein jour,Normale,Voie Communale,,2,Plat,Partie rectiligne,,121,normale,Carrefour aménagé,Sur chaussée,Conducteur,1,F,20-21,,Casque,Non,1,1,03 - mars,1 - mardi,Orléans
,201800028365,2018-03-20,54,20,54395,48.68644,6.16416,Hors intersection,Deux véhicules - par l’arrière,Nuit avec éclairage public allumé,Normale,Voie Communale,,1,Plat,Partie rectiligne,,,normale,,Sur chaussée,Conducteur,1,M,21-22,,Casque,Oui,1,1,03 - mars,1 - mardi,Nancy
,201800048135,2018-03-20,69,13,69383,45.75394,4.84742,Hors intersection,Deux véhicules - par le coté,Plein jour,Temps couvert,Voie Communale,,4,Plat,Partie rectiligne,,,normale,,Sur piste cyclable,Conducteur,0,M,35-36,,Autre,Non,1,1,03 - mars,1 - mardi,Lyon 3e  Arrondissement
,201800048135,2018-03-20,69,13,69383,45.75394,4.84742,Hors intersection,Deux véhicules - par le coté,Plein jour,Temps couvert,Voie Communale,,4,Plat,Partie rectiligne,,,normale,,Sur piste cyclable,Conducteur,2,F,18-19,,Casque,Oui,1,1,03 - mars,1 - mardi,Lyon 3e  Arrondissement
,201800010845,2018-03-19,48,14,48056,44.48347,3.36117,Hors intersection,Deux véhicules - par le coté,Plein jour,Normale,Voie Communale,,2,Bas de côte,En courbe à gauche,,,normale,,Sur chaussée,Conducteur,2,M,29-30,Promenade - loisirs,Casque,Oui,1,1,03 - mars,0 - lundi,Esclanèdes
,201800022988,2018-03-19,31,19,31557,45.58141,1.35045,Hors intersection,Deux véhicules - par le coté,Nuit avec éclairage public allumé,Pluie légère,Voie Communale,,2,Plat,Partie rectiligne,,,mouillée,,Sur chaussée,Conducteur,1,F,45-46,Domicile - travail,Equipement réfléchissant,Oui,1,1,03 - mars,0 - lundi,Tournefeuille
,201800032399,2018-03-19,69,16,69275,45.77242,4.95693,Passage à niveau,Deux véhicules - par le coté,Plein jour,Normale,Voie Communale,,2,Plat,Partie rectiligne,,90,normale,,,Conducteur,1,M,85-86,Promenade - loisirs,Autre,Non déterminable,1,1,03 - mars,0 - lundi,Décines-Charpieu
,201800034597,2018-03-19,78,8,78498,48.94414,2.06192,Hors intersection,Autre,Plein jour,Autre,Route Départementale,,2,,,,,enneigée,,Sur chaussée,Conducteur,1,M,39-40,,Autre,Non déterminable,1,,03 - mars,0 - lundi,Poissy
,201800038678,2018-03-19,92,12,92051,0,0,Hors intersection,Deux véhicules - par le coté,Plein jour,Temps couvert,Voie Communale,,2,Plat,Partie rectiligne,,,normale,,,Conducteur,1,F,16-17,Domicile - école,Autre,Non,1,1,03 - mars,0 - lundi,Neuilly-sur-Seine
,201800048134,2018-03-19,69,22,69383,45.75958,4.84783,Intersection en X,Deux véhicules - par le coté,Nuit avec éclairage public allumé,Normale,Voie Communale,,1,Plat,Partie rectiligne,,,normale,,Sur chaussée,Conducteur,2,F,20-21,,Autre,Non,1,1,03 - mars,0 - lundi,Lyon 3e  Arrondissement
,201800052685,2018-03-19,75,13,75114,48.8334,2.31238,Hors intersection,Deux véhicules - par le coté,Plein jour,Normale,Voie Communale,,1,Plat,Partie rectiligne,,,normale,,Sur piste cyclable,Conducteur,1,M,60-61,,Casque,Oui,1,1,03 - mars,0 - lundi,Paris 14e  Arrondissement
,201800025297,2018-03-18,37,12,37261,47.37372,0.6792,Hors intersection,Aucune,Plein jour,Pluie légère,Voie Communale,,2,Pente,Partie rectiligne,,,normale,,Sur chaussée,Conducteur,1,M,12-13,Domicile - travail,Casque,Non,,1,03 - mars,6 - dimanche,Tours
,201800041404,2018-03-18,94,22,94047,48.70579,2.53122,Hors intersection,Deux véhicules - par l’arrière,Nuit avec éclairage public allumé,Pluie légère,Route Départementale,,2,Plat,Partie rectiligne,,70,mouillée,,Sur chaussée,Conducteur,1,M,45-46,Promenade - loisirs,Autre,Non déterminable,1,1,03 - mars,6 - dimanche,Mandres-les-Roses
,201800015725,2018-03-17,44,20,44154,47.22576,-2.15556,Autre intersection,Deux véhicules - par le coté,Nuit avec éclairage public allumé,Normale,Voie Communale,,1,Plat,Partie rectiligne,,,normale,Carrefour aménagé,Sur chaussée,Conducteur,2,M,56-57,,Casque,Non,1,1,03 - mars,5 - samedi,Saint-Brevin-les-Pins
,201800050845,2018-03-17,75,12,75107,48.8572,2.29927,Hors intersection,Deux véhicules - par le coté,Plein jour,Pluie légère,Voie Communale,,1,Plat,,,,mouillée,,Sur piste cyclable,Conducteur,1,M,34-35,,Casque,Non déterminable,1,1,03 - mars,5 - samedi,Paris 7e  Arrondissement
,201800054957,2018-03-17,75,18,75119,48.8828,2.37033,Place,Deux véhicules - par le coté,Nuit avec éclairage public allumé,Neige - grêle,Voie Communale,,3,Plat,Partie rectiligne,,87,mouillée,Carrefour aménagé,Sur chaussée,Conducteur,1,M,31-32,,Casque,Non déterminable,1,1,03 - mars,5 - samedi,Paris 19e  Arrondissement
,201800001988,2018-03-16,1,15,1390,45.82008,5.24367,Intersection en X,Trois véhicules et plus - collisions multiples,Plein jour,Pluie légère,Route Départementale,,2,Plat,Partie rectiligne,,,normale,,Sur chaussée,Conducteur,1,M,58-59,Promenade - loisirs,Casque,Oui,1,,03 - mars,4 - vendredi,Saint-Vulbas
,201800001988,2018-03-16,1,15,1390,45.82008,5.24367,Intersection en X,Trois véhicules et plus - collisions multiples,Plein jour,Pluie légère,Route Départementale,,2,Plat,Partie rectiligne,,,normale,,Sur chaussée,Conducteur,2,M,58-59,Promenade - loisirs,Casque,Oui,1,,03 - mars,4 - vendredi,Saint-Vulbas
,201800004982,2018-03-16,37,18,37008,47.32462,0.91697,Hors intersection,Deux véhicules - par l’arrière,Plein jour,Normale,Autre,,1,Plat,Partie rectiligne,,,normale,,Sur chaussée,Conducteur,1,M,66-67,Promenade - loisirs,Casque,Non,1,1,03 - mars,4 - vendredi,Athée-sur-Cher
,201800012650,2018-03-16,43,12,43184,0,0,Hors intersection,Autre,Plein jour,Normale,Voie Communale,,2,Plat,Partie rectiligne,,49,normale,,Sur chaussée,Conducteur,1,M,64-65,Promenade - loisirs,Casque,Oui,,,03 - mars,4 - vendredi,'Saint-Ferréol-d''Auroure'
,201800024696,2018-03-16,35,14,35238,48.10623,-1.66745,Hors intersection,Aucune,Plein jour,Pluie forte,Voie Communale,,1,Plat,Partie rectiligne,,,mouillée,,Sur chaussée,Conducteur,1,M,26-27,,Casque,Non déterminable,,1,03 - mars,4 - vendredi,Rennes
,201800025259,2018-03-16,37,7,37233,47.3878,0.72687,Giratoire,Deux véhicules - par le coté,Plein jour,Normale,Voie Communale,,1,Plat,Partie rectiligne,,,normale,Carrefour aménagé,Sur chaussée,Conducteur,1,M,29-30,Domicile - travail,Casque,Non,1,1,03 - mars,4 - vendredi,Saint-Pierre-des-Corps
,201800026332,2018-03-16,44,8,44109,47.21606,-1.56586,Intersection en X,Deux véhicules - par le coté,Plein jour,Normale,Voie Communale,,2,Plat,Partie rectiligne,,,normale,,Sur chaussée,Conducteur,1,F,30-31,,Casque,Non déterminable,1,1,03 - mars,4 - vendredi,Nantes
,201800028362,2018-03-16,54,18,54578,48.65691,6.13256,Intersection en Y,Autre,Nuit avec éclairage public allumé,Normale,Voie Communale,,2,Plat,Partie rectiligne,,,normale,,Sur chaussée,Conducteur,1,F,38-39,,Casque,Oui,1,1,03 - mars,4 - vendredi,Villers-lès-Nancy
,201800031686,2018-03-16,67,20,67482,48.59884,7.7529,Hors intersection,Deux véhicules - par le coté,Nuit avec éclairage public allumé,Normale,Voie Communale,,4,Plat,Partie rectiligne,20,57,,,Sur chaussée,Conducteur,1,F,20-21,Promenade - loisirs,Casque,Non,1,1,03 - mars,4 - vendredi,Strasbourg
,201800036621,2018-03-16,91,12,91174,48.61086,2.45334,Giratoire,Deux véhicules - par l’arrière,Plein jour,Autre,Route Départementale,,1,Plat,En courbe à gauche,,,,Carrefour aménagé,Sur chaussée,Conducteur,2,M,64-65,Autre,Equipement réfléchissant,Non déterminable,1,1,03 - mars,4 - vendredi,Corbeil-Essonnes
,201800038420,2018-03-16,92,20,92020,48.80103,2.28107,Hors intersection,Aucune,Nuit avec éclairage public allumé,Pluie légère,Voie Communale,,2,Pente,Partie rectiligne,,86,mouillée,,Sur chaussée,Conducteur,2,F,47-48,Domicile - travail,Equipement réfléchissant,Oui,,1,03 - mars,4 - vendredi,Châtillon
,201800050768,2018-03-16,75,20,75106,48.8487,2.33263,Intersection en X,Autre,Crépuscule ou aube,Temps couvert,Voie Communale,,2,Plat,Partie rectiligne,,70,mouillée,,Sur chaussée,Conducteur,0,M,32-33,Autre,Casque,Non déterminable,,1,03 - mars,4 - vendredi,Paris 6e  Arrondissement
,201800051017,2018-03-16,75,9,75108,48.8738,2.3177,Hors intersection,Deux véhicules - par le coté,Plein jour,Normale,Voie Communale,,1,Plat,Partie rectiligne,,100,normale,,Sur chaussée,Conducteur,1,M,32-33,Domicile - travail,Casque,Oui,1,1,03 - mars,4 - vendredi,Paris 8e  Arrondissement
,201800051461,2018-03-16,75,9,75110,48.8793,2.35334,Intersection en Y,Deux véhicules - par le coté,Plein jour,Normale,Voie Communale,,4,Plat,Partie rectiligne,25,70,normale,,Sur piste cyclable,Conducteur,1,F,37-38,Domicile - travail,Casque,Oui,1,1,03 - mars,4 - vendredi,Paris 10e  Arrondissement
,201800006793,2018-03-15,74,18,74081,46.07115,6.56702,Hors intersection,Deux véhicules - frontale,Crépuscule ou aube,Normale,Voie Communale,,2,Plat,Partie rectiligne,,,mouillée,,Sur chaussée,Conducteur,1,M,63-64,Promenade - loisirs,Autre,Non,1,1,03 - mars,3 - jeudi,Cluses
,201800012832,2018-03-15,64,14,64511,43.3681,-0.40857,Hors intersection,Deux véhicules - frontale,Plein jour,Normale,Route Départementale,,2,Plat,Partie rectiligne,,,normale,,Sur chaussée,Conducteur,3,M,46-47,Promenade - loisirs,Casque,Oui,1,,03 - mars,3 - jeudi,Sauvagnon
,201800015340,2018-03-15,29,20,29149,48.46525,-4.51568,Hors intersection,Deux véhicules - par l’arrière,Nuit sans éclairage public,Normale,Route Départementale,,2,Plat,Partie rectiligne,,,normale,,Sur chaussée,Conducteur,2,M,55-56,Domicile - travail,Casque,Oui,1,,03 - mars,3 - jeudi,Milizac
,201800016301,2018-03-15,34,13,34300,43.43522,3.29322,Hors intersection,Deux véhicules - par l’arrière,Plein jour,Normale,Route Départementale,,2,Plat,Partie rectiligne,,,normale,,Sur chaussée,Conducteur,2,M,53-54,Promenade - loisirs,Casque,Oui,1,,03 - mars,3 - jeudi,Servian
,201800022977,2018-03-15,31,8,31555,43.59779,1.44213,Hors intersection,Autre,Plein jour,Normale,Voie Communale,,1,Plat,Partie rectiligne,,,normale,,Sur chaussée,Conducteur,2,F,49-50,,Casque,Non,1,1,03 - mars,3 - jeudi,Toulouse
,201800022979,2018-03-15,31,20,31555,49.5973,1.4211,Hors intersection,Deux véhicules - frontale,Nuit avec éclairage public allumé,Normale,Voie Communale,,2,Plat,Partie rectiligne,,,normale,,Sur chaussée,Conducteur,1,M,30-31,,Casque,Non déterminable,1,1,03 - mars,3 - jeudi,Toulouse
,201800024095,2018-03-15,33,20,33063,44.846,-0.58501,Intersection en X,Deux véhicules - par le coté,Nuit avec éclairage public allumé,Normale,Voie Communale,,1,Plat,Partie rectiligne,,,normale,Carrefour aménagé,,Conducteur,1,F,46-47,Domicile - travail,Casque,Non déterminable,1,1,03 - mars,3 - jeudi,Bordeaux
,201800027190,2018-03-15,49,7,49007,47.46962,-0.56102,Hors intersection,Aucune,Nuit avec éclairage public allumé,Normale,Voie Communale,,3,Pente,Partie rectiligne,,58,mouillée,,Sur piste cyclable,Conducteur,1,M,19-20,Domicile - travail,Casque,Non déterminable,,1,03 - mars,3 - jeudi,Angers
,201800035002,2018-03-15,80,14,80021,49.87957,2.30848,Hors intersection,Autre,Plein jour,Normale,Voie Communale,,1,Plat,Partie rectiligne,,,normale,,Sur chaussée,Conducteur,1,M,19-20,Autre,Casque,Oui,1,1,03 - mars,3 - jeudi,Amiens
,201800053299,2018-03-15,75,17,75116,48.8577,2.26351,Place,Deux véhicules - par le coté,Plein jour,Normale,Voie Communale,,1,Plat,Partie rectiligne,,,normale,,Sur piste cyclable,Conducteur,1,F,49-50,Domicile - travail,Casque,Oui,1,1,03 - mars,3 - jeudi,Paris 16e  Arrondissement
,201800053300,2018-03-15,75,19,75116,48.8581,2.24688,Intersection en X,Deux véhicules - par le coté,Nuit avec éclairage public allumé,Pluie légère,Voie Communale,,2,Plat,Partie rectiligne,,,mouillée,,Sur chaussée,Conducteur,1,M,21-22,Autre,Casque,Non déterminable,1,1,03 - mars,3 - jeudi,Paris 16e  Arrondissement
,201800056585,2018-03-15,971,10,97101,0,0,Intersection en Y,Deux véhicules - par l’arrière,Plein jour,Normale,Route Nationale,,2,Plat,Partie rectiligne,10,70,normale,Bretelle d’échangeur ou de raccordement,Sur chaussée,Conducteur,2,F,35-36,Autre,Casque,Oui,1,,03 - mars,3 - jeudi,Abymes
,201800001145,2018-03-14,33,15,33341,45.07599,-0.49796,Giratoire,Deux véhicules - par le coté,Plein jour,Temps couvert,Route Départementale,,2,Pente,En courbe à droite,,,normale,Carrefour aménagé,Sur chaussée,Conducteur,2,M,74-75,Promenade - loisirs,Casque,Oui,1,1,03 - mars,2 - mercredi,Pugnac
,201800006533,2018-03-14,38,19,38486,45.16259,5.69663,Hors intersection,Deux véhicules - frontale,Nuit avec éclairage public allumé,Normale,Voie Communale,,2,Plat,Partie rectiligne,,,normale,,Sur chaussée,Conducteur,0,M,51-52,Promenade - loisirs,Casque,Oui,1,1,03 - mars,2 - mercredi,Seyssins