test,identifiantAccident,date,departement,heure,commune,lat,lon,typeIntersection,typeCollision,luminosite,conditionsAtmosperiques,typeRoute,circulation,nbVoies,profilLongRoute,tracePlanRoute,largeurTPC,largeurRoute,etatSurface,amenagement,situation,categorieUsager,graviteAccident,sexe,age,motifDeplacement,existenceSecurite,usageSecurite,nombreAutresVehicules,enAgglomeration,mois,jour,NCCENR
,201800007740,2018-03-14,11,18,11262,43.18329,3.00152,Hors intersection,Deux véhicules - par le coté,Plein jour,Normale,Voie Communale,,2,Plat,Partie rectiligne,,,normale,,Sur chaussée,Conducteur,2,M,26-27,Autre,Casque,Non déterminable,1,1,03 - mars,2 - mercredi,Narbonne
,201800008666,2018-03-14,13,12,13055,43.25265,5.38215,Hors intersection,Deux véhicules - par le coté,Plein jour,Normale,Voie Communale,,2,Plat,Partie rectiligne,,60,normale,,Sur chaussée,Conducteur,1,M,13-14,Domicile - école,Casque,Non,1,1,03 - mars,2 - mercredi,Marseille
,201800012864,2018-03-14,64,16,64148,43.1168,-0.3019,Hors intersection,Deux véhicules - par le coté,Plein jour,Normale,Voie Communale,,2,Pente,En courbe à droite,,,autre,,Sur chaussée,Conducteur,1,M,12-13,Promenade - loisirs,Casque,,1,,03 - mars,2 - mercredi,Bruges-Capbis-Mifaget
,201800022975,2018-03-14,31,11,31555,43.5934,1.44418,Hors intersection,Deux véhicules - par le coté,Plein jour,Normale,Voie Communale,,2,Plat,Partie rectiligne,,,normale,,Sur chaussée,Conducteur,2,M,36-37,,Casque,Oui,1,1,03 - mars,2 - mercredi,Toulouse
,201800027701,2018-03-14,50,17,50129,49.64218,-1.63703,Intersection en X,Deux véhicules - par le coté,Plein jour,Normale,Route Départementale,,4,Plat,Partie rectiligne,,,normale,Carrefour aménagé,Sur chaussée,Conducteur,1,F,19-20,Promenade - loisirs,Casque,Non,1,1,03 - mars,2 - mercredi,Cherbourg-en-Cotentin
,201800030761,2018-03-14,64,19,64445,43.3003,-0.36607,Intersection en T,Deux véhicules - par le coté,Crépuscule ou aube,Normale,Voie Communale,,1,Plat,Partie rectiligne,,40,normale,,,Conducteur,1,M,47-48,Domicile - travail,Equipement réfléchissant,Oui,1,1,03 - mars,2 - mercredi,Pau
,201800038357,2018-03-14,92,15,92048,48.8079,2.23595,Intersection en X,Autre,Plein jour,Normale,Voie Communale,,2,Plat,Partie rectiligne,30,60,normale,,Sur chaussée,Conducteur,1,F,44-45,Promenade - loisirs,Casque,Non,1,1,03 - mars,2 - mercredi,Meudon
,201800042833,2018-03-14,94,12,94068,48.7916,2.5035,Intersection en X,Deux véhicules - par le coté,Plein jour,Normale,Voie Communale,,2,Plat,Partie rectiligne,,80,normale,,Sur chaussée,Conducteur,1,M,17-18,,Autre,Non,1,1,03 - mars,2 - mercredi,Saint-Maur-des-Fossés
,201800007133,2018-03-13,78,17,78043,48.83868,2.08707,Hors intersection,Deux véhicules - frontale,Plein jour,Normale,Route Départementale,,2,Pente,Partie rectiligne,,,normale,Carrefour aménagé,Sur chaussée,Conducteur,2,M,43-44,Promenade - loisirs,Casque,,1,1,03 - mars,1 - mardi,Bailly
,201800019616,2018-03-13,17,18,17300,46.15377,-1.18705,Hors intersection,Deux véhicules - par le coté,Plein jour,Normale,Voie Communale,,2,Plat,Partie rectiligne,,74,normale,,Sur chaussée,Conducteur,2,M,20-21,Promenade - loisirs,Casque,Oui,1,1,03 - mars,1 - mardi,Rochelle
,201800022019,2018-03-13,29,9,29019,48.4259,-4.47045,Intersection en T,Autre,Plein jour,Normale,Voie Communale,,2,Pente,Partie rectiligne,,,normale,,Sur chaussée,Conducteur,1,M,17-18,Autre,Casque,Non déterminable,1,1,03 - mars,1 - mardi,Brest
,201800022973,2018-03-13,31,22,31555,43.61652,1.4537,Hors intersection,Deux véhicules - par le coté,Nuit avec éclairage public allumé,Normale,Route Départementale,,2,Plat,Partie rectiligne,,,normale,,Sur chaussée,Conducteur,1,F,25-26,Promenade - loisirs,Casque,Non,1,1,03 - mars,1 - mardi,Toulouse
,201800051959,2018-03-13,75,15,75112,48.8371,2.39,Intersection en X,Deux véhicules - par l’arrière,Plein jour,Normale,Voie Communale,,,Plat,Partie rectiligne,,,normale,Souterrain - tunnel,Sur chaussée,Conducteur,1,M,28-29,Promenade - loisirs,Casque,Non déterminable,1,1,03 - mars,1 - mardi,Paris 12e  Arrondissement
,201800052357,2018-03-13,75,16,75113,48.8245,2.35785,Intersection en T,Autre,Plein jour,Pluie légère,Voie Communale,,4,Pente,Partie rectiligne,,110,normale,,Sur piste cyclable,Conducteur,0,M,30-31,Promenade - loisirs,Casque,Non déterminable,,1,03 - mars,1 - mardi,Paris 13e  Arrondissement
,201800056293,2018-03-13,973,15,97307,4.89505,-52.3307,Intersection en T,Deux véhicules - par le coté,Plein jour,Normale,Voie Communale,,1,Plat,Partie rectiligne,,,normale,,Sur chaussée,Conducteur,3,M,50-51,Autre,Casque,Non,1,,03 - mars,1 - mardi,Matoury
,201800018184,2018-03-12,80,17,80410,49.74966,3.07662,Hors intersection,Aucune,Plein jour,Pluie légère,Voie Communale,,2,Pente,Partie rectiligne,,,mouillée,,Sur chaussée,Conducteur,2,M,11-12,Domicile - école,Casque,Oui,,1,03 - mars,0 - lundi,Ham
,201800024094,2018-03-12,33,14,33063,44.845,-0.59152,Hors intersection,Deux véhicules - par le coté,Plein jour,Normale,Voie Communale,,2,Plat,Partie rectiligne,,,normale,,Sur chaussée,Conducteur,1,F,50-51,Domicile - travail,Casque,Non déterminable,1,1,03 - mars,0 - lundi,Bordeaux
,201800024687,2018-03-12,35,9,35238,48.12141,-1.70599,Hors intersection,Deux véhicules - par l’arrière,Plein jour,Normale,Voie Communale,,1,Plat,En courbe à droite,,,normale,,Sur chaussée,Conducteur,1,M,20-21,Domicile - école,Casque,Non,1,1,03 - mars,0 - lundi,Rennes
,201800025129,2018-03-12,36,9,36044,46.8072,1.6836,Intersection en X,Deux véhicules - par le coté,Plein jour,Normale,Voie Communale,,2,Plat,Partie rectiligne,,,normale,,Sur chaussée,Conducteur,1,F,23-24,Domicile - travail,Casque,Oui,1,1,03 - mars,0 - lundi,Châteauroux
,201800028352,2018-03-12,54,11,54357,48.70762,6.16658,Hors intersection,Autre,Plein jour,Normale,Voie Communale,,2,Plat,Partie rectiligne,,,normale,,Sur chaussée,Conducteur,1,M,60-61,,Casque,Non,1,1,03 - mars,0 - lundi,Maxéville
,201800029019,2018-03-12,57,16,57143,49.25877,6.08333,Giratoire,Deux véhicules - par le coté,Plein jour,Temps couvert,Route Départementale,,2,Plat,En courbe à droite,,95,mouillée,,Sur chaussée,Conducteur,2,M,79-80,Promenade - loisirs,Autre,Non déterminable,1,,03 - mars,0 - lundi,Clouange
,201800031680,2018-03-12,67,7,67482,48.57076,7.71009,Intersection en T,Autre,Plein jour,Pluie légère,Voie Communale,,2,Plat,Partie rectiligne,15,60,mouillée,Voie ferrée,Sur chaussée,Conducteur,1,M,55-56,Domicile - travail,Autre,Non déterminable,1,1,03 - mars,0 - lundi,Strasbourg
,201800047412,2018-03-12,69,8,69382,45.76012,4.83786,Hors intersection,Deux véhicules - par le coté,Plein jour,Pluie légère,Voie Communale,,3,Plat,Partie rectiligne,,,mouillée,,Sur chaussée,Conducteur,1,F,57-58,Domicile - travail,Autre,Non,1,1,03 - mars,0 - lundi,Lyon 2e  Arrondissement
,201800054031,2018-03-12,75,18,75118,48.8839,2.34946,Intersection à plus de 4 branches,Deux véhicules - par le coté,Plein jour,Normale,Voie Communale,,2,Plat,,,20,normale,,Sur chaussée,Conducteur,1,F,60-61,Domicile - travail,Casque,Non déterminable,1,1,03 - mars,0 - lundi,Paris 18e  Arrondissement
,201800013142,2018-03-11,60,4,60636,49.4751,2.8819,Intersection en T,Deux véhicules - frontale,Nuit avec éclairage public allumé,Pluie forte,Route Départementale,,2,Pente,Partie rectiligne,,,mouillée,,Sur chaussée,Conducteur,1,M,30-31,Domicile - travail,Casque,Non,1,1,03 - mars,6 - dimanche,Thourotte
,201800019993,2018-03-11,62,9,62424,50.21308,2.94969,Hors intersection,Deux véhicules - par l’arrière,Plein jour,Normale,Route Départementale,,2,Plat,Partie rectiligne,,,normale,,Sur chaussée,Conducteur,3,M,67-68,Promenade - loisirs,Casque,Oui,1,,03 - mars,6 - dimanche,Hendecourt-lès-Cagnicourt
,201800028688,2018-03-11,56,12,56121,47.75711,-3.38723,Hors intersection,Aucune,Plein jour,Normale,Voie Communale,,2,Plat,Partie rectiligne,,,normale,,Sur piste cyclable,Conducteur,1,M,42-43,Promenade - loisirs,Casque,Oui,,1,03 - mars,6 - dimanche,Lorient
,201800052355,2018-03-11,75,14,75113,48.8389,2.36978,Intersection en T,Autre,Plein jour,Normale,Voie Communale,,2,Plat,Partie rectiligne,,90,normale,,Sur piste cyclable,Conducteur,1,M,51-52,Promenade - loisirs,Casque,Oui,1,1,03 - mars,6 - dimanche,Paris 13e  Arrondissement
,201800000512,2018-03-10,35,15,35236,47.6576,-2.08427,Giratoire,Deux véhicules - par le coté,Plein jour,Normale,Route Départementale,,1,Sommet de côte,En courbe à gauche,,,normale,Carrefour aménagé,Sur chaussée,Conducteur,2,M,56-57,Promenade - loisirs,Casque,Oui,1,1,03 - mars,5 - samedi,Redon
,201800005889,2018-03-10,21,1,21515,47.31248,5.10295,Hors intersection,Deux véhicules - frontale,Nuit avec éclairage public allumé,Pluie légère,Route Départementale,,3,Plat,Partie rectiligne,,,mouillée,,Sur chaussée,Conducteur,1,M,56-57,Domicile - travail,Autre,Oui,1,,03 - mars,5 - samedi,Quetigny
,201800020707,2018-03-10,21,11,21231,47.20265,5.24104,Intersection en T,Deux véhicules - par le coté,Plein jour,Pluie légère,Voie Communale,,4,Plat,Partie rectiligne,,,mouillée,,Sur chaussée,Conducteur,2,M,89-90,Promenade - loisirs,Autre,Non déterminable,1,1,03 - mars,5 - samedi,Dijon
,201800026748,2018-03-10,45,11,45234,47.89131,1.90479,Hors intersection,Deux véhicules - par l’arrière,Plein jour,Normale,Voie Communale,,2,Plat,Partie rectiligne,,30,normale,,Sur chaussée,Conducteur,2,M,19-20,Domicile - travail,Autre,Non,1,1,03 - mars,5 - samedi,Orléans
,201800042740,2018-03-10,94,17,94052,48.83205,2.4765,Intersection en T,Deux véhicules - par le coté,Plein jour,Normale,Voie Communale,,2,Plat,Partie rectiligne,,62,normale,,Sur chaussée,Conducteur,1,M,55-56,Autre,Autre,Non déterminable,1,1,03 - mars,5 - samedi,Nogent-sur-Marne
,201800047410,2018-03-10,69,20,69149,45.7096,4.8209,Intersection en T,Aucune,Nuit avec éclairage public allumé,Normale,Voie Communale,,2,Pente,Partie rectiligne,8,50,normale,Carrefour aménagé,Sur chaussée,Conducteur,2,M,47-48,,Casque,Non,,1,03 - mars,5 - samedi,Oullins
,201800048124,2018-03-10,69,16,69387,45.74768,4.8388,Hors intersection,Deux véhicules - par le coté,Plein jour,Normale,Voie Communale,,1,Plat,Partie rectiligne,,,normale,,Sur chaussée,Conducteur,1,M,19-20,Promenade - loisirs,Autre,Non,1,1,03 - mars,5 - samedi,Lyon 7e  Arrondissement
,201800054353,2018-03-10,75,,75119,48.8872,2.38076,Intersection en T,Autre,Nuit avec éclairage public allumé,Normale,Voie Communale,,1,Plat,Partie rectiligne,,30,normale,,Sur piste cyclable,Conducteur,1,F,53-54,Promenade - loisirs,Casque,Non déterminable,1,1,03 - mars,5 - samedi,Paris 19e  Arrondissement
,201800017596,2018-03-09,11,10,11358,42.82345,2.22873,Hors intersection,Deux véhicules - par l’arrière,Plein jour,Normale,Route Départementale,,2,Plat,Partie rectiligne,,,normale,Souterrain - tunnel,Sur chaussée,Conducteur,2,M,60-61,Promenade - loisirs,Equipement réfléchissant,Non,1,,03 - mars,4 - vendredi,Saint-Martin-Lys
,201800019614,2018-03-09,17,8,17300,46.15859,-1.14937,Hors intersection,Deux véhicules - par l’arrière,Plein jour,Normale,Voie Communale,,1,Plat,Partie rectiligne,,38,normale,,Sur chaussée,Conducteur,2,M,40-41,Domicile - travail,Casque,Non,1,1,03 - mars,4 - vendredi,Rochelle
,201800019615,2018-03-09,17,14,17300,46.14774,-1.15849,Intersection en T,Deux véhicules - par le coté,Plein jour,Normale,Voie Communale,,2,Plat,Partie rectiligne,,90,normale,,Sur chaussée,Conducteur,1,F,18-19,Domicile - école,Casque,Non,1,1,03 - mars,4 - vendredi,Rochelle
,201800028687,2018-03-09,56,12,56121,47.73945,-3.37959,Giratoire,Deux véhicules - par le coté,Plein jour,Normale,Voie Communale,,2,Plat,En courbe à gauche,,,normale,,Sur chaussée,Conducteur,1,F,20-21,Utilisation professionnelle,Casque,Oui,1,1,03 - mars,4 - vendredi,Lorient
,201800031677,2018-03-09,67,1,67482,48.56165,7.6958,Hors intersection,Deux véhicules - frontale,Nuit avec éclairage public allumé,Normale,Voie Communale,,,Plat,Partie rectiligne,,60,normale,,Sur chaussée,Conducteur,1,M,22-23,Promenade - loisirs,Autre,Non,1,1,03 - mars,4 - vendredi,Strasbourg
,201800033736,2018-03-09,76,19,76351,49.51271,0.11068,Intersection en X,Deux véhicules - par le coté,Nuit avec éclairage public allumé,Normale,Voie Communale,,1,Plat,Partie rectiligne,,53,mouillée,,Sur chaussée,Conducteur,1,M,43-44,Promenade - loisirs,Casque,Non,1,1,03 - mars,4 - vendredi,Havre
,201800037996,2018-03-09,92,18,92026,48.8877,2.2531,Hors intersection,Autre,Crépuscule ou aube,Pluie légère,Autre,,1,Pente,Partie rectiligne,10,30,mouillée,Zone piétonne,Sur chaussée,Conducteur,0,F,43-44,Domicile - travail,Casque,Non,,1,03 - mars,4 - vendredi,Courbevoie
,201800037996,2018-03-09,92,18,92026,48.8877,2.2531,Hors intersection,Autre,Crépuscule ou aube,Pluie légère,Autre,,1,Pente,Partie rectiligne,10,30,mouillée,Zone piétonne,Sur chaussée,Piéton,1,F,86-87,,,,,1,03 - mars,4 - vendredi,Courbevoie
,201800038995,2018-03-09,92,9,92022,48.80051,2.18932,Giratoire,Deux véhicules - par le coté,Plein jour,Normale,Voie Communale,,1,Sommet de côte,,,100,normale,,Sur chaussée,Conducteur,1,F,32-33,Autre,Casque,Non,1,1,03 - mars,4 - vendredi,Chaville
,201800041555,2018-03-09,94,11,94017,48.81118,2.55661,Intersection en X,Deux véhicules - par le coté,Plein jour,Pluie légère,Voie Communale,,2,Plat,Partie rectiligne,17,25,mouillée,,Sur chaussée,Conducteur,1,M,29-30,Utilisation professionnelle,Casque,Oui,1,1,03 - mars,4 - vendredi,Champigny-sur-Marne
,201800051954,2018-03-09,75,9,75112,48.8434,2.37071,Intersection en X,Autre,Plein jour,Pluie légère,Voie Communale,,3,Plat,Partie rectiligne,,80,mouillée,,Sur trottoir,Conducteur,0,M,39-40,Domicile - travail,Casque,Non déterminable,,1,03 - mars,4 - vendredi,Paris 12e  Arrondissement
,201800052950,2018-03-09,75,18,75115,48.8441,2.3231,Place,Deux véhicules - par le coté,Crépuscule ou aube,Pluie légère,Voie Communale,,6,Pente,En « S »,20,250,mouillée,,Sur chaussée,Conducteur,1,F,55-56,Domicile - travail,Casque,Non déterminable,1,1,03 - mars,4 - vendredi,Paris 15e  Arrondissement
,201800004776,2018-03-08,77,14,77238,48.91413,3.15554,Intersection en Y,Deux véhicules - par le coté,Plein jour,Pluie légère,Route Départementale,,2,Pente,Partie rectiligne,,,mouillée,,Sur chaussée,Conducteur,2,M,46-47,Promenade - loisirs,Casque,Oui,1,,03 - mars,3 - jeudi,Jouarre
,201800004880,2018-03-08,45,10,45089,47.88994,2.02732,Hors intersection,Aucune,Plein jour,Normale,Voie Communale,,2,Plat,Partie rectiligne,,,normale,,Sur chaussée,Conducteur,3,M,85-86,Courses - achats,Casque,Non,,,03 - mars,3 - jeudi,Chécy
,201800021183,2018-03-08,59,22,59653,50.56622,2.92894,Hors intersection,Deux véhicules - par le coté,Nuit sans éclairage public,Autre,Route Départementale,,2,Plat,Partie rectiligne,,,normale,,Sur chaussée,Conducteur,2,M,61-62,Promenade - loisirs,Casque,Oui,1,,03 - mars,3 - jeudi,Wavrin
,201800023748,2018-03-08,31,18,31467,43.7166,1.40632,Giratoire,Deux véhicules - par le coté,Crépuscule ou aube,Temps éblouissant,Route Départementale,,2,Plat,En courbe à gauche,,,normale,Carrefour aménagé,Sur chaussée,Conducteur,2,M,69-70,Promenade - loisirs,Casque,Oui,1,1,03 - mars,3 - jeudi,Saint-Alban
,201800027180,2018-03-08,49,23,49007,47.4759,-0.54922,Hors intersection,Deux véhicules - par le coté,Nuit avec éclairage public allumé,Normale,Voie Communale,,1,,,,,,,Sur chaussée,Conducteur,1,M,22-23,,Casque,Non,1,1,03 - mars,3 - jeudi,Angers
,201800031609,2018-03-08,67,10,67462,48.25742,7.45393,Hors intersection,Autre,Plein jour,Normale,Voie Communale,,1,Plat,Partie rectiligne,,,normale,,Sur trottoir,Conducteur,0,M,55-56,,Autre,Non déterminable,,1,03 - mars,3 - jeudi,Sélestat
,201800031675,2018-03-08,67,5,67482,48.57173,7.75493,Intersection en Y,Deux véhicules - par le coté,Nuit avec éclairage public allumé,Pluie légère,Voie Communale,,2,Plat,Partie rectiligne,,40,mouillée,Carrefour aménagé,Sur chaussée,Conducteur,2,M,55-56,,Autre,Non déterminable,1,1,03 - mars,3 - jeudi,Strasbourg
,201800031676,2018-03-08,67,9,67482,48.57665,7.74139,Hors intersection,Autre,Plein jour,Normale,Voie Communale,,1,Plat,Partie rectiligne,,30,normale,,Sur chaussée,Conducteur,0,M,32-33,,Autre,Non déterminable,,1,03 - mars,3 - jeudi,Strasbourg
,201800034996,2018-03-08,80,7,80021,49.89389,2.29423,Intersection en X,Deux véhicules - par le coté,Plein jour,Normale,Voie Communale,,1,Plat,Partie rectiligne,,,normale,,Sur chaussée,Conducteur,1,M,59-60,Autre,Casque,Oui,1,1,03 - mars,3 - jeudi,Amiens
,201800035778,2018-03-08,85,11,85166,46.53747,1.77638,Intersection en X,Deux véhicules - par le coté,Plein jour,Normale,Route Départementale,,2,Pente,Partie rectiligne,,,normale,,Sur chaussée,Conducteur,3,M,68-69,Promenade - loisirs,Casque,Oui,1,1,03 - mars,3 - jeudi,Olonne-sur-Mer
,201800050666,2018-03-08,75,15,75105,48.8488,2.34172,Place,Autre,Plein jour,Pluie légère,Voie Communale,,4,Pente,,,,mouillée,,Sur chaussée,Conducteur,0,M,32-33,,Casque,Non déterminable,,1,03 - mars,3 - jeudi,Paris 5e  Arrondissement
,201800052948,2018-03-08,75,8,75115,48.8451,2.28949,Intersection en X,Deux véhicules - par le coté,Plein jour,Temps couvert,Voie Communale,,2,Plat,Partie rectiligne,,,normale,,Sur chaussée,Conducteur,1,M,32-33,Autre,Casque,Non déterminable,1,1,03 - mars,3 - jeudi,Paris 15e  Arrondissement
,201800057420,2018-03-08,974,19,97416,-21.29654,55.45071,Hors intersection,Deux véhicules - par le coté,Crépuscule ou aube,Normale,Route Départementale,,2,Plat,Partie rectiligne,,60,normale,,Sur chaussée,Conducteur,1,M,21-22,Promenade - loisirs,Equipement réfléchissant,Non,1,1,03 - mars,3 - jeudi,Saint-Pierre
,201800018942,2018-03-07,56,18,56244,47.8114,-2.49199,Hors intersection,Aucune,Crépuscule ou aube,Normale,Route Départementale,,2,Plat,Partie rectiligne,,,normale,,Sur chaussée,Conducteur,2,M,14-15,Promenade - loisirs,Casque,Non,,,03 - mars,2 - mercredi,Sérent
,201800020759,2018-03-07,22,14,22113,48.73407,-3.4443,Hors intersection,Deux véhicules - par le coté,Plein jour,Normale,Voie Communale,,1,Plat,Partie rectiligne,,50,normale,,Sur chaussée,Conducteur,1,F,38-39,Utilisation professionnelle,Casque,Oui,1,1,03 - mars,2 - mercredi,Lannion
,201800022015,2018-03-07,29,20,29019,48.39338,-4.48114,Intersection en X,Deux véhicules - par le coté,Nuit avec éclairage public allumé,Normale,Voie Communale,,2,Pente,Partie rectiligne,,,normale,,Sur chaussée,Conducteur,1,M,22-23,Domicile - travail,Casque,Non,1,1,03 - mars,2 - mercredi,Brest
,201800029357,2018-03-07,59,19,59375,50.43531,3.26181,Hors intersection,Deux véhicules - frontale,Nuit avec éclairage public allumé,Normale,Route Départementale,,2,Plat,Partie rectiligne,,,normale,,Sur piste cyclable,Conducteur,3,F,63-64,Autre,Autre,Non déterminable,1,1,03 - mars,2 - mercredi,Marchiennes
,201800029476,2018-03-07,59,18,59350,50.63456,3.03025,Hors intersection,Autre,Plein jour,Normale,Voie Communale,,2,Plat,Partie rectiligne,,,normale,,Sur piste cyclable,Conducteur,1,M,29-30,Domicile - travail,Autre,Non déterminable,,1,03 - mars,2 - mercredi,Lille
,201800039347,2018-03-07,93,15,93005,48.92596,2.48667,Hors intersection,Deux véhicules - par le coté,Plein jour,Neige - grêle,Voie Communale,,2,Plat,En « S »,,,mouillée,,Sur chaussée,Conducteur,2,M,34-35,Domicile - travail,Casque,Non déterminable,1,1,03 - mars,2 - mercredi,Aulnay-sous-Bois
,201800047405,2018-03-07,69,8,69149,45.717,4.812,Hors intersection,Autre,Plein jour,Normale,Voie Communale,,2,Plat,Partie rectiligne,,76,normale,,Sur chaussée,Conducteur,1,M,46-47,Domicile - travail,Casque,Non,1,1,03 - mars,2 - mercredi,Oullins
,201800050429,2018-03-07,75,7,75103,48.8634,2.35094,Intersection en X,Deux véhicules - par le coté,Nuit avec éclairage public allumé,Pluie légère,Voie Communale,,4,Plat,Partie rectiligne,,160,mouillée,,Sur chaussée,Conducteur,1,M,27-28,Domicile - travail,Casque,Oui,1,1,03 - mars,2 - mercredi,Paris 3e  Arrondissement
,201800050430,2018-03-07,75,8,75103,48.8634,2.35094,Intersection en X,Deux véhicules - par le coté,Plein jour,Pluie légère,Voie Communale,,4,Plat,Partie rectiligne,,160,mouillée,,Sur chaussée,Conducteur,1,M,18-19,Domicile - travail,Casque,Non déterminable,1,1,03 - mars,2 - mercredi,Paris 3e  Arrondissement
,201800052351,2018-03-07,75,15,75113,48.8189,2.35952,Intersection en X,Autre,Plein jour,Pluie légère,Voie Communale,,6,Plat,Partie rectiligne,,150,mouillée,,Sur chaussée,Conducteur,0,M,41-42,Utilisation professionnelle,Casque,Oui,,1,03 - mars,2 - mercredi,Paris 13e  Arrondissement
,201800054677,2018-03-07,75,20,75120,48.8679,2.38657,Intersection en T,Autre,Nuit avec éclairage public allumé,Normale,Voie Communale,,2,Pente,Partie rectiligne,,68,normale,,Sur chaussée,Conducteur,1,F,19-20,Domicile - travail,Casque,Oui,1,1,03 - mars,2 - mercredi,Paris 20e  Arrondissement
,201800056369,2018-03-07,974,19,97414,-21.27922,55.41315,Giratoire,Trois véhicules et plus - collisions multiples,Nuit avec éclairage public allumé,Normale,Route Départementale,,2,Pente,Partie rectiligne,,,normale,Carrefour aménagé,Sur chaussée,Conducteur,1,M,13-14,Promenade - loisirs,Casque,,2,1,03 - mars,2 - mercredi,Saint-Louis
,201800013738,2018-03-06,6,11,6032,43.72178,7.3993,Hors intersection,Trois véhicules et plus - collisions multiples,Plein jour,Normale,Route Départementale,,2,Pente,Partie rectiligne,,,normale,,Sur chaussée,Conducteur,3,M,61-62,Promenade - loisirs,Casque,Oui,2,1,03 - mars,1 - mardi,'Cap-d''Ail'
,201800025255,2018-03-06,37,18,37261,47.38765,0.69332,Hors intersection,Autre,Plein jour,Normale,Voie Communale,,1,Plat,Partie rectiligne,,,normale,,Sur chaussée,Conducteur,1,F,22-23,,Casque,Non,,1,03 - mars,1 - mardi,Tours
,201800025255,2018-03-06,37,18,37261,47.38765,0.69332,Hors intersection,Autre,Plein jour,Normale,Voie Communale,,1,Plat,Partie rectiligne,,,normale,,Sur chaussée,Piéton,0,F,28-29,Domicile - travail,,,,1,03 - mars,1 - mardi,Tours
,201800035246,2018-03-06,82,7,82033,44.04508,1.11477,Giratoire,Deux véhicules - par le coté,Plein jour,Normale,Route Départementale,,2,Plat,Partie rectiligne,,83,mouillée,Carrefour aménagé,Sur chaussée,Conducteur,1,M,48-49,Domicile - travail,Casque,Non,1,1,03 - mars,1 - mardi,Castelsarrasin
,201800050532,2018-03-06,75,19,75104,48.8544,2.35494,Intersection en X,Autre,Nuit avec éclairage public allumé,Pluie légère,Voie Communale,,4,Plat,Partie rectiligne,,120,mouillée,,Sur chaussée,Conducteur,0,M,25-26,Domicile - travail,Casque,Oui,,1,03 - mars,1 - mardi,Paris 4e  Arrondissement
,201800052947,2018-03-06,75,20,75115,48.8524,2.29662,Intersection en T,Deux véhicules - par le coté,Nuit avec éclairage public allumé,Normale,Voie Communale,,1,Plat,Partie rectiligne,,60,mouillée,,Sur chaussée,Conducteur,1,M,82-83,Promenade - loisirs,Casque,Non déterminable,1,1,03 - mars,1 - mardi,Paris 15e  Arrondissement
,201800054676,2018-03-06,75,9,75120,48.8466,2.41598,Intersection en X,Deux véhicules - par le coté,Plein jour,Normale,Voie Communale,,4,Plat,Partie rectiligne,,280,normale,,Sur chaussée,Conducteur,1,M,35-36,Domicile - travail,Casque,Oui,1,1,03 - mars,1 - mardi,Paris 20e  Arrondissement
,201800056582,2018-03-06,971,18,97101,0,0,Hors intersection,Deux véhicules - par l’arrière,Nuit avec éclairage public allumé,Normale,Route Départementale,,3,Plat,Partie rectiligne,,90,normale,,Sur chaussée,Conducteur,1,M,31-32,,Equipement réfléchissant,Non,1,,03 - mars,1 - mardi,Abymes
,201800057168,2018-03-06,974,20,97407,0,0,Giratoire,Deux véhicules - par le coté,Nuit avec éclairage public allumé,Pluie légère,Voie Communale,,2,Plat,Partie rectiligne,1,70,mouillée,Carrefour aménagé,Sur chaussée,Conducteur,1,M,13-14,Promenade - loisirs,Equipement réfléchissant,Non,1,1,03 - mars,1 - mardi,Port
,201800003201,2018-03-05,58,16,58160,47.00185,3.0994,Hors intersection,Deux véhicules - par le coté,Plein jour,Normale,Route Départementale,,2,Plat,Partie rectiligne,,,normale,,Sur chaussée,Conducteur,2,M,73-74,,Casque,,1,,03 - mars,0 - lundi,Marzy
,201800014008,2018-03-05,66,12,66009,0,0,Hors intersection,Deux véhicules - frontale,Plein jour,Normale,Route Départementale,,2,Pente,Partie rectiligne,,,normale,,Sur chaussée,Conducteur,2,M,70-71,,Casque,Non,1,1,03 - mars,0 - lundi,Arles-sur-Tech
,201800016115,2018-03-05,22,14,22362,48.78596,-3.2232,Intersection en T,Aucune,Plein jour,Normale,Route Départementale,,2,Plat,Partie rectiligne,,,normale,Carrefour aménagé,Sur trottoir,Conducteur,2,M,55-56,,Casque,Non,,1,03 - mars,0 - lundi,Tréguier
,201800022951,2018-03-05,31,8,31555,43.58018,1.36208,Hors intersection,Deux véhicules - par le coté,Plein jour,Normale,Route Départementale,,2,Plat,En courbe à gauche,,,normale,,Sur chaussée,Conducteur,1,M,34-35,,Autre,Non déterminable,1,1,03 - mars,0 - lundi,Toulouse
,201800029052,2018-03-05,57,17,57463,49.07977,6.18706,Intersection en T,Deux véhicules - par le coté,Plein jour,Normale,Voie Communale,,1,Plat,Partie rectiligne,,,normale,Carrefour aménagé,Sur chaussée,Conducteur,2,M,59-60,Promenade - loisirs,Autre,Non déterminable,1,1,03 - mars,0 - lundi,Metz
,201800022315,2018-03-04,29,12,29232,48.0068,-4.10964,Hors intersection,Autre,Plein jour,Normale,Voie Communale,,2,,,,,,,Sur chaussée,Conducteur,1,M,63-64,Promenade - loisirs,Casque,Oui,,1,03 - mars,6 - dimanche,Quimper
,201800024089,2018-03-04,33,17,33063,44.8292,-0.56013,Intersection en T,Deux véhicules - par le coté,Plein jour,Normale,Voie Communale,,1,Plat,Partie rectiligne,,,normale,,Sur piste cyclable,Conducteur,1,M,47-48,,Casque,Non déterminable,1,1,03 - mars,6 - dimanche,Bordeaux
,201800000645,2018-03-03,29,11,29046,48.09563,-4.34364,Hors intersection,Autre,Plein jour,Normale,Voie Communale,,2,Pente,Partie rectiligne,,,normale,,Sur chaussée,Conducteur,1,M,55-56,Promenade - loisirs,Casque,Oui,,1,03 - mars,5 - samedi,Douarnenez