test,identifiantAccident,date,departement,heure,commune,lat,lon,typeIntersection,typeCollision,luminosite,conditionsAtmosperiques,typeRoute,circulation,nbVoies,profilLongRoute,tracePlanRoute,largeurTPC,largeurRoute,etatSurface,amenagement,situation,categorieUsager,graviteAccident,sexe,age,motifDeplacement,existenceSecurite,usageSecurite,nombreAutresVehicules,enAgglomeration,mois,jour,NCCENR
,201800002923,2018-03-03,67,12,67130,48.42815,7.65991,Intersection en T,Deux véhicules - frontale,Plein jour,Normale,Voie Communale,Avec voies d’affectation variable,,,,,,,,,Conducteur,1,M,80-81,,Casque,,1,1,03 - mars,5 - samedi,Erstein
,201800015225,2018-03-03,31,9,31255,43.03972,0.57039,Hors intersection,Aucune,Plein jour,Normale,Voie Communale,,2,Pente,Partie rectiligne,,,normale,,Sur chaussée,Conducteur,2,M,61-62,Promenade - loisirs,Casque,,,,03 - mars,5 - samedi,Labroquère
,201800032765,2018-03-03,87,19,87157,45.9542,1.48063,Hors intersection,Trois véhicules et plus - en chaîne,Nuit sans éclairage public,Normale,Route Départementale,,2,Pente,Partie rectiligne,,,normale,,Sur chaussée,Conducteur,3,M,15-16,Promenade - loisirs,Autre,Oui,2,,03 - mars,5 - samedi,Saint-Laurent-les-Églises
,201800037065,2018-03-03,91,19,91549,48.63532,2.35358,Hors intersection,Deux véhicules - par le coté,Nuit sans éclairage public,Normale,Route Départementale,,2,Plat,Partie rectiligne,,,normale,,Sur chaussée,Conducteur,1,M,31-32,Promenade - loisirs,Equipement réfléchissant,Oui,1,1,03 - mars,5 - samedi,Sainte-Geneviève-des-Bois
,201800056243,2018-03-03,973,17,97309,4.87992,-52.29444,Hors intersection,Autre,Nuit sans éclairage public,Pluie légère,Route Départementale,,2,Plat,Partie rectiligne,,,mouillée,,Sur chaussée,Conducteur,2,F,38-39,Promenade - loisirs,Casque,Oui,,,03 - mars,5 - samedi,Remire-Montjoly
,201800015323,2018-03-02,29,14,29075,48.44314,-4.41496,Giratoire,Deux véhicules - par l’arrière,Plein jour,Pluie légère,Route Départementale,,2,Plat,En courbe à droite,,,mouillée,,Sur chaussée,Conducteur,1,M,15-16,Promenade - loisirs,Casque,Oui,1,1,03 - mars,4 - vendredi,Guipavas
,201800056856,2018-03-02,973,20,97302,4.92569,-52.32426,Intersection en T,Deux véhicules - par le coté,Plein jour,Normale,Route Départementale,,2,Plat,En courbe à gauche,,60,normale,,Sur chaussée,Conducteur,1,M,33-34,Promenade - loisirs,Autre,Non,1,,03 - mars,4 - vendredi,Cayenne
,201800017844,2018-03-01,33,9,33314,45.19658,-0.75416,Hors intersection,Deux véhicules - par le coté,Plein jour,Normale,Voie Communale,,2,Plat,Partie rectiligne,,,normale,,Sur chaussée,Conducteur,2,M,66-67,Courses - achats,Casque,Non,1,1,03 - mars,3 - jeudi,Pauillac
,201800022945,2018-03-01,31,17,31555,43.61948,1.44104,Hors intersection,Deux véhicules - frontale,Plein jour,Vent fort - tempête,Voie Communale,,1,Plat,Partie rectiligne,,,normale,,Sur chaussée,Conducteur,1,F,52-53,Autre,Autre,Non déterminable,1,1,03 - mars,3 - jeudi,Toulouse
,201800031568,2018-03-01,38,19,38114,45.4131,4.77961,Hors intersection,Deux véhicules - par l’arrière,Nuit sans éclairage public,Normale,Route Départementale,,2,Plat,Partie rectiligne,,,normale,,Sur chaussée,Conducteur,2,M,27-28,Domicile - école,Casque,,1,,03 - mars,3 - jeudi,Clonas-sur-Varèze
,201800048109,2018-03-01,69,8,69383,45.75216,4.85226,Intersection en X,Deux véhicules - par le coté,Plein jour,Normale,Voie Communale,,,Plat,Partie rectiligne,,,enneigée,,,Conducteur,1,F,34-35,,Casque,Non,1,1,03 - mars,3 - jeudi,Lyon 3e  Arrondissement
,201800001736,2018-02-28,69,7,69207,45.8833,4.79659,Giratoire,Deux véhicules - par le coté,Plein jour,Normale,Autre,,2,Plat,En courbe à gauche,,,normale,,Sur chaussée,Conducteur,2,M,53-54,,Autre,Non,1,1,02 - février,2 - mercredi,'Saint-Germain-au-Mont-d''Or'
,201800002444,2018-02-28,73,7,73179,45.59392,5.88667,Hors intersection,Deux véhicules - par le coté,Plein jour,Normale,Route Départementale,,4,Plat,Partie rectiligne,,,normale,Carrefour aménagé,Sur chaussée,Conducteur,2,M,16-17,Domicile - travail,Casque,Non,1,,02 - février,2 - mercredi,Motte-Servolex
,201800008613,2018-02-28,13,8,13055,43.2847,5.4212,Hors intersection,Autre,Plein jour,Normale,Voie Communale,,2,Plat,En courbe à gauche,,70,normale,,Sur chaussée,Conducteur,1,M,34-35,Domicile - travail,Casque,Non,,1,02 - février,2 - mercredi,Marseille
,201800008616,2018-02-28,13,17,13055,43.29118,5.38077,Intersection en T,Deux véhicules - par le coté,Plein jour,Normale,Voie Communale,,2,Plat,,30,60,,,Sur chaussée,Conducteur,1,M,23-24,Utilisation professionnelle,Casque,Non,1,1,02 - février,2 - mercredi,Marseille
,201800024088,2018-02-28,33,14,33063,44.8528,-0.59433,Hors intersection,Deux véhicules - par le coté,Plein jour,Normale,Voie Communale,,5,Plat,Partie rectiligne,,,normale,,Sur piste cyclable,Conducteur,1,F,73-74,Promenade - loisirs,Casque,Non,1,1,02 - février,2 - mercredi,Bordeaux
,201800024676,2018-02-28,35,19,35051,48.11434,-1.60279,Hors intersection,Autre,Nuit sans éclairage public,Normale,Voie Communale,,1,Pente,Partie rectiligne,,,normale,,Sur chaussée,Conducteur,1,M,17-18,Promenade - loisirs,Casque,Non déterminable,1,1,02 - février,2 - mercredi,Cesson-Sévigné
,201800052945,2018-02-28,75,15,75115,48.8405,2.29943,Intersection en X,Autre,Plein jour,Normale,Voie Communale,,2,Pente,Partie rectiligne,,60,normale,,Sur chaussée,Conducteur,1,M,16-17,Promenade - loisirs,Casque,Non déterminable,,1,02 - février,2 - mercredi,Paris 15e  Arrondissement
,201800008602,2018-02-27,13,8,13002,43.33975,5.48227,Intersection en T,Deux véhicules - par le coté,Plein jour,Normale,Route Départementale,,2,Pente,En courbe à gauche,,85,normale,,Sur chaussée,Conducteur,1,M,11-12,Promenade - loisirs,Casque,Oui,1,1,02 - février,1 - mardi,Allauch
,201800008603,2018-02-27,13,11,13055,43.2932,5.49517,Intersection en T,Deux véhicules - par le coté,Plein jour,Normale,Route Départementale,,2,Plat,En courbe à gauche,,62,normale,,Sur chaussée,Conducteur,1,M,58-59,Promenade - loisirs,Casque,Oui,1,1,02 - février,1 - mardi,Marseille
,201800021277,2018-02-27,26,13,26362,44.92247,4.88982,Hors intersection,Deux véhicules - par le coté,Plein jour,Normale,Voie Communale,,2,Plat,Partie rectiligne,,61,normale,,Sur chaussée,Conducteur,1,M,17-18,,Casque,Non,1,1,02 - février,1 - mardi,Valence
,201800030533,2018-02-27,64,17,64024,43.4932,-1.51029,Hors intersection,Deux véhicules - par le coté,Plein jour,Normale,Voie Communale,,2,Plat,Partie rectiligne,,90,normale,,Sur chaussée,Conducteur,1,M,63-64,Promenade - loisirs,Casque,Oui,1,1,02 - février,1 - mardi,Anglet
,201800056854,2018-02-27,973,21,97302,4.93651,-52.30726,Hors intersection,Deux véhicules - par le coté,Nuit avec éclairage public allumé,Normale,Route Départementale,,1,,,,60,normale,,Sur chaussée,Conducteur,2,F,53-54,,Equipement réfléchissant,Oui,1,1,02 - février,1 - mardi,Cayenne
,201800001109,2018-02-26,33,11,33519,44.91335,-0.6802,Intersection en Y,Deux véhicules - par le coté,Plein jour,Normale,Voie Communale,,2,Plat,En courbe à gauche,,,normale,Carrefour aménagé,Sur chaussée,Conducteur,2,F,43-44,Promenade - loisirs,Casque,Non déterminable,1,1,02 - février,0 - lundi,Taillan-Médoc
,201800020703,2018-02-26,21,8,21231,47.1837,5.33598,Intersection en X,Deux véhicules - par le coté,Plein jour,Temps éblouissant,Voie Communale,,2,Plat,Partie rectiligne,,,normale,,Sur chaussée,Conducteur,1,F,53-54,Domicile - travail,Autre,Non déterminable,1,1,02 - février,0 - lundi,Dijon
,201800027168,2018-02-26,49,20,49007,47.47405,-0.53741,Intersection en T,Deux véhicules - par le coté,Nuit avec éclairage public allumé,Normale,Voie Communale,Avec voies d’affectation variable,,,,,,,,,Conducteur,1,M,37-38,Autre,Casque,Oui,1,1,02 - février,0 - lundi,Angers
,201800032379,2018-02-26,69,18,69266,45.757,4.88,Intersection en T,Deux véhicules - par le coté,Crépuscule ou aube,Normale,Voie Communale,,2,Plat,Partie rectiligne,,61,normale,,Sur chaussée,Conducteur,1,M,30-31,Promenade - loisirs,Casque,Non,1,1,02 - février,0 - lundi,Villeurbanne
,201800001040,2018-02-25,85,11,85155,46.72748,-1.44158,Hors intersection,Deux véhicules - frontale,Plein jour,Normale,Voie Communale,,2,Plat,Partie rectiligne,,,normale,,Sur chaussée,Conducteur,2,M,60-61,Promenade - loisirs,Casque,Oui,1,,02 - février,6 - dimanche,Mouilleron-le-Captif
,201800001948,2018-02-25,69,16,69243,45.9135,4.42274,Hors intersection,Autre,Plein jour,Normale,Route Départementale,,2,Pente,Partie rectiligne,,,normale,,Sur chaussée,Conducteur,2,F,34-35,Promenade - loisirs,Autre,Non,,,02 - février,6 - dimanche,Tarare
,201800006775,2018-02-25,66,8,66172,42.71295,2.83229,Hors intersection,Deux véhicules - frontale,Plein jour,Normale,Voie Communale,,2,Pente,Partie rectiligne,,,normale,,Sur chaussée,Conducteur,2,M,50-51,Promenade - loisirs,Casque,Oui,1,1,02 - février,6 - dimanche,Saint-Estève
,201800013320,2018-02-25,50,11,50030,49.66627,-1.25893,Hors intersection,Deux véhicules - par l’arrière,Plein jour,Normale,Route Départementale,,2,Plat,Partie rectiligne,,,normale,,Sur chaussée,Conducteur,1,M,45-46,Promenade - loisirs,Casque,Oui,1,1,02 - février,6 - dimanche,Barfleur
,201800015138,2018-02-25,31,7,31515,43.80597,1.32289,Hors intersection,Deux véhicules - par le coté,Crépuscule ou aube,Normale,Route Départementale,,2,Plat,Partie rectiligne,,,normale,,Sur chaussée,Conducteur,1,M,53-54,Promenade - loisirs,Casque,Oui,1,,02 - février,6 - dimanche,Saint-Rustice
,201800015502,2018-02-25,29,15,29004,47.92159,-3.65087,Hors intersection,Deux véhicules - par le coté,Plein jour,Normale,Route Départementale,,2,Plat,Partie rectiligne,,,normale,,Sur chaussée,Conducteur,2,F,13-14,Promenade - loisirs,Casque,Non,1,,02 - février,6 - dimanche,Bannalec
,201800055817,2018-02-25,971,8,97107,15.99464,-61.6091,Hors intersection,Deux véhicules - par l’arrière,Plein jour,Normale,Route Nationale,,2,Pente,Partie rectiligne,,,normale,,Sur chaussée,Conducteur,2,M,45-46,Promenade - loisirs,Autre,Non déterminable,1,,02 - février,6 - dimanche,Capesterre-Belle-Eau
,201800057415,2018-02-25,974,8,97416,-21.34127,55.46277,Intersection en T,Deux véhicules - par le coté,Plein jour,Normale,Voie Communale,,2,Plat,Partie rectiligne,,,normale,,Sur chaussée,Conducteur,1,M,45-46,Autre,Casque,Oui,1,1,02 - février,6 - dimanche,Saint-Pierre
,201800015859,2018-02-24,25,18,25147,47.21918,5.89541,Hors intersection,Autre,Nuit sans éclairage public,Normale,Route Départementale,,2,Plat,Partie rectiligne,,,normale,Carrefour aménagé,Sur chaussée,Conducteur,2,M,16-17,Promenade - loisirs,Casque,Non,1,,02 - février,5 - samedi,Chemaudin
,201800019004,2018-02-24,56,17,56057,48.03136,-3.48696,Intersection en T,Deux véhicules - frontale,Plein jour,Normale,Voie Communale,,2,Plat,Partie rectiligne,,,normale,,,Conducteur,1,M,46-47,Promenade - loisirs,Casque,Oui,1,1,02 - février,5 - samedi,Faouët
,201800033434,2018-02-24,74,20,74012,46.19277,6.22907,Giratoire,Deux véhicules - par le coté,Nuit avec éclairage public allumé,Normale,Route Départementale,,2,Plat,Partie rectiligne,,,normale,,Sur chaussée,Conducteur,1,M,29-30,Domicile - travail,Autre,Non,1,1,02 - février,5 - samedi,Annemasse
,201800040650,2018-02-24,93,19,93077,48.88826,2.5101,Hors intersection,Deux véhicules - par le coté,Nuit avec éclairage public allumé,Normale,Route Départementale,,1,Plat,Partie rectiligne,30,45,,,Sur chaussée,Conducteur,1,M,48-49,,Autre,Non déterminable,1,1,02 - février,5 - samedi,Villemomble
,201800000864,2018-02-23,44,7,44204,47.26468,-1.44397,Giratoire,Deux véhicules - par le coté,Crépuscule ou aube,Normale,,,2,Plat,Partie rectiligne,,,normale,Carrefour aménagé,Sur chaussée,Conducteur,1,M,42-43,Domicile - travail,Casque,Oui,1,1,02 - février,4 - vendredi,Thouaré-sur-Loire
,201800008588,2018-02-23,13,21,13055,43.30119,5.36731,Hors intersection,Autre,Nuit avec éclairage public allumé,Normale,Voie Communale,,2,Sommet de côte,,,40,normale,,Sur chaussée,Conducteur,0,M,25-26,,Casque,Non déterminable,1,1,02 - février,4 - vendredi,Marseille
,201800015724,2018-02-23,44,16,44154,47.23486,-2.15901,Giratoire,Deux véhicules - par le coté,Plein jour,Normale,Voie Communale,,1,Plat,Partie rectiligne,,,normale,Carrefour aménagé,Sur chaussée,Conducteur,2,M,12-13,Domicile - école,Casque,Non,1,1,02 - février,4 - vendredi,Saint-Brevin-les-Pins
,201800030377,2018-02-23,62,13,62724,50.40371,2.90783,Hors intersection,Deux véhicules - par le coté,Plein jour,Normale,Voie Communale,,2,Plat,Partie rectiligne,,50,normale,,Sur chaussée,Conducteur,2,M,11-12,Domicile - école,Casque,Non,1,1,02 - février,4 - vendredi,Rouvroy
,201800034991,2018-02-23,80,16,80489,49.87318,2.35568,Hors intersection,Autre,Plein jour,Normale,Voie Communale,,2,Plat,Partie rectiligne,,,normale,,Sur chaussée,Conducteur,1,M,16-17,Autre,Casque,Oui,,1,02 - février,4 - vendredi,Longueau
,201800036407,2018-02-23,91,10,91457,48.57545,2.27224,Hors intersection,Deux véhicules - par le coté,Plein jour,Normale,Route Départementale,,4,Plat,En courbe à droite,,,normale,,Sur chaussée,Conducteur,1,M,73-74,Promenade - loisirs,Casque,Oui,1,,02 - février,4 - vendredi,Norville
,201800050661,2018-02-23,75,14,75105,48.8398,2.35131,Intersection en Y,Deux véhicules - par l’arrière,Plein jour,Normale,Voie Communale,,2,Plat,Partie rectiligne,,60,normale,,Sur chaussée,Conducteur,1,M,29-30,Domicile - travail,Casque,Oui,1,1,02 - février,4 - vendredi,Paris 5e  Arrondissement
,201800052343,2018-02-23,75,9,75113,48.8347,2.36699,Intersection en T,Deux véhicules - par le coté,Plein jour,Normale,Voie Communale,,2,Plat,En courbe à droite,,90,enneigée,,Sur chaussée,Conducteur,1,M,26-27,Domicile - travail,Casque,Oui,1,1,02 - février,4 - vendredi,Paris 13e  Arrondissement
,201800054340,2018-02-23,75,1,75119,48.8764,2.37685,Intersection en T,Autre,Nuit avec éclairage public allumé,Normale,Voie Communale,,2,Pente,Partie rectiligne,,100,normale,,Sur chaussée,Conducteur,0,M,24-25,Promenade - loisirs,Casque,Non déterminable,,1,02 - février,4 - vendredi,Paris 19e  Arrondissement
,201800006374,2018-02-22,8,12,8105,49.77012,4.70698,Giratoire,Autre,Plein jour,Normale,Voie Communale,,2,Pente,En courbe à gauche,,,normale,,Sur chaussée,Conducteur,1,M,17-18,Domicile - école,Autre,Non,,1,02 - février,3 - jeudi,Charleville-Mézières
,201800012199,2018-02-22,53,13,53107,48.41103,-0.80581,Giratoire,Deux véhicules - par le coté,Plein jour,Normale,Route Départementale,,1,Plat,Partie rectiligne,,,normale,,Sur chaussée,Conducteur,2,M,78-79,Promenade - loisirs,Casque,,1,1,02 - février,3 - jeudi,Gorron
,201800025241,2018-02-22,37,20,37261,47.38533,0.67237,Intersection en X,Deux véhicules - par le coté,Nuit avec éclairage public allumé,Normale,Voie Communale,,1,Plat,Partie rectiligne,,,normale,,Sur chaussée,Conducteur,1,F,18-19,Domicile - école,Casque,Non,1,1,02 - février,3 - jeudi,Tours
,201800026741,2018-02-22,45,15,45147,47.93413,1.89635,Intersection en X,Deux véhicules - par le coté,Plein jour,Normale,Voie Communale,,4,Plat,Partie rectiligne,15,142,normale,,Sur chaussée,Conducteur,3,M,36-37,,Autre,Non,1,1,02 - février,3 - jeudi,Fleury-les-Aubrais
,201800029352,2018-02-22,59,15,59327,50.38598,3.1595,Intersection en X,Deux véhicules - frontale,Plein jour,Temps éblouissant,Voie Communale,,2,Plat,Partie rectiligne,,50,normale,,Sur chaussée,Conducteur,2,M,86-87,Promenade - loisirs,Autre,Non,1,1,02 - février,3 - jeudi,Lallaing
,201800039229,2018-02-22,93,13,93001,48.907,2.39,Hors intersection,Deux véhicules - par le coté,Plein jour,Normale,Voie Communale,,1,Plat,Partie rectiligne,,,normale,,Sur trottoir,Conducteur,2,M,60-61,Domicile - travail,Autre,Non déterminable,1,1,02 - février,3 - jeudi,Aubervilliers
,201800052944,2018-02-22,75,9,75115,48.8494,2.28155,Intersection en T,Deux véhicules - par le coté,Plein jour,Normale,Voie Communale,,4,Plat,Partie rectiligne,,100,normale,,Sur chaussée,Conducteur,2,M,18-19,,Casque,Oui,1,1,02 - février,3 - jeudi,Paris 15e  Arrondissement
,201800012396,2018-02-21,16,15,16379,45.78861,0.41803,Giratoire,Deux véhicules - par l’arrière,Plein jour,Normale,Route Départementale,,1,Plat,En courbe à gauche,140,85,normale,Carrefour aménagé,Sur chaussée,Conducteur,1,M,61-62,Promenade - loisirs,Autre,Oui,1,,02 - février,2 - mercredi,Taponnat-Fleurignac
,201800025244,2018-02-21,37,12,37261,0,0,Hors intersection,Aucune,Plein jour,Normale,Voie Communale,,,,,,,,,,Conducteur,1,F,25-26,,Autre,Non déterminable,,1,02 - février,2 - mercredi,Tours
,201800026297,2018-02-21,44,8,44109,47.21229,-1.55439,Intersection en Y,Deux véhicules - frontale,Plein jour,Normale,Voie Communale,,2,Plat,Partie rectiligne,,,normale,,Sur chaussée,Conducteur,2,M,58-59,,Casque,Oui,1,1,02 - février,2 - mercredi,Nantes
,201800026740,2018-02-21,45,7,45285,47.90637,1.87814,Giratoire,Deux véhicules - par le coté,Crépuscule ou aube,Normale,Voie Communale,,1,Plat,En courbe à gauche,30,72,normale,,Sur chaussée,Conducteur,1,F,47-48,Domicile - travail,Casque,Oui,1,1,02 - février,2 - mercredi,Saint-Jean-de-la-Ruelle
,201800026786,2018-02-21,45,14,45234,47.8947,1.90453,Intersection en X,Deux véhicules - par le coté,Plein jour,Normale,Voie Communale,,2,Plat,Partie rectiligne,,,normale,Carrefour aménagé,Sur chaussée,Conducteur,1,M,18-19,Promenade - loisirs,Casque,Oui,1,1,02 - février,2 - mercredi,Orléans
,201800027163,2018-02-21,49,15,49353,47.44081,-0.49862,Giratoire,Deux véhicules - par le coté,Plein jour,Normale,Voie Communale,,2,Plat,En courbe à gauche,,85,normale,,Sur chaussée,Conducteur,0,M,14-15,,Casque,Oui,1,1,02 - février,2 - mercredi,Trélazé
,201800027163,2018-02-21,49,15,49353,47.44081,-0.49862,Giratoire,Deux véhicules - par le coté,Plein jour,Normale,Voie Communale,,2,Plat,En courbe à gauche,,85,normale,,Sur chaussée,Conducteur,2,M,77-78,,Casque,Oui,1,1,02 - février,2 - mercredi,Trélazé
,201800030753,2018-02-21,64,11,64445,43.3022,-0.36061,Hors intersection,Deux véhicules - par le coté,Plein jour,Pluie légère,Voie Communale,,2,Plat,Partie rectiligne,,88,normale,,Sur chaussée,Conducteur,1,F,49-50,,Casque,Non déterminable,1,1,02 - février,2 - mercredi,Pau
,201800038672,2018-02-21,92,18,92051,48.8858,2.27047,Hors intersection,Autre,Crépuscule ou aube,Normale,Voie Communale,,2,Plat,Partie rectiligne,,,normale,,Sur piste cyclable,Conducteur,0,M,39-40,Promenade - loisirs,Casque,Non déterminable,,1,02 - février,2 - mercredi,Neuilly-sur-Seine
,201800040826,2018-02-21,93,15,93066,48.93084,2.3564,Hors intersection,Autre,Plein jour,Normale,Voie Communale,,2,Plat,Partie rectiligne,1,1,normale,,Sur chaussée,Conducteur,0,M,26-27,,Autre,Non,,1,02 - février,2 - mercredi,Saint-Denis
,201800048098,2018-02-21,69,17,69388,45.72848,4.85362,Hors intersection,Deux véhicules - par le coté,Plein jour,Normale,Voie Communale,,2,Plat,Partie rectiligne,,,normale,,Sur piste cyclable,Conducteur,1,M,13-14,Domicile - école,Autre,Non déterminable,1,1,02 - février,2 - mercredi,Lyon 8e  Arrondissement
,201800048099,2018-02-21,69,4,69387,45.75439,4.84511,Hors intersection,Aucune,Nuit avec éclairage public allumé,Normale,Voie Communale,,3,Plat,Partie rectiligne,,,normale,,Sur trottoir,Conducteur,1,M,33-34,Promenade - loisirs,Autre,Non déterminable,,1,02 - février,2 - mercredi,Lyon 7e  Arrondissement
,201800054339,2018-02-21,75,13,75119,48.8897,2.36807,Intersection en T,Autre,Plein jour,Normale,Voie Communale,,,,,,,,,,Conducteur,0,M,26-27,Utilisation professionnelle,Casque,Non déterminable,,1,02 - février,2 - mercredi,Paris 19e  Arrondissement
,201800024660,2018-02-20,35,14,35238,48.107,-1.72805,Intersection en T,Deux véhicules - par le coté,Plein jour,Temps couvert,Route Nationale,,5,Plat,Partie rectiligne,,,mouillée,Carrefour aménagé,Sur piste cyclable,Conducteur,2,M,43-44,Domicile - travail,Casque,Non déterminable,1,1,02 - février,1 - mardi,Rennes
,201800026241,2018-02-20,44,11,44132,47.25822,-2.33556,Intersection en T,Deux véhicules - par le coté,Plein jour,Temps éblouissant,Voie Communale,,2,Plat,Partie rectiligne,,80,normale,,Sur piste cyclable,Conducteur,2,M,47-48,Promenade - loisirs,Casque,Oui,1,1,02 - février,1 - mardi,Pornichet
,201800033098,2018-02-20,72,11,72181,47.96755,0.21487,Hors intersection,Autre,Plein jour,Pluie légère,Voie Communale,,2,Plat,Partie rectiligne,,,mouillée,,Sur chaussée,Conducteur,1,F,57-58,Autre,Casque,Non,1,1,02 - février,1 - mardi,Mans
,201800020702,2018-02-19,21,13,21231,47.19114,5.2263,Intersection en X,Deux véhicules - par le coté,Plein jour,Normale,Voie Communale,,1,Plat,Partie rectiligne,,40,normale,,Sur piste cyclable,Conducteur,2,F,33-34,Utilisation professionnelle,Autre,Non déterminable,1,1,02 - février,0 - lundi,Dijon
,201800035508,2018-02-19,83,6,83062,43.12863,6.01921,Hors intersection,Deux véhicules - par l’arrière,Nuit avec éclairage public allumé,Pluie légère,Voie Communale,,1,Plat,,30,60,mouillée,Carrefour aménagé,Sur piste cyclable,Conducteur,2,M,53-54,Domicile - travail,Equipement réfléchissant,Oui,1,1,02 - février,0 - lundi,Garde
,201800050225,2018-02-19,75,16,75101,48.8653,2.32728,Intersection en T,Autre,Plein jour,Temps couvert,Voie Communale,,,,,,,,,,Conducteur,1,F,25-26,Utilisation professionnelle,Casque,Oui,,1,02 - février,0 - lundi,Paris 1er Arrondissement
,201800052341,2018-02-19,75,17,75113,48.8376,2.37364,Intersection en X,Deux véhicules - par le coté,Nuit avec éclairage public allumé,Pluie légère,Voie Communale,,3,Pente,Partie rectiligne,,150,mouillée,,Sur chaussée,Conducteur,1,M,24-25,,Casque,Non,1,1,02 - février,0 - lundi,Paris 13e  Arrondissement
,201800054019,2018-02-19,75,18,75118,48.8912,2.3516,Intersection en X,Autre,Nuit avec éclairage public allumé,Normale,Voie Communale,,,,,,,,,,Conducteur,1,M,32-33,Domicile - travail,Casque,Non déterminable,1,1,02 - février,0 - lundi,Paris 18e  Arrondissement
,201800056850,2018-02-19,973,19,97302,4.94431,-52.30985,Intersection en X,Deux véhicules - par le coté,Nuit avec éclairage public allumé,Normale,Route Départementale,,,Plat,,,,normale,,Sur chaussée,Conducteur,1,M,27-28,Autre,Autre,Non déterminable,1,1,02 - février,0 - lundi,Cayenne
,201800007132,2018-02-18,78,19,78571,48.8605,2.00088,Intersection en X,Deux véhicules - par le coté,Nuit sans éclairage public,Normale,Route Départementale,,2,Sommet de côte,Partie rectiligne,,,normale,,Sur chaussée,Conducteur,2,M,15-16,Promenade - loisirs,Casque,,1,,02 - février,6 - dimanche,Saint-Nom-la-Bretèche
,201800020029,2018-02-18,62,10,62886,50.57922,1.95417,Hors intersection,Trois véhicules et plus - en chaîne,Plein jour,Normale,Route Départementale,,2,Plat,Partie rectiligne,,,normale,,Sur chaussée,Conducteur,1,M,51-52,Promenade - loisirs,Casque,Oui,1,1,02 - février,6 - dimanche,Wicquinghem
,201800020029,2018-02-18,62,10,62886,50.57922,1.95417,Hors intersection,Trois véhicules et plus - en chaîne,Plein jour,Normale,Route Départementale,,2,Plat,Partie rectiligne,,,normale,,Sur chaussée,Conducteur,1,M,42-43,Promenade - loisirs,Casque,Oui,1,1,02 - février,6 - dimanche,Wicquinghem
,201800020645,2018-02-18,59,10,59641,50.97616,2.50985,Hors intersection,Deux véhicules - par le coté,Plein jour,Temps éblouissant,Voie Communale,,2,Plat,Partie rectiligne,,,normale,,Sur chaussée,Conducteur,2,M,27-28,Promenade - loisirs,Casque,Oui,1,,02 - février,6 - dimanche,Warhem
,201800043312,2018-02-18,95,9,95018,48.9499,2.2059,Giratoire,Deux véhicules - par le coté,Plein jour,Normale,Route Départementale,,2,Plat,En courbe à gauche,,,normale,,Sur chaussée,Conducteur,2,M,57-58,Promenade - loisirs,Casque,Oui,1,1,02 - février,6 - dimanche,Argenteuil
,201800047385,2018-02-18,69,16,69382,45.76354,4.83733,Intersection en T,Deux véhicules - par le coté,Plein jour,Temps couvert,Voie Communale,,1,Plat,Partie rectiligne,,,normale,,Sur chaussée,Conducteur,1,F,29-30,,Autre,Non,1,1,02 - février,6 - dimanche,Lyon 2e  Arrondissement
,201800051947,2018-02-18,75,19,75112,48.8265,2.41972,Intersection en Y,Deux véhicules - par l’arrière,Nuit avec éclairage public allumé,Normale,Voie Communale,,2,Plat,Partie rectiligne,,120,normale,,Sur chaussée,Conducteur,1,M,30-31,Promenade - loisirs,Casque,Non déterminable,1,1,02 - février,6 - dimanche,Paris 12e  Arrondissement
,201800005592,2018-02-17,6,14,6088,43.7077,7.28439,Hors intersection,Deux véhicules - par l’arrière,Plein jour,Pluie légère,Voie Communale,,3,Plat,Partie rectiligne,,,mouillée,,Sur chaussée,Conducteur,1,F,18-19,Utilisation professionnelle,Casque,Non,1,1,02 - février,5 - samedi,Nice
,201800020802,2018-02-17,22,19,22360,48.49227,-2.72701,Hors intersection,Deux véhicules - par le coté,Crépuscule ou aube,Normale,Voie Communale,,2,Plat,Partie rectiligne,,50,normale,,Sur chaussée,Conducteur,1,M,27-28,Domicile - travail,Casque,Oui,1,1,02 - février,5 - samedi,Trégueux
,201800028333,2018-02-17,54,10,54395,48.68558,6.19543,Intersection en X,Deux véhicules - par le coté,Plein jour,Pluie légère,Voie Communale,,4,Plat,Partie rectiligne,,,mouillée,,Sur chaussée,Conducteur,1,F,52-53,,Casque,Oui,1,1,02 - février,5 - samedi,Nancy
,201800000187,2018-02-16,62,17,62173,50.33859,3.01421,Hors intersection,Deux véhicules - par l’arrière,Plein jour,Normale,Route Départementale,,2,Plat,Partie rectiligne,,,normale,,Sur chaussée,Conducteur,3,M,57-58,Courses - achats,Casque,Non,1,1,02 - février,4 - vendredi,Brebières
,201800025236,2018-02-16,37,9,37261,47.38879,0.6798,Hors intersection,Deux véhicules - par le coté,Plein jour,Normale,Voie Communale,,4,Plat,Partie rectiligne,,,normale,,Sur chaussée,Conducteur,1,M,61-62,Promenade - loisirs,Casque,Oui,1,1,02 - février,4 - vendredi,Tours
,201800027157,2018-02-16,49,8,49007,47.4877,-0.5633,Intersection en T,Deux véhicules - par le coté,Plein jour,Normale,Voie Communale,Avec voies d’affectation variable,,,,,,,,,Conducteur,1,F,28-29,,Casque,Non,1,1,02 - février,4 - vendredi,Angers