test,identifiantAccident,date,departement,heure,commune,lat,lon,typeIntersection,typeCollision,luminosite,conditionsAtmosperiques,typeRoute,circulation,nbVoies,profilLongRoute,tracePlanRoute,largeurTPC,largeurRoute,etatSurface,amenagement,situation,categorieUsager,graviteAccident,sexe,age,motifDeplacement,existenceSecurite,usageSecurite,nombreAutresVehicules,enAgglomeration,mois,jour,NCCENR
,201800029094,2018-02-16,57,10,57757,49.36513,6.20412,Hors intersection,Deux véhicules - par le coté,Plein jour,Normale,Voie Communale,,2,Plat,Partie rectiligne,,80,normale,,Sur chaussée,Conducteur,1,M,52-53,Utilisation professionnelle,Casque,Oui,1,1,02 - février,4 - vendredi,Yutz
,201800033433,2018-02-16,74,11,74012,46.19662,6.24243,Hors intersection,Aucune,Plein jour,Normale,Voie Communale,,2,Plat,Partie rectiligne,,70,normale,,Sur accotement,Conducteur,1,F,20-21,Utilisation professionnelle,Casque,Oui,,1,02 - février,4 - vendredi,Annemasse
,201800034985,2018-02-16,80,13,80021,49.88557,2.27972,Hors intersection,Deux véhicules - par l’arrière,Plein jour,Normale,Voie Communale,,1,Plat,Partie rectiligne,,,normale,,Sur chaussée,Conducteur,1,M,19-20,Autre,Casque,Oui,1,1,02 - février,4 - vendredi,Amiens
,201800042136,2018-02-16,94,13,94003,48.80006,2.34276,Intersection en X,Deux véhicules - frontale,Plein jour,Normale,Route Départementale,,2,Pente,Partie rectiligne,200,100,normale,,Sur chaussée,Conducteur,3,M,69-70,,Casque,Non déterminable,1,1,02 - février,4 - vendredi,Arcueil
,201800050426,2018-02-16,75,14,75103,48.8632,2.35164,Intersection en X,Deux véhicules - par le coté,Plein jour,Normale,Voie Communale,,2,Plat,Partie rectiligne,,120,normale,,Sur chaussée,Conducteur,1,M,27-28,Promenade - loisirs,Casque,Non déterminable,1,1,02 - février,4 - vendredi,Paris 3e  Arrondissement
,201800051447,2018-02-16,75,19,75110,48.8737,2.35826,Intersection en X,Deux véhicules - par le coté,Nuit avec éclairage public allumé,Normale,Voie Communale,,2,Plat,Partie rectiligne,,,normale,,Sur chaussée,Conducteur,1,F,46-47,Promenade - loisirs,Casque,Non déterminable,1,1,02 - février,4 - vendredi,Paris 10e  Arrondissement
,201800054334,2018-02-16,75,18,75119,48.8893,2.37125,Intersection à plus de 4 branches,Deux véhicules - par le coté,Crépuscule ou aube,Temps couvert,Voie Communale,,,,,,,,,,Conducteur,2,F,21-22,Domicile - travail,Casque,Non déterminable,1,1,02 - février,4 - vendredi,Paris 19e  Arrondissement
,201800057288,2018-02-16,974,11,97411,0,0,Hors intersection,Trois véhicules et plus - collisions multiples,Plein jour,Normale,Voie Communale,,1,Pente,En courbe à gauche,,58,normale,,Sur chaussée,Conducteur,2,M,14-15,Domicile - école,Autre,Non déterminable,2,,02 - février,4 - vendredi,Saint-Denis
,201800057403,2018-02-16,974,19,97416,0,0,Giratoire,Deux véhicules - par le coté,Nuit avec éclairage public allumé,Normale,Voie Communale,,1,Plat,En courbe à gauche,,40,normale,,Sur chaussée,Conducteur,1,M,56-57,Autre,Casque,Non,1,1,02 - février,4 - vendredi,Saint-Pierre
,201800014708,2018-02-15,3,14,3254,46.30844,3.29175,Intersection en X,Deux véhicules - par le coté,Plein jour,Normale,Route Départementale,,2,Plat,Partie rectiligne,,,normale,,,Conducteur,1,M,13-14,Promenade - loisirs,Casque,Non,1,1,02 - février,3 - jeudi,Saint-Pourçain-sur-Sioule
,201800017269,2018-02-15,63,15,63265,45.8845,3.44842,Intersection en T,Deux véhicules - frontale,Plein jour,Temps couvert,Route Départementale,,2,Plat,Partie rectiligne,,,normale,,Sur chaussée,Conducteur,2,M,75-76,Promenade - loisirs,Casque,Oui,1,,02 - février,3 - jeudi,Orléat
,201800024652,2018-02-15,35,18,35238,48.08561,-1.67507,Intersection en X,Deux véhicules - par le coté,Nuit avec éclairage public allumé,Normale,Voie Communale,,4,Plat,Partie rectiligne,,,normale,,Sur chaussée,Conducteur,1,M,30-31,Courses - achats,Casque,Non,1,1,02 - février,3 - jeudi,Rennes
,201800029985,2018-02-15,22,12,22190,48.52781,-2.09237,Giratoire,Deux véhicules - par le coté,Plein jour,Pluie légère,Route Départementale,,2,Pente,En courbe à gauche,,,mouillée,Carrefour aménagé,Sur chaussée,Conducteur,1,M,28-29,Promenade - loisirs,Casque,Oui,1,1,02 - février,3 - jeudi,Pleslin-Trigavou
,201800052668,2018-02-15,75,8,75114,48.8232,2.32552,Intersection en X,Deux véhicules - par l’arrière,Plein jour,Pluie légère,Voie Communale,,3,Plat,,,,mouillée,Carrefour aménagé,Sur chaussée,Conducteur,0,F,30-31,Domicile - travail,Casque,Non déterminable,1,1,02 - février,3 - jeudi,Paris 14e  Arrondissement
,201800018570,2018-02-14,67,17,67281,48.15868,7.54337,Giratoire,Deux véhicules - par le coté,Plein jour,Normale,Route Départementale,,2,Plat,Partie rectiligne,,,normale,,Sur trottoir,Conducteur,2,M,74-75,Promenade - loisirs,Casque,,1,1,02 - février,2 - mercredi,Marckolsheim
,201800019605,2018-02-14,17,19,17300,46.15281,-1.14862,Hors intersection,Deux véhicules - par le coté,Nuit avec éclairage public allumé,Pluie forte,Voie Communale,,2,Plat,Partie rectiligne,,106,mouillée,,Sur chaussée,Conducteur,2,F,28-29,Autre,Casque,Non,1,1,02 - février,2 - mercredi,Rochelle
,201800021634,2018-02-14,28,15,28229,48.45176,1.45235,Hors intersection,Deux véhicules - par le coté,Plein jour,Pluie légère,Route Départementale,,2,Pente,En courbe à droite,,,mouillée,,Sur chaussée,Conducteur,2,F,68-69,,Autre,Non déterminable,1,1,02 - février,2 - mercredi,Mainvilliers
,201800025234,2018-02-14,37,8,37261,47.38586,0.68396,Intersection en X,Aucune,Plein jour,Autre,Voie Communale,,1,Plat,Partie rectiligne,,,verglacée,,Sur chaussée,Conducteur,2,F,54-55,Domicile - travail,Casque,Non,,1,02 - février,2 - mercredi,Tours
,201800039116,2018-02-14,92,14,92046,48.82129,2.30368,Hors intersection,Deux véhicules - par l’arrière,Plein jour,Normale,Voie Communale,,1,Plat,Partie rectiligne,,,normale,,Sur chaussée,Conducteur,1,F,17-18,Promenade - loisirs,Autre,Non,1,1,02 - février,2 - mercredi,Malakoff
,201800048089,2018-02-14,69,12,69388,45.73787,4.87411,Hors intersection,Deux véhicules - par le coté,Plein jour,Normale,Voie Communale,,1,Plat,Partie rectiligne,,60,normale,,Sur chaussée,Conducteur,2,M,30-31,,Autre,Non déterminable,1,1,02 - février,2 - mercredi,Lyon 8e  Arrondissement
,201800051444,2018-02-14,75,19,75110,48.8705,2.35303,Hors intersection,Autre,Nuit avec éclairage public allumé,Pluie légère,Voie Communale,,1,Plat,,,,normale,,Sur piste cyclable,Conducteur,0,M,30-31,Promenade - loisirs,Casque,Non déterminable,,1,02 - février,2 - mercredi,Paris 10e  Arrondissement
,201800052940,2018-02-14,75,9,75115,48.8524,2.29058,Intersection en X,Deux véhicules - par le coté,Plein jour,Temps couvert,Voie Communale,,1,Plat,Partie rectiligne,120,50,normale,,Sur piste cyclable,Conducteur,1,M,48-49,Domicile - travail,Casque,Non déterminable,1,1,02 - février,2 - mercredi,Paris 15e  Arrondissement
,201800002986,2018-02-13,67,14,67010,48.38793,7.42118,Intersection en T,Deux véhicules - par le coté,Plein jour,Normale,Route Départementale,,2,Plat,Partie rectiligne,,,normale,,Sur chaussée,Conducteur,1,F,68-69,Promenade - loisirs,Casque,Oui,1,1,02 - février,1 - mardi,Andlau
,201800027952,2018-02-13,51,11,51454,49.26141,4.03102,Hors intersection,Autre,Plein jour,Temps éblouissant,Voie Communale,,2,Plat,En courbe à droite,,120,normale,,Sur trottoir,Conducteur,0,M,39-40,Utilisation professionnelle,Casque,Oui,,1,02 - février,1 - mardi,Reims
,201800031663,2018-02-13,67,16,67482,48.5893,7.74986,Intersection en X,Deux véhicules - par le coté,Plein jour,Normale,Voie Communale,,1,Plat,Partie rectiligne,,60,normale,,Sur chaussée,Conducteur,1,F,15-16,Autre,Autre,Non déterminable,1,1,02 - février,1 - mardi,Strasbourg
,201800048084,2018-02-13,69,8,69259,45.71784,4.87241,Hors intersection,Deux véhicules - par le coté,Plein jour,Normale,Voie Communale,,2,Plat,Partie rectiligne,,50,normale,,Sur chaussée,Conducteur,2,M,25-26,,Casque,Non,1,1,02 - février,1 - mardi,Vénissieux
,201800048086,2018-02-13,69,10,69387,45.74014,4.83831,Hors intersection,Deux véhicules - par le coté,Plein jour,Normale,Voie Communale,,,Plat,Partie rectiligne,,700,normale,,Sur chaussée,Conducteur,1,F,18-19,Autre,Autre,Non déterminable,1,1,02 - février,1 - mardi,Lyon 7e  Arrondissement
,201800007494,2018-02-12,67,16,67152,48.51671,7.65524,Autre intersection,Autre,Plein jour,Autre,Autre,,2,Plat,Partie rectiligne,,,normale,,Sur piste cyclable,Conducteur,2,M,71-72,Promenade - loisirs,Casque,,,1,02 - février,0 - lundi,Geispolsheim
,201800022929,2018-02-12,31,11,31555,43.60028,1.44525,Hors intersection,Autre,Plein jour,Normale,Voie Communale,,2,Plat,Partie rectiligne,,,normale,,Sur chaussée,Conducteur,0,M,31-32,,Autre,Non déterminable,,1,02 - février,0 - lundi,Toulouse
,201800022930,2018-02-12,31,19,31555,43.593,1.41295,Hors intersection,Deux véhicules - par le coté,Nuit sans éclairage public,Normale,Voie Communale,,1,Plat,Partie rectiligne,,,normale,,Sur piste cyclable,Conducteur,1,M,47-48,Domicile - travail,Casque,Non déterminable,1,1,02 - février,0 - lundi,Toulouse
,201800028226,2018-02-12,53,11,53130,48.06328,-0.74995,Hors intersection,Deux véhicules - par le coté,Plein jour,Normale,Voie Communale,,1,Plat,Partie rectiligne,,61,normale,,Sur chaussée,Conducteur,2,M,21-22,Autre,Autre,Non déterminable,1,1,02 - février,0 - lundi,Laval
,201800030745,2018-02-12,64,10,64269,43.2976,-0.30382,Hors intersection,Autre,Plein jour,Normale,Voie Communale,,3,Plat,Partie rectiligne,,90,normale,,Sur chaussée,Conducteur,1,M,61-62,Domicile - travail,Casque,Non,1,1,02 - février,0 - lundi,Idron
,201800031191,2018-02-12,66,7,66136,42.69403,2.93593,Hors intersection,Autre,Plein jour,Normale,Voie Communale,,1,Plat,En courbe à gauche,,70,normale,,Sur chaussée,Conducteur,1,M,15-16,,Autre,Oui,1,1,02 - février,0 - lundi,Perpignan
,201800031658,2018-02-12,67,1,67482,48.5859,7.77413,Intersection en X,Deux véhicules - par le coté,Nuit avec éclairage public allumé,Normale,Voie Communale,,2,Plat,Partie rectiligne,,60,normale,,Sur piste cyclable,Conducteur,1,M,86-87,Domicile - travail,Casque,Oui,1,1,02 - février,0 - lundi,Strasbourg
,201800050359,2018-02-12,75,9,75101,48.8647,2.34275,Hors intersection,Deux véhicules - par le coté,Plein jour,Normale,Voie Communale,,3,Sommet de côte,Partie rectiligne,,100,normale,,Sur chaussée,Conducteur,1,F,29-30,Domicile - travail,Casque,Oui,1,1,02 - février,0 - lundi,Paris 1er Arrondissement
,201800053697,2018-02-12,75,21,75117,48.8951,2.31556,Hors intersection,Deux véhicules - par le coté,Nuit avec éclairage public allumé,Normale,Voie Communale,,1,Plat,Partie rectiligne,,,normale,,Sur chaussée,Conducteur,1,M,22-23,Utilisation professionnelle,Casque,Oui,1,1,02 - février,0 - lundi,Paris 17e  Arrondissement
,201800054332,2018-02-12,75,10,75119,48.8896,2.36873,Hors intersection,Autre,Plein jour,Normale,Voie Communale,,1,Plat,Partie rectiligne,,,normale,,Sur piste cyclable,Conducteur,0,M,38-39,Autre,Casque,Non déterminable,,1,02 - février,0 - lundi,Paris 19e  Arrondissement
,201800057244,2018-02-12,974,17,97409,-20.96886,55.65545,Hors intersection,Deux véhicules - par l’arrière,Plein jour,Normale,Route Départementale,,2,Pente,En courbe à gauche,,,normale,Carrefour aménagé,Sur chaussée,Conducteur,2,M,49-50,Promenade - loisirs,Autre,Non déterminable,1,1,02 - février,0 - lundi,Saint-André
,201800000568,2018-02-11,22,11,22273,48.55432,-2.5403,Hors intersection,Aucune,Plein jour,Pluie légère,Route Départementale,,2,Pente,Partie rectiligne,,,mouillée,,Sur chaussée,Conducteur,3,M,62-63,Promenade - loisirs,Casque,Oui,,,02 - février,6 - dimanche,Saint-Alban
,201800008207,2018-02-11,13,10,13028,43.1691,5.60383,Hors intersection,Deux véhicules - par le coté,Plein jour,Normale,Voie Communale,,2,Pente,Partie rectiligne,,50,normale,,Sur chaussée,Conducteur,1,F,59-60,Promenade - loisirs,Casque,Non,1,1,02 - février,6 - dimanche,Ciotat
,201800015186,2018-02-11,31,13,31052,43.37882,1.36739,Hors intersection,Aucune,Plein jour,Temps couvert,Voie Communale,,2,Bas de côte,En courbe à gauche,,,normale,,Sur trottoir,Conducteur,3,M,14-15,Promenade - loisirs,Casque,,,1,02 - février,6 - dimanche,Beaumont-sur-Lèze
,201800027910,2018-02-11,51,14,51230,49.03185,3.94151,Hors intersection,Autre,Plein jour,Normale,Voie Communale,,2,Pente,Partie rectiligne,,,normale,,Sur chaussée,Conducteur,2,M,41-42,Promenade - loisirs,Casque,Non déterminable,1,1,02 - février,6 - dimanche,Épernay
,201800008500,2018-02-10,13,10,13055,43.29785,5.37282,Hors intersection,Autre,Plein jour,Normale,Voie Communale,,2,Pente,Partie rectiligne,,67,normale,,Sur chaussée,Conducteur,2,F,27-28,Promenade - loisirs,Casque,Non,1,1,02 - février,5 - samedi,Marseille
,201800022795,2018-02-10,67,13,67445,48.30114,7.36121,Hors intersection,Autre,Plein jour,Normale,Voie Communale,,2,Pente,Partie rectiligne,,,normale,,Sur chaussée,Conducteur,1,M,49-50,Promenade - loisirs,Casque,Oui,,,02 - février,5 - samedi,Scherwiller
,201800026091,2018-02-10,42,9,42305,45.48195,4.43412,Hors intersection,Autre,Plein jour,Normale,Voie Communale,,1,Plat,Partie rectiligne,,,normale,,Sur chaussée,Conducteur,0,M,40-41,,Autre,Non déterminable,,1,02 - février,5 - samedi,Talaudière
,201800053264,2018-02-10,75,18,75116,48.8737,2.29411,Giratoire,Deux véhicules - par le coté,Nuit avec éclairage public allumé,Normale,Voie Communale,,1,Plat,Partie rectiligne,,,normale,,Sur chaussée,Conducteur,1,M,45-46,Autre,Casque,Non,1,1,02 - février,5 - samedi,Paris 16e  Arrondissement
,201800003325,2018-02-09,25,12,25632,47.47855,6.76748,Hors intersection,Deux véhicules - par le coté,Plein jour,Temps couvert,Route Départementale,,2,Plat,Partie rectiligne,,,normale,,Sur chaussée,Conducteur,1,M,55-56,Domicile - travail,Equipement réfléchissant,Oui,1,1,02 - février,4 - vendredi,Voujeaucourt
,201800024096,2018-02-09,33,11,33318,44.8005,-0.61727,Giratoire,Deux véhicules - par le coté,Plein jour,Normale,Voie Communale,,2,Plat,Partie rectiligne,,,normale,,Sur chaussée,Conducteur,2,M,19-20,,Casque,Non déterminable,1,1,02 - février,4 - vendredi,Pessac
,201800048079,2018-02-09,69,12,69387,45.7484,4.83803,Intersection en T,Deux véhicules - par le coté,Plein jour,Normale,Voie Communale,,1,Plat,Partie rectiligne,,,normale,,Sur piste cyclable,Conducteur,1,F,61-62,,Autre,Non déterminable,1,1,02 - février,4 - vendredi,Lyon 7e  Arrondissement
,201800003533,2018-02-08,13,11,13022,43.23698,5.55939,Hors intersection,Deux véhicules - frontale,Plein jour,Normale,Route Départementale,,2,Pente,En courbe à droite,,,normale,,Sur chaussée,Conducteur,3,M,67-68,Promenade - loisirs,Equipement réfléchissant,Non,1,,02 - février,3 - jeudi,Cassis
,201800010529,2018-02-08,14,10,14118,49.1596,-0.3615,Intersection en T,Autre,Plein jour,Normale,Voie Communale,,2,Plat,Partie rectiligne,,,verglacée,,Sur chaussée,Conducteur,0,M,14-15,Domicile - école,Casque,Non,1,1,02 - février,3 - jeudi,Caen
,201800010529,2018-02-08,14,10,14118,49.1596,-0.3615,Intersection en T,Autre,Plein jour,Normale,Voie Communale,,2,Plat,Partie rectiligne,,,verglacée,,Sur chaussée,Passager,2,M,14-15,Domicile - école,Autre,Non,1,1,02 - février,3 - jeudi,Caen
,201800014475,2018-02-08,1,20,1181,46.22975,5.61362,Intersection en T,Deux véhicules - par l’arrière,Nuit sans éclairage public,Normale,Route Départementale,,2,Plat,Partie rectiligne,,,normale,,Sur chaussée,Conducteur,2,M,14-15,Promenade - loisirs,Casque,Non,1,1,02 - février,3 - jeudi,Groissiat
,201800021816,2018-02-08,67,7,67437,48.74068,7.36982,Intersection en X,Deux véhicules - par le coté,Plein jour,Normale,Route Départementale,,3,Plat,Partie rectiligne,,,normale,Carrefour aménagé,Sur chaussée,Conducteur,1,M,35-36,,Dispositif enfants,,1,1,02 - février,3 - jeudi,Saverne
,201800022714,2018-02-08,11,7,11203,43.19308,2.75564,Hors intersection,Deux véhicules - par l’arrière,Nuit sans éclairage public,Normale,Route Départementale,,2,Plat,Partie rectiligne,,,normale,,Sur chaussée,Conducteur,2,M,16-17,Domicile - travail,Equipement réfléchissant,Non,1,1,02 - février,3 - jeudi,Lézignan-Corbières
,201800026734,2018-02-08,45,16,45147,47.93616,1.90933,Intersection en X,Deux véhicules - par le coté,Plein jour,Normale,Voie Communale,,2,Plat,Partie rectiligne,,60,normale,,Sur chaussée,Conducteur,2,M,25-26,,Autre,Non déterminable,1,1,02 - février,3 - jeudi,Fleury-les-Aubrais
,201800031187,2018-02-08,66,18,66136,42.6886,2.9101,Hors intersection,Deux véhicules - par le coté,Plein jour,Normale,Voie Communale,,1,Plat,Partie rectiligne,,50,normale,Souterrain - tunnel,Sur chaussée,Conducteur,1,M,26-27,Promenade - loisirs,Equipement réfléchissant,Oui,1,1,02 - février,3 - jeudi,Perpignan
,201800056019,2018-02-08,973,12,97311,5.49136,-54.01888,Hors intersection,Deux véhicules - frontale,Plein jour,Normale,Voie Communale,,2,Plat,Partie rectiligne,,,normale,,Sur chaussée,Conducteur,2,M,15-16,Domicile - école,Casque,Non,1,1,02 - février,3 - jeudi,Saint-Laurent-du-Maroni
,201800026286,2018-02-07,44,17,44109,47.23182,-1.56835,Hors intersection,Deux véhicules - par le coté,Plein jour,Normale,Autre,,2,Pente,Partie rectiligne,,,normale,,Sur chaussée,Conducteur,1,M,24-25,,Casque,Non déterminable,1,1,02 - février,2 - mercredi,Nantes
,201800027153,2018-02-07,49,8,49007,47.47029,-0.56307,Hors intersection,Aucune,Crépuscule ou aube,Neige - grêle,Voie Communale,,3,Plat,Partie rectiligne,,,enneigée,,Sur chaussée,Conducteur,2,M,50-51,Domicile - travail,Casque,Oui,,1,02 - février,2 - mercredi,Angers
,201800032151,2018-02-06,68,9,68224,47.73983,7.3026,Intersection en T,Deux véhicules - par le coté,Plein jour,Normale,Route Départementale,,2,Plat,Partie rectiligne,46,189,normale,,Sur piste cyclable,Conducteur,2,F,78-79,Courses - achats,Casque,Non,1,1,02 - février,1 - mardi,Mulhouse
,201800032366,2018-02-06,69,19,69282,45.77034,4.99287,Giratoire,Deux véhicules - par le coté,Nuit avec éclairage public allumé,Pluie légère,Voie Communale,,2,Plat,En courbe à gauche,,84,mouillée,Carrefour aménagé,Sur chaussée,Conducteur,1,F,59-60,,Casque,Oui,1,1,02 - février,1 - mardi,Meyzieu
,201800032914,2018-02-06,71,6,71497,46.3394,4.84691,Hors intersection,Deux véhicules - par l’arrière,Nuit sans éclairage public,Pluie légère,Route Départementale,,5,Plat,Partie rectiligne,,,mouillée,Pont - autopont,Sur chaussée,Conducteur,2,M,30-31,Domicile - travail,Equipement réfléchissant,Oui,1,1,02 - février,1 - mardi,Sancé
,201800000813,2018-02-05,1,13,1053,46.20372,5.21863,Intersection en Y,Autre,Plein jour,Pluie légère,Voie Communale,,2,Sommet de côte,Partie rectiligne,,,mouillée,,,Conducteur,1,M,12-13,Promenade - loisirs,Casque,Oui,2,1,02 - février,0 - lundi,Bourg-en-Bresse
,201800012703,2018-02-05,18,12,18197,46.72543,2.51201,Intersection en T,Deux véhicules - par le coté,Plein jour,Normale,Route Départementale,,2,Plat,Partie rectiligne,,,normale,,Sur chaussée,Conducteur,2,M,41-42,Promenade - loisirs,Casque,Oui,1,1,02 - février,0 - lundi,Saint-Amand-Montrond
,201800023449,2018-02-05,10,7,10100,48.20601,4.18896,Hors intersection,Deux véhicules - par le coté,Crépuscule ou aube,Pluie légère,Route Départementale,,2,Plat,Partie rectiligne,,,mouillée,,Sur chaussée,Conducteur,2,M,14-15,Domicile - travail,Equipement réfléchissant,Oui,1,1,02 - février,0 - lundi,Clérey
,201800030740,2018-02-05,64,8,64445,43.3101,-0.36079,Intersection en X,Deux véhicules - par le coté,Crépuscule ou aube,Pluie légère,Voie Communale,,2,Plat,Partie rectiligne,,,normale,,Sur chaussée,Conducteur,1,M,17-18,,Autre,Non déterminable,1,1,02 - février,0 - lundi,Pau
,201800034979,2018-02-05,80,8,80021,49.91434,2.25644,Hors intersection,Deux véhicules - par le coté,Crépuscule ou aube,Normale,Voie Communale,,2,Plat,Partie rectiligne,,,normale,,Sur chaussée,Conducteur,1,F,16-17,Autre,Casque,Oui,1,1,02 - février,0 - lundi,Amiens
,201800040085,2018-02-05,93,8,93006,48.8705,2.417,Hors intersection,Deux véhicules - par le coté,Plein jour,Normale,Route Départementale,,,Plat,Partie rectiligne,30,30,normale,,Sur piste cyclable,Conducteur,2,M,30-31,Domicile - travail,Casque,Non déterminable,1,1,02 - février,0 - lundi,Bagnolet
,201800048068,2018-02-05,69,8,69387,45.73298,4.823,Hors intersection,Aucune,Plein jour,Neige - grêle,Voie Communale,,2,Plat,Partie rectiligne,,,mouillée,,Sur trottoir,Conducteur,1,M,41-42,,Casque,Oui,,1,02 - février,0 - lundi,Lyon 7e  Arrondissement
,201800000209,2018-02-04,62,17,62014,50.63717,2.39036,Giratoire,Deux véhicules - par l’arrière,Plein jour,Normale,Route Départementale,,1,Plat,Partie rectiligne,,,normale,Carrefour aménagé,Sur trottoir,Conducteur,2,M,11-12,Promenade - loisirs,Casque,Non déterminable,1,1,02 - février,6 - dimanche,Aire-sur-la-Lys
,201800003869,2018-02-04,83,14,83053,43.19567,5.87846,Hors intersection,Deux véhicules - frontale,Plein jour,Normale,Voie Communale,,2,Pente,Partie rectiligne,,,autre,,Sur accotement,Conducteur,2,M,53-54,Promenade - loisirs,Casque,Oui,1,,02 - février,6 - dimanche,Évenos
,201800047361,2018-02-04,69,9,69149,45.71653,4.80962,Hors intersection,Aucune,Plein jour,Normale,Voie Communale,,2,Pente,Partie rectiligne,44,63,normale,,Sur chaussée,Conducteur,1,M,32-33,Domicile - travail,Casque,Non,,1,02 - février,6 - dimanche,Oullins
,201800051311,2018-02-04,75,15,75109,48.8707,2.33257,Place,Autre,Plein jour,Normale,Voie Communale,,1,Plat,Partie rectiligne,,130,normale,,Sur chaussée,Conducteur,0,M,22-23,Utilisation professionnelle,Casque,Non,,1,02 - février,6 - dimanche,Paris 9e  Arrondissement
,201800006789,2018-02-03,74,12,74081,46.0652,6.57742,Giratoire,Deux véhicules - par le coté,Plein jour,Normale,Voie Communale,,2,Plat,Partie rectiligne,,,normale,Zone piétonne,Sur chaussée,Conducteur,1,M,52-53,Courses - achats,Casque,Non déterminable,1,1,02 - février,5 - samedi,Cluses
,201800037234,2018-02-03,92,17,92004,0,0,Hors intersection,Autre,Plein jour,Normale,Route Départementale,,1,Plat,Partie rectiligne,,,normale,,Sur chaussée,Conducteur,0,M,43-44,Domicile - travail,Casque,Oui,,1,02 - février,5 - samedi,Asnières-sur-Seine
,201800039222,2018-02-03,93,13,93001,48,2.3,Intersection en X,Deux véhicules - par le coté,Plein jour,Temps couvert,Voie Communale,,2,Plat,Partie rectiligne,,,mouillée,,Sur chaussée,Conducteur,2,M,44-45,Autre,Casque,Non,1,1,02 - février,5 - samedi,Aubervilliers
,201800040160,2018-02-03,93,19,93046,48.92067,2.52056,Intersection en X,Deux véhicules - par le coté,Nuit avec éclairage public allumé,Pluie légère,Voie Communale,,2,Plat,Partie rectiligne,,35,mouillée,,Sur chaussée,Conducteur,2,M,15-16,Promenade - loisirs,Autre,Oui,1,1,02 - février,5 - samedi,Livry-Gargan
,201800050830,2018-02-03,75,14,75107,48.8584,2.31365,Place,Deux véhicules - par le coté,Plein jour,Pluie forte,Voie Communale,,2,Plat,Partie rectiligne,,,mouillée,,Sur chaussée,Conducteur,1,F,46-47,Promenade - loisirs,Casque,Non,1,1,02 - février,5 - samedi,Paris 7e  Arrondissement
,201800054661,2018-02-03,75,18,75120,48.8643,2.3929,Hors intersection,Deux véhicules - par le coté,Nuit avec éclairage public allumé,Pluie légère,Voie Communale,,2,Pente,Partie rectiligne,,25,mouillée,,Sur chaussée,Conducteur,1,M,18-19,Utilisation professionnelle,Casque,Oui,1,1,02 - février,5 - samedi,Paris 20e  Arrondissement
,201800004014,2018-02-02,84,18,84150,44.3042,4.97358,Hors intersection,Deux véhicules - par l’arrière,Nuit sans éclairage public,Normale,Route Départementale,,2,Pente,Partie rectiligne,,,normale,,Sur chaussée,Conducteur,3,M,49-50,Promenade - loisirs,Casque,Non,1,,02 - février,4 - vendredi,Visan
,201800011271,2018-02-02,17,16,17041,46.22547,-0.81046,Hors intersection,Deux véhicules - par l’arrière,Plein jour,Normale,Route Départementale,,2,Plat,Partie rectiligne,,,normale,,Sur chaussée,Conducteur,2,M,59-60,Promenade - loisirs,Casque,Non,1,,02 - février,4 - vendredi,Benon
,201800012982,2018-02-02,45,19,45182,47.68904,1.78473,Hors intersection,Deux véhicules - par l’arrière,Nuit sans éclairage public,Normale,Route Départementale,,2,Pente,Partie rectiligne,,,normale,,Sur chaussée,Conducteur,2,M,49-50,Domicile - travail,Equipement réfléchissant,Oui,1,,02 - février,4 - vendredi,Ligny-le-Ribault
,201800016326,2018-02-02,34,21,34013,43.5819,3.46007,Hors intersection,Deux véhicules - par l’arrière,Nuit sans éclairage public,Normale,Route Départementale,,2,Plat,En courbe à gauche,,,normale,,Sur chaussée,Conducteur,3,M,32-33,Promenade - loisirs,Casque,,1,,02 - février,4 - vendredi,Aspiran
,201800019600,2018-02-02,17,15,17300,46.15451,-1.13616,Hors intersection,Deux véhicules - par le coté,Plein jour,Normale,Autre,,2,Pente,Partie rectiligne,,26,normale,,Sur piste cyclable,Conducteur,1,F,21-22,Domicile - école,Casque,Non,1,1,02 - février,4 - vendredi,Rochelle
,201800024634,2018-02-02,35,21,35238,48.10385,-1.68083,Intersection en T,Deux véhicules - par le coté,Nuit avec éclairage public allumé,Pluie légère,Voie Communale,,1,Plat,Partie rectiligne,,,mouillée,,Sur chaussée,Conducteur,1,F,32-33,,Casque,Oui,1,1,02 - février,4 - vendredi,Rennes
,201800033093,2018-02-02,72,18,72181,48.02558,0.18164,Giratoire,Deux véhicules - par le coté,Nuit avec éclairage public allumé,Pluie légère,Voie Communale,,4,Plat,Partie rectiligne,,,mouillée,Carrefour aménagé,Sur chaussée,Conducteur,2,M,13-14,Courses - achats,Casque,Non,1,1,02 - février,4 - vendredi,Mans
,201800034977,2018-02-02,80,16,80021,49.88258,2.32182,Intersection en X,Deux véhicules - par l’arrière,Plein jour,Normale,Voie Communale,,2,Sommet de côte,Partie rectiligne,,,normale,,Sur chaussée,Conducteur,1,M,17-18,Autre,Casque,Oui,1,1,02 - février,4 - vendredi,Amiens