test,identifiantAccident,date,departement,heure,commune,lat,lon,typeIntersection,typeCollision,luminosite,conditionsAtmosperiques,typeRoute,circulation,nbVoies,profilLongRoute,tracePlanRoute,largeurTPC,largeurRoute,etatSurface,amenagement,situation,categorieUsager,graviteAccident,sexe,age,motifDeplacement,existenceSecurite,usageSecurite,nombreAutresVehicules,enAgglomeration,mois,jour,NCCENR
,201800035850,2018-02-02,86,8,86194,46.57252,0.35896,Giratoire,Deux véhicules - par le coté,Plein jour,Normale,Voie Communale,,,Plat,En courbe à gauche,,,normale,,Sur chaussée,Conducteur,1,F,47-48,,Equipement réfléchissant,Non déterminable,1,1,02 - février,4 - vendredi,Poitiers
,201800038740,2018-02-02,92,9,92062,48.88202,2.23472,Hors intersection,Autre,Plein jour,Normale,Voie Communale,,1,Plat,Partie rectiligne,,,normale,,Sur chaussée,Conducteur,0,M,40-41,Domicile - travail,Casque,Oui,,1,02 - février,4 - vendredi,Puteaux
,201800038985,2018-02-02,92,8,92072,48.82194,2.20661,Hors intersection,Deux véhicules - par le coté,Plein jour,Pluie légère,Route Départementale,,4,Plat,En courbe à droite,,100,mouillée,Carrefour aménagé,Sur chaussée,Conducteur,1,M,39-40,Domicile - travail,Casque,Oui,1,1,02 - février,4 - vendredi,Sèvres
,201800040082,2018-02-02,93,9,93061,48.88311,2.41136,Hors intersection,Deux véhicules - par l’arrière,Plein jour,Temps couvert,Voie Communale,,2,Pente,Partie rectiligne,,60,normale,,Sur chaussée,Conducteur,1,M,45-46,Autre,Autre,Non déterminable,1,1,02 - février,4 - vendredi,Pré-Saint-Gervais
,201800050525,2018-02-02,75,9,75104,48.8575,2.35141,Intersection en X,Deux véhicules - par le coté,Plein jour,Normale,Voie Communale,,3,,,,120,normale,,Sur chaussée,Conducteur,1,F,42-43,Domicile - travail,Casque,Non déterminable,1,1,02 - février,4 - vendredi,Paris 4e  Arrondissement
,201800052662,2018-02-02,75,18,75114,48.8269,2.3386,Intersection en T,Deux véhicules - frontale,Nuit avec éclairage public allumé,Normale,Voie Communale,,,,,,,,,,Conducteur,1,M,66-67,Promenade - loisirs,Casque,Non déterminable,1,1,02 - février,4 - vendredi,Paris 14e  Arrondissement
,201800005580,2018-02-01,6,16,6088,43.70987,7.28784,Intersection en X,Deux véhicules - par le coté,Plein jour,Normale,Voie Communale,,2,Plat,Partie rectiligne,,150,normale,Carrefour aménagé,Sur chaussée,Conducteur,1,M,44-45,,Autre,Non déterminable,1,1,02 - février,3 - jeudi,Nice
,201800014804,2018-02-01,2,11,2748,49.09312,3.6053,Hors intersection,Deux véhicules - par l’arrière,Plein jour,Pluie légère,Route Départementale,,2,Plat,Partie rectiligne,,,mouillée,,Sur chaussée,Conducteur,2,M,62-63,Promenade - loisirs,Casque,Oui,1,,02 - février,3 - jeudi,Trélou-sur-Marne
,201800023853,2018-02-01,33,17,33192,44.77007,-0.629,Giratoire,Deux véhicules - par le coté,Crépuscule ou aube,Pluie légère,Voie Communale,,4,Plat,Partie rectiligne,,30,mouillée,Carrefour aménagé,Sur chaussée,Conducteur,2,F,31-32,Domicile - travail,Casque,Non déterminable,1,1,02 - février,3 - jeudi,Gradignan
,201800025222,2018-02-01,37,6,37261,47.40828,0.70853,Intersection en T,Deux véhicules - frontale,Nuit avec éclairage public non allumé,Normale,Voie Communale,,2,Pente,Partie rectiligne,,70,mouillée,,Sur chaussée,Conducteur,1,M,46-47,Domicile - travail,Casque,Non,1,1,02 - février,3 - jeudi,Tours
,201800025967,2018-02-01,42,17,42187,46.06686,4.09072,Hors intersection,Deux véhicules - par le coté,Plein jour,Pluie légère,Route Départementale,,2,Plat,,,,mouillée,,Sur chaussée,Conducteur,1,M,70-71,Promenade - loisirs,Casque,Oui,1,1,02 - février,3 - jeudi,Roanne
,201800027143,2018-02-01,49,17,49007,47.44829,-0.55029,Intersection en X,Deux véhicules - par le coté,Plein jour,Normale,Voie Communale,Avec voies d’affectation variable,,,,,,,,,Conducteur,1,M,17-18,,Casque,Oui,1,1,02 - février,3 - jeudi,Angers
,201800037568,2018-02-01,92,8,92023,48.80765,2.26395,Intersection en X,Deux véhicules - par le coté,Plein jour,Pluie forte,Voie Communale,,2,Plat,Partie rectiligne,,,mouillée,,Sur chaussée,Conducteur,1,M,46-47,Domicile - travail,Casque,Oui,1,1,02 - février,3 - jeudi,Clamart
,201800042237,2018-02-01,94,11,94073,48.7511,2.40293,Intersection en T,Deux véhicules - par le coté,Plein jour,Normale,Voie Communale,,2,Plat,Partie rectiligne,,60,,,,Conducteur,2,F,80-81,Promenade - loisirs,Casque,Non,1,1,02 - février,3 - jeudi,Thiais
,201800048064,2018-02-01,69,13,69387,45.74485,4.88431,Hors intersection,Deux véhicules - par l’arrière,Plein jour,Normale,Voie Communale,,2,Plat,Partie rectiligne,,60,normale,,Sur chaussée,Conducteur,1,M,35-36,Courses - achats,Casque,Non,1,1,02 - février,3 - jeudi,Lyon 7e  Arrondissement
,201800050355,2018-02-01,75,15,75102,48.8687,2.34133,Place,Deux véhicules - par le coté,Plein jour,Temps couvert,Voie Communale,,3,Plat,Partie rectiligne,,150,mouillée,,Sur chaussée,Conducteur,1,M,31-32,Utilisation professionnelle,Casque,Oui,1,1,02 - février,3 - jeudi,Paris 2e  Arrondissement
,201800052326,2018-02-01,75,9,75113,48.8387,2.37234,Intersection en T,Deux véhicules - par le coté,Plein jour,Normale,Voie Communale,,3,Plat,Partie rectiligne,,,mouillée,,Sur piste cyclable,Conducteur,1,M,32-33,Domicile - travail,Casque,Oui,1,1,02 - février,3 - jeudi,Paris 13e  Arrondissement
,201800015723,2018-01-31,44,11,44154,47.23872,-2.16881,Giratoire,Deux véhicules - par le coté,Plein jour,Pluie légère,Voie Communale,,1,Plat,En courbe à gauche,,,mouillée,Carrefour aménagé,Sur chaussée,Conducteur,1,F,22-23,Utilisation professionnelle,Casque,Non,1,1,01 - janvier,2 - mercredi,Saint-Brevin-les-Pins
,201800019598,2018-01-31,17,7,17300,46.16272,-1.16143,Intersection en T,Deux véhicules - par le coté,Nuit avec éclairage public allumé,Pluie légère,Voie Communale,,2,Plat,Partie rectiligne,,65,mouillée,,Sur chaussée,Conducteur,2,M,16-17,Domicile - école,Autre,Oui,1,1,01 - janvier,2 - mercredi,Rochelle
,201800020794,2018-01-31,22,11,22278,48.51412,-2.74228,Giratoire,Deux véhicules - par l’arrière,Plein jour,Normale,Voie Communale,,2,Plat,Partie rectiligne,,50,normale,Carrefour aménagé,Sur chaussée,Conducteur,1,M,17-18,Autre,Casque,Non,1,1,01 - janvier,2 - mercredi,Saint-Brieuc
,201800025221,2018-01-31,37,14,37261,47.38124,0.70222,Hors intersection,Deux véhicules - par le coté,Plein jour,Pluie légère,Voie Communale,,2,Plat,Partie rectiligne,,,mouillée,,Sur chaussée,Conducteur,2,M,41-42,Domicile - travail,Casque,Non,1,1,01 - janvier,2 - mercredi,Tours
,201800031648,2018-01-31,67,17,67482,48.59199,7.76947,Intersection en X,Deux véhicules - par le coté,Nuit avec éclairage public allumé,Pluie légère,Voie Communale,,,Plat,Partie rectiligne,,80,mouillée,,Sur chaussée,Conducteur,1,F,20-21,Autre,Autre,Non déterminable,1,1,01 - janvier,2 - mercredi,Strasbourg
,201800031649,2018-01-31,67,20,67482,48.56053,7.69319,Giratoire,Deux véhicules - par le coté,Nuit avec éclairage public allumé,Pluie légère,Voie Communale,,2,Plat,En courbe à droite,,80,mouillée,,Sur chaussée,Conducteur,1,M,42-43,,Autre,Non déterminable,1,1,01 - janvier,2 - mercredi,Strasbourg
,201800032358,2018-01-31,69,8,69266,45.77296,4.85975,Intersection en X,Deux véhicules - par le coté,Plein jour,Normale,Voie Communale,,4,Plat,Partie rectiligne,31,92,normale,,Sur chaussée,Conducteur,1,M,22-23,Domicile - travail,Casque,Non,1,1,01 - janvier,2 - mercredi,Villeurbanne
,201800033936,2018-01-31,76,12,76681,49.42048,1.08563,Intersection en T,Deux véhicules - par le coté,Plein jour,Pluie légère,Voie Communale,,2,Plat,Partie rectiligne,,,mouillée,,Sur chaussée,Conducteur,1,M,41-42,Domicile - travail,Casque,Oui,1,1,01 - janvier,2 - mercredi,Sotteville-lès-Rouen
,201800035500,2018-01-31,83,17,83137,43.12968,5.92062,Hors intersection,Deux véhicules - par le coté,Crépuscule ou aube,Normale,Voie Communale,,1,Pente,Partie rectiligne,,75,normale,,Sur chaussée,Conducteur,1,F,19-20,,Casque,Non,1,1,01 - janvier,2 - mercredi,Toulon
,201800039341,2018-01-31,93,10,93005,48.93947,2.49578,Autre intersection,Deux véhicules - par le coté,Plein jour,Pluie forte,Route Départementale,,,Plat,Partie rectiligne,,,mouillée,,Sur chaussée,Conducteur,1,M,63-64,Autre,Autre,Non déterminable,1,1,01 - janvier,2 - mercredi,Aulnay-sous-Bois
,201800041841,2018-01-31,94,17,94022,48.76516,2.4119,Hors intersection,Deux véhicules - frontale,Plein jour,Pluie légère,Voie Communale,,2,Plat,En courbe à droite,,70,mouillée,Pont - autopont,Sur chaussée,Conducteur,2,M,17-18,Autre,Casque,Non déterminable,1,1,01 - janvier,2 - mercredi,Choisy-le-Roi
,201800052934,2018-01-31,75,19,75115,48.8404,2.31491,Place,Deux véhicules - par l’arrière,Nuit avec éclairage public allumé,Pluie légère,Voie Communale,,,,,,,,,,Conducteur,1,M,34-35,,Casque,Non déterminable,1,1,01 - janvier,2 - mercredi,Paris 15e  Arrondissement
,201800007288,2018-01-30,10,12,10387,48.30861,4.06902,Giratoire,Autre,Plein jour,Normale,Voie Communale,,1,Plat,,,,normale,,Sur chaussée,Conducteur,1,M,53-54,,Casque,Non,1,1,01 - janvier,1 - mardi,Troyes
,201800020563,2018-01-30,19,17,19031,45.16544,1.53697,Intersection en T,Deux véhicules - par le coté,Crépuscule ou aube,Normale,Route Départementale,,2,Plat,Partie rectiligne,,,normale,,Sur chaussée,Conducteur,1,M,47-48,Promenade - loisirs,Casque,Non déterminable,1,1,01 - janvier,1 - mardi,Brive-la-Gaillarde
,201800021869,2018-01-30,62,9,62491,50.61209,2.78241,Intersection en X,Deux véhicules - par le coté,Plein jour,Temps éblouissant,Route Départementale,,2,Plat,Partie rectiligne,,,mouillée,,Sur chaussée,Conducteur,2,M,55-56,Promenade - loisirs,Casque,Oui,1,1,01 - janvier,1 - mardi,Laventie
,201800032236,2018-01-30,69,19,69091,45.59402,4.76995,Hors intersection,Deux véhicules - par le coté,Nuit avec éclairage public allumé,Normale,Voie Communale,,2,Plat,Partie rectiligne,16,78,normale,,Sur chaussée,Conducteur,1,M,42-43,Promenade - loisirs,Casque,Non,1,1,01 - janvier,1 - mardi,Givors
,201800037403,2018-01-30,92,8,92012,0,0,Intersection en X,Deux véhicules - par le coté,Plein jour,Normale,Voie Communale,,1,Plat,Partie rectiligne,,,normale,,Sur chaussée,Conducteur,1,F,50-51,Utilisation professionnelle,Autre,Non,1,1,01 - janvier,1 - mardi,Boulogne-Billancourt
,201800039946,2018-01-30,93,18,93079,48.94932,2.34193,Intersection en X,Deux véhicules - par l’arrière,Nuit avec éclairage public allumé,Pluie légère,Voie Communale,,2,Plat,Partie rectiligne,,,mouillée,,Sur chaussée,Conducteur,1,M,19-20,,Autre,Non déterminable,1,1,01 - janvier,1 - mardi,Villetaneuse
,201800047353,2018-01-30,69,8,69382,45.75929,4.8297,Hors intersection,Autre,Plein jour,Temps couvert,Voie Communale,,4,Plat,Partie rectiligne,,140,mouillée,,Sur chaussée,Conducteur,0,M,33-34,Domicile - travail,Casque,Non déterminable,,1,01 - janvier,1 - mardi,Lyon 2e  Arrondissement
,201800048059,2018-01-30,69,20,69387,45.74992,4.8583,Intersection en T,Deux véhicules - par le coté,Nuit sans éclairage public,Normale,Voie Communale,,,Plat,Partie rectiligne,,,normale,,Sur piste cyclable,Conducteur,1,M,18-19,,Autre,Non,1,1,01 - janvier,1 - mardi,Lyon 7e  Arrondissement
,201800050217,2018-01-30,75,18,75101,48.8653,2.34307,Intersection en X,Deux véhicules - par le coté,Nuit avec éclairage public allumé,Normale,Voie Communale,,4,Plat,Partie rectiligne,,,normale,,Sur chaussée,Conducteur,2,F,50-51,Domicile - travail,Casque,Non,1,1,01 - janvier,1 - mardi,Paris 1er Arrondissement
,201800050655,2018-01-30,75,13,75105,48.8398,2.34587,Hors intersection,Autre,Plein jour,Pluie légère,Voie Communale,,2,,,,80,mouillée,,Sur chaussée,Conducteur,0,M,33-34,Domicile - travail,Autre,Non,,1,01 - janvier,1 - mardi,Paris 5e  Arrondissement
,201800053256,2018-01-30,75,9,75116,48.8449,2.25728,Hors intersection,Deux véhicules - par l’arrière,Plein jour,Normale,Voie Communale,,2,Plat,Partie rectiligne,,,normale,,Sur chaussée,Conducteur,1,M,30-31,Domicile - travail,Autre,Oui,1,1,01 - janvier,1 - mardi,Paris 16e  Arrondissement
,201800054324,2018-01-30,75,17,75119,48.8865,2.36923,Intersection en X,Autre,Crépuscule ou aube,Normale,Voie Communale,,2,Plat,Partie rectiligne,,,mouillée,,Sur piste cyclable,Conducteur,1,M,54-55,Domicile - travail,Casque,Oui,1,1,01 - janvier,1 - mardi,Paris 19e  Arrondissement
,201800054913,2018-01-30,75,8,75106,48.8478,2.32953,Intersection en X,Trois véhicules et plus - collisions multiples,Plein jour,Normale,Voie Communale,,2,Plat,Partie rectiligne,,,normale,,Sur chaussée,Conducteur,1,M,40-41,Autre,Casque,Non,2,1,01 - janvier,1 - mardi,Paris 6e  Arrondissement
,201800057245,2018-01-30,974,10,97409,-20.95818,55.68823,Hors intersection,Autre,Plein jour,Normale,Route Départementale,,2,Plat,Partie rectiligne,,,normale,,Sur accotement,Conducteur,3,M,39-40,Promenade - loisirs,Autre,Non déterminable,1,,01 - janvier,1 - mardi,Saint-André
,201800007284,2018-01-29,10,18,10387,48.29162,4.07129,Hors intersection,Deux véhicules - par le coté,Nuit avec éclairage public allumé,Normale,Voie Communale,,4,Plat,Partie rectiligne,,,mouillée,,Sur trottoir,Conducteur,1,M,26-27,,Equipement réfléchissant,Non,1,1,01 - janvier,0 - lundi,Troyes
,201800024625,2018-01-29,35,16,35051,48.10614,-1.62562,Hors intersection,Deux véhicules - par le coté,Plein jour,Normale,Voie Communale,,2,Pente,Partie rectiligne,,,normale,,Sur chaussée,Conducteur,1,M,55-56,Promenade - loisirs,Casque,Oui,1,1,01 - janvier,0 - lundi,Cesson-Sévigné
,201800025223,2018-01-29,37,15,37233,47.39164,0.72241,Hors intersection,Aucune,Plein jour,Pluie légère,Voie Communale,,2,Plat,Partie rectiligne,,,mouillée,,Sur chaussée,Conducteur,1,M,87-88,Promenade - loisirs,Equipement réfléchissant,Non,,1,01 - janvier,0 - lundi,Saint-Pierre-des-Corps
,201800028671,2018-01-29,56,7,56121,47.73553,-3.36617,Intersection en X,Deux véhicules - par le coté,Nuit avec éclairage public allumé,Normale,Voie Communale,,2,Plat,Partie rectiligne,,,normale,,,Conducteur,1,M,18-19,Promenade - loisirs,Casque,Oui,1,1,01 - janvier,0 - lundi,Lorient
,201800041839,2018-01-29,94,14,94054,48.74733,2.41433,Hors intersection,Deux véhicules - par le coté,Plein jour,Normale,Voie Communale,,2,Plat,Partie rectiligne,,50,normale,,Sur trottoir,Conducteur,1,F,22-23,Utilisation professionnelle,Autre,Non déterminable,1,1,01 - janvier,0 - lundi,Orly
,201800042129,2018-01-29,94,9,94076,48.7977,2.35768,Hors intersection,Deux véhicules - par l’arrière,Plein jour,Pluie légère,Voie Communale,,1,Plat,Partie rectiligne,,,mouillée,,Sur chaussée,Conducteur,1,F,18-19,Domicile - école,Casque,Non,1,1,01 - janvier,0 - lundi,Villejuif
,201800042736,2018-01-29,94,9,94042,48.81627,2.47054,Hors intersection,Deux véhicules - par l’arrière,Plein jour,Temps couvert,Voie Communale,,1,Plat,Partie rectiligne,,,normale,,,Conducteur,1,M,85-86,,Casque,Non,1,1,01 - janvier,0 - lundi,Joinville-le-Pont
,201800051926,2018-01-29,75,19,75112,48.8463,2.39443,Intersection en T,Deux véhicules - par le coté,Nuit avec éclairage public allumé,Normale,Voie Communale,,2,Plat,Partie rectiligne,,60,normale,,Sur chaussée,Conducteur,1,M,12-13,Promenade - loisirs,Casque,Non,1,1,01 - janvier,0 - lundi,Paris 12e  Arrondissement
,201800056842,2018-01-29,973,16,97302,4.92729,-52.31966,Intersection en T,Deux véhicules - par le coté,Plein jour,Normale,Route Départementale,,2,Plat,Partie rectiligne,,120,normale,,Sur chaussée,Conducteur,1,M,32-33,,Autre,Non déterminable,1,1,01 - janvier,0 - lundi,Cayenne
,201800015584,2018-01-28,35,19,35299,48.65397,-1.87282,Hors intersection,Deux véhicules - par le coté,Nuit sans éclairage public,Pluie légère,Route Départementale,,2,Plat,Partie rectiligne,,,mouillée,,Sur accotement,Conducteur,2,M,32-33,Promenade - loisirs,Equipement réfléchissant,Non,1,,01 - janvier,6 - dimanche,Saint-Méloir-des-Ondes
,201800015991,2018-01-28,39,14,39333,46.43484,5.72636,Intersection en Y,Deux véhicules - frontale,Plein jour,Normale,Voie Communale,,2,Plat,Partie rectiligne,,,normale,,Sur piste cyclable,Conducteur,1,M,11-12,Promenade - loisirs,Casque,Non,1,1,01 - janvier,6 - dimanche,Moirans-en-Montagne
,201800016043,2018-01-28,22,9,22297,48.26139,-2.53566,Hors intersection,Deux véhicules - par l’arrière,Plein jour,Temps couvert,Route Départementale,,2,Pente,Partie rectiligne,,,mouillée,,Sur chaussée,Conducteur,2,M,60-61,Promenade - loisirs,Casque,Oui,1,,01 - janvier,6 - dimanche,Saint-Gouéno
,201800022479,2018-01-28,30,15,30007,44.12699,4.07571,Hors intersection,Deux véhicules - par le coté,Plein jour,Normale,Voie Communale,,4,Plat,Partie rectiligne,20,140,normale,,Sur chaussée,Conducteur,2,M,52-53,Promenade - loisirs,Casque,Non déterminable,1,1,01 - janvier,6 - dimanche,Alès
,201800027677,2018-01-28,50,8,50173,49.6613,-1.68142,Giratoire,Deux véhicules - par le coté,Plein jour,Normale,Route Départementale,,1,Plat,En courbe à gauche,,116,mouillée,Carrefour aménagé,Sur chaussée,Conducteur,1,M,73-74,Promenade - loisirs,Casque,Oui,1,1,01 - janvier,6 - dimanche,Équeurdreville-Hainneville
,201800056010,2018-01-28,973,10,97312,5.37744,-52.95511,Hors intersection,Deux véhicules - par le coté,Plein jour,Normale,Voie Communale,,2,Plat,Partie rectiligne,,,normale,,Sur chaussée,Conducteur,2,F,6-7,Promenade - loisirs,Casque,Non,1,1,01 - janvier,6 - dimanche,Sinnamary
,201800056117,2018-01-28,974,22,97415,-21.02931,55.22698,Intersection en Y,Deux véhicules - frontale,Nuit sans éclairage public,Normale,Route Nationale,,2,Plat,Partie rectiligne,,,normale,Bretelle d’échangeur ou de raccordement,Sur chaussée,Conducteur,2,M,24-25,Domicile - travail,Casque,,1,1,01 - janvier,6 - dimanche,Saint-Paul
,201800026084,2018-01-27,42,14,42218,45.45987,4.41368,Hors intersection,Deux véhicules - par le coté,Plein jour,Normale,Parc de stationnement ouvert à la circulation publique,,,Pente,En courbe à gauche,,,normale,,Sur chaussée,Conducteur,1,M,26-27,Promenade - loisirs,Casque,Non déterminable,1,1,01 - janvier,5 - samedi,Saint-Étienne
,201800028314,2018-01-27,54,17,54300,48.65509,6.22741,Hors intersection,Deux véhicules - par le coté,Crépuscule ou aube,Normale,Voie Communale,,2,Plat,Partie rectiligne,,,normale,,Sur chaussée,Conducteur,1,M,16-17,,Casque,Oui,1,1,01 - janvier,5 - samedi,Laneuveville-devant-Nancy
,201800053994,2018-01-27,75,2,75118,48.896,2.34594,Place,Autre,Nuit avec éclairage public allumé,Normale,Voie Communale,,4,Plat,Partie rectiligne,10,210,normale,Carrefour aménagé,Sur chaussée,Conducteur,1,M,22-23,Promenade - loisirs,Autre,Non déterminable,1,1,01 - janvier,5 - samedi,Paris 18e  Arrondissement
,201800054322,2018-01-27,75,19,75119,48.8823,2.37071,Hors intersection,Deux véhicules - par le coté,Nuit avec éclairage public allumé,Normale,Voie Communale,,3,Plat,Partie rectiligne,30,50,normale,,Sur chaussée,Conducteur,1,M,23-24,Utilisation professionnelle,Casque,Non,1,1,01 - janvier,5 - samedi,Paris 19e  Arrondissement
,201800025213,2018-01-26,37,8,37261,47.4113,0.69116,Hors intersection,Deux véhicules - par le coté,Plein jour,Normale,Voie Communale,,2,Sommet de côte,Partie rectiligne,,60,mouillée,,Sur chaussée,Conducteur,1,F,48-49,Promenade - loisirs,Equipement réfléchissant,Oui,1,1,01 - janvier,4 - vendredi,Tours
,201800025217,2018-01-26,37,12,37261,47.38865,0.69062,Hors intersection,Aucune,Plein jour,Normale,Voie Communale,,1,Plat,Partie rectiligne,,210,normale,Voie ferrée,Sur chaussée,Conducteur,1,F,15-16,,Casque,Non,,1,01 - janvier,4 - vendredi,Tours
,201800026517,2018-01-26,44,8,44184,47.3089,-2.2691,Intersection en T,Deux véhicules - frontale,Crépuscule ou aube,Normale,Voie Communale,,2,Plat,Partie rectiligne,,,normale,,Sur chaussée,Conducteur,1,M,63-64,Promenade - loisirs,Casque,Oui,1,,01 - janvier,4 - vendredi,Saint-Nazaire
,201800027678,2018-01-26,50,18,50602,49.64951,-1.57,Intersection en X,Deux véhicules - par le coté,Nuit avec éclairage public allumé,Normale,Voie Communale,,1,Plat,Partie rectiligne,,,normale,,Sur trottoir,Conducteur,1,F,50-51,Promenade - loisirs,Casque,Non,1,1,01 - janvier,4 - vendredi,Tourlaville
,201800029183,2018-01-26,86,9,86297,46.54583,0.25841,Giratoire,Deux véhicules - par le coté,Plein jour,Normale,Route Départementale,,2,Plat,En courbe à droite,,,mouillée,Carrefour aménagé,Sur chaussée,Conducteur,1,M,66-67,Promenade - loisirs,Casque,Oui,1,1,01 - janvier,4 - vendredi,Vouneuil-sous-Biard
,201800032357,2018-01-26,69,8,69266,45.77784,4.88155,Intersection en X,Trois véhicules et plus - collisions multiples,Plein jour,Pluie légère,Voie Communale,,2,Plat,Partie rectiligne,,,mouillée,,Sur chaussée,Conducteur,1,M,24-25,Domicile - travail,Casque,Non,2,1,01 - janvier,4 - vendredi,Villeurbanne
,201800034971,2018-01-26,80,15,80021,49.89602,2.29769,Intersection en X,Deux véhicules - par le coté,Plein jour,Normale,Voie Communale,,1,Sommet de côte,Partie rectiligne,,,normale,,Sur chaussée,Conducteur,1,M,23-24,Autre,Casque,Oui,1,1,01 - janvier,4 - vendredi,Amiens
,201800048050,2018-01-26,69,7,69383,45.76002,4.84088,Intersection en X,Deux véhicules - par le coté,Nuit avec éclairage public allumé,Pluie forte,Voie Communale,,3,Plat,Partie rectiligne,,,mouillée,Pont - autopont,Sur chaussée,Conducteur,1,F,60-61,Domicile - travail,Casque,Non,1,1,01 - janvier,4 - vendredi,Lyon 3e  Arrondissement
,201800052929,2018-01-26,75,11,75115,48.8457,2.29138,Place,Deux véhicules - par le coté,Plein jour,Normale,Voie Communale,,1,Plat,Partie rectiligne,,45,normale,,Sur chaussée,Conducteur,1,F,44-45,Utilisation professionnelle,Casque,Oui,1,1,01 - janvier,4 - vendredi,Paris 15e  Arrondissement
,201800056674,2018-01-26,972,21,97209,14.62148,-61.03857,Hors intersection,Deux véhicules - par le coté,Nuit avec éclairage public allumé,Normale,Voie Communale,,2,Plat,Partie rectiligne,,,normale,,Sur chaussée,Conducteur,1,M,10-11,Promenade - loisirs,Equipement réfléchissant,Non,1,,01 - janvier,4 - vendredi,Fort-de-France
,201800004303,2018-01-25,2A,9,2A247,41.59388,9.21911,Hors intersection,Deux véhicules - par l’arrière,Plein jour,Normale,Route Départementale,,2,Plat,En courbe à gauche,,,normale,,Sur chaussée,Conducteur,2,M,63-64,Promenade - loisirs,Casque,Oui,1,,01 - janvier,3 - jeudi,Porto-Vecchio
,201800024620,2018-01-25,35,6,35051,48.11382,-1.62063,Giratoire,Deux véhicules - par le coté,Nuit avec éclairage public allumé,Normale,Voie Communale,,2,Plat,,,,mouillée,Carrefour aménagé,Sur chaussée,Conducteur,1,F,53-54,Promenade - loisirs,Casque,Non,1,1,01 - janvier,3 - jeudi,Cesson-Sévigné
,201800027135,2018-01-25,49,8,49007,47.45256,-0.52554,Hors intersection,Autre,Plein jour,Normale,Voie Communale,,2,Plat,Partie rectiligne,,39,mouillée,,Sur chaussée,Conducteur,0,F,15-16,,Autre,Non,,1,01 - janvier,3 - jeudi,Angers
,201800028668,2018-01-25,56,10,56098,47.75944,-3.32649,Giratoire,Aucune,Plein jour,Normale,Voie Communale,,2,Plat,Partie rectiligne,,,normale,,Sur chaussée,Conducteur,1,M,59-60,Promenade - loisirs,Casque,Oui,,1,01 - janvier,3 - jeudi,Lanester
,201800028669,2018-01-25,56,18,56121,47.74024,-3.36873,Intersection en X,Deux véhicules - par le coté,Nuit avec éclairage public allumé,Normale,Voie Communale,,2,Plat,Partie rectiligne,,,normale,,Sur chaussée,Conducteur,1,M,17-18,Promenade - loisirs,Casque,Oui,1,1,01 - janvier,3 - jeudi,Lorient
,201800035843,2018-01-25,86,19,86194,46.56983,0.31506,Hors intersection,Deux véhicules - par le coté,Nuit avec éclairage public allumé,Pluie légère,Voie Communale,,2,Plat,Partie rectiligne,,60,mouillée,,Sur chaussée,Conducteur,2,M,29-30,,Autre,Non déterminable,1,1,01 - janvier,3 - jeudi,Poitiers
,201800043404,2018-01-25,95,10,95598,48.9762,2.3009,Hors intersection,Deux véhicules - par l’arrière,Plein jour,Normale,Voie Communale,,2,Plat,Partie rectiligne,,,normale,,Sur chaussée,Conducteur,1,F,43-44,Promenade - loisirs,Casque,Oui,1,1,01 - janvier,3 - jeudi,Soisy-sous-Montmorency
,201800052321,2018-01-25,75,12,75113,48.8306,2.37679,Intersection en X,Autre,Plein jour,Pluie légère,Voie Communale,,2,Plat,Partie rectiligne,,,mouillée,,Sur chaussée,Conducteur,1,F,49-50,Domicile - travail,Casque,Non,1,1,01 - janvier,3 - jeudi,Paris 13e  Arrondissement
,201800053248,2018-01-25,75,18,75116,48.8717,2.2758,Giratoire,Deux véhicules - par le coté,Nuit avec éclairage public allumé,Normale,Voie Communale,,3,Plat,En courbe à gauche,,,normale,,Sur chaussée,Conducteur,1,M,16-17,Promenade - loisirs,Casque,Non,1,1,01 - janvier,3 - jeudi,Paris 16e  Arrondissement
,201800053680,2018-01-25,75,7,75117,48.8878,2.28897,Hors intersection,Deux véhicules - par le coté,Nuit avec éclairage public allumé,Pluie légère,Voie Communale,,3,Plat,Partie rectiligne,,,mouillée,,Sur chaussée,Conducteur,1,F,49-50,Promenade - loisirs,Casque,Non,1,1,01 - janvier,3 - jeudi,Paris 17e  Arrondissement
,201800020700,2018-01-24,21,7,21231,47.31543,5.04263,Hors intersection,Deux véhicules - par le coté,Nuit avec éclairage public allumé,Normale,Voie Communale,,1,Plat,Partie rectiligne,,,normale,,,Conducteur,1,F,20-21,Promenade - loisirs,Autre,Non déterminable,1,1,01 - janvier,2 - mercredi,Dijon
,201800023420,2018-01-24,28,18,28204,48.04883,1.18093,Hors intersection,Trois véhicules et plus - en chaîne,Nuit sans éclairage public,Normale,Route Départementale,,2,Plat,Partie rectiligne,,,normale,,Sur chaussée,Conducteur,0,M,12-13,Promenade - loisirs,Casque,Non,1,,01 - janvier,2 - mercredi,Langey
,201800023420,2018-01-24,28,18,28204,48.04883,1.18093,Hors intersection,Trois véhicules et plus - en chaîne,Nuit sans éclairage public,Normale,Route Départementale,,2,Plat,Partie rectiligne,,,normale,,Sur chaussée,Conducteur,2,M,12-13,,Casque,Non,1,,01 - janvier,2 - mercredi,Langey
,201800025689,2018-01-24,38,14,38185,45.18542,5.73108,Hors intersection,Autre,Plein jour,Normale,Route Départementale,,3,Plat,Partie rectiligne,,,normale,,Sur chaussée,Conducteur,1,M,50-51,Domicile - travail,Casque,Non,1,1,01 - janvier,2 - mercredi,Grenoble