test,identifiantAccident,date,departement,heure,commune,lat,lon,typeIntersection,typeCollision,luminosite,conditionsAtmosperiques,typeRoute,circulation,nbVoies,profilLongRoute,tracePlanRoute,largeurTPC,largeurRoute,etatSurface,amenagement,situation,categorieUsager,graviteAccident,sexe,age,motifDeplacement,existenceSecurite,usageSecurite,nombreAutresVehicules,enAgglomeration,mois,jour,NCCENR
,201800030977,2018-01-24,64,17,64483,43.3909,-1.65922,Hors intersection,Deux véhicules - frontale,Plein jour,Normale,Voie Communale,,2,Plat,Partie rectiligne,,,normale,,Sur chaussée,Conducteur,1,F,42-43,Promenade - loisirs,Casque,Oui,1,1,01 - janvier,2 - mercredi,Saint-Jean-de-Luz
,201800030977,2018-01-24,64,17,64483,43.3909,-1.65922,Hors intersection,Deux véhicules - frontale,Plein jour,Normale,Voie Communale,,2,Plat,Partie rectiligne,,,normale,,Sur chaussée,Passager,1,F,3-4,Promenade - loisirs,Casque,Oui,1,1,01 - janvier,2 - mercredi,Saint-Jean-de-Luz
,201800035694,2018-01-24,84,19,84031,44.04497,5.04848,Hors intersection,Autre,Nuit avec éclairage public allumé,Normale,Voie Communale,,2,Plat,Partie rectiligne,,,normale,,,Conducteur,2,M,20-21,Autre,Casque,Non,1,1,01 - janvier,2 - mercredi,Carpentras
,201800035985,2018-01-24,87,17,87085,45.8249,1.27476,Intersection en T,Deux véhicules - par le coté,Plein jour,Normale,Route Départementale,,4,Plat,Partie rectiligne,,120,normale,,Sur chaussée,Conducteur,1,M,67-68,Promenade - loisirs,Autre,Non déterminable,1,1,01 - janvier,2 - mercredi,Limoges
,201800042814,2018-01-24,94,12,94068,48.8021,2.4816,Intersection en X,Deux véhicules - par l’arrière,Plein jour,Normale,Voie Communale,,1,Plat,Partie rectiligne,,40,mouillée,Carrefour aménagé,Sur chaussée,Conducteur,1,M,61-62,,Casque,Non,1,1,01 - janvier,2 - mercredi,Saint-Maur-des-Fossés
,201800050758,2018-01-24,75,17,75106,48.8521,2.32976,Intersection à plus de 4 branches,Deux véhicules - par le coté,Plein jour,Normale,Voie Communale,,4,Plat,Partie rectiligne,,130,normale,,Sur chaussée,Conducteur,1,F,32-33,Domicile - travail,Casque,Non,1,1,01 - janvier,2 - mercredi,Paris 6e  Arrondissement
,201800052654,2018-01-24,75,11,75114,48.8296,2.32833,Intersection en T,Autre,Plein jour,Normale,Voie Communale,,4,Plat,Partie rectiligne,,120,normale,Zone piétonne,Sur chaussée,Conducteur,0,M,47-48,Promenade - loisirs,Casque,Non,,1,01 - janvier,2 - mercredi,Paris 14e  Arrondissement
,201800053678,2018-01-24,75,17,75117,48.8845,2.3148,Intersection en T,Trois véhicules et plus - collisions multiples,Crépuscule ou aube,Normale,Voie Communale,,1,Plat,Partie rectiligne,,,normale,,Sur chaussée,Conducteur,1,M,25-26,Utilisation professionnelle,Casque,Oui,2,1,01 - janvier,2 - mercredi,Paris 17e  Arrondissement
,201800054652,2018-01-24,75,18,75120,48.8711,2.39302,Intersection en T,Deux véhicules - par le coté,Crépuscule ou aube,Normale,Voie Communale,,1,Plat,Partie rectiligne,,60,normale,,Sur chaussée,Conducteur,2,M,60-61,Domicile - travail,Casque,Oui,1,1,01 - janvier,2 - mercredi,Paris 20e  Arrondissement
,201800054907,2018-01-24,75,7,75116,48.8722,2.28466,Intersection en X,Autre,Nuit avec éclairage public allumé,Temps couvert,Voie Communale,,1,Plat,Partie rectiligne,14,205,mouillée,Carrefour aménagé,Sur chaussée,Conducteur,2,M,42-43,Domicile - travail,Casque,Non,,1,01 - janvier,2 - mercredi,Paris 16e  Arrondissement
,201800055781,2018-01-24,972,16,97228,14.77475,-61.03479,Hors intersection,Aucune,Plein jour,Normale,Voie Communale,,2,Pente,Partie rectiligne,,,mouillée,,Sur chaussée,Conducteur,2,F,10-11,Promenade - loisirs,Casque,Oui,1,,01 - janvier,2 - mercredi,Sainte-Marie
,201800000736,2018-01-23,14,18,14047,49.2797,-0.7088,Hors intersection,Deux véhicules - par le coté,Nuit avec éclairage public allumé,Pluie légère,Route Départementale,,2,Plat,Partie rectiligne,,62,mouillée,,Sur chaussée,Conducteur,1,F,37-38,Domicile - travail,Equipement réfléchissant,Oui,1,1,01 - janvier,1 - mardi,Bayeux
,201800000812,2018-01-23,1,16,1053,46.20415,5.24072,Hors intersection,Deux véhicules - par le coté,Plein jour,Normale,Voie Communale,,2,Plat,Partie rectiligne,,60,normale,,Sur trottoir,Conducteur,1,F,54-55,Domicile - travail,Casque,Non,1,1,01 - janvier,1 - mardi,Bourg-en-Bresse
,201800005567,2018-01-23,6,17,6088,43.70567,7.27361,Hors intersection,Trois véhicules et plus - collisions multiples,Crépuscule ou aube,Normale,Voie Communale,,3,,,,,normale,,Sur chaussée,Conducteur,2,F,50-51,,Casque,Oui,2,1,01 - janvier,1 - mardi,Nice
,201800024079,2018-01-23,33,12,33063,44.81819,-0.57793,Intersection en T,Trois véhicules et plus - collisions multiples,Plein jour,Normale,Voie Communale,,6,Plat,Partie rectiligne,,,normale,Carrefour aménagé,Sur piste cyclable,Conducteur,1,F,47-48,Domicile - travail,Casque,Non,2,1,01 - janvier,1 - mardi,Bordeaux
,201800024619,2018-01-23,35,18,35238,48.11133,-1.67479,Intersection en T,Deux véhicules - par le coté,Nuit sans éclairage public,Normale,Voie Communale,,1,Plat,Partie rectiligne,,,mouillée,,Sur chaussée,Conducteur,1,M,49-50,Domicile - travail,Casque,Oui,1,1,01 - janvier,1 - mardi,Rennes
,201800025878,2018-01-23,41,18,41018,47.5951,1.3089,Hors intersection,Deux véhicules - frontale,Nuit avec éclairage public allumé,Pluie légère,Voie Communale,,2,Plat,Partie rectiligne,,,mouillée,,Sur chaussée,Conducteur,2,M,70-71,,Autre,Non,1,1,01 - janvier,1 - mardi,Blois
,201800027134,2018-01-23,49,17,49007,47.47189,-0.56724,Giratoire,Deux véhicules - par le coté,Plein jour,Normale,Voie Communale,,2,Plat,En courbe à gauche,,68,normale,,Sur chaussée,Conducteur,1,F,24-25,,Casque,Oui,1,1,01 - janvier,1 - mardi,Angers
,201800028663,2018-01-23,56,7,56121,47.76017,-3.39312,Hors intersection,Deux véhicules - par l’arrière,Nuit avec éclairage public allumé,Pluie légère,Voie Communale,,3,Plat,Partie rectiligne,,,mouillée,,Sur chaussée,Conducteur,1,M,14-15,Domicile - école,Casque,Oui,1,1,01 - janvier,1 - mardi,Lorient
,201800032351,2018-01-23,69,7,69290,45.7086,4.9192,Intersection en X,Deux véhicules - par le coté,Crépuscule ou aube,Temps couvert,Voie Communale,,5,Plat,Partie rectiligne,,84,mouillée,Carrefour aménagé,Sur chaussée,Conducteur,2,M,32-33,Domicile - travail,Casque,Oui,1,1,01 - janvier,1 - mardi,Saint-Priest
,201800032834,2018-01-23,71,13,71076,46.79396,4.85264,Giratoire,Deux véhicules - par le coté,Plein jour,Normale,Voie Communale,,2,Plat,En courbe à gauche,,121,normale,,Sur chaussée,Conducteur,2,M,56-57,Domicile - travail,Casque,Oui,1,1,01 - janvier,1 - mardi,Chalon-sur-Saône
,201800035842,2018-01-23,86,19,86194,46.57818,0.35073,Intersection en X,Deux véhicules - frontale,Crépuscule ou aube,Pluie légère,Voie Communale,,3,Plat,Partie rectiligne,10,70,mouillée,Pont - autopont,Sur chaussée,Conducteur,1,M,26-27,Promenade - loisirs,Autre,Non déterminable,1,1,01 - janvier,1 - mardi,Poitiers
,201800047344,2018-01-23,69,9,69385,45.76085,4.82497,Hors intersection,Aucune,Plein jour,Normale,Voie Communale,,2,Pente,Partie rectiligne,,58,normale,,Sur chaussée,Conducteur,2,M,54-55,Domicile - travail,Casque,Non,,1,01 - janvier,1 - mardi,Lyon 5e  Arrondissement
,201800022895,2018-01-22,31,20,31149,43.61543,1.34297,Hors intersection,Deux véhicules - par le coté,Nuit avec éclairage public allumé,Pluie légère,Voie Communale,,2,Plat,En « S »,,,mouillée,,Sur chaussée,Conducteur,1,F,28-29,Domicile - travail,Autre,Non déterminable,1,1,01 - janvier,0 - lundi,Colomiers
,201800023842,2018-01-22,33,7,33063,44.85506,-0.61355,Hors intersection,Deux véhicules - par l’arrière,Nuit avec éclairage public allumé,Normale,Voie Communale,,3,Plat,Partie rectiligne,,,normale,,Sur chaussée,Conducteur,1,F,13-14,Domicile - école,Casque,Oui,1,1,01 - janvier,0 - lundi,Bordeaux
,201800028210,2018-01-22,52,12,52448,48.6369,4.9501,Hors intersection,Autre,Plein jour,Pluie forte,Voie Communale,,1,Plat,Partie rectiligne,,,mouillée,,Sur chaussée,Conducteur,0,M,12-13,Domicile - école,Autre,Non déterminable,,1,01 - janvier,0 - lundi,Saint-Dizier
,201800028210,2018-01-22,52,12,52448,48.6369,4.9501,Hors intersection,Autre,Plein jour,Pluie forte,Voie Communale,,1,Plat,Partie rectiligne,,,mouillée,,Sur chaussée,Piéton,2,F,69-70,Promenade - loisirs,,,,1,01 - janvier,0 - lundi,Saint-Dizier
,201800029923,2018-01-22,41,7,41194,47.36553,1.72572,Hors intersection,Deux véhicules - par le coté,Nuit avec éclairage public allumé,Pluie légère,Voie Communale,,2,Plat,Partie rectiligne,,,mouillée,,Sur chaussée,Conducteur,2,F,24-25,Domicile - travail,Autre,Non,1,1,01 - janvier,0 - lundi,Romorantin-Lanthenay
,201800032864,2018-01-22,71,9,71153,46.79505,4.43233,Giratoire,Autre,Plein jour,Pluie légère,Voie Communale,,2,Plat,En courbe à gauche,,,mouillée,Carrefour aménagé,Sur chaussée,Conducteur,1,F,30-31,Domicile - travail,Casque,Oui,1,1,01 - janvier,0 - lundi,Creusot
,201800035988,2018-01-22,87,13,87085,45.8363,1.26441,Hors intersection,Deux véhicules - par le coté,Plein jour,Normale,Voie Communale,,2,Pente,Partie rectiligne,,60,normale,,Sur chaussée,Conducteur,1,M,26-27,Promenade - loisirs,Autre,Non déterminable,1,1,01 - janvier,0 - lundi,Limoges
,201800039114,2018-01-22,92,8,92046,48.8132,2.2968,Hors intersection,Deux véhicules - par le coté,Plein jour,Pluie légère,Voie Communale,,2,Plat,Partie rectiligne,,,mouillée,,Sur chaussée,Conducteur,1,F,47-48,Domicile - travail,Casque,Non,1,1,01 - janvier,0 - lundi,Malakoff
,201800053991,2018-01-22,75,11,75118,48.8902,2.36022,Intersection en T,Autre,Plein jour,Pluie forte,Voie Communale,,1,Plat,Partie rectiligne,,,mouillée,,Sur piste cyclable,Conducteur,0,M,28-29,Promenade - loisirs,Casque,Non,,1,01 - janvier,0 - lundi,Paris 18e  Arrondissement
,201800008379,2018-01-21,13,14,13055,43.30193,5.40062,Intersection en T,Deux véhicules - par le coté,Plein jour,Normale,Voie Communale,,6,Plat,Partie rectiligne,30,150,normale,,Sur chaussée,Conducteur,2,M,23-24,Utilisation professionnelle,Autre,Non déterminable,1,1,01 - janvier,6 - dimanche,Marseille
,201800052320,2018-01-21,75,20,75113,48.8181,2.36038,Intersection en X,Autre,Nuit avec éclairage public allumé,Pluie forte,Voie Communale,,1,Plat,Partie rectiligne,,50,mouillée,,Sur chaussée,Conducteur,0,M,47-48,Autre,Casque,Oui,,1,01 - janvier,6 - dimanche,Paris 13e  Arrondissement
,201800052925,2018-01-21,75,17,75115,48.8408,2.32152,Hors intersection,Deux véhicules - par le coté,Nuit avec éclairage public allumé,Autre,Voie Communale,,2,Pente,Partie rectiligne,,80,flaques,Souterrain - tunnel,Sur chaussée,Conducteur,1,F,36-37,Autre,Casque,Non déterminable,1,1,01 - janvier,6 - dimanche,Paris 15e  Arrondissement
,201800020681,2018-01-20,21,19,21054,47.03074,4.84186,Hors intersection,Deux véhicules - par l’arrière,Nuit avec éclairage public allumé,Pluie forte,Voie Communale,,1,Plat,Partie rectiligne,,,mouillée,,Sur chaussée,Conducteur,1,M,60-61,Promenade - loisirs,Autre,Non déterminable,1,1,01 - janvier,5 - samedi,Beaune
,201800025206,2018-01-20,37,10,37233,47.38121,0.71257,Hors intersection,Aucune,Plein jour,Pluie légère,Voie Communale,,1,Plat,Partie rectiligne,,,mouillée,,Sur chaussée,Conducteur,1,F,24-25,Domicile - travail,Casque,Non,,1,01 - janvier,5 - samedi,Saint-Pierre-des-Corps
,201800028224,2018-01-20,53,17,53130,48.05984,-0.77592,Intersection en X,Deux véhicules - par le coté,Crépuscule ou aube,Pluie légère,Route Départementale,,1,Pente,Partie rectiligne,,,mouillée,,Sur chaussée,Conducteur,1,M,29-30,Promenade - loisirs,Equipement réfléchissant,Oui,1,1,01 - janvier,5 - samedi,Laval
,201800033243,2018-01-20,73,13,73008,45.6966,5.90752,Giratoire,Deux véhicules - par le coté,Plein jour,Pluie légère,Route Départementale,,3,Plat,Partie rectiligne,,,mouillée,,Sur chaussée,Conducteur,2,M,69-70,Courses - achats,Equipement réfléchissant,Oui,1,1,01 - janvier,5 - samedi,Aix-les-Bains
,201800050213,2018-01-20,75,13,75101,48.8601,2.33333,Intersection en X,Autre,Plein jour,Pluie légère,Voie Communale,,4,Plat,Partie rectiligne,,205,mouillée,Pont - autopont,Sur chaussée,Conducteur,1,M,28-29,Promenade - loisirs,Casque,Oui,1,1,01 - janvier,5 - samedi,Paris 1er Arrondissement
,201800053674,2018-01-20,75,11,75117,48.8788,2.29341,Hors intersection,Trois véhicules et plus - en chaîne,Plein jour,Pluie légère,Voie Communale,,2,Plat,Partie rectiligne,1,1,mouillée,,Sur chaussée,Conducteur,1,M,21-22,Utilisation professionnelle,Casque,Non,2,1,01 - janvier,5 - samedi,Paris 17e  Arrondissement
,201800006220,2018-01-19,68,9,68278,47.76738,7.39244,Intersection en X,Deux véhicules - frontale,Plein jour,Temps éblouissant,Route Départementale,,2,Plat,Partie rectiligne,,,mouillée,Carrefour aménagé,Sur chaussée,Conducteur,2,M,59-60,Promenade - loisirs,Casque,Oui,1,1,01 - janvier,4 - vendredi,Rixheim
,201800010509,2018-01-19,68,14,68321,47.8271,7.25227,Intersection en X,Deux véhicules - par le coté,Plein jour,Pluie légère,Voie Communale,,2,Plat,Partie rectiligne,,7,mouillée,,Sur chaussée,Conducteur,1,M,65-66,Promenade - loisirs,Casque,Oui,1,1,01 - janvier,4 - vendredi,Staffelfelden
,201800019590,2018-01-19,17,8,17300,46.14441,-1.14128,Hors intersection,Deux véhicules - par le coté,Plein jour,Normale,Voie Communale,,2,Plat,Partie rectiligne,,79,normale,,Sur trottoir,Conducteur,1,M,12-13,Domicile - école,Casque,Non déterminable,1,1,01 - janvier,4 - vendredi,Rochelle
,201800027128,2018-01-19,49,18,49007,47.46026,-0.55463,Intersection en X,Autre,Crépuscule ou aube,Normale,Voie Communale,,2,Plat,Partie rectiligne,,60,normale,,Sur chaussée,Conducteur,1,F,18-19,,Autre,Non déterminable,1,1,01 - janvier,4 - vendredi,Angers
,201800028302,2018-01-19,54,19,54547,48.67099,6.15701,Intersection en T,Autre,Nuit sans éclairage public,Pluie légère,Voie Communale,,2,Plat,Partie rectiligne,,,mouillée,,Sur chaussée,Conducteur,1,M,40-41,,Casque,Non déterminable,1,1,01 - janvier,4 - vendredi,Vanduvre-lès-Nancy
,201800031639,2018-01-19,67,18,67482,48.59376,7.77173,Hors intersection,Deux véhicules - frontale,Nuit avec éclairage public allumé,Pluie légère,Voie Communale,,1,Plat,Partie rectiligne,,20,mouillée,,Sur piste cyclable,Conducteur,1,M,45-46,,Equipement réfléchissant,Oui,1,1,01 - janvier,4 - vendredi,Strasbourg
,201800031639,2018-01-19,67,18,67482,48.59376,7.77173,Hors intersection,Deux véhicules - frontale,Nuit avec éclairage public allumé,Pluie légère,Voie Communale,,1,Plat,Partie rectiligne,,20,mouillée,,Sur piste cyclable,Conducteur,1,M,42-43,Domicile - travail,Equipement réfléchissant,Oui,1,1,01 - janvier,4 - vendredi,Strasbourg
,201800042959,2018-01-19,94,11,94077,48.72741,2.43913,Intersection en T,Deux véhicules - par le coté,Plein jour,Pluie légère,Route Départementale,,3,Plat,Partie rectiligne,,,mouillée,,Sur chaussée,Conducteur,1,M,91-92,,Autre,Non,1,1,01 - janvier,4 - vendredi,Villeneuve-le-Roi
,201800005331,2018-01-18,6,13,6069,43.63629,6.93338,Intersection en T,Deux véhicules - par le coté,Plein jour,Normale,Route Départementale,,2,Pente,Partie rectiligne,,40,normale,,Sur chaussée,Conducteur,1,F,52-53,Promenade - loisirs,Casque,Oui,1,1,01 - janvier,3 - jeudi,Grasse
,201800005888,2018-01-18,21,23,21605,47.29471,5.10192,Hors intersection,Deux véhicules - par l’arrière,Nuit avec éclairage public allumé,Temps couvert,Route Départementale,,2,Plat,Partie rectiligne,,,mouillée,,Sur chaussée,Conducteur,2,M,34-35,Domicile - travail,Equipement réfléchissant,Oui,1,1,01 - janvier,3 - jeudi,Sennecey-lès-Dijon
,201800012232,2018-01-18,7,13,7288,44.71779,4.56759,Intersection en T,Deux véhicules - par le coté,Plein jour,Normale,Route Départementale,,2,Plat,Partie rectiligne,,,normale,,Sur chaussée,Conducteur,1,F,56-57,Domicile - travail,Casque,,1,,01 - janvier,3 - jeudi,Saint-Priest
,201800016218,2018-01-18,68,16,68182,47.49552,7.48333,Intersection en T,Deux véhicules - par le coté,Crépuscule ou aube,Vent fort - tempête,Route Départementale,,2,Plat,Partie rectiligne,,68,normale,,Sur chaussée,Conducteur,2,M,51-52,Promenade - loisirs,Casque,Oui,1,1,01 - janvier,3 - jeudi,Leymen
,201800022003,2018-01-18,29,16,29019,48.38316,-4.5092,Hors intersection,Aucune,Plein jour,Normale,Voie Communale,,,Pente,Partie rectiligne,,,mouillée,,Sur chaussée,Conducteur,1,M,22-23,Promenade - loisirs,Casque,Non,1,1,01 - janvier,3 - jeudi,Brest
,201800031608,2018-01-18,67,17,67462,48.26318,7.44092,Intersection en X,Deux véhicules - par le coté,Nuit avec éclairage public allumé,Pluie forte,Voie Communale,,3,Plat,Partie rectiligne,,92,mouillée,,Sur chaussée,Conducteur,1,M,13-14,Promenade - loisirs,Casque,Non,1,1,01 - janvier,3 - jeudi,Sélestat
,201800034668,2018-01-18,78,7,78440,48.995,1.93354,Intersection en T,Deux véhicules - par le coté,Nuit sans éclairage public,Pluie légère,Route Départementale,,2,Plat,Partie rectiligne,10,10,mouillée,,Sur chaussée,Conducteur,2,M,30-31,Domicile - travail,Autre,Non,1,1,01 - janvier,3 - jeudi,Mureaux
,201800047329,2018-01-18,69,10,69382,45.75881,4.83074,Intersection en T,Deux véhicules - par le coté,Plein jour,Normale,Voie Communale,,1,Plat,Partie rectiligne,,,normale,,Sur piste cyclable,Conducteur,1,F,43-44,Domicile - travail,Casque,Non,1,1,01 - janvier,3 - jeudi,Lyon 2e  Arrondissement
,201800052315,2018-01-18,75,7,75113,48.8347,2.36699,Intersection en X,Deux véhicules - par l’arrière,Crépuscule ou aube,Pluie légère,Voie Communale,,2,Pente,Partie rectiligne,,70,mouillée,,Sur chaussée,Conducteur,2,M,71-72,,Casque,Non déterminable,1,1,01 - janvier,3 - jeudi,Paris 13e  Arrondissement
,201800052648,2018-01-18,75,11,75114,48.8197,2.34163,Intersection en T,Deux véhicules - par le coté,Crépuscule ou aube,Pluie légère,Voie Communale,,2,Plat,Partie rectiligne,,,mouillée,,Sur piste cyclable,Conducteur,1,M,40-41,Utilisation professionnelle,Casque,Non déterminable,1,1,01 - janvier,3 - jeudi,Paris 14e  Arrondissement
,201800006322,2018-01-17,13,12,13114,43.54774,5.30976,Hors intersection,Deux véhicules - par le coté,Plein jour,Normale,Route Départementale,,2,Plat,Partie rectiligne,,,normale,,Sur chaussée,Conducteur,1,M,48-49,Promenade - loisirs,Casque,Oui,1,1,01 - janvier,2 - mercredi,Ventabren
,201800018445,2018-01-17,76,13,76334,49.83544,0.9201,Intersection en T,Deux véhicules - par le coté,Plein jour,Normale,Route Départementale,,2,Plat,Partie rectiligne,,,normale,,Sur chaussée,Conducteur,2,M,70-71,Promenade - loisirs,Autre,Non,1,,01 - janvier,2 - mercredi,Gueures
,201800022248,2018-01-17,57,15,57224,49.06926,6.68441,Intersection en X,Deux véhicules - par le coté,Plein jour,Temps couvert,Route Départementale,,2,Pente,Partie rectiligne,,,mouillée,,Sur chaussée,Conducteur,2,M,16-17,Promenade - loisirs,Casque,Oui,1,1,01 - janvier,2 - mercredi,Folschviller
,201800022270,2018-01-17,29,20,29232,47.98875,-4.0747,Hors intersection,Autre,Nuit sans éclairage public,Normale,Route Départementale,,2,Pente,Partie rectiligne,,96,mouillée,,Sur bande d’arrêt d’urgence,Conducteur,1,M,30-31,Domicile - travail,Casque,Oui,1,,01 - janvier,2 - mercredi,Quimper
,201800030350,2018-01-17,62,17,62523,50.43333,2.85,Hors intersection,Deux véhicules - par le coté,Crépuscule ou aube,Normale,Route Départementale,,2,Plat,Partie rectiligne,,,normale,,Sur chaussée,Conducteur,2,M,15-16,Promenade - loisirs,Casque,Non,1,1,01 - janvier,2 - mercredi,Loison-sous-Lens
,201800033417,2018-01-17,74,18,74133,46.188,6.2101,Hors intersection,Autre,Nuit avec éclairage public allumé,Normale,Voie Communale,,,Plat,Partie rectiligne,,,normale,Zone piétonne,Sur trottoir,Conducteur,1,M,25-26,Autre,Autre,Non,,1,01 - janvier,2 - mercredi,Gaillard
,201800050756,2018-01-17,75,21,75106,48.8443,2.33299,Intersection en Y,Deux véhicules - par l’arrière,Nuit avec éclairage public allumé,Normale,Voie Communale,,2,Pente,Partie rectiligne,,80,normale,,Sur chaussée,Conducteur,1,M,50-51,Promenade - loisirs,Casque,Non déterminable,1,1,01 - janvier,2 - mercredi,Paris 6e  Arrondissement
,201800054318,2018-01-17,75,5,75119,48.8982,2.38619,Intersection en X,Deux véhicules - par le coté,Nuit avec éclairage public allumé,Pluie légère,Voie Communale,,2,Plat,Partie rectiligne,,,mouillée,,Sur chaussée,Conducteur,1,M,32-33,,Casque,Non déterminable,1,1,01 - janvier,2 - mercredi,Paris 19e  Arrondissement
,201800056828,2018-01-17,973,14,97302,4.8966,-52.32847,Giratoire,Deux véhicules - par le coté,Plein jour,Normale,Route Nationale,,2,Plat,En courbe à gauche,,90,normale,,Sur chaussée,Conducteur,1,M,40-41,Autre,Autre,Non déterminable,1,1,01 - janvier,2 - mercredi,Cayenne
,201800015617,2018-01-16,35,7,35360,48.11321,-1.20101,Giratoire,Deux véhicules - par le coté,Crépuscule ou aube,Normale,Route Départementale,,2,Plat,En courbe à gauche,,,mouillée,Carrefour aménagé,Sur chaussée,Conducteur,2,M,48-49,Domicile - travail,Autre,Oui,1,1,01 - janvier,1 - mardi,Vitré
,201800021867,2018-01-16,62,10,62491,50.62729,2.77184,Hors intersection,Deux véhicules - par le coté,Plein jour,Normale,Route Départementale,,2,Plat,Partie rectiligne,,,normale,,Sur chaussée,Conducteur,2,F,85-86,Promenade - loisirs,,,1,1,01 - janvier,1 - mardi,Laventie
,201800028655,2018-01-16,56,8,56121,47.73269,-3.37094,Hors intersection,Autre,Plein jour,Normale,Voie Communale,,2,Plat,En courbe à gauche,,,normale,,Sur chaussée,Conducteur,1,M,30-31,Utilisation professionnelle,Casque,Oui,1,1,01 - janvier,1 - mardi,Lorient
,201800029042,2018-01-16,57,18,57463,49.11489,6.18416,Hors intersection,Deux véhicules - par le coté,Nuit avec éclairage public non allumé,Pluie légère,Voie Communale,,1,Plat,Partie rectiligne,,24,mouillée,,Sur chaussée,Conducteur,1,M,6-7,Autre,Casque,Non,1,1,01 - janvier,1 - mardi,Metz
,201800031633,2018-01-16,67,13,67482,48.57872,7.7454,Hors intersection,Autre,Plein jour,Normale,Voie Communale,,2,Plat,Partie rectiligne,,60,normale,,Sur chaussée,Conducteur,1,M,10-11,Domicile - école,Autre,Non déterminable,1,1,01 - janvier,1 - mardi,Strasbourg
,201800036354,2018-01-16,90,12,90099,47.66929,6.84212,Hors intersection,Autre,Plein jour,Pluie forte,Parc de stationnement ouvert à la circulation publique,,2,Plat,En courbe à droite,,,flaques,,Sur chaussée,Conducteur,0,M,18-19,Autre,Casque,Non,,1,01 - janvier,1 - mardi,Valdoie
,201800047326,2018-01-16,69,12,69034,45.78499,4.83263,Hors intersection,Deux véhicules - par le coté,Plein jour,Normale,Voie Communale,,2,Pente,Partie rectiligne,,80,normale,,Sur piste cyclable,Conducteur,1,F,42-43,Domicile - travail,Autre,Oui,1,1,01 - janvier,1 - mardi,Caluire-et-Cuire
,201800054316,2018-01-16,75,8,75110,48.8843,2.3615,Intersection en X,Deux véhicules - par le coté,Plein jour,Pluie légère,Voie Communale,,,,,,,,,,Conducteur,1,M,41-42,,Casque,Non déterminable,1,1,01 - janvier,1 - mardi,Paris 10e  Arrondissement
,201800023836,2018-01-15,33,16,33063,44.82028,-0.54973,Intersection en X,Deux véhicules - frontale,Plein jour,Pluie légère,Voie Communale,,2,Plat,Partie rectiligne,,60,mouillée,,,Conducteur,1,M,15-16,,Casque,Non déterminable,1,1,01 - janvier,0 - lundi,Bordeaux
,201800024606,2018-01-15,35,7,35238,48.10992,-1.65638,Intersection en X,Deux véhicules - par le coté,Nuit avec éclairage public allumé,Pluie légère,Voie Communale,,2,Plat,Partie rectiligne,,,mouillée,,Sur chaussée,Conducteur,1,M,52-53,Domicile - travail,Casque,Non déterminable,1,1,01 - janvier,0 - lundi,Rennes
,201800025192,2018-01-15,37,7,37261,47.41845,0.68156,Hors intersection,Aucune,Nuit avec éclairage public allumé,Normale,Voie Communale,,2,Plat,Partie rectiligne,,70,normale,,Sur chaussée,Conducteur,1,M,54-55,Domicile - travail,Casque,Non,,1,01 - janvier,0 - lundi,Tours
,201800027121,2018-01-15,49,18,49007,47.47432,-0.51588,Giratoire,Deux véhicules - par le coté,Nuit avec éclairage public allumé,Temps couvert,Voie Communale,,2,Plat,En courbe à gauche,,77,mouillée,,Sur chaussée,Conducteur,1,M,17-18,Autre,Casque,Non,1,1,01 - janvier,0 - lundi,Angers
,201800027122,2018-01-15,49,22,49007,47.45277,-0.56494,Hors intersection,Autre,Nuit avec éclairage public allumé,Normale,Voie Communale,,4,Plat,Partie rectiligne,,,normale,,Sur chaussée,Conducteur,1,F,30-31,,Casque,Oui,,1,01 - janvier,0 - lundi,Angers
,201800028222,2018-01-15,53,17,53130,48.07956,-0.80464,Giratoire,Deux véhicules - par le coté,Crépuscule ou aube,Temps couvert,Voie Communale,,2,Plat,Partie rectiligne,10,10,normale,,Sur chaussée,Conducteur,1,F,14-15,Promenade - loisirs,Casque,Non déterminable,1,1,01 - janvier,0 - lundi,Laval
,201800029349,2018-01-15,59,19,59574,50.35585,3.28073,Hors intersection,Deux véhicules - par le coté,Nuit avec éclairage public allumé,Normale,Voie Communale,,2,Plat,Partie rectiligne,,50,normale,,Sur chaussée,Conducteur,2,M,34-35,,Autre,Non déterminable,1,1,01 - janvier,0 - lundi,Somain
,201800042811,2018-01-15,94,17,94068,48.79363,2.50892,Intersection en X,Deux véhicules - par le coté,Nuit avec éclairage public allumé,Pluie légère,Voie Communale,,2,Plat,Partie rectiligne,,59,mouillée,,Sur chaussée,Conducteur,1,F,41-42,Domicile - travail,Casque,Non,1,1,01 - janvier,0 - lundi,Saint-Maur-des-Fossés
,201800048031,2018-01-15,69,10,69388,45.73214,4.87589,Giratoire,Deux véhicules - par l’arrière,Plein jour,Normale,Voie Communale,,2,Plat,En courbe à droite,,60,normale,,Sur chaussée,Conducteur,1,F,23-24,Domicile - école,Casque,Non déterminable,1,1,01 - janvier,0 - lundi,Lyon 8e  Arrondissement
,201800027580,2018-01-14,49,12,49099,47.05446,-0.89912,Intersection en T,Deux véhicules - par le coté,Plein jour,Normale,Voie Communale,,2,Plat,Partie rectiligne,,70,normale,,,Conducteur,2,M,87-88,Promenade - loisirs,Casque,Oui,1,1,01 - janvier,6 - dimanche,Cholet