test,identifiantAccident,date,departement,heure,commune,lat,lon,typeIntersection,typeCollision,luminosite,conditionsAtmosperiques,typeRoute,circulation,nbVoies,profilLongRoute,tracePlanRoute,largeurTPC,largeurRoute,etatSurface,amenagement,situation,categorieUsager,graviteAccident,sexe,age,motifDeplacement,existenceSecurite,usageSecurite,nombreAutresVehicules,enAgglomeration,mois,jour,NCCENR
,201800033353,2018-01-14,74,7,74010,45.91476,6.12952,Giratoire,Autre,Crépuscule ou aube,Normale,Voie Communale,,,Plat,En courbe à gauche,,55,normale,,Sur chaussée,Conducteur,2,F,48-49,Domicile - travail,Autre,Non,1,1,01 - janvier,6 - dimanche,Annecy
,201800047318,2018-01-14,69,14,69382,45.7572,4.83692,Intersection en X,Deux véhicules - par le coté,Plein jour,Normale,Voie Communale,,6,Plat,Partie rectiligne,,,normale,Pont - autopont,Sur chaussée,Conducteur,1,M,39-40,Domicile - travail,Casque,Oui,1,1,01 - janvier,6 - dimanche,Lyon 2e  Arrondissement
,201800056085,2018-01-14,974,16,97419,-21.18066,55.82655,Hors intersection,Deux véhicules - par l’arrière,Plein jour,Normale,Route Nationale,,2,Plat,Partie rectiligne,,,normale,,Sur chaussée,Conducteur,2,M,14-15,Promenade - loisirs,Casque,Non,1,,01 - janvier,6 - dimanche,Sainte-Rose
,201800011641,2018-01-13,85,7,85001,46.33399,-1.30435,Autre intersection,Deux véhicules - par le coté,Crépuscule ou aube,Normale,Voie Communale,,2,Plat,Partie rectiligne,,,normale,,Sur chaussée,Conducteur,2,M,90-91,Promenade - loisirs,Autre,Non,1,1,01 - janvier,5 - samedi,Aiguillon-sur-Mer
,201800015848,2018-01-13,25,15,25560,47.26923,6.07694,Hors intersection,Deux véhicules - par le coté,Plein jour,Normale,Route Départementale,,4,Plat,En courbe à gauche,,,normale,,Sur chaussée,Conducteur,2,M,71-72,Promenade - loisirs,Casque,Oui,1,,01 - janvier,5 - samedi,Thise
,201800016125,2018-01-13,68,16,68134,48.02407,7.31173,Intersection en Y,Deux véhicules - par le coté,Plein jour,Normale,Voie Communale,,2,Pente,En courbe à gauche,,35,normale,,Sur chaussée,Conducteur,2,M,67-68,Promenade - loisirs,Autre,Non déterminable,1,,01 - janvier,5 - samedi,Herrlisheim-près-Colmar
,201800016929,2018-01-13,49,18,49347,47.61973,-0.49264,Hors intersection,Deux véhicules - par le coté,Nuit sans éclairage public,Normale,Route Départementale,,2,Plat,Partie rectiligne,,,normale,,Sur chaussée,Conducteur,2,M,44-45,Domicile - travail,Equipement réfléchissant,Oui,1,,01 - janvier,5 - samedi,Tiercé
,201800022530,2018-01-13,30,10,30189,43.81515,4.36852,Intersection en X,Deux véhicules - par le coté,Plein jour,Normale,Voie Communale,,4,Plat,Partie rectiligne,,110,normale,,Sur chaussée,Conducteur,1,M,20-21,Utilisation professionnelle,Casque,Non déterminable,1,1,01 - janvier,5 - samedi,Nîmes
,201800025190,2018-01-13,37,13,37261,47.40791,0.68147,Hors intersection,Deux véhicules - par le coté,Plein jour,Normale,Voie Communale,,2,Pente,Partie rectiligne,,,normale,Voie ferrée,Sur chaussée,Conducteur,2,M,13-14,Promenade - loisirs,Casque,Non,1,1,01 - janvier,5 - samedi,Tours
,201800031630,2018-01-13,67,,67482,48.5689,7.75165,Intersection en X,Deux véhicules - par le coté,Nuit avec éclairage public allumé,Normale,Voie Communale,,2,Plat,Partie rectiligne,,70,normale,Voie ferrée,Sur chaussée,Conducteur,1,M,23-24,Promenade - loisirs,Equipement réfléchissant,Oui,1,1,01 - janvier,5 - samedi,Strasbourg
,201800038530,2018-01-13,92,15,92050,48.88975,2.1868,Intersection en X,Deux véhicules - par le coté,Plein jour,Normale,Autre,,1,Plat,Partie rectiligne,,,normale,,Sur chaussée,Conducteur,1,M,55-56,,Autre,Non,1,1,01 - janvier,5 - samedi,Nanterre
,201800041647,2018-01-13,94,21,94069,48.81726,2.45892,Intersection en X,Deux véhicules - par le coté,Nuit avec éclairage public allumé,Normale,Route Départementale,,4,Pente,Partie rectiligne,,110,normale,Carrefour aménagé,Sur chaussée,Conducteur,1,M,24-25,Promenade - loisirs,Autre,Non déterminable,1,1,01 - janvier,5 - samedi,Saint-Maurice
,201800054640,2018-01-13,75,20,75120,48.8693,2.3926,Hors intersection,Autre,Nuit avec éclairage public allumé,Normale,Voie Communale,,2,Pente,Partie rectiligne,,70,normale,,Sur chaussée,Conducteur,1,M,50-51,Promenade - loisirs,Casque,Oui,1,1,01 - janvier,5 - samedi,Paris 20e  Arrondissement
,201800007116,2018-01-12,34,9,34082,43.66785,3.78652,Hors intersection,Trois véhicules et plus - collisions multiples,Plein jour,Temps éblouissant,Route Départementale,,2,Plat,En courbe à droite,,,normale,Carrefour aménagé,Sur chaussée,Conducteur,2,M,54-55,Promenade - loisirs,Casque,Oui,1,,01 - janvier,4 - vendredi,Combaillaux
,201800007116,2018-01-12,34,9,34082,43.66785,3.78652,Hors intersection,Trois véhicules et plus - collisions multiples,Plein jour,Temps éblouissant,Route Départementale,,2,Plat,En courbe à droite,,,normale,Carrefour aménagé,Sur chaussée,Conducteur,1,M,62-63,Promenade - loisirs,Casque,Oui,1,,01 - janvier,4 - vendredi,Combaillaux
,201800007116,2018-01-12,34,9,34082,43.66785,3.78652,Hors intersection,Trois véhicules et plus - collisions multiples,Plein jour,Temps éblouissant,Route Départementale,,2,Plat,En courbe à droite,,,normale,Carrefour aménagé,Sur chaussée,Conducteur,0,M,44-45,Promenade - loisirs,Casque,Oui,1,,01 - janvier,4 - vendredi,Combaillaux
,201800019586,2018-01-12,17,19,17291,46.18149,-1.1241,Hors intersection,Deux véhicules - frontale,Nuit avec éclairage public allumé,Normale,Voie Communale,,2,Pente,Partie rectiligne,,41,normale,,Sur piste cyclable,Conducteur,1,M,56-57,Domicile - travail,Casque,Non,1,1,01 - janvier,4 - vendredi,Puilboreau
,201800019586,2018-01-12,17,19,17291,46.18149,-1.1241,Hors intersection,Deux véhicules - frontale,Nuit avec éclairage public allumé,Normale,Voie Communale,,2,Pente,Partie rectiligne,,41,normale,,Sur piste cyclable,Conducteur,0,M,44-45,Promenade - loisirs,Casque,Oui,1,1,01 - janvier,4 - vendredi,Puilboreau
,201800019965,2018-01-12,41,20,41294,47.80165,0.9972,Hors intersection,Deux véhicules - par l’arrière,Nuit sans éclairage public,Normale,Route Départementale,,2,Plat,Partie rectiligne,,,normale,,Sur chaussée,Conducteur,2,M,45-46,Domicile - travail,Equipement réfléchissant,Oui,1,1,01 - janvier,4 - vendredi,Villiers-sur-Loir
,201800021997,2018-01-12,29,19,29019,48.38016,-4.5334,Intersection en T,Deux véhicules - par le coté,Nuit avec éclairage public allumé,Normale,Voie Communale,,2,Plat,Partie rectiligne,,,normale,Carrefour aménagé,Sur chaussée,Conducteur,1,F,24-25,Promenade - loisirs,Casque,Oui,1,1,01 - janvier,4 - vendredi,Brest
,201800030727,2018-01-12,64,10,64445,43.3078,-0.33918,Giratoire,Deux véhicules - par le coté,Plein jour,Pluie légère,Voie Communale,,2,Plat,Partie rectiligne,14,200,normale,,Sur chaussée,Conducteur,1,M,59-60,Autre,Autre,Oui,1,1,01 - janvier,4 - vendredi,Pau
,201800032692,2018-01-12,51,18,51649,48.72523,4.60502,Giratoire,Deux véhicules - par le coté,Nuit sans éclairage public,Normale,Voie Communale,,2,Plat,En courbe à gauche,,,normale,Carrefour aménagé,Sur chaussée,Conducteur,2,M,60-61,Promenade - loisirs,Equipement réfléchissant,Non,1,1,01 - janvier,4 - vendredi,Vitry-le-François
,201800033412,2018-01-12,74,8,74012,46.19378,6.22838,Giratoire,Deux véhicules - par le coté,Plein jour,Normale,Voie Communale,,2,Plat,En courbe à gauche,,40,normale,,Sur chaussée,Conducteur,1,F,41-42,Autre,Casque,Oui,1,1,01 - janvier,4 - vendredi,Annemasse
,201800043309,2018-01-12,95,20,95063,48.9341,2.2092,Hors intersection,Deux véhicules - frontale,Nuit avec éclairage public allumé,Normale,Route Départementale,,2,Pente,Partie rectiligne,,,normale,,Sur chaussée,Conducteur,2,F,49-50,Promenade - loisirs,Autre,Non déterminable,1,1,01 - janvier,4 - vendredi,Bezons
,201800048025,2018-01-12,69,12,69383,45.76354,4.84558,Hors intersection,Autre,Plein jour,Normale,Voie Communale,,1,Plat,Partie rectiligne,,,normale,,Sur chaussée,Conducteur,1,M,38-39,,Autre,Non déterminable,1,1,01 - janvier,4 - vendredi,Lyon 3e  Arrondissement
,201800050821,2018-01-12,75,16,75107,48.856,2.32588,Intersection à plus de 4 branches,Deux véhicules - par le coté,Crépuscule ou aube,Temps couvert,Voie Communale,,4,Plat,Partie rectiligne,,,normale,,Sur chaussée,Conducteur,1,M,22-23,Utilisation professionnelle,Casque,Non déterminable,1,1,01 - janvier,4 - vendredi,Paris 7e  Arrondissement
,201800051431,2018-01-12,75,18,75110,48.8751,2.37077,Hors intersection,Autre,Nuit avec éclairage public allumé,Temps couvert,Voie Communale,,1,Pente,Partie rectiligne,,,normale,,,Conducteur,1,F,21-22,Domicile - travail,Casque,Non déterminable,1,1,01 - janvier,4 - vendredi,Paris 10e  Arrondissement
,201800052916,2018-01-12,75,17,75115,48.8362,2.3064,Place,Deux véhicules - par l’arrière,Nuit avec éclairage public allumé,Normale,Voie Communale,,2,Pente,Partie rectiligne,,100,normale,,Sur chaussée,Conducteur,1,M,58-59,Autre,Casque,Non déterminable,1,1,01 - janvier,4 - vendredi,Paris 15e  Arrondissement
,201800054892,2018-01-12,75,10,75105,48.8398,2.35131,Intersection en Y,Deux véhicules - par le coté,Plein jour,Temps couvert,Voie Communale,,3,Pente,Partie rectiligne,,66,normale,,Sur piste cyclable,Conducteur,1,M,50-51,Courses - achats,Casque,Non déterminable,1,1,01 - janvier,4 - vendredi,Paris 5e  Arrondissement
,201800004740,2018-01-11,77,7,77457,48.66436,2.71293,Intersection en T,Deux véhicules - par le coté,Crépuscule ou aube,Pluie forte,Route Départementale,,2,Plat,Partie rectiligne,,,mouillée,,Sur chaussée,Conducteur,2,M,51-52,Domicile - travail,Equipement réfléchissant,Oui,1,,01 - janvier,3 - jeudi,Solers
,201800010707,2018-01-11,8,15,8173,49.69881,4.77362,Intersection à plus de 4 branches,Deux véhicules - par le coté,Plein jour,Pluie légère,Route Départementale,,2,Pente,En courbe à droite,,,mouillée,,Sur chaussée,Conducteur,1,M,54-55,Domicile - travail,Dispositif enfants,,1,1,01 - janvier,3 - jeudi,Flize
,201800012140,2018-01-11,53,12,53097,48.15057,-0.3837,Giratoire,Deux véhicules - par le coté,Plein jour,Normale,Route Départementale,,1,Plat,Partie rectiligne,,,mouillée,Carrefour aménagé,Sur chaussée,Conducteur,2,F,66-67,Domicile - travail,Casque,,1,1,01 - janvier,3 - jeudi,Évron
,201800015321,2018-01-11,29,18,29075,48.43137,-4.40274,Giratoire,Deux véhicules - par le coté,Nuit avec éclairage public allumé,Normale,Route Départementale,,1,Sommet de côte,En courbe à gauche,,,normale,Carrefour aménagé,Sur chaussée,Conducteur,2,M,47-48,Domicile - travail,Equipement réfléchissant,Oui,1,1,01 - janvier,3 - jeudi,Guipavas
,201800019003,2018-01-11,56,16,56066,48.1553,-3.59386,Giratoire,Deux véhicules - par l’arrière,Plein jour,Normale,Route Départementale,,2,Plat,En courbe à gauche,,,normale,Carrefour aménagé,Sur chaussée,Conducteur,2,M,62-63,Promenade - loisirs,Casque,Non,1,,01 - janvier,3 - jeudi,Gourin
,201800024600,2018-01-11,35,12,35238,48.09135,-1.66602,Intersection en X,Deux véhicules - par le coté,Plein jour,Normale,Voie Communale,,2,Plat,Partie rectiligne,,,normale,,Sur piste cyclable,Conducteur,1,F,77-78,Promenade - loisirs,Casque,Non,1,1,01 - janvier,3 - jeudi,Rennes
,201800025187,2018-01-11,37,8,37261,47.38498,0.70693,Intersection en T,Deux véhicules - par le coté,Plein jour,Normale,Voie Communale,,1,Plat,Partie rectiligne,,,normale,,Sur chaussée,Conducteur,2,F,27-28,Domicile - travail,Casque,Non,1,1,01 - janvier,3 - jeudi,Tours
,201800029450,2018-01-11,59,4,59328,50.65576,3.02821,Hors intersection,Autre,Nuit sans éclairage public,Brouillard - fumée,Route Départementale,,2,Plat,Partie rectiligne,,,normale,,Sur piste cyclable,Conducteur,1,M,18-19,Domicile - école,Autre,Non déterminable,,,01 - janvier,3 - jeudi,Lambersart
,201800039057,2018-01-11,92,7,92073,48.86625,2.22066,Hors intersection,Deux véhicules - par le coté,Nuit avec éclairage public allumé,Temps couvert,Voie Communale,,2,Pente,Partie rectiligne,,,mouillée,,Sur chaussée,Conducteur,1,M,42-43,Domicile - travail,Casque,Oui,1,1,01 - janvier,3 - jeudi,Suresnes
,201800043172,2018-01-11,94,7,94081,48.78951,2.38918,Intersection en T,Deux véhicules - frontale,Nuit avec éclairage public allumé,Temps couvert,Route Départementale,,3,Plat,Partie rectiligne,,60,mouillée,,Sur chaussée,Conducteur,1,M,43-44,,Autre,Non déterminable,1,1,01 - janvier,3 - jeudi,Vitry-sur-Seine
,201800048021,2018-01-11,69,15,69387,45.74665,4.84267,Intersection en X,Deux véhicules - par le coté,Plein jour,Normale,Voie Communale,,4,Plat,Partie rectiligne,,,normale,,Sur chaussée,Conducteur,1,F,36-37,Promenade - loisirs,Equipement réfléchissant,Non,1,1,01 - janvier,3 - jeudi,Lyon 7e  Arrondissement
,201800051636,2018-01-11,75,15,75111,48.8613,2.38178,Hors intersection,Deux véhicules - par le coté,Plein jour,Normale,Voie Communale,,1,Pente,,,50,normale,,Sur chaussée,Conducteur,2,M,79-80,Promenade - loisirs,Casque,Non déterminable,1,1,01 - janvier,3 - jeudi,Paris 11e  Arrondissement
,201800051905,2018-01-11,75,18,75112,48.8281,2.39224,Intersection en Y,Deux véhicules - par le coté,Crépuscule ou aube,Normale,Voie Communale,,3,Plat,Partie rectiligne,,100,normale,Bretelle d’échangeur ou de raccordement,Sur chaussée,Conducteur,1,F,34-35,Promenade - loisirs,Casque,Non déterminable,1,1,01 - janvier,3 - jeudi,Paris 12e  Arrondissement
,201800054639,2018-01-11,75,15,75120,48.8691,2.39141,Intersection en T,Deux véhicules - par le coté,Plein jour,Temps couvert,Voie Communale,,2,Pente,Partie rectiligne,,60,mouillée,,Sur chaussée,Conducteur,1,F,46-47,Domicile - travail,Casque,Non déterminable,1,1,01 - janvier,3 - jeudi,Paris 20e  Arrondissement
,201800001265,2018-01-10,33,20,33393,44.99836,-0.2005,Hors intersection,Deux véhicules - par l’arrière,Nuit avec éclairage public allumé,Temps couvert,Route Départementale,,2,Plat,En courbe à gauche,,,mouillée,,Sur chaussée,Conducteur,2,F,39-40,Promenade - loisirs,Casque,Non,1,1,01 - janvier,2 - mercredi,Saint-Denis-de-Pile
,201800007730,2018-01-10,11,10,11262,43.18174,3.00749,Hors intersection,Deux véhicules - par l’arrière,Plein jour,Normale,Voie Communale,,2,Plat,Partie rectiligne,,,normale,,Sur chaussée,Conducteur,1,M,17-18,Domicile - travail,Autre,Non déterminable,1,1,01 - janvier,2 - mercredi,Narbonne
,201800015705,2018-01-10,44,8,44087,46.99671,-1.8169,Giratoire,Deux véhicules - par le coté,Plein jour,Pluie légère,Voie Communale,,2,Plat,En courbe à droite,,,mouillée,Carrefour aménagé,Sur chaussée,Conducteur,1,F,48-49,Domicile - travail,Casque,Non,1,1,01 - janvier,2 - mercredi,Machecoul-Saint-Même
,201800019584,2018-01-10,17,12,17300,46.14844,-1.15444,Hors intersection,Autre,Plein jour,Normale,Voie Communale,,2,Plat,Partie rectiligne,,62,normale,,Sur chaussée,Conducteur,1,F,56-57,Domicile - travail,Casque,Non,,1,01 - janvier,2 - mercredi,Rochelle
,201800022875,2018-01-10,31,13,31555,43.59612,1.45673,Hors intersection,Autre,Plein jour,Normale,Voie Communale,,2,Plat,Partie rectiligne,,,normale,,Sur chaussée,Conducteur,1,M,26-27,Promenade - loisirs,Casque,Oui,,1,01 - janvier,2 - mercredi,Toulouse
,201800030720,2018-01-10,64,7,64445,43.3177,-0.37837,Hors intersection,Deux véhicules - par le coté,Nuit avec éclairage public allumé,Normale,Voie Communale,,1,Plat,Partie rectiligne,,100,normale,,Sur chaussée,Conducteur,1,F,16-17,Domicile - école,Casque,Non,1,1,01 - janvier,2 - mercredi,Pau
,201800030721,2018-01-10,64,15,64348,43.3371,-0.46063,Giratoire,Deux véhicules - par le coté,Plein jour,Normale,Route Départementale,,2,Plat,En courbe à gauche,,150,normale,Carrefour aménagé,Sur chaussée,Conducteur,1,M,63-64,Promenade - loisirs,Casque,Oui,1,1,01 - janvier,2 - mercredi,Lons
,201800043171,2018-01-10,94,7,94081,48.79607,2.41315,Hors intersection,Deux véhicules - par le coté,Crépuscule ou aube,Pluie légère,Route Départementale,,6,Plat,Partie rectiligne,50,100,mouillée,,Sur trottoir,Conducteur,1,M,22-23,Domicile - travail,Equipement réfléchissant,Non,1,1,01 - janvier,2 - mercredi,Vitry-sur-Seine
,201800048018,2018-01-10,69,13,69383,45.75332,4.86866,Hors intersection,Autre,Plein jour,Pluie légère,Voie Communale,,,,Partie rectiligne,,,mouillée,Zone piétonne,Sur chaussée,Conducteur,0,M,23-24,Promenade - loisirs,Autre,Non,,1,01 - janvier,2 - mercredi,Lyon 3e  Arrondissement
,201800054308,2018-01-10,75,18,75119,48.8904,2.37283,Hors intersection,Autre,Nuit avec éclairage public allumé,Pluie légère,Voie Communale,,1,Plat,Partie rectiligne,,,mouillée,,Sur chaussée,Conducteur,0,M,25-26,,Casque,Non déterminable,,1,01 - janvier,2 - mercredi,Paris 19e  Arrondissement
,201800001096,2018-01-09,33,12,33051,44.64729,-0.97251,Intersection en X,Deux véhicules - par le coté,Plein jour,Normale,Voie Communale,,2,Plat,Partie rectiligne,,,normale,,Sur chaussée,Conducteur,1,M,15-16,Domicile - école,Casque,Non,1,1,01 - janvier,1 - mardi,Biganos
,201800004758,2018-01-09,77,12,77470,48.74441,2.75299,Intersection à plus de 4 branches,Deux véhicules - par le coté,Plein jour,Temps couvert,Voie Communale,,2,Plat,Partie rectiligne,,,normale,Carrefour aménagé,Sur chaussée,Conducteur,2,M,72-73,Promenade - loisirs,Casque,Oui,1,1,01 - janvier,1 - mardi,Tournan-en-Brie
,201800013867,2018-01-09,72,5,72334,48.18348,-0.12734,Intersection en X,Deux véhicules - par l’arrière,Nuit avec éclairage public allumé,Normale,Route Départementale,,2,Pente,Partie rectiligne,,,normale,,Sur chaussée,Conducteur,1,M,28-29,Promenade - loisirs,Casque,,1,1,01 - janvier,1 - mardi,Sillé-le-Guillaume
,201800017603,2018-01-09,11,10,11106,43.23047,3.06005,Giratoire,Deux véhicules - par le coté,Plein jour,Normale,Voie Communale,,2,Plat,Partie rectiligne,,,normale,Carrefour aménagé,Sur chaussée,Conducteur,2,F,67-68,Promenade - loisirs,Autre,Non,1,1,01 - janvier,1 - mardi,Coursan
,201800019583,2018-01-09,17,15,17300,46.16974,-1.15196,Giratoire,Deux véhicules - par le coté,Plein jour,Temps couvert,Voie Communale,,2,Plat,En courbe à gauche,,69,mouillée,,Sur chaussée,Conducteur,1,M,29-30,Promenade - loisirs,Casque,Non,1,1,01 - janvier,1 - mardi,Rochelle
,201800030718,2018-01-09,64,18,64445,43.3023,-0.35405,Hors intersection,Deux véhicules - par l’arrière,Nuit avec éclairage public allumé,Normale,Voie Communale,,2,Plat,Partie rectiligne,,62,normale,,Sur piste cyclable,Conducteur,1,M,38-39,Domicile - travail,Casque,Oui,1,1,01 - janvier,1 - mardi,Pau
,201800048013,2018-01-09,69,8,69386,45.76496,4.8443,Hors intersection,Autre,Plein jour,Normale,Voie Communale,,1,Plat,Partie rectiligne,,,mouillée,,Sur chaussée,Conducteur,1,F,41-42,Domicile - travail,Autre,Non déterminable,1,1,01 - janvier,1 - mardi,Lyon 6e  Arrondissement
,201800052915,2018-01-09,75,17,75115,48.8383,2.28125,Intersection en T,Autre,Nuit avec éclairage public allumé,Pluie légère,Voie Communale,,2,Plat,Partie rectiligne,,60,mouillée,,Sur chaussée,Conducteur,0,M,56-57,Autre,Casque,Oui,,1,01 - janvier,1 - mardi,Paris 15e  Arrondissement
,201800056227,2018-01-09,976,10,97606,-12.91267,45.15858,Hors intersection,Autre,Plein jour,Normale,Voie Communale,,2,Plat,Partie rectiligne,,,normale,,Sur chaussée,Conducteur,2,M,29-30,Domicile - travail,Casque,Non,,,01 - janvier,1 - mardi,Chirongui
,201800007281,2018-01-08,10,19,10387,48.29569,4.07692,Intersection en T,Deux véhicules - par l’arrière,Nuit avec éclairage public allumé,Normale,Voie Communale,,2,Plat,Partie rectiligne,,,normale,,Sur chaussée,Conducteur,1,F,45-46,Promenade - loisirs,Casque,Non,1,1,01 - janvier,0 - lundi,Troyes
,201800015897,2018-01-08,25,14,25634,46.95141,6.33146,Hors intersection,Deux véhicules - par le coté,Plein jour,Normale,Voie Communale,,2,Pente,Partie rectiligne,,,normale,,Sur chaussée,Conducteur,2,M,48-49,Promenade - loisirs,Casque,Oui,1,,01 - janvier,0 - lundi,Vuillecin
,201800017153,2018-01-08,63,17,63262,45.71137,3.1798,Giratoire,Deux véhicules - par le coté,Crépuscule ou aube,Normale,Route Départementale,Avec voies d’affectation variable,,,,,,,,,Conducteur,1,M,41-42,Domicile - travail,Casque,Oui,1,,01 - janvier,0 - lundi,Orcet
,201800020486,2018-01-08,72,18,72058,47.99046,0.2406,Hors intersection,Deux véhicules - par le coté,Nuit sans éclairage public,Normale,Route Départementale,,2,Plat,Partie rectiligne,,,normale,,Sur chaussée,Conducteur,1,M,13-14,Domicile - école,Equipement réfléchissant,Oui,1,1,01 - janvier,0 - lundi,Changé
,201800021839,2018-01-08,35,13,35045,47.79546,-2.00918,Intersection en X,Deux véhicules - par le coté,Plein jour,Normale,Route Départementale,,2,Plat,Partie rectiligne,,,normale,Carrefour aménagé,Sur chaussée,Conducteur,1,M,62-63,Promenade - loisirs,Casque,Oui,1,,01 - janvier,0 - lundi,Bruc-sur-Aff
,201800021839,2018-01-08,35,13,35045,47.79546,-2.00918,Intersection en X,Deux véhicules - par le coté,Plein jour,Normale,Route Départementale,,2,Plat,Partie rectiligne,,,normale,Carrefour aménagé,Sur chaussée,Passager,1,F,57-58,Promenade - loisirs,Casque,Oui,1,,01 - janvier,0 - lundi,Bruc-sur-Aff
,201800025195,2018-01-08,37,16,37261,47.40443,0.7027,Hors intersection,Aucune,Plein jour,Normale,Voie Communale,,4,Pente,En courbe à droite,,,normale,,Sur chaussée,Conducteur,1,M,23-24,,Casque,Non,,1,01 - janvier,0 - lundi,Tours
,201800041934,2018-01-08,94,15,94011,48.75682,2.4833,Giratoire,Deux véhicules - par le coté,Plein jour,Temps éblouissant,Route Départementale,,2,Plat,En courbe à gauche,,40,normale,,Sur chaussée,Conducteur,1,M,68-69,Promenade - loisirs,Casque,Non,1,1,01 - janvier,0 - lundi,Bonneuil-sur-Marne
,201800042074,2018-01-08,94,17,94033,48.84981,2.46544,Hors intersection,Deux véhicules - frontale,Crépuscule ou aube,Normale,Voie Communale,,1,Plat,Partie rectiligne,,30,normale,,Sur chaussée,Conducteur,1,M,15-16,Promenade - loisirs,Casque,Oui,1,1,01 - janvier,0 - lundi,Fontenay-sous-Bois
,201800050971,2018-01-08,75,9,75108,48.8664,2.32347,Hors intersection,Deux véhicules - par le coté,Plein jour,Normale,Voie Communale,,4,Plat,En courbe à gauche,,150,normale,,Sur chaussée,Conducteur,1,F,33-34,Domicile - travail,Casque,Non déterminable,1,1,01 - janvier,0 - lundi,Paris 8e  Arrondissement
,201800053234,2018-01-08,75,10,75116,48.8559,2.26473,Intersection en T,Deux véhicules - par l’arrière,Plein jour,Normale,Voie Communale,,1,Plat,Partie rectiligne,10,10,normale,,Sur chaussée,Conducteur,1,M,24-25,Utilisation professionnelle,Casque,Non déterminable,1,1,01 - janvier,0 - lundi,Paris 16e  Arrondissement
,201800053235,2018-01-08,75,20,75116,48.8668,2.22995,Hors intersection,Autre,Nuit avec éclairage public allumé,Normale,Voie Communale,,4,Pente,Partie rectiligne,,,normale,Pont - autopont,Sur chaussée,Conducteur,1,M,55-56,Domicile - travail,Casque,Oui,1,1,01 - janvier,0 - lundi,Paris 16e  Arrondissement
,201800056239,2018-01-08,973,7,97309,4.89943,-52.2738,Hors intersection,Deux véhicules - par l’arrière,Plein jour,Normale,Route Départementale,,2,Plat,Partie rectiligne,,,normale,,Sur chaussée,Conducteur,1,F,43-44,Promenade - loisirs,Casque,Oui,1,1,01 - janvier,0 - lundi,Remire-Montjoly
,201800057154,2018-01-08,974,18,97407,-20.95033,55.30675,Hors intersection,Deux véhicules - frontale,Plein jour,Normale,Voie Communale,,2,Pente,En courbe à gauche,,70,normale,,Sur chaussée,Conducteur,2,M,32-33,Promenade - loisirs,Casque,Non,1,1,01 - janvier,0 - lundi,Port
,201800028647,2018-01-07,56,12,56162,47.73653,3.43251,Giratoire,Deux véhicules - par le coté,Plein jour,Pluie forte,Route Départementale,,2,Plat,Partie rectiligne,,,mouillée,,Sur chaussée,Conducteur,1,M,56-57,Promenade - loisirs,Casque,Oui,1,1,01 - janvier,6 - dimanche,Ploemeur
,201800052913,2018-01-07,75,20,75115,48.8467,2.28829,Hors intersection,Autre,Nuit avec éclairage public allumé,Normale,Voie Communale,,2,Plat,Partie rectiligne,,96,normale,,Sur chaussée,Conducteur,1,F,20-21,Utilisation professionnelle,Casque,Non déterminable,1,1,01 - janvier,6 - dimanche,Paris 15e  Arrondissement
,201800026239,2018-01-06,44,10,44132,47.25782,-2.32417,Hors intersection,Deux véhicules - par le coté,Plein jour,Temps couvert,Route Départementale,,1,Bas de côte,En courbe à droite,,63,normale,,Sur chaussée,Conducteur,2,M,79-80,Promenade - loisirs,Casque,Oui,1,1,01 - janvier,5 - samedi,Pornichet
,201800032097,2018-01-06,68,,68066,48.08133,7.35336,Intersection en X,Deux véhicules - par le coté,Nuit avec éclairage public allumé,Pluie légère,Route Départementale,,4,Plat,Partie rectiligne,,140,mouillée,,Sur chaussée,Conducteur,2,M,18-19,Promenade - loisirs,Casque,Non,1,1,01 - janvier,5 - samedi,Colmar
,201800034665,2018-01-06,78,,78401,49.00694,1.91856,Hors intersection,Aucune,Nuit avec éclairage public allumé,Autre,Parc de stationnement ouvert à la circulation publique,,,Pente,Partie rectiligne,,,mouillée,,Sur accotement,Conducteur,3,M,16-17,Promenade - loisirs,Casque,Non,,1,01 - janvier,5 - samedi,Meulan-en-Yvelines
,201800035972,2018-01-06,87,8,87085,45.8412,1.26182,Hors intersection,Autre,Crépuscule ou aube,Pluie légère,Voie Communale,,2,Plat,Partie rectiligne,,60,mouillée,,Sur chaussée,Conducteur,1,F,26-27,Domicile - travail,Casque,Non déterminable,1,1,01 - janvier,5 - samedi,Limoges
,201800041183,2018-01-06,93,16,93078,48.97374,2.50356,Hors intersection,Deux véhicules - par l’arrière,Plein jour,Normale,Voie Communale,,2,Plat,Partie rectiligne,,,normale,,Sur chaussée,Conducteur,2,M,68-69,Promenade - loisirs,Autre,Non déterminable,1,1,01 - janvier,5 - samedi,Villepinte
,201800055941,2018-01-06,971,18,97128,16.26305,-61.37457,Hors intersection,Deux véhicules - frontale,Nuit sans éclairage public,Normale,Route Départementale,,2,Pente,Partie rectiligne,,,normale,,Sur chaussée,Conducteur,3,M,13-14,Promenade - loisirs,Casque,Non,1,1,01 - janvier,5 - samedi,Sainte-Anne