test,identifiantAccident,date,departement,heure,commune,lat,lon,typeIntersection,typeCollision,luminosite,conditionsAtmosperiques,typeRoute,circulation,nbVoies,profilLongRoute,tracePlanRoute,largeurTPC,largeurRoute,etatSurface,amenagement,situation,categorieUsager,graviteAccident,sexe,age,motifDeplacement,existenceSecurite,usageSecurite,nombreAutresVehicules,enAgglomeration,mois,jour,NCCENR
,201800013383,2018-01-05,50,15,50354,49.12375,-1.5039,Giratoire,Deux véhicules - par le coté,Plein jour,Temps éblouissant,Route Départementale,,2,Pente,Partie rectiligne,,65,normale,Carrefour aménagé,Sur chaussée,Conducteur,2,M,39-40,Promenade - loisirs,Casque,Oui,1,,01 - janvier,4 - vendredi,Montsurvent
,201800015581,2018-01-05,35,14,35299,48.63375,-1.89652,Intersection en X,Deux véhicules - par le coté,Plein jour,Temps éblouissant,Route Départementale,,2,Sommet de côte,Partie rectiligne,,,normale,Carrefour aménagé,Sur chaussée,Conducteur,1,M,60-61,Promenade - loisirs,Casque,Oui,1,,01 - janvier,4 - vendredi,Saint-Méloir-des-Ondes
,201800020693,2018-01-05,21,11,21231,47.18588,5.15052,Intersection en T,Deux véhicules - par le coté,Plein jour,Pluie légère,Voie Communale,,2,Plat,En courbe à droite,,,mouillée,,Sur chaussée,Conducteur,1,M,36-37,Promenade - loisirs,Autre,Non déterminable,1,1,01 - janvier,4 - vendredi,Dijon
,201800021477,2018-01-05,27,11,27701,49.28046,1.22624,Intersection en X,Deux véhicules - par le coté,Plein jour,Normale,Route Départementale,,2,Plat,Partie rectiligne,50,200,mouillée,,Sur chaussée,Conducteur,1,M,53-54,Promenade - loisirs,Casque,Non déterminable,1,,01 - janvier,4 - vendredi,Val-de-Reuil
,201800024231,2018-01-05,34,12,34172,43.62712,3.86951,Hors intersection,Deux véhicules - par le coté,Plein jour,Normale,Voie Communale,,3,Plat,En courbe à droite,95,84,normale,Carrefour aménagé,Sur chaussée,Conducteur,2,F,26-27,Autre,Casque,Non déterminable,1,1,01 - janvier,4 - vendredi,Montpellier
,201800025180,2018-01-05,37,16,37261,47.42678,0.70804,Giratoire,Deux véhicules - par le coté,Plein jour,Normale,Voie Communale,,1,Plat,En courbe à gauche,150,70,normale,Carrefour aménagé,Sur chaussée,Conducteur,1,M,75-76,,Casque,Non,1,1,01 - janvier,4 - vendredi,Tours
,201800027108,2018-01-05,49,9,49015,47.506,-0.58868,Hors intersection,Aucune,Plein jour,Normale,Voie Communale,,2,Plat,Partie rectiligne,,,mouillée,,Sur chaussée,Conducteur,1,F,54-55,,Casque,Oui,,1,01 - janvier,4 - vendredi,Avrillé
,201800032099,2018-01-05,68,18,68066,48.06931,7.33142,Giratoire,Deux véhicules - par le coté,Nuit sans éclairage public,Normale,Route Départementale,,1,Plat,Partie rectiligne,,80,normale,,,Conducteur,2,M,22-23,Promenade - loisirs,Autre,Non déterminable,1,1,01 - janvier,4 - vendredi,Colmar
,201800036687,2018-01-05,91,12,91223,48.41457,2.19726,Hors intersection,Deux véhicules - par le coté,Plein jour,Pluie légère,Route Départementale,,2,Plat,Partie rectiligne,,,mouillée,,Sur chaussée,Conducteur,2,M,52-53,Promenade - loisirs,Casque,Non déterminable,1,,01 - janvier,4 - vendredi,Étampes
,201800037035,2018-01-05,91,7,91477,48.7142,2.25825,Giratoire,Deux véhicules - par le coté,Nuit avec éclairage public allumé,Normale,Route Départementale,,1,Plat,En courbe à droite,70,70,normale,Carrefour aménagé,Sur chaussée,Conducteur,1,M,54-55,Autre,Casque,Oui,1,1,01 - janvier,4 - vendredi,Palaiseau
,201800037667,2018-01-05,92,13,92024,48.9033,2.31363,Hors intersection,Deux véhicules - par le coté,Plein jour,Normale,Route Départementale,,2,Plat,Partie rectiligne,,,normale,,Sur chaussée,Conducteur,1,F,59-60,Utilisation professionnelle,Casque,Non,1,1,01 - janvier,4 - vendredi,Clichy
,201800051633,2018-01-05,75,9,75111,48.8503,2.39259,Intersection en X,Deux véhicules - par le coté,Plein jour,Temps couvert,Voie Communale,,1,Plat,Partie rectiligne,,40,mouillée,,Sur chaussée,Conducteur,1,F,37-38,Domicile - travail,Casque,Non déterminable,1,1,01 - janvier,4 - vendredi,Paris 11e  Arrondissement
,201800003468,2018-01-04,13,17,13004,0,0,Hors intersection,Deux véhicules - par l’arrière,Nuit sans éclairage public,Normale,Route Départementale,,2,Plat,,,60,normale,,Sur accotement,Conducteur,3,F,16-17,Promenade - loisirs,Equipement réfléchissant,Non,1,,01 - janvier,3 - jeudi,Arles
,201800022469,2018-01-03,30,15,30007,44.12125,4.09208,Giratoire,Deux véhicules - par le coté,Plein jour,Normale,Route Nationale,,2,Plat,En courbe à droite,53,147,normale,Carrefour aménagé,Sur chaussée,Conducteur,1,F,60-61,Domicile - travail,Casque,Non,1,1,01 - janvier,2 - mercredi,Alès
,201800024234,2018-01-03,34,18,34172,43.60143,3.89885,Intersection en T,Deux véhicules - par le coté,Nuit avec éclairage public allumé,Normale,Voie Communale,,4,Plat,Partie rectiligne,70,110,normale,Carrefour aménagé,Sur chaussée,Conducteur,1,M,30-31,Promenade - loisirs,Casque,Non déterminable,1,1,01 - janvier,2 - mercredi,Montpellier
,201800024588,2018-01-03,35,15,35238,48.11016,-1.67855,Hors intersection,Autre,Plein jour,Normale,Voie Communale,,1,Plat,Partie rectiligne,,,normale,,Sur chaussée,Conducteur,1,M,36-37,Promenade - loisirs,Equipement réfléchissant,Non,1,1,01 - janvier,2 - mercredi,Rennes
,201800027102,2018-01-03,49,9,49007,47.47208,-0.56704,Giratoire,Deux véhicules - par le coté,Plein jour,Normale,Voie Communale,,2,Plat,En courbe à gauche,,,mouillée,,Sur chaussée,Conducteur,1,M,41-42,,Casque,Oui,1,1,01 - janvier,2 - mercredi,Angers
,201800027104,2018-01-03,49,17,49007,47.4658,-0.55163,Hors intersection,Aucune,Nuit avec éclairage public allumé,Normale,Voie Communale,,4,Plat,Partie rectiligne,,,mouillée,,Sur piste cyclable,Conducteur,1,F,22-23,,Casque,Oui,,1,01 - janvier,2 - mercredi,Angers
,201800000991,2018-01-02,72,8,72154,47.70708,-0.08323,Giratoire,Deux véhicules - par le coté,Crépuscule ou aube,Pluie légère,Voie Communale,,2,Plat,,,25,normale,,,Conducteur,2,M,66-67,Promenade - loisirs,Casque,Oui,1,1,01 - janvier,1 - mardi,Flèche
,201800022858,2018-01-02,31,9,31555,43.61603,1.4532,Hors intersection,Deux véhicules - par le coté,Plein jour,Pluie légère,Voie Communale,,2,Plat,Partie rectiligne,,,mouillée,,Sur chaussée,Conducteur,1,M,64-65,Autre,Autre,Non déterminable,1,1,01 - janvier,1 - mardi,Toulouse
,201800030711,2018-01-02,64,4,64284,43.2787,-0.38851,Giratoire,Deux véhicules - par le coté,Nuit avec éclairage public allumé,Pluie légère,Route Départementale,,2,Plat,Partie rectiligne,,50,mouillée,,Sur chaussée,Conducteur,1,M,28-29,Domicile - travail,Casque,Oui,1,1,01 - janvier,1 - mardi,Jurançon
,201800032234,2018-01-02,69,16,69091,45.58935,4.77103,Autre intersection,Deux véhicules - par le coté,Plein jour,Normale,Route Départementale,,,Plat,Partie rectiligne,,94,normale,Bretelle d’échangeur ou de raccordement,Sur chaussée,Conducteur,1,M,26-27,Promenade - loisirs,Casque,Oui,1,1,01 - janvier,1 - mardi,Givors
,201800053229,2018-01-02,75,15,75116,48.8713,2.28906,Hors intersection,Deux véhicules - par le coté,Plein jour,Pluie légère,Voie Communale,,2,Plat,,1,1,mouillée,,Sur chaussée,Conducteur,1,F,25-26,Promenade - loisirs,Casque,Non déterminable,1,1,01 - janvier,1 - mardi,Paris 16e  Arrondissement
,201800027925,2018-01-01,51,17,51454,49.22592,4.02121,Intersection en T,Deux véhicules - par le coté,Nuit avec éclairage public allumé,Pluie forte,Voie Communale,Avec voies d’affectation variable,,,,,,,,,Conducteur,1,M,16-17,,Equipement réfléchissant,Non,1,1,01 - janvier,0 - lundi,Reims
,201800031622,2018-01-01,67,5,67482,48.55443,7.76622,Intersection en X,Deux véhicules - par le coté,Nuit avec éclairage public allumé,Pluie légère,Voie Communale,,4,Plat,Partie rectiligne,,90,mouillée,Carrefour aménagé,Sur chaussée,Conducteur,1,M,36-37,Promenade - loisirs,Casque,Non,1,1,01 - janvier,0 - lundi,Strasbourg
,201700005701,2017-12-31,6,12,6123,43.6565,7.17861,Hors intersection,Deux véhicules - frontale,Plein jour,Normale,Route Départementale,,2,Plat,Partie rectiligne,,,normale,Zone piétonne,Sur piste cyclable,Conducteur,2,M,53-54,Promenade - loisirs,Casque,Oui,1,1,12 - décembre,6 - dimanche,Saint-Laurent-du-Var
,201700005701,2017-12-31,6,12,6123,43.6565,7.17861,Hors intersection,Deux véhicules - frontale,Plein jour,Normale,Route Départementale,,2,Plat,Partie rectiligne,,,normale,Zone piétonne,Sur piste cyclable,Conducteur,2,M,63-64,Promenade - loisirs,Casque,Oui,1,1,12 - décembre,6 - dimanche,Saint-Laurent-du-Var
,201700018547,2017-12-31,63,11,63295,46.01856,3.355,Intersection en T,Deux véhicules - par le coté,Plein jour,Normale,Route Départementale,,2,Plat,,,71,normale,,Sur chaussée,Conducteur,1,M,51-52,Promenade - loisirs,Casque,Oui,1,1,12 - décembre,6 - dimanche,Randan
,201700034645,2017-12-31,69,17,69282,45.76769,5.00211,Intersection en T,Autre,Nuit avec éclairage public allumé,Temps couvert,Voie Communale,,1,Plat,Partie rectiligne,,85,normale,,Sur chaussée,Conducteur,1,M,33-34,Autre,Equipement réfléchissant,Non,1,1,12 - décembre,6 - dimanche,Meyzieu
,201700059058,2017-12-31,971,12,97103,0,0,Intersection en X,Deux véhicules - par le coté,Plein jour,Normale,Route Départementale,,2,Plat,,,,normale,,Sur chaussée,Conducteur,2,M,21-22,Promenade - loisirs,Autre,Non,1,1,12 - décembre,6 - dimanche,Baie-Mahault
,201700012435,2017-12-30,27,23,27679,48.7253,0.89719,Hors intersection,Deux véhicules - par l’arrière,Nuit sans éclairage public,Pluie légère,Route Nationale,,2,Plat,Partie rectiligne,75,,mouillée,,Sur chaussée,Conducteur,3,M,51-52,Promenade - loisirs,Equipement réfléchissant,Oui,1,,12 - décembre,5 - samedi,Verneuil-sur-Avre
,201700022126,2017-12-30,83,11,83019,43.1871,6.33074,Hors intersection,Deux véhicules - par le coté,Plein jour,Normale,Route Départementale,,2,Pente,En « S »,,46,normale,,,Conducteur,2,F,57-58,Promenade - loisirs,Casque,Oui,1,,12 - décembre,5 - samedi,Bormes-les-Mimosas
,201700024294,2017-12-30,23,12,23208,46.17148,1.80563,Intersection en X,Deux véhicules - par le coté,Plein jour,Pluie forte,Route Départementale,,2,Plat,,,63,mouillée,,Sur chaussée,Conducteur,1,M,53-54,Promenade - loisirs,Casque,Oui,1,,12 - décembre,5 - samedi,Saint-Léger-le-Guérétois
,201700014017,2017-12-29,45,14,45182,47.68716,1.77886,Hors intersection,Deux véhicules - par l’arrière,Plein jour,Normale,Route Départementale,,2,Pente,,,60,normale,,Sur chaussée,Conducteur,1,M,14-15,Promenade - loisirs,Casque,Non,1,1,12 - décembre,4 - vendredi,Ligny-le-Ribault
,201700014017,2017-12-29,45,14,45182,47.68716,1.77886,Hors intersection,Deux véhicules - par l’arrière,Plein jour,Normale,Route Départementale,,2,Pente,,,60,normale,,Sur chaussée,Conducteur,2,M,59-60,Promenade - loisirs,Casque,Oui,1,1,12 - décembre,4 - vendredi,Ligny-le-Ribault
,201700040379,2017-12-29,92,12,92044,48.89276,2.28547,Hors intersection,Deux véhicules - par le coté,Plein jour,Temps couvert,Voie Communale,,2,Plat,Partie rectiligne,,,mouillée,,Sur chaussée,Conducteur,1,M,71-72,Promenade - loisirs,Casque,Non déterminable,1,1,12 - décembre,4 - vendredi,Levallois-Perret
,201700054595,2017-12-29,75,11,75111,48.8582,2.38646,Intersection en X,Deux véhicules - par le coté,Plein jour,Pluie légère,Voie Communale,,1,Plat,Partie rectiligne,,80,mouillée,,Sur chaussée,Conducteur,1,F,69-70,Promenade - loisirs,Casque,Non,1,1,12 - décembre,4 - vendredi,Paris 11e  Arrondissement
,201700059118,2017-12-29,976,12,97603,0,0,Hors intersection,Autre,Plein jour,Normale,Route Nationale,,2,Plat,,,,normale,,Sur chaussée,Conducteur,1,M,12-13,Promenade - loisirs,Autre,Non,1,1,12 - décembre,4 - vendredi,Bandrele
,201700004990,2017-12-28,78,15,78062,48.84259,1.84137,Intersection en X,Deux véhicules - frontale,Plein jour,Normale,Route Départementale,,2,Plat,,98,,normale,Carrefour aménagé,,Conducteur,2,M,65-66,Promenade - loisirs,Casque,Oui,1,,12 - décembre,3 - jeudi,Beynes
,201700027963,2017-12-28,42,16,42187,46.02759,4.04819,Giratoire,Autre,Plein jour,Normale,Voie Communale,,1,Plat,En courbe à droite,,,normale,,Sur chaussée,Conducteur,1,M,53-54,Promenade - loisirs,Autre,Oui,1,1,12 - décembre,3 - jeudi,Roanne
,201700039191,2017-12-28,92,13,92002,48.75135,2.30456,Intersection en X,Deux véhicules - par le coté,Plein jour,Normale,Route Départementale,,4,Plat,Partie rectiligne,,136,normale,,Sur chaussée,Conducteur,1,M,43-44,Promenade - loisirs,Autre,Non déterminable,1,1,12 - décembre,3 - jeudi,Antony
,201700041083,2017-12-28,92,9,92033,48.84129,2.1803,Hors intersection,Deux véhicules - par le coté,Plein jour,Normale,Voie Communale,,2,Pente,Partie rectiligne,,,normale,,Sur chaussée,Conducteur,1,M,28-29,Domicile - travail,Casque,Non déterminable,1,1,12 - décembre,3 - jeudi,Garches
,201700051264,2017-12-28,69,11,69383,45.75924,4.84264,Hors intersection,Aucune,Plein jour,Normale,Autre,,2,Plat,Partie rectiligne,,,normale,Zone piétonne,Sur piste cyclable,Conducteur,1,M,64-65,Promenade - loisirs,Casque,Non,,1,12 - décembre,3 - jeudi,Lyon 3e  Arrondissement
,201700056829,2017-12-28,75,18,75117,48.8838,2.30476,Intersection en X,Deux véhicules - par le coté,Nuit avec éclairage public allumé,Normale,Voie Communale,,2,Plat,Partie rectiligne,,,normale,,Sur chaussée,Conducteur,1,M,32-33,Autre,Casque,Non déterminable,1,1,12 - décembre,3 - jeudi,Paris 17e  Arrondissement
,201700000022,2017-12-27,59,12,59586,50.54129,3.18902,Intersection en X,Deux véhicules - par le coté,Plein jour,Normale,Route Départementale,,2,Plat,,,10,normale,,,Conducteur,2,M,61-62,Promenade - loisirs,Casque,Oui,1,,12 - décembre,2 - mercredi,Templeuve-en-Pévèle
,201700034349,2017-12-27,67,19,67482,48.57866,7.72827,Intersection en T,Deux véhicules - par le coté,Nuit avec éclairage public allumé,Pluie légère,Voie Communale,,2,Plat,En courbe à gauche,,60,mouillée,Carrefour aménagé,Sur chaussée,Conducteur,1,M,32-33,Domicile - travail,Autre,Non,1,1,12 - décembre,2 - mercredi,Strasbourg
,201700035412,2017-12-27,73,21,73065,45.5655,5.91589,Intersection en T,Deux véhicules - frontale,Nuit avec éclairage public allumé,Neige - grêle,Voie Communale,,2,Plat,Partie rectiligne,,,mouillée,,Sur chaussée,Conducteur,2,F,22-23,Domicile - travail,Casque,Oui,1,1,12 - décembre,2 - mercredi,Chambéry
,201700044977,2017-12-27,94,6,94041,48.8193,2.39261,Intersection en X,Deux véhicules - frontale,Nuit avec éclairage public allumé,Normale,Voie Communale,,2,,,,,normale,,Sur chaussée,Conducteur,1,M,61-62,Domicile - travail,Casque,Non,1,1,12 - décembre,2 - mercredi,Ivry-sur-Seine
,201700052957,2017-12-27,75,15,75102,48.8666,2.33734,Intersection en X,Deux véhicules - par le coté,Plein jour,Pluie légère,Voie Communale,,1,Plat,,,,mouillée,,Sur chaussée,Conducteur,1,F,59-60,Promenade - loisirs,Casque,Non déterminable,1,1,12 - décembre,2 - mercredi,Paris 2e  Arrondissement
,201700018825,2017-12-26,71,15,71263,46.63721,5.242,Hors intersection,Deux véhicules - par l’arrière,Plein jour,Normale,Route Départementale,,2,Plat,Partie rectiligne,,60,normale,,Sur chaussée,Conducteur,2,M,74-75,Promenade - loisirs,Casque,Oui,1,,12 - décembre,1 - mardi,Louhans
,201700027564,2017-12-26,37,14,37208,47.36154,0.72105,Hors intersection,Autre,Plein jour,Normale,Voie Communale,,2,Plat,Partie rectiligne,,,normale,,Sur piste cyclable,Conducteur,2,F,30-31,Promenade - loisirs,Casque,Non,1,1,12 - décembre,1 - mardi,Saint-Avertin
,201700029130,2017-12-26,49,11,49007,47.46907,-0.54973,Hors intersection,Aucune,Plein jour,Normale,Voie Communale,,2,Plat,Partie rectiligne,,,normale,,Sur chaussée,Conducteur,1,M,56-57,,Casque,Oui,,1,12 - décembre,1 - mardi,Angers
,201700036212,2017-12-26,76,8,76322,49.40521,1.03013,Intersection en X,Deux véhicules - frontale,Nuit avec éclairage public allumé,Normale,Voie Communale,,2,Plat,Partie rectiligne,,80,mouillée,,Sur chaussée,Conducteur,2,M,33-34,Domicile - travail,Casque,Non déterminable,1,1,12 - décembre,1 - mardi,Grand-Quevilly
,201700049893,2017-12-26,2B,8,2B033,42.37503,9.27566,Hors intersection,Deux véhicules - par l’arrière,Plein jour,Normale,Voie Communale,,2,Plat,Partie rectiligne,,62,normale,,Sur chaussée,Conducteur,1,M,66-67,Promenade - loisirs,Casque,Oui,1,,12 - décembre,1 - mardi,Bastia
,201700033551,2017-12-25,65,10,65440,43.2496,0.07282,Intersection en X,Deux véhicules - par le coté,Plein jour,Normale,Route Départementale,,2,Plat,Partie rectiligne,,80,normale,,Sur chaussée,Conducteur,2,M,84-85,Courses - achats,Autre,Oui,1,1,12 - décembre,0 - lundi,Tarbes
,201700058929,2017-12-25,973,11,97311,0,0,Hors intersection,Deux véhicules - par le coté,Plein jour,Normale,Voie Communale,,2,Plat,,5,910,normale,,,Conducteur,3,M,13-14,Promenade - loisirs,Casque,Non,1,1,12 - décembre,0 - lundi,Saint-Laurent-du-Maroni
,201700013956,2017-12-24,64,14,64038,43.4524,-1.52967,Intersection en T,Deux véhicules - frontale,Plein jour,Temps éblouissant,Route Départementale,,2,Plat,,6,510,normale,,,Conducteur,1,M,26-27,Promenade - loisirs,Casque,Oui,1,,12 - décembre,6 - dimanche,Arcangues
,201700014340,2017-12-24,50,15,50066,48.77075,-1.56972,Autre intersection,Autre,Plein jour,Temps couvert,Voie Communale,,2,Plat,Partie rectiligne,4,710,normale,,,Conducteur,2,M,11-12,Courses - achats,Casque,Non,1,1,12 - décembre,6 - dimanche,Jullouville
,201700028595,2017-12-24,44,17,44184,47.2833,-2.2137,Hors intersection,Deux véhicules - frontale,Nuit avec éclairage public allumé,Temps couvert,Voie Communale,,2,Plat,Partie rectiligne,,,normale,,Sur chaussée,Conducteur,2,M,12-13,Promenade - loisirs,Casque,Non,1,1,12 - décembre,6 - dimanche,Saint-Nazaire
,201700011585,2017-12-23,8,17,8302,49.88308,4.76162,Hors intersection,Deux véhicules - par le coté,Nuit avec éclairage public allumé,Pluie légère,Route Départementale,,2,Plat,Partie rectiligne,,,mouillée,,Sur chaussée,Conducteur,2,F,57-58,Promenade - loisirs,Equipement réfléchissant,Non,1,,12 - décembre,5 - samedi,Monthermé
,201700019530,2017-12-23,80,16,80711,50.04305,2.12141,Intersection en T,Autre,Plein jour,Pluie légère,Route Départementale,,2,Plat,,,20,normale,,,Conducteur,2,F,55-56,Promenade - loisirs,Casque,Non,1,1,12 - décembre,5 - samedi,Saint-Ouen
,201700032650,2017-12-23,62,4,62193,50.94557,1.83775,Hors intersection,Deux véhicules - par l’arrière,Nuit avec éclairage public allumé,Normale,Route Départementale,,2,Plat,En courbe à gauche,,70,normale,,Sur chaussée,Conducteur,2,M,24-25,Domicile - travail,Autre,Non déterminable,1,1,12 - décembre,5 - samedi,Calais
,201700038626,2017-12-23,91,15,91514,48.67807,2.52706,Giratoire,Deux véhicules - par l’arrière,Plein jour,Pluie légère,Route Départementale,,1,Plat,En courbe à droite,,70,mouillée,Carrefour aménagé,Sur chaussée,Conducteur,1,M,27-28,Autre,Autre,Oui,1,1,12 - décembre,5 - samedi,Quincy-sous-Sénart
,201700050421,2017-12-23,69,18,69385,45.7561,4.81772,Hors intersection,Deux véhicules - par l’arrière,Nuit avec éclairage public allumé,Normale,Voie Communale,,2,Pente,Partie rectiligne,,80,normale,,Sur chaussée,Conducteur,1,M,54-55,Promenade - loisirs,Casque,Oui,1,1,12 - décembre,5 - samedi,Lyon 5e  Arrondissement
,201700054998,2017-12-23,75,17,75112,48.8475,2.40288,Hors intersection,Deux véhicules - par le coté,Crépuscule ou aube,Normale,Voie Communale,,,Plat,Partie rectiligne,100,10,normale,,Sur chaussée,Conducteur,1,F,20-21,Promenade - loisirs,Casque,Non déterminable,1,1,12 - décembre,5 - samedi,Paris 12e  Arrondissement
,201700000948,2017-12-22,61,14,61509,48.51485,0.13563,Hors intersection,Aucune,Plein jour,Normale,Route Départementale,,2,Plat,Partie rectiligne,,,normale,,Sur chaussée,Conducteur,3,M,66-67,Promenade - loisirs,Casque,Oui,,,12 - décembre,4 - vendredi,Vingt-Hanaps
,201700023421,2017-12-22,35,18,35219,47.82067,-1.90771,Hors intersection,Trois véhicules et plus - collisions multiples,Nuit sans éclairage public,Pluie légère,Route Départementale,,2,Pente,Partie rectiligne,,,mouillée,,Sur chaussée,Conducteur,3,M,60-61,Courses - achats,Casque,Non,2,,12 - décembre,4 - vendredi,Pipriac
,201700025119,2017-12-22,31,19,31069,43.63113,1.39172,Hors intersection,Deux véhicules - par le coté,Nuit avec éclairage public allumé,Pluie légère,Voie Communale,,2,Plat,Partie rectiligne,,,mouillée,,Sur chaussée,Conducteur,1,F,24-25,Autre,Casque,Oui,1,1,12 - décembre,4 - vendredi,Blagnac
,201700031342,2017-12-22,57,15,57672,49.35845,6.13094,Hors intersection,Autre,Plein jour,Normale,Route Départementale,,3,Plat,En courbe à droite,,88,normale,,Sur chaussée,Conducteur,1,M,63-64,Promenade - loisirs,Casque,Non,1,1,12 - décembre,4 - vendredi,Thionville
,201700036932,2017-12-22,80,19,80021,49.88865,2.30267,Intersection en X,Deux véhicules - par le coté,Nuit avec éclairage public allumé,Normale,Voie Communale,,2,Plat,Partie rectiligne,,,normale,,Sur chaussée,Conducteur,1,F,18-19,Autre,Casque,Oui,1,1,12 - décembre,4 - vendredi,Amiens
,201700056827,2017-12-22,75,12,75117,48.8807,2.29524,Hors intersection,Deux véhicules - par le coté,Plein jour,Pluie légère,Voie Communale,,4,Plat,Partie rectiligne,,,mouillée,,Sur chaussée,Conducteur,0,M,24-25,Domicile - travail,Casque,Non déterminable,1,1,12 - décembre,4 - vendredi,Paris 17e  Arrondissement
,201700001679,2017-12-21,9,11,9194,43.08859,1.87016,Hors intersection,Aucune,Plein jour,Temps couvert,Voie Communale,,2,Plat,Partie rectiligne,,58,normale,,Sur trottoir,Conducteur,3,M,86-87,Courses - achats,Autre,Non déterminable,,1,12 - décembre,3 - jeudi,Mirepoix
,201700015826,2017-12-21,84,14,84151,43.80814,5.5923,Hors intersection,Deux véhicules - frontale,Plein jour,Temps éblouissant,Route Départementale,,2,Pente,En courbe à gauche,,42,normale,,Sur chaussée,Conducteur,2,M,74-75,Promenade - loisirs,Casque,Oui,1,,12 - décembre,3 - jeudi,Vitrolles-en-Lubéron
,201700029546,2017-12-21,49,8,49007,47.47702,-0.54806,Hors intersection,Autre,Plein jour,Normale,Voie Communale,,2,Plat,Partie rectiligne,,60,normale,,Sur chaussée,Conducteur,1,M,40-41,,Casque,Non déterminable,1,1,12 - décembre,3 - jeudi,Angers
,201700034346,2017-12-21,67,17,67447,48.60036,7.7539,Hors intersection,Deux véhicules - par le coté,Nuit avec éclairage public allumé,Pluie légère,Voie Communale,,2,Plat,Partie rectiligne,25,100,mouillée,Carrefour aménagé,Sur chaussée,Conducteur,2,F,56-57,Domicile - travail,Casque,Oui,1,1,12 - décembre,3 - jeudi,Schiltigheim
,201700037310,2017-12-21,83,10,83123,43.12174,5.81935,Intersection en T,Deux véhicules - par le coté,Plein jour,Normale,Route Départementale,,1,Plat,Partie rectiligne,,,normale,,Sur chaussée,Conducteur,1,M,23-24,Domicile - travail,Casque,Non,1,1,12 - décembre,3 - jeudi,Sanary-sur-Mer
,201700042609,2017-12-21,93,18,93048,48.873,2.454,Intersection en X,Deux véhicules - par le coté,Nuit avec éclairage public allumé,Pluie légère,Voie Communale,,2,Plat,Partie rectiligne,30,30,mouillée,,Sur chaussée,Conducteur,2,M,44-45,,Casque,Non,1,1,12 - décembre,3 - jeudi,Montreuil
,201700055640,2017-12-21,75,9,75114,48.8202,2.339,Hors intersection,Deux véhicules - par le coté,Plein jour,Pluie légère,Voie Communale,,,Plat,Partie rectiligne,,60,mouillée,,Sur chaussée,Conducteur,1,M,13-14,Domicile - école,Casque,Non déterminable,1,1,12 - décembre,3 - jeudi,Paris 14e  Arrondissement
,201700055642,2017-12-21,75,22,75114,48.8315,2.31528,Intersection en T,Trois véhicules et plus - collisions multiples,Nuit avec éclairage public non allumé,Normale,Voie Communale,,3,Plat,Partie rectiligne,,80,mouillée,,Sur chaussée,Conducteur,0,M,50-51,Promenade - loisirs,Casque,Oui,2,1,12 - décembre,3 - jeudi,Paris 14e  Arrondissement
,201700056826,2017-12-21,75,20,75117,48.8826,2.31037,Place,Deux véhicules - par le coté,Nuit avec éclairage public allumé,Pluie légère,Voie Communale,,1,Plat,Partie rectiligne,,60,mouillée,,Sur chaussée,Conducteur,1,M,47-48,Autre,Casque,Oui,1,1,12 - décembre,3 - jeudi,Paris 17e  Arrondissement
,201700011691,2017-12-20,52,15,52039,48.39248,4.96965,Hors intersection,Deux véhicules - par l’arrière,Plein jour,Temps couvert,Route Départementale,,2,Plat,Partie rectiligne,,69,mouillée,,Sur chaussée,Conducteur,3,M,77-78,Promenade - loisirs,Autre,Non,1,,12 - décembre,2 - mercredi,Baudrecourt
,201700021515,2017-12-20,17,9,17415,45.74681,-0.62699,Hors intersection,Autre,Plein jour,Normale,Voie Communale,,2,Plat,Partie rectiligne,,50,normale,,Sur chaussée,Conducteur,1,M,13-14,Promenade - loisirs,Casque,Oui,1,1,12 - décembre,2 - mercredi,Saintes
,201700022263,2017-12-20,19,16,19031,45.15941,1.49734,Intersection en X,Autre,Plein jour,Normale,Route Départementale,,2,Plat,Partie rectiligne,,,normale,,Sur chaussée,Conducteur,1,M,69-70,Promenade - loisirs,Casque,Oui,1,1,12 - décembre,2 - mercredi,Brive-la-Gaillarde
,201700026406,2017-12-20,35,12,35238,48.12098,-1.6643,Hors intersection,Aucune,Plein jour,Normale,Voie Communale,,1,Plat,Partie rectiligne,,,normale,,Sur chaussée,Conducteur,1,M,47-48,Promenade - loisirs,Casque,Oui,1,1,12 - décembre,2 - mercredi,Rennes
,201700026407,2017-12-20,35,10,35238,48.10425,-1.67724,Hors intersection,Autre,Plein jour,Normale,Voie Communale,,2,Pente,Partie rectiligne,,,normale,,Sur chaussée,Conducteur,1,F,57-58,Promenade - loisirs,Casque,Non,1,1,12 - décembre,2 - mercredi,Rennes
,201700029548,2017-12-20,49,21,49007,47.46749,-0.52957,Giratoire,Deux véhicules - par le coté,Nuit avec éclairage public allumé,Normale,Voie Communale,,2,Plat,,,,normale,,Sur chaussée,Conducteur,1,M,19-20,,Casque,Oui,1,1,12 - décembre,2 - mercredi,Angers
,201700034341,2017-12-20,67,7,67482,48.58138,7.76275,Intersection en X,Deux véhicules - par le coté,Nuit avec éclairage public allumé,Pluie légère,Voie Communale,,2,Plat,Partie rectiligne,,60,mouillée,,Sur chaussée,Conducteur,1,M,16-17,,Autre,Non déterminable,1,1,12 - décembre,2 - mercredi,Strasbourg