test,identifiantAccident,date,departement,heure,commune,lat,lon,typeIntersection,typeCollision,luminosite,conditionsAtmosperiques,typeRoute,circulation,nbVoies,profilLongRoute,tracePlanRoute,largeurTPC,largeurRoute,etatSurface,amenagement,situation,categorieUsager,graviteAccident,sexe,age,motifDeplacement,existenceSecurite,usageSecurite,nombreAutresVehicules,enAgglomeration,mois,jour,NCCENR
,201700034343,2017-12-20,67,13,67482,48.58741,7.77022,Intersection en T,Deux véhicules - par le coté,Plein jour,Normale,Voie Communale,,2,Plat,Partie rectiligne,12,110,mouillée,Carrefour aménagé,Sur chaussée,Conducteur,1,F,46-47,Promenade - loisirs,Casque,Non,1,1,12 - décembre,2 - mercredi,Strasbourg
,201700055639,2017-12-20,75,13,75107,48.8474,2.31817,Intersection en T,Deux véhicules - par l’arrière,Plein jour,Temps couvert,Voie Communale,,1,Plat,Partie rectiligne,,,normale,,Sur chaussée,Conducteur,1,M,41-42,Domicile - travail,Casque,Non,1,1,12 - décembre,2 - mercredi,Paris 7e  Arrondissement
,201700056425,2017-12-20,75,13,75116,48.8707,2.28765,Intersection en T,Deux véhicules - par le coté,Plein jour,Normale,Voie Communale,,2,Plat,Partie rectiligne,,,normale,,Sur chaussée,Conducteur,1,M,22-23,Utilisation professionnelle,Casque,Non déterminable,1,1,12 - décembre,2 - mercredi,Paris 16e  Arrondissement
,201700057167,2017-12-20,75,11,75118,48.8842,2.34946,Intersection en T,Deux véhicules - par l’arrière,Plein jour,Normale,Voie Communale,,4,Plat,Partie rectiligne,,120,normale,,Sur chaussée,Conducteur,1,M,41-42,Domicile - travail,Casque,Non déterminable,1,1,12 - décembre,2 - mercredi,Paris 18e  Arrondissement
,201700060353,2017-12-20,974,18,97411,-20.90899,55.50451,Hors intersection,Deux véhicules - frontale,Plein jour,Normale,Route Départementale,,2,Pente,En courbe à droite,,50,normale,,Sur chaussée,Conducteur,2,M,13-14,Promenade - loisirs,Autre,Non déterminable,1,1,12 - décembre,2 - mercredi,Saint-Denis
,201700006805,2017-12-19,68,17,68278,47.74964,7.39281,Hors intersection,Autre,Nuit avec éclairage public allumé,Normale,Voie Communale,,2,Plat,Partie rectiligne,,59,normale,,Sur chaussée,Conducteur,2,M,13-14,Domicile - école,Equipement réfléchissant,Oui,1,1,12 - décembre,1 - mardi,Rixheim
,201700011482,2017-12-19,14,17,14566,49.20152,-0.40123,Autre intersection,Autre,Nuit avec éclairage public allumé,Pluie légère,Route Départementale,,3,Plat,Partie rectiligne,35,35,mouillée,,Sur piste cyclable,Conducteur,2,F,51-52,Domicile - travail,Casque,Oui,1,1,12 - décembre,1 - mardi,Saint-Contest
,201700019123,2017-12-19,33,13,33140,44.77541,-0.35116,Intersection en T,Deux véhicules - par le coté,Plein jour,Normale,Route Départementale,,1,Plat,,,,normale,,Sur piste cyclable,Conducteur,2,F,60-61,Promenade - loisirs,Casque,Oui,1,1,12 - décembre,1 - mardi,Créon
,201700019155,2017-12-19,33,7,33036,44.44389,-0.23611,Giratoire,Deux véhicules - par le coté,Crépuscule ou aube,Normale,Route Nationale,,1,Plat,,4,10,normale,,Sur chaussée,Conducteur,2,M,73-74,Courses - achats,Casque,Oui,1,1,12 - décembre,1 - mardi,Bazas
,201700021319,2017-12-19,17,8,17300,46.14045,-1.1655,Hors intersection,Deux véhicules - par l’arrière,Plein jour,Normale,Voie Communale,,2,Plat,Partie rectiligne,,38,normale,,Sur chaussée,Conducteur,2,M,43-44,Domicile - école,Casque,Non,1,1,12 - décembre,1 - mardi,Rochelle
,201700021319,2017-12-19,17,8,17300,46.14045,-1.1655,Hors intersection,Deux véhicules - par l’arrière,Plein jour,Normale,Voie Communale,,2,Plat,Partie rectiligne,,38,normale,,Sur chaussée,Passager,0,M,8-9,Domicile - école,Casque,Oui,1,1,12 - décembre,1 - mardi,Rochelle
,201700031069,2017-12-19,56,11,56260,47.6487,-2.75468,Intersection en T,Deux véhicules - par le coté,Plein jour,Normale,Route Départementale,,2,Sommet de côte,Partie rectiligne,,55,normale,,Sur chaussée,Conducteur,2,F,24-25,Domicile - travail,Autre,Non,1,1,12 - décembre,1 - mardi,Vannes
,201700032092,2017-12-19,59,13,59599,50.73742,3.16527,Hors intersection,Deux véhicules - par le coté,Plein jour,Normale,Route Départementale,,4,Plat,Partie rectiligne,,,normale,,Sur chaussée,Conducteur,1,M,66-67,,Casque,Oui,1,1,12 - décembre,1 - mardi,Tourcoing
,201700039782,2017-12-19,92,19,92024,48.90504,2.3008,Intersection en X,Deux véhicules - par le coté,Nuit avec éclairage public allumé,Normale,Voie Communale,,1,Plat,Partie rectiligne,,,normale,,Sur chaussée,Conducteur,2,F,55-56,Autre,Casque,Non déterminable,1,1,12 - décembre,1 - mardi,Clichy
,201700051253,2017-12-19,69,17,69387,45.73274,4.82455,Hors intersection,Deux véhicules - par le coté,Nuit avec éclairage public allumé,Normale,Voie Communale,,,Plat,Partie rectiligne,70,70,normale,,Sur chaussée,Conducteur,2,M,42-43,,Autre,Non déterminable,1,1,12 - décembre,1 - mardi,Lyon 7e  Arrondissement
,201700051254,2017-12-19,69,19,69386,45.765,4.849,Hors intersection,Autre,Nuit avec éclairage public allumé,Temps couvert,Voie Communale,,1,Plat,Partie rectiligne,,,mouillée,,Sur piste cyclable,Conducteur,1,F,26-27,,Autre,Non déterminable,1,1,12 - décembre,1 - mardi,Lyon 6e  Arrondissement
,201700053961,2017-12-19,75,18,75108,48.865,2.3213,Hors intersection,Deux véhicules - par l’arrière,Nuit avec éclairage public allumé,Normale,Voie Communale,,1,Plat,,,,normale,,Sur chaussée,Conducteur,1,M,22-23,Domicile - travail,Casque,Oui,1,1,12 - décembre,1 - mardi,Paris 8e  Arrondissement
,201700056421,2017-12-19,75,14,75116,48.8774,2.28138,Place,Autre,Plein jour,Normale,Voie Communale,,6,Plat,En courbe à gauche,,,normale,,Sur chaussée,Conducteur,1,F,33-34,Utilisation professionnelle,Casque,Non,1,1,12 - décembre,1 - mardi,Paris 16e  Arrondissement
,201700008236,2017-12-18,11,18,11069,43.21269,2.34739,Intersection en X,Deux véhicules - par le coté,Nuit avec éclairage public allumé,Pluie légère,Voie Communale,,1,Plat,Partie rectiligne,,50,mouillée,,Sur chaussée,Conducteur,1,M,22-23,Promenade - loisirs,Casque,Non,1,1,12 - décembre,0 - lundi,Carcassonne
,201700011038,2017-12-18,13,20,13055,43.286,5.3849,Hors intersection,Deux véhicules - par l’arrière,Nuit avec éclairage public allumé,Normale,Voie Communale,,2,Plat,Partie rectiligne,,70,normale,,Sur chaussée,Conducteur,1,M,61-62,,Casque,Oui,1,1,12 - décembre,0 - lundi,Marseille
,201700019415,2017-12-18,82,7,82186,44.11701,0.89568,Hors intersection,Trois véhicules et plus - collisions multiples,Crépuscule ou aube,Pluie légère,Autre,,2,Plat,Partie rectiligne,,57,mouillée,,Sur chaussée,Conducteur,1,M,62-63,Domicile - travail,Autre,Non,2,1,12 - décembre,0 - lundi,Valence
,201700021317,2017-12-18,17,18,17300,46.16907,-1.14967,Giratoire,Deux véhicules - par le coté,Nuit avec éclairage public allumé,Normale,Voie Communale,,2,Pente,En courbe à gauche,,98,normale,,Sur chaussée,Conducteur,1,F,23-24,Domicile - travail,Casque,Non,1,1,12 - décembre,0 - lundi,Rochelle
,201700023573,2017-12-18,29,8,29019,48.41233,4.46832,Hors intersection,Deux véhicules - par le coté,Nuit avec éclairage public allumé,Pluie légère,Route Départementale,,1,Plat,Partie rectiligne,,,mouillée,,Sur chaussée,Conducteur,1,F,55-56,,Casque,Oui,1,1,12 - décembre,0 - lundi,Brest
,201700027559,2017-12-18,37,7,37261,47.37464,0.71632,Hors intersection,Deux véhicules - par le coté,Nuit avec éclairage public allumé,Pluie légère,Voie Communale,,2,Plat,En courbe à droite,,,mouillée,,Sur chaussée,Conducteur,1,M,17-18,Domicile - école,Equipement réfléchissant,Non,1,1,12 - décembre,0 - lundi,Tours
,201700029025,2017-12-18,45,18,45235,47.94355,1.83419,Hors intersection,Deux véhicules - par le coté,Nuit avec éclairage public allumé,Normale,Voie Communale,,,Plat,En courbe à droite,,150,normale,,Sur chaussée,Conducteur,1,M,39-40,Promenade - loisirs,Casque,Oui,1,,12 - décembre,0 - lundi,Ormes
,201700033362,2017-12-18,64,18,64129,43.30713,-0.39885,Giratoire,Deux véhicules - par le coté,Nuit avec éclairage public allumé,Pluie légère,Voie Communale,,4,Plat,Partie rectiligne,,125,normale,,Sur chaussée,Conducteur,1,M,21-22,Autre,Casque,Non,1,1,12 - décembre,0 - lundi,Billère
,201700034338,2017-12-18,67,11,67482,48.57621,7.75418,Intersection en T,Deux véhicules - par le coté,Plein jour,Neige - grêle,Voie Communale,,2,Plat,Partie rectiligne,,40,mouillée,,Sur chaussée,Conducteur,1,F,23-24,Domicile - travail,Autre,Non,1,1,12 - décembre,0 - lundi,Strasbourg
,201700035636,2017-12-18,74,14,74010,45.90471,6.12378,Hors intersection,Autre,Plein jour,Neige - grêle,Voie Communale,,1,Plat,Partie rectiligne,,200,enneigée,,Sur chaussée,Conducteur,0,M,25-26,,Casque,Non,,1,12 - décembre,0 - lundi,Annecy
,201700037578,2017-12-18,83,17,83137,43.12358,5.89571,Hors intersection,Deux véhicules - frontale,Nuit avec éclairage public allumé,Normale,Voie Communale,,4,Plat,Partie rectiligne,,100,normale,Bretelle d’échangeur ou de raccordement,Sur chaussée,Conducteur,1,M,20-21,Promenade - loisirs,Casque,Non,1,1,12 - décembre,0 - lundi,Toulon
,201700038561,2017-12-18,91,11,91103,48.59043,2.30154,Giratoire,Deux véhicules - par le coté,Plein jour,Normale,Voie Communale,,2,Plat,Partie rectiligne,,,normale,,Sur chaussée,Conducteur,1,M,19-20,Domicile - travail,Casque,Non déterminable,1,1,12 - décembre,0 - lundi,Brétigny-sur-Orge
,201700038848,2017-12-18,91,19,91286,48.64875,2.37745,Hors intersection,Trois véhicules et plus - collisions multiples,Nuit avec éclairage public allumé,Normale,Route Départementale,,2,Plat,Partie rectiligne,,,normale,,Sur chaussée,Conducteur,1,M,38-39,Promenade - loisirs,Autre,Non déterminable,1,1,12 - décembre,0 - lundi,Grigny
,201700038848,2017-12-18,91,19,91286,48.64875,2.37745,Hors intersection,Trois véhicules et plus - collisions multiples,Nuit avec éclairage public allumé,Normale,Route Départementale,,2,Plat,Partie rectiligne,,,normale,,Sur chaussée,Conducteur,1,F,6-7,Promenade - loisirs,Autre,Non déterminable,1,1,12 - décembre,0 - lundi,Grigny
,201700044824,2017-12-18,94,19,94021,48.77173,2.35679,Intersection en X,Deux véhicules - par le coté,Nuit avec éclairage public allumé,Normale,Voie Communale,,2,Plat,Partie rectiligne,,,normale,,Sur chaussée,Conducteur,1,M,13-14,Promenade - loisirs,Equipement réfléchissant,Non,1,1,12 - décembre,0 - lundi,Chevilly-Larue
,201700045766,2017-12-18,94,18,94081,48.79,2.384,Hors intersection,Deux véhicules - par le coté,Nuit avec éclairage public allumé,Normale,Voie Communale,,2,Pente,En courbe à droite,,71,normale,,Sur chaussée,Conducteur,1,M,27-28,Promenade - loisirs,Autre,Non déterminable,1,1,12 - décembre,0 - lundi,Vitry-sur-Seine
,201700052954,2017-12-18,75,16,75102,48.8663,2.35202,Intersection en X,Deux véhicules - par le coté,Crépuscule ou aube,Normale,Voie Communale,,3,Plat,Partie rectiligne,,100,normale,,Sur chaussée,Conducteur,1,F,56-57,Autre,Casque,Non déterminable,1,1,12 - décembre,0 - lundi,Paris 2e  Arrondissement
,201700016117,2017-12-17,38,17,38490,45.35082,5.39492,Intersection en X,Trois véhicules et plus - collisions multiples,Nuit sans éclairage public,Normale,Voie Communale,,1,Plat,,6,620,normale,,,Conducteur,2,M,65-66,Promenade - loisirs,Equipement réfléchissant,Non,1,,12 - décembre,6 - dimanche,Sillans
,201700016117,2017-12-17,38,17,38490,45.35082,5.39492,Intersection en X,Trois véhicules et plus - collisions multiples,Nuit sans éclairage public,Normale,Voie Communale,,1,Plat,,6,620,normale,,,Conducteur,0,F,11-12,Promenade - loisirs,Equipement réfléchissant,Non,1,,12 - décembre,6 - dimanche,Sillans
,201700016461,2017-12-17,29,12,29117,48.57092,-4.52304,Giratoire,Deux véhicules - par le coté,Plein jour,Normale,Voie Communale,,2,Pente,,9,910,normale,,,Conducteur,2,M,78-79,Promenade - loisirs,Casque,Oui,1,1,12 - décembre,6 - dimanche,Lannilis
,201700021513,2017-12-17,17,17,17415,45.74186,-0.63703,Hors intersection,Deux véhicules - par le coté,Crépuscule ou aube,Normale,Voie Communale,,2,Plat,Partie rectiligne,,60,normale,,Sur chaussée,Conducteur,1,M,15-16,Promenade - loisirs,Equipement réfléchissant,Oui,1,1,12 - décembre,6 - dimanche,Saintes
,201700025958,2017-12-17,33,2,33063,44.845,-0.57058,Hors intersection,Deux véhicules - frontale,Nuit avec éclairage public allumé,Normale,Voie Communale,,8,Plat,Partie rectiligne,,,normale,,Sur chaussée,Conducteur,2,M,27-28,Promenade - loisirs,Casque,Non déterminable,1,1,12 - décembre,6 - dimanche,Bordeaux
,201700029538,2017-12-17,49,18,49007,47.49093,-0.56263,Intersection en X,Deux véhicules - par le coté,Nuit avec éclairage public allumé,Normale,Voie Communale,Avec voies d’affectation variable,,,,,,,,,Conducteur,1,M,17-18,,Casque,Oui,1,1,12 - décembre,6 - dimanche,Angers
,201700054990,2017-12-16,75,11,75112,48.8506,2.37316,Intersection en Y,Deux véhicules - par le coté,Plein jour,Normale,Voie Communale,,1,Plat,Partie rectiligne,,30,normale,,Sur chaussée,Conducteur,1,M,65-66,Promenade - loisirs,Casque,Non déterminable,1,1,12 - décembre,5 - samedi,Paris 12e  Arrondissement
,201700055635,2017-12-16,75,2,75114,48.8246,2.31928,Intersection en X,Deux véhicules - par le coté,Nuit avec éclairage public allumé,Normale,Voie Communale,,2,Plat,Partie rectiligne,,25,mouillée,,Sur chaussée,Conducteur,1,M,35-36,Promenade - loisirs,Casque,Non déterminable,1,1,12 - décembre,5 - samedi,Paris 14e  Arrondissement
,201700057474,2017-12-16,75,11,75119,48.8861,2.38305,Intersection en X,Deux véhicules - par le coté,Plein jour,Normale,Voie Communale,,4,Plat,Partie rectiligne,,,normale,,Sur chaussée,Conducteur,1,F,33-34,Utilisation professionnelle,Casque,Non déterminable,1,1,12 - décembre,5 - samedi,Paris 19e  Arrondissement
,201700017525,2017-12-15,34,14,34139,43.40808,3.22917,Hors intersection,Deux véhicules - par l’arrière,Plein jour,Normale,Route Départementale,,2,Plat,,,13,normale,,,Conducteur,2,M,64-65,Promenade - loisirs,Casque,Oui,1,,12 - décembre,4 - vendredi,Lieuran-lès-Béziers
,201700021312,2017-12-15,17,18,17200,46.18421,-1.14245,Intersection en T,Deux véhicules - par le coté,Nuit avec éclairage public allumé,Normale,Voie Communale,,2,Plat,Partie rectiligne,,63,normale,,Sur chaussée,Conducteur,2,M,76-77,Promenade - loisirs,Casque,Non,1,1,12 - décembre,4 - vendredi,Lagord
,201700054589,2017-12-15,75,13,75111,48.8601,2.37261,Intersection en T,Autre,Plein jour,Pluie légère,Voie Communale,,,,,,,,,,Conducteur,1,M,20-21,Utilisation professionnelle,Casque,Non déterminable,1,1,12 - décembre,4 - vendredi,Paris 11e  Arrondissement
,201700057161,2017-12-15,75,9,75118,48.8846,2.3295,Intersection à plus de 4 branches,Aucune,Plein jour,Temps couvert,Voie Communale,,2,Plat,En courbe à gauche,,150,mouillée,,Sur chaussée,Conducteur,1,F,25-26,Domicile - travail,Casque,Non déterminable,1,1,12 - décembre,4 - vendredi,Paris 18e  Arrondissement
,201700057472,2017-12-15,75,15,75119,48.8784,2.37423,Intersection en X,Deux véhicules - par le coté,Plein jour,Pluie légère,Voie Communale,,,,,,,,,,Conducteur,1,F,23-24,,Casque,Non déterminable,1,1,12 - décembre,4 - vendredi,Paris 19e  Arrondissement
,201700012259,2017-12-14,17,10,17452,45.77667,-1.14529,Intersection en T,Deux véhicules - frontale,Plein jour,Normale,Voie Communale,,2,Plat,Partie rectiligne,,79,,,Sur chaussée,Conducteur,1,F,71-72,Promenade - loisirs,Autre,Non,1,1,12 - décembre,3 - jeudi,Tremblade
,201700020153,2017-12-14,74,7,74255,45.87016,5.96157,Intersection en T,Deux véhicules - par le coté,Crépuscule ou aube,Pluie légère,Route Départementale,,2,Pente,,,20,normale,,Sur chaussée,Conducteur,2,M,14-15,Domicile - école,Autre,Non,1,,12 - décembre,3 - jeudi,Sales
,201700025960,2017-12-14,33,10,33522,44.8045,-0.60076,Giratoire,Deux véhicules - frontale,Plein jour,Pluie légère,Voie Communale,,4,Plat,Partie rectiligne,,61,mouillée,,Sur chaussée,Conducteur,1,M,21-22,,Casque,Non déterminable,1,1,12 - décembre,3 - jeudi,Talence
,201700029531,2017-12-14,49,20,49007,47.47285,-0.55779,Intersection en X,Deux véhicules - par le coté,Nuit avec éclairage public allumé,Normale,Voie Communale,Avec voies d’affectation variable,,,,,,,,,Conducteur,1,M,36-37,,Casque,Oui,1,1,12 - décembre,3 - jeudi,Angers
,201700032007,2017-12-14,59,16,59650,50.7083,3.19547,Intersection en T,Deux véhicules - par le coté,Plein jour,Pluie légère,Voie Communale,,2,Plat,Partie rectiligne,,60,mouillée,,Sur chaussée,Conducteur,2,M,25-26,,Casque,Non déterminable,1,1,12 - décembre,3 - jeudi,Wattrelos
,201700034336,2017-12-14,67,18,67043,48.61846,7.75602,Hors intersection,Autre,Nuit avec éclairage public allumé,Pluie légère,Voie Communale,,1,Plat,Partie rectiligne,,70,mouillée,,Sur chaussée,Conducteur,1,M,55-56,,Autre,Non déterminable,1,1,12 - décembre,3 - jeudi,Bischheim
,201700034436,2017-12-14,68,10,68066,48.07753,7.3301,Hors intersection,Aucune,Plein jour,Normale,Voie Communale,,1,Plat,Partie rectiligne,,,normale,,Sur chaussée,Conducteur,3,M,41-42,,Casque,Non,,1,12 - décembre,3 - jeudi,Colmar
,201700037091,2017-12-14,80,9,80021,49.88877,2.29555,Hors intersection,Deux véhicules - par l’arrière,Plein jour,Pluie forte,Voie Communale,,4,,Partie rectiligne,,,mouillée,,Sur chaussée,Conducteur,1,M,19-20,Promenade - loisirs,Autre,Non déterminable,1,1,12 - décembre,3 - jeudi,Amiens
,201700038846,2017-12-14,91,14,91326,48.68465,2.38917,Intersection en T,Deux véhicules - frontale,Plein jour,Temps couvert,Route Départementale,,2,Plat,En courbe à gauche,,20,mouillée,Carrefour aménagé,Sur chaussée,Conducteur,2,M,36-37,Promenade - loisirs,Casque,Non,1,1,12 - décembre,3 - jeudi,Juvisy-sur-Orge
,201700039139,2017-12-14,91,8,91589,48.68883,2.35455,Intersection en X,Deux véhicules - par le coté,Crépuscule ou aube,Temps couvert,Voie Communale,,2,Plat,Partie rectiligne,,23,normale,,Sur chaussée,Conducteur,2,M,39-40,Domicile - travail,Casque,Oui,1,1,12 - décembre,3 - jeudi,Savigny-sur-Orge
,201700041439,2017-12-14,93,17,93001,48.9057,2.3808,Hors intersection,Deux véhicules - par le coté,Crépuscule ou aube,Pluie légère,Voie Communale,,2,Plat,Partie rectiligne,,50,mouillée,,Sur trottoir,Conducteur,1,M,32-33,,Equipement réfléchissant,Non,1,1,12 - décembre,3 - jeudi,Aubervilliers
,201700045390,2017-12-14,94,17,94068,48.79795,2.49137,Intersection en X,Deux véhicules - par le coté,Nuit avec éclairage public allumé,Pluie légère,Voie Communale,,1,Plat,Partie rectiligne,,100,mouillée,,Sur piste cyclable,Conducteur,1,F,32-33,Domicile - travail,Autre,Non déterminable,1,1,12 - décembre,3 - jeudi,Saint-Maur-des-Fossés
,201700057159,2017-12-14,75,12,75118,48.8862,2.34951,Hors intersection,Autre,Plein jour,Temps couvert,Voie Communale,,3,Plat,Partie rectiligne,,,normale,,Sur piste cyclable,Conducteur,1,M,35-36,Autre,Casque,Non déterminable,,1,12 - décembre,3 - jeudi,Paris 18e  Arrondissement
,201700060300,2017-12-14,974,18,97409,-20.96288,55.65863,Giratoire,Aucune,Plein jour,Normale,Route Départementale,,2,Plat,Partie rectiligne,,40,normale,,Sur chaussée,Conducteur,2,M,58-59,Promenade - loisirs,Casque,Non,,1,12 - décembre,3 - jeudi,Saint-André
,201700002573,2017-12-13,73,14,73328,45.64278,5.91082,Giratoire,Deux véhicules - par le coté,Plein jour,Normale,Route Départementale,,2,Plat,,,25,normale,,Sur chaussée,Conducteur,2,M,40-41,Promenade - loisirs,Casque,Oui,1,,12 - décembre,2 - mercredi,Viviers-du-Lac
,201700002710,2017-12-13,74,20,74031,46.10409,6.10504,Hors intersection,Deux véhicules - par l’arrière,Nuit sans éclairage public,Pluie forte,Route Départementale,,2,Plat,,,,mouillée,,Sur chaussée,Conducteur,2,M,44-45,Domicile - travail,Casque,Non déterminable,1,,12 - décembre,2 - mercredi,Beaumont
,201700003335,2017-12-13,68,14,68348,47.80412,7.13546,Intersection en T,Deux véhicules - par le coté,Plein jour,Pluie forte,Voie Communale,,2,Plat,Partie rectiligne,,83,normale,,Sur chaussée,Conducteur,2,M,54-55,Domicile - travail,Equipement réfléchissant,Non,1,1,12 - décembre,2 - mercredi,Vieux-Thann
,201700005981,2017-12-13,6,15,6069,43.65,6.944,Autre intersection,Deux véhicules - par le coté,Plein jour,Normale,Autre,,,Plat,Partie rectiligne,,,normale,Zone piétonne,Sur chaussée,Conducteur,1,M,12-13,Promenade - loisirs,Autre,Non,1,1,12 - décembre,2 - mercredi,Grasse
,201700022655,2017-12-13,25,9,25580,47.46604,6.83301,Hors intersection,Autre,Plein jour,Normale,Voie Communale,,,Plat,,,,normale,,Sur trottoir,Conducteur,3,F,86-87,Promenade - loisirs,Autre,Non déterminable,1,1,12 - décembre,2 - mercredi,Valentigney
,201700032675,2017-12-13,62,9,62724,50.40191,2.90666,Giratoire,Deux véhicules - par le coté,Plein jour,Pluie légère,Voie Communale,,2,Plat,Partie rectiligne,,,mouillée,,Sur chaussée,Conducteur,1,M,11-12,Autre,Equipement réfléchissant,Non,1,1,12 - décembre,2 - mercredi,Rouvroy
,201700038004,2017-12-13,86,17,86194,46.56973,0.37995,Giratoire,Deux véhicules - par le coté,Nuit avec éclairage public allumé,Pluie légère,Voie Communale,,2,Plat,En courbe à droite,,60,mouillée,,Sur chaussée,Conducteur,2,F,34-35,Domicile - école,Autre,Non déterminable,1,1,12 - décembre,2 - mercredi,Poitiers
,201700039009,2017-12-13,91,7,91645,48.73616,2.23834,Hors intersection,Deux véhicules - par le coté,Nuit sans éclairage public,Pluie légère,Route Départementale,,,Plat,En courbe à gauche,,,mouillée,,,Conducteur,1,M,40-41,,Casque,Oui,1,1,12 - décembre,2 - mercredi,Verrières-le-Buisson
,201700042974,2017-12-13,93,18,93077,48.88,2.5,Hors intersection,Autre,Nuit avec éclairage public allumé,Pluie légère,Voie Communale,,4,Plat,Partie rectiligne,,140,mouillée,,Sur chaussée,Conducteur,0,M,24-25,Domicile - travail,Autre,Non déterminable,,1,12 - décembre,2 - mercredi,Villemomble
,201700050405,2017-12-13,69,18,69202,45.74164,4.79968,Intersection en X,Autre,Nuit avec éclairage public allumé,Pluie forte,Voie Communale,,2,Pente,,,82,mouillée,,Sur chaussée,Conducteur,1,M,31-32,Domicile - travail,Casque,Oui,,1,12 - décembre,2 - mercredi,Sainte-Foy-lès-Lyon
,201700050406,2017-12-13,69,21,69385,45.75162,4.82159,Intersection en X,Deux véhicules - par le coté,Nuit avec éclairage public allumé,Temps couvert,Route Départementale,,5,Pente,Partie rectiligne,,150,mouillée,Pont - autopont,Sur chaussée,Conducteur,0,F,22-23,Utilisation professionnelle,Equipement réfléchissant,Oui,1,1,12 - décembre,2 - mercredi,Lyon 5e  Arrondissement
,201700056406,2017-12-13,75,6,75116,48.8732,2.29292,Hors intersection,Autre,Crépuscule ou aube,Pluie légère,Voie Communale,,1,Plat,En courbe à gauche,,,mouillée,,Sur chaussée,Conducteur,1,F,32-33,Domicile - travail,Casque,Oui,1,1,12 - décembre,2 - mercredi,Paris 16e  Arrondissement
,201700056408,2017-12-13,75,18,75116,48.8662,2.28623,Intersection en X,Deux véhicules - par l’arrière,Crépuscule ou aube,Pluie légère,Voie Communale,,2,Plat,Partie rectiligne,,,mouillée,Zone piétonne,Sur chaussée,Conducteur,1,M,65-66,Promenade - loisirs,Casque,Non déterminable,1,1,12 - décembre,2 - mercredi,Paris 16e  Arrondissement
,201700058071,2017-12-13,75,14,75108,48.8642,2.30214,Place,Deux véhicules - par le coté,Plein jour,Temps couvert,Voie Communale,,3,Plat,Partie rectiligne,,190,mouillée,,Sur chaussée,Conducteur,2,M,25-26,Promenade - loisirs,Casque,Non,1,1,12 - décembre,2 - mercredi,Paris 8e  Arrondissement
,201700010989,2017-12-12,13,16,13055,0,0,Hors intersection,Deux véhicules - par le coté,Plein jour,Normale,Voie Communale,,3,Plat,Partie rectiligne,,60,normale,,Sur chaussée,Conducteur,2,M,18-19,Promenade - loisirs,Equipement réfléchissant,Oui,1,1,12 - décembre,1 - mardi,Marseille
,201700021310,2017-12-12,17,10,17300,46.16734,-1.14016,Giratoire,Deux véhicules - par le coté,Plein jour,Normale,Voie Communale,,1,Plat,Partie rectiligne,,18,normale,,Sur piste cyclable,Conducteur,2,M,68-69,Promenade - loisirs,Autre,Non déterminable,1,1,12 - décembre,1 - mardi,Rochelle
,201700026399,2017-12-12,35,20,35238,48.10354,-1.69398,Intersection en X,Deux véhicules - par le coté,Nuit avec éclairage public allumé,Normale,Voie Communale,,1,Plat,Partie rectiligne,,,normale,,Sur chaussée,Conducteur,1,M,26-27,Promenade - loisirs,Casque,Non,1,1,12 - décembre,1 - mardi,Rennes
,201700027553,2017-12-12,37,9,37261,47.431,0.67875,Giratoire,Deux véhicules - par le coté,Plein jour,Normale,Voie Communale,,1,Plat,Partie rectiligne,,,normale,,Sur chaussée,Conducteur,1,M,56-57,Domicile - travail,Casque,Non,1,1,12 - décembre,1 - mardi,Tours
,201700030747,2017-12-12,55,13,55545,49.14602,5.39143,Intersection en T,Deux véhicules - frontale,Plein jour,Normale,Voie Communale,,2,Pente,Partie rectiligne,,,normale,,Sur chaussée,Conducteur,2,M,77-78,Promenade - loisirs,Casque,Oui,1,1,12 - décembre,1 - mardi,Verdun
,201700053616,2017-12-12,75,13,75107,48.8585,2.32187,Hors intersection,Deux véhicules - par le coté,Plein jour,Normale,Voie Communale,,1,Plat,Partie rectiligne,,65,normale,,Sur chaussée,Conducteur,1,M,25-26,Utilisation professionnelle,Casque,Oui,1,1,12 - décembre,1 - mardi,Paris 7e  Arrondissement
,201700003439,2017-12-11,21,18,21038,47.1997,5.39562,Hors intersection,Deux véhicules - par le coté,Nuit avec éclairage public allumé,Normale,Route Départementale,,2,Plat,Partie rectiligne,,60,mouillée,,Sur chaussée,Conducteur,2,M,19-20,Domicile - travail,Casque,Non,1,1,12 - décembre,0 - lundi,Auxonne
,201700017328,2017-12-11,68,16,68338,48.08594,7.2804,Intersection en X,Deux véhicules - par le coté,Crépuscule ou aube,Pluie légère,Route Départementale,,2,Plat,,612,25,normale,,Sur chaussée,Conducteur,1,M,11-12,Domicile - école,Casque,Non,1,1,12 - décembre,0 - lundi,Turckheim
,201700026396,2017-12-11,35,8,35278,48.15156,-1.68347,Intersection en X,Autre,Nuit avec éclairage public allumé,Pluie forte,Voie Communale,,1,Plat,Partie rectiligne,,,mouillée,,Sur chaussée,Conducteur,1,F,40-41,Autre,Casque,Non déterminable,1,1,12 - décembre,0 - lundi,Saint-Grégoire
,201700030156,2017-12-11,51,13,51474,49.26839,3.99977,Giratoire,Deux véhicules - par l’arrière,Plein jour,Normale,Voie Communale,,2,Plat,Partie rectiligne,,,mouillée,,Sur chaussée,Conducteur,1,M,21-22,Autre,Casque,Non,1,1,12 - décembre,0 - lundi,Saint-Brice-Courcelles