test,identifiantAccident,date,departement,heure,commune,lat,lon,typeIntersection,typeCollision,luminosite,conditionsAtmosperiques,typeRoute,circulation,nbVoies,profilLongRoute,tracePlanRoute,largeurTPC,largeurRoute,etatSurface,amenagement,situation,categorieUsager,graviteAccident,sexe,age,motifDeplacement,existenceSecurite,usageSecurite,nombreAutresVehicules,enAgglomeration,mois,jour,NCCENR
,201700033356,2017-12-11,64,16,64284,43.27826,-0.38832,Hors intersection,Deux véhicules - par l’arrière,Plein jour,Pluie légère,Route Nationale,,1,Plat,En courbe à droite,,,normale,,Sur chaussée,Conducteur,2,F,80-81,,Casque,Non déterminable,1,1,12 - décembre,0 - lundi,Jurançon
,201700050407,2017-12-11,69,19,69381,45.7667,4.834,Autre intersection,Autre,Nuit avec éclairage public allumé,Normale,Voie Communale,,,Plat,Partie rectiligne,,,normale,,,Conducteur,2,M,37-38,Domicile - travail,Autre,Non déterminable,,1,12 - décembre,0 - lundi,Lyon 1er Arrondissement
,201700050407,2017-12-11,69,19,69381,45.7667,4.834,Autre intersection,Autre,Nuit avec éclairage public allumé,Normale,Voie Communale,,,Plat,Partie rectiligne,,,normale,,,Piéton,2,F,31-32,Domicile - travail,,,,1,12 - décembre,0 - lundi,Lyon 1er Arrondissement
,201700051233,2017-12-11,69,18,69388,45.74547,4.87136,Hors intersection,Autre,Nuit avec éclairage public allumé,Temps couvert,Voie Communale,,4,Pente,Partie rectiligne,,120,mouillée,,Sur chaussée,Conducteur,0,M,31-32,,Autre,Non déterminable,,1,12 - décembre,0 - lundi,Lyon 8e  Arrondissement
,201700055939,2017-12-11,75,19,75107,48.8624,2.30201,Place,Deux véhicules - par le coté,Nuit avec éclairage public allumé,Normale,Voie Communale,,6,Plat,Partie rectiligne,,200,mouillée,,Sur chaussée,Conducteur,1,M,28-29,Autre,Casque,Non déterminable,1,1,12 - décembre,0 - lundi,Paris 7e  Arrondissement
,201700025956,2017-12-10,33,18,33063,44.84692,-0.62914,Intersection en X,Deux véhicules - par le coté,Crépuscule ou aube,Pluie forte,Voie Communale,,4,Plat,Partie rectiligne,,100,mouillée,,Sur chaussée,Conducteur,2,F,51-52,Autre,Autre,Non déterminable,1,1,12 - décembre,6 - dimanche,Bordeaux
,201700001125,2017-12-09,85,9,85300,46.69061,-1.51543,Giratoire,Deux véhicules - par le coté,Plein jour,Normale,Route Départementale,,2,Plat,,7,15,normale,,,Conducteur,2,M,56-57,Promenade - loisirs,Casque,Oui,1,1,12 - décembre,5 - samedi,Venansault
,201700005244,2017-12-09,77,15,77388,48.95777,3.14264,Hors intersection,Deux véhicules - par l’arrière,Plein jour,Normale,Route Départementale,,2,Plat,Partie rectiligne,24,59,mouillée,,Sur chaussée,Conducteur,3,M,67-68,Promenade - loisirs,Casque,Non,1,1,12 - décembre,5 - samedi,Reuil-en-Brie
,201700024320,2017-12-09,84,14,84029,44.1572,4.8636,Giratoire,Deux véhicules - par le coté,Plein jour,Normale,Route Départementale,,1,Plat,,,15,normale,,,Conducteur,2,M,71-72,Promenade - loisirs,Casque,Oui,1,,12 - décembre,5 - samedi,Camaret-sur-Aigues
,201700025087,2017-12-09,31,3,31555,43.60908,1.43058,Intersection en T,Deux véhicules - par le coté,Nuit avec éclairage public allumé,Normale,Voie Communale,,,Plat,Partie rectiligne,,,normale,,Sur chaussée,Conducteur,1,M,18-19,Promenade - loisirs,Casque,Non déterminable,1,1,12 - décembre,5 - samedi,Toulouse
,201700026917,2017-12-09,35,18,35281,48.09128,-1.70377,Hors intersection,Deux véhicules - par le coté,Nuit sans éclairage public,Pluie légère,Voie Communale,,1,Plat,Partie rectiligne,,,mouillée,,Sur chaussée,Conducteur,1,M,34-35,Promenade - loisirs,Casque,Non,1,1,12 - décembre,5 - samedi,Saint-Jacques-de-la-Lande
,201700035977,2017-12-09,76,10,76351,49.51119,0.13843,Intersection en T,Autre,Plein jour,Normale,Voie Communale,,1,Pente,Partie rectiligne,,50,normale,,Sur piste cyclable,Conducteur,2,M,57-58,Promenade - loisirs,Casque,Oui,,,12 - décembre,5 - samedi,Havre
,201700040951,2017-12-09,92,20,92063,48.88465,2.1778,Hors intersection,Deux véhicules - frontale,Nuit avec éclairage public allumé,Normale,Route Départementale,,2,Plat,Partie rectiligne,,90,normale,,Sur chaussée,Conducteur,1,M,13-14,Promenade - loisirs,Autre,Oui,1,1,12 - décembre,5 - samedi,Rueil-Malmaison
,201700001004,2017-12-08,49,18,49194,47.47374,-0.29045,Hors intersection,Trois véhicules et plus - en chaîne,Nuit sans éclairage public,Normale,Route Départementale,,2,Plat,Partie rectiligne,,,normale,,Sur chaussée,Conducteur,2,M,13-14,Domicile - école,Equipement réfléchissant,Non,2,,12 - décembre,4 - vendredi,Mazé-Milon
,201700013604,2017-12-08,10,18,10368,48.40982,3.93494,Hors intersection,Deux véhicules - par l’arrière,Nuit sans éclairage public,Normale,Route Départementale,,4,Sommet de côte,En courbe à droite,9,140,normale,,Sur chaussée,Conducteur,3,M,31-32,Promenade - loisirs,Equipement réfléchissant,Non,1,,12 - décembre,4 - vendredi,Savières
,201700021510,2017-12-08,17,14,17415,45.75325,-0.63617,Hors intersection,Aucune,Plein jour,Normale,Voie Communale,,2,Plat,Partie rectiligne,,40,normale,,Sur chaussée,Conducteur,1,M,55-56,Promenade - loisirs,Equipement réfléchissant,Oui,,1,12 - décembre,4 - vendredi,Saintes
,201700025378,2017-12-08,32,14,32013,43.6477,0.59022,Hors intersection,Aucune,Plein jour,Normale,Voie Communale,,2,Plat,Partie rectiligne,,,mouillée,,Sur chaussée,Conducteur,1,M,14-15,Promenade - loisirs,Casque,Non,1,1,12 - décembre,4 - vendredi,Auch
,201700026916,2017-12-08,35,8,35238,48.08374,-1.67553,Intersection en X,Deux véhicules - par le coté,Nuit avec éclairage public allumé,Pluie légère,Voie Communale,,2,Plat,Partie rectiligne,,,mouillée,,Sur chaussée,Conducteur,1,M,55-56,Domicile - travail,Casque,Non,1,1,12 - décembre,4 - vendredi,Rennes
,201700031591,2017-12-08,59,8,59574,50.3701,3.27925,Intersection en T,Deux véhicules - par le coté,Crépuscule ou aube,Autre,Route Départementale,,2,Plat,Partie rectiligne,,100,mouillée,,Sur piste cyclable,Conducteur,1,F,22-23,Domicile - travail,Autre,Non déterminable,1,1,12 - décembre,4 - vendredi,Somain
,201700033547,2017-12-08,65,7,65440,43.2393,0.0605,Giratoire,Deux véhicules - par le coté,Crépuscule ou aube,Pluie légère,Route Départementale,,2,Plat,En courbe à gauche,,,mouillée,,Sur chaussée,Conducteur,1,F,13-14,Domicile - école,Equipement réfléchissant,Non,1,1,12 - décembre,4 - vendredi,Tarbes
,201700035691,2017-12-08,74,6,74012,46.19202,6.24186,Hors intersection,Deux véhicules - par le coté,Nuit avec éclairage public allumé,Pluie légère,Voie Communale,,4,Plat,Partie rectiligne,10,350,mouillée,,Sur chaussée,Conducteur,1,M,18-19,Domicile - travail,Equipement réfléchissant,Non déterminable,1,1,12 - décembre,4 - vendredi,Annemasse
,201700043050,2017-12-08,93,8,93064,0,0,Hors intersection,Deux véhicules - par l’arrière,Plein jour,Pluie légère,Voie Communale,,2,Plat,Partie rectiligne,10,35,mouillée,,Sur chaussée,Conducteur,2,M,40-41,Domicile - travail,Casque,Non déterminable,1,1,12 - décembre,4 - vendredi,Rosny-sous-Bois
,201700051226,2017-12-08,69,18,69387,45.7298,4.84107,Autre intersection,Deux véhicules - par le coté,Nuit avec éclairage public allumé,Pluie légère,Voie Communale,,2,Plat,Partie rectiligne,,,mouillée,,Sur chaussée,Conducteur,1,M,42-43,Domicile - travail,Casque,Oui,1,1,12 - décembre,4 - vendredi,Lyon 7e  Arrondissement
,201700003334,2017-12-07,68,7,68334,47.81245,7.09589,Intersection en X,Deux véhicules - par le coté,Nuit avec éclairage public allumé,Normale,Route Nationale,,2,Plat,,10,325,normale,,Sur chaussée,Conducteur,3,M,17-18,Domicile - travail,Casque,Non,1,1,12 - décembre,3 - jeudi,Thann
,201700034921,2017-12-07,69,20,69266,45.75687,4.89975,Intersection en X,Deux véhicules - frontale,Nuit avec éclairage public allumé,Normale,Voie Communale,,1,Plat,Partie rectiligne,,75,normale,Voie ferrée,Sur chaussée,Conducteur,1,F,20-21,Autre,Autre,Non déterminable,1,1,12 - décembre,3 - jeudi,Villeurbanne
,201700037307,2017-12-07,83,16,83034,43.09711,6.0796,Hors intersection,Deux véhicules - par le coté,Plein jour,Normale,Voie Communale,,2,Plat,En courbe à gauche,10,40,normale,Carrefour aménagé,Sur chaussée,Conducteur,1,F,55-56,,Autre,Non déterminable,1,1,12 - décembre,3 - jeudi,Carqueiranne
,201700045998,2017-12-07,95,8,95427,48.9691,2.3417,Hors intersection,Deux véhicules - par le coté,Crépuscule ou aube,Pluie légère,Voie Communale,,2,Plat,Partie rectiligne,,,mouillée,,Sur chaussée,Conducteur,1,M,11-12,Domicile - école,Autre,Non déterminable,1,1,12 - décembre,3 - jeudi,Montmagny
,201700045999,2017-12-07,95,14,95555,48.9691,2.2857,Hors intersection,Deux véhicules - par l’arrière,Plein jour,Temps couvert,Route Départementale,,2,Plat,Partie rectiligne,,,mouillée,,Sur chaussée,Conducteur,2,F,51-52,Courses - achats,Autre,Non,1,1,12 - décembre,3 - jeudi,Saint-Gratien
,201700060175,2017-12-07,973,7,97302,4.93403,-52.33213,Hors intersection,Autre,Plein jour,Normale,Voie Communale,,1,Plat,Partie rectiligne,,,normale,,Sur chaussée,Conducteur,1,M,31-32,,Casque,Non,,,12 - décembre,3 - jeudi,Cayenne
,201700003173,2017-12-06,67,18,67551,48.59221,7.67143,Hors intersection,Deux véhicules - par le coté,Nuit avec éclairage public allumé,Temps couvert,Route Départementale,,2,Plat,,,25,normale,,,Conducteur,2,M,44-45,,Casque,Oui,1,1,12 - décembre,2 - mercredi,Wolfisheim
,201700014872,2017-12-06,72,13,72169,47.94147,0.04883,Hors intersection,Deux véhicules - par le coté,Plein jour,Normale,Route Départementale,,2,Plat,Partie rectiligne,,65,normale,,Sur chaussée,Conducteur,2,M,64-65,Promenade - loisirs,Casque,Oui,1,,12 - décembre,2 - mercredi,Louplande
,201700017464,2017-12-06,68,14,68228,47.92824,7.35837,Intersection en T,Deux véhicules - par le coté,Plein jour,Temps éblouissant,Route Départementale,,2,Plat,Partie rectiligne,,70,normale,,,Conducteur,2,M,62-63,Promenade - loisirs,Casque,Oui,1,,12 - décembre,2 - mercredi,Munwiller
,201700023037,2017-12-06,69,16,69283,45.64793,4.95849,Hors intersection,Deux véhicules - frontale,Plein jour,Normale,Voie Communale,,2,Plat,Partie rectiligne,,,normale,,Sur chaussée,Conducteur,2,M,18-19,Promenade - loisirs,Casque,Oui,1,,12 - décembre,2 - mercredi,Mions
,201700034331,2017-12-06,67,7,67482,48.57073,7.76972,Intersection en X,Deux véhicules - par le coté,Plein jour,Normale,Voie Communale,,2,Plat,Partie rectiligne,,50,mouillée,,Sur chaussée,Conducteur,1,M,44-45,Promenade - loisirs,Autre,Non déterminable,1,1,12 - décembre,2 - mercredi,Strasbourg
,201700044698,2017-12-06,94,10,94016,48.52461,2.34345,Hors intersection,Deux véhicules - par l’arrière,Plein jour,Normale,Voie Communale,,,Plat,En courbe à droite,,,normale,,Sur chaussée,Conducteur,1,F,69-70,,Autre,Non déterminable,1,1,12 - décembre,2 - mercredi,Cachan
,201700051219,2017-12-06,69,,69386,45.75,4.85,Hors intersection,Aucune,Nuit avec éclairage public allumé,Normale,Voie Communale,,1,Plat,,,,normale,,Sur chaussée,Conducteur,2,M,41-42,,Autre,Non déterminable,,1,12 - décembre,2 - mercredi,Lyon 6e  Arrondissement
,201700053609,2017-12-06,75,21,75107,48.8518,2.31383,Intersection en X,Deux véhicules - par le coté,Nuit avec éclairage public allumé,Normale,Voie Communale,,1,Plat,Partie rectiligne,,,normale,,Sur chaussée,Conducteur,1,M,24-25,Promenade - loisirs,Casque,Oui,1,1,12 - décembre,2 - mercredi,Paris 7e  Arrondissement
,201700054982,2017-12-06,75,19,75112,48.8242,2.42275,Intersection en X,Deux véhicules - par le coté,Nuit avec éclairage public allumé,Normale,Voie Communale,,,Plat,Partie rectiligne,,60,normale,,Sur chaussée,Conducteur,1,F,28-29,Promenade - loisirs,Casque,Non,1,1,12 - décembre,2 - mercredi,Paris 12e  Arrondissement
,201700001888,2017-12-05,69,16,69085,45.86293,4.84934,Hors intersection,Aucune,Plein jour,Normale,Voie Communale,,2,Plat,Partie rectiligne,,,normale,,Sur chaussée,Conducteur,2,M,65-66,Promenade - loisirs,Casque,Oui,,1,12 - décembre,1 - mardi,Fleurieu-sur-Saône
,201700026331,2017-12-05,34,17,34172,43.61826,3.84456,Hors intersection,Deux véhicules - par le coté,Crépuscule ou aube,Normale,Voie Communale,,2,,,,,normale,,Sur chaussée,Conducteur,2,M,30-31,,Casque,Non,1,1,12 - décembre,1 - mardi,Montpellier
,201700027542,2017-12-05,37,16,37208,47.3551,0.72735,Intersection en T,Deux véhicules - par le coté,Plein jour,Normale,Voie Communale,,2,Plat,Partie rectiligne,,70,normale,,Sur chaussée,Conducteur,1,M,10-11,Domicile - école,Casque,Non,1,1,12 - décembre,1 - mardi,Saint-Avertin
,201700032190,2017-12-05,59,11,59606,50.36011,3.51701,Giratoire,Autre,Plein jour,Normale,Route Départementale,,1,Plat,Partie rectiligne,,,normale,Carrefour aménagé,Sur chaussée,Conducteur,1,M,14-15,Autre,Autre,Non déterminable,1,1,12 - décembre,1 - mardi,Valenciennes
,201700034330,2017-12-05,67,18,67482,48.59283,7.70927,Intersection en X,Deux véhicules - par le coté,Nuit avec éclairage public allumé,Normale,Voie Communale,,2,Plat,Partie rectiligne,,60,normale,,Sur chaussée,Conducteur,1,M,30-31,Promenade - loisirs,Autre,Non déterminable,1,1,12 - décembre,1 - mardi,Strasbourg
,201700052858,2017-12-05,75,21,75101,48.8615,2.33907,Intersection en T,Deux véhicules - par le coté,Nuit avec éclairage public allumé,Normale,Voie Communale,,,Plat,Partie rectiligne,,,,,,Conducteur,2,M,31-32,,Casque,Non déterminable,1,1,12 - décembre,1 - mardi,Paris 1er Arrondissement
,201700055930,2017-12-05,75,22,75115,48.8321,2.30294,Intersection en X,Deux véhicules - par le coté,Nuit avec éclairage public allumé,Normale,Voie Communale,,1,Pente,Partie rectiligne,,,normale,,Sur piste cyclable,Conducteur,1,F,30-31,Promenade - loisirs,Casque,Non déterminable,1,1,12 - décembre,1 - mardi,Paris 15e  Arrondissement
,201700057463,2017-12-05,75,8,75119,48.8982,2.38619,Intersection à plus de 4 branches,Deux véhicules - par le coté,Crépuscule ou aube,Normale,Voie Communale,,6,Plat,Partie rectiligne,,250,normale,Carrefour aménagé,Sur chaussée,Conducteur,1,F,54-55,Domicile - travail,Casque,Non,1,1,12 - décembre,1 - mardi,Paris 19e  Arrondissement
,201700003884,2017-12-04,4,18,4086,44.3916,6.67906,Hors intersection,Deux véhicules - par l’arrière,Nuit sans éclairage public,Normale,Route Départementale,,2,Plat,Partie rectiligne,,69,normale,,Sur chaussée,Conducteur,3,M,45-46,Courses - achats,Equipement réfléchissant,Non,1,,12 - décembre,0 - lundi,Faucon-de-Barcelonnette
,201700016917,2017-12-04,44,12,44043,47.09363,-1.29022,Hors intersection,Deux véhicules - par le coté,Plein jour,Normale,Voie Communale,,2,Plat,Partie rectiligne,,60,normale,,Sur trottoir,Conducteur,1,F,13-14,Domicile - école,Casque,Oui,1,1,12 - décembre,0 - lundi,Clisson
,201700021011,2017-12-04,16,15,16089,45.67882,-0.31131,Giratoire,Deux véhicules - par l’arrière,Plein jour,Normale,Route Départementale,,2,Plat,En courbe à gauche,100,70,normale,,Sur chaussée,Conducteur,1,F,68-69,Courses - achats,Casque,Non,1,1,12 - décembre,0 - lundi,Châteaubernard
,201700026034,2017-12-04,6,18,6161,43.61943,7.13031,Hors intersection,Deux véhicules - par l’arrière,Nuit sans éclairage public,Normale,Route Départementale,,2,Plat,Partie rectiligne,,,normale,,Sur piste cyclable,Conducteur,1,M,51-52,Promenade - loisirs,Casque,Oui,1,1,12 - décembre,0 - lundi,Villeneuve-Loubet
,201700028233,2017-12-04,44,10,44132,47.26806,-2.34219,Intersection en Y,Deux véhicules - par le coté,Plein jour,Temps éblouissant,Voie Communale,,1,Plat,Partie rectiligne,,42,normale,,Sur chaussée,Conducteur,2,F,84-85,Promenade - loisirs,Casque,Non,1,1,12 - décembre,0 - lundi,Pornichet
,201700028265,2017-12-04,44,8,44109,47.23517,-1.5437,Hors intersection,Deux véhicules - par l’arrière,Crépuscule ou aube,Normale,Voie Communale,,,Pente,Partie rectiligne,,,normale,,,Conducteur,2,M,18-19,,Casque,Non,1,1,12 - décembre,0 - lundi,Nantes
,201700029524,2017-12-04,49,10,49007,47.45374,-0.52675,Hors intersection,Deux véhicules - par le coté,Plein jour,Normale,Voie Communale,,2,Plat,Partie rectiligne,,50,normale,,Sur chaussée,Conducteur,2,F,56-57,,Casque,Non déterminable,1,1,12 - décembre,0 - lundi,Angers
,201700031466,2017-12-04,58,12,58194,46.98,3.15,Hors intersection,Deux véhicules - par l’arrière,Plein jour,Normale,Voie Communale,,2,Pente,Partie rectiligne,1,60,normale,,Sur chaussée,Conducteur,1,M,13-14,Promenade - loisirs,Casque,Oui,1,1,12 - décembre,0 - lundi,Nevers
,201700039254,2017-12-04,92,18,92004,48.91184,2.29983,Hors intersection,Deux véhicules - par le coté,Nuit avec éclairage public allumé,Normale,Route Départementale,,2,Plat,Partie rectiligne,,,normale,,Sur chaussée,Conducteur,1,M,34-35,Autre,Casque,Non,1,1,12 - décembre,0 - lundi,Asnières-sur-Seine
,201700055928,2017-12-04,75,19,75115,48.8481,2.29018,Intersection en X,Deux véhicules - par le coté,Nuit avec éclairage public allumé,Normale,Voie Communale,,1,Plat,Partie rectiligne,,40,normale,,Sur chaussée,Conducteur,1,F,23-24,Domicile - travail,Casque,Non déterminable,1,1,12 - décembre,0 - lundi,Paris 15e  Arrondissement
,201700026848,2017-12-03,35,17,35238,48.08973,-1.68536,Intersection en X,Deux véhicules - par le coté,Nuit avec éclairage public allumé,Autre,Voie Communale,,4,Plat,Partie rectiligne,,,mouillée,,Sur piste cyclable,Conducteur,1,F,20-21,Domicile - école,Casque,Non,1,1,12 - décembre,6 - dimanche,Rennes
,201700003259,2017-12-02,68,16,68269,48.18889,7.36015,Intersection en X,Deux véhicules - par le coté,Crépuscule ou aube,Normale,Route Départementale,,2,Plat,Partie rectiligne,,66,normale,Carrefour aménagé,Sur chaussée,Conducteur,2,M,66-67,Promenade - loisirs,Equipement réfléchissant,Oui,1,,12 - décembre,5 - samedi,Ribeauvillé
,201700006438,2017-12-02,6,11,6088,43.70938,7.28228,Hors intersection,Deux véhicules - par l’arrière,Plein jour,Normale,Voie Communale,,2,Plat,Partie rectiligne,,,mouillée,,Sur chaussée,Conducteur,2,M,22-23,Promenade - loisirs,Casque,Oui,1,1,12 - décembre,5 - samedi,Nice
,201700008096,2017-12-02,35,14,35032,47.99725,-1.61322,Intersection en T,Deux véhicules - par le coté,Plein jour,Normale,Route Départementale,,2,Bas de côte,En courbe à gauche,,15,normale,Carrefour aménagé,Sur chaussée,Conducteur,2,F,68-69,Promenade - loisirs,Autre,Non,1,1,12 - décembre,5 - samedi,Bourgbarré
,201700011608,2017-12-02,8,14,8096,49.7081,4.76819,Hors intersection,Deux véhicules - par l’arrière,Plein jour,Normale,Route Départementale,,2,Plat,En courbe à gauche,,70,normale,,Sur chaussée,Conducteur,1,M,27-28,Utilisation professionnelle,Autre,Non déterminable,1,,12 - décembre,5 - samedi,Chalandry-Elaire
,201700021507,2017-12-02,17,8,17415,45.72659,-0.66752,Hors intersection,Aucune,Crépuscule ou aube,Normale,Voie Communale,,2,Plat,Partie rectiligne,,60,normale,,Sur chaussée,Conducteur,1,F,43-44,Promenade - loisirs,Equipement réfléchissant,Oui,,,12 - décembre,5 - samedi,Saintes
,201700021508,2017-12-02,17,18,17415,45.74639,-0.61876,Hors intersection,Aucune,Crépuscule ou aube,Pluie légère,Voie Communale,,2,Plat,Partie rectiligne,,60,normale,,Sur chaussée,Conducteur,1,M,89-90,Promenade - loisirs,Casque,Oui,,1,12 - décembre,5 - samedi,Saintes
,201700025453,2017-12-02,31,19,31113,43.5166,1.5065,Hors intersection,Deux véhicules - par le coté,Nuit avec éclairage public allumé,Normale,Autre,,2,Plat,Partie rectiligne,,,mouillée,,Sur chaussée,Conducteur,1,M,40-41,Promenade - loisirs,Autre,Non,1,1,12 - décembre,5 - samedi,Castanet-Tolosan
,201700029005,2017-12-02,45,1,45234,47.88793,1.90327,Hors intersection,Deux véhicules - par l’arrière,Nuit avec éclairage public allumé,Normale,Voie Communale,,1,Plat,Partie rectiligne,10,25,normale,,Sur chaussée,Conducteur,1,M,16-17,Domicile - travail,Autre,Non déterminable,1,1,12 - décembre,5 - samedi,Orléans
,201700029526,2017-12-02,49,,49007,47.45253,-0.5241,Giratoire,Aucune,Nuit avec éclairage public allumé,Normale,Voie Communale,,3,Plat,En courbe à gauche,,,normale,,Sur chaussée,Conducteur,1,F,26-27,,Casque,Oui,,1,12 - décembre,5 - samedi,Angers
,201700030976,2017-12-02,56,13,56121,47.73776,-3.39119,Giratoire,Deux véhicules - par le coté,Plein jour,Temps couvert,Route Départementale,,1,Plat,Partie rectiligne,,,normale,Carrefour aménagé,Sur chaussée,Conducteur,1,M,45-46,Promenade - loisirs,Casque,Non déterminable,1,1,12 - décembre,5 - samedi,Lorient
,201700044970,2017-12-02,94,19,94041,48.81739,2.38172,Hors intersection,Deux véhicules - par le coté,Nuit avec éclairage public allumé,Normale,Voie Communale,,2,Plat,Partie rectiligne,,60,normale,,Sur chaussée,Conducteur,2,M,49-50,Promenade - loisirs,Casque,Oui,1,1,12 - décembre,5 - samedi,Ivry-sur-Seine
,201700057146,2017-12-02,75,14,75118,48.8903,2.33574,Intersection en T,Deux véhicules - frontale,Plein jour,Temps couvert,Voie Communale,,,,,,,,,,Conducteur,1,F,27-28,,Casque,Non déterminable,1,1,12 - décembre,5 - samedi,Paris 18e  Arrondissement
,201700005574,2017-12-01,6,11,6004,43.5699,7.13399,Intersection en T,Deux véhicules - par le coté,Plein jour,Normale,Route Départementale,,2,Plat,En courbe à droite,,60,normale,,Sur chaussée,Conducteur,2,M,55-56,Promenade - loisirs,Autre,Non déterminable,1,1,12 - décembre,4 - vendredi,Antibes
,201700008649,2017-12-01,13,12,13004,43.68196,4.63459,Intersection en T,Deux véhicules - par l’arrière,Plein jour,Normale,Voie Communale,,2,Plat,Partie rectiligne,,62,normale,,Sur chaussée,Conducteur,1,M,72-73,Promenade - loisirs,Autre,Non déterminable,1,1,12 - décembre,4 - vendredi,Arles
,201700021504,2017-12-01,17,13,17415,45.75301,-0.6459,Hors intersection,Aucune,Plein jour,Normale,Voie Communale,,2,Plat,Partie rectiligne,,55,normale,,Sur chaussée,Conducteur,1,M,15-16,Promenade - loisirs,Equipement réfléchissant,Oui,,1,12 - décembre,4 - vendredi,Saintes
,201700021506,2017-12-01,17,18,17415,45.74533,-0.62722,Hors intersection,Autre,Crépuscule ou aube,Normale,Voie Communale,,2,Plat,Partie rectiligne,,60,normale,,Sur chaussée,Conducteur,1,M,16-17,Promenade - loisirs,Casque,Oui,,1,12 - décembre,4 - vendredi,Saintes
,201700022963,2017-12-01,26,11,26362,44.91646,4.91086,Intersection en X,Deux véhicules - par le coté,Plein jour,Normale,Voie Communale,,2,Plat,Partie rectiligne,,,normale,,Sur chaussée,Conducteur,2,M,67-68,Promenade - loisirs,Casque,Non déterminable,1,1,12 - décembre,4 - vendredi,Valence
,201700027934,2017-12-01,42,9,42187,46.03694,4.06545,Giratoire,Deux véhicules - par le coté,Plein jour,Pluie légère,Voie Communale,,1,Pente,En courbe à gauche,,,mouillée,,Sur chaussée,Conducteur,1,F,16-17,Domicile - travail,Casque,Oui,1,1,12 - décembre,4 - vendredi,Roanne
,201700030975,2017-12-01,56,20,56121,47.74532,-3.36967,Intersection en T,Deux véhicules - par le coté,Nuit avec éclairage public allumé,Normale,Voie Communale,,1,Pente,Partie rectiligne,,,normale,,,Conducteur,3,M,43-44,Promenade - loisirs,Casque,Non,1,1,12 - décembre,4 - vendredi,Lorient
,201700034325,2017-12-01,67,16,67482,48.58417,7.69295,Intersection en X,Deux véhicules - par le coté,Plein jour,Temps couvert,Voie Communale,,2,Plat,Partie rectiligne,,75,mouillée,Carrefour aménagé,Sur chaussée,Conducteur,1,M,15-16,Domicile - école,Autre,Oui,1,1,12 - décembre,4 - vendredi,Strasbourg
,201700036701,2017-12-01,78,19,78440,48.9907,1.92296,Intersection en X,Deux véhicules - par le coté,Nuit avec éclairage public allumé,Normale,Voie Communale,,1,,Partie rectiligne,,60,mouillée,,,Conducteur,2,F,24-25,Autre,Autre,Non déterminable,1,1,12 - décembre,4 - vendredi,Mureaux
,201700038842,2017-12-01,91,11,91687,48.64778,2.36705,Giratoire,Deux véhicules - par le coté,Plein jour,Pluie légère,Route Départementale,,2,Plat,En courbe à gauche,,,mouillée,Carrefour aménagé,Sur chaussée,Conducteur,1,M,45-46,Autre,Casque,Non,1,1,12 - décembre,4 - vendredi,Viry-Châtillon
,201700056807,2017-12-01,75,19,75117,48.8822,2.28604,Intersection en T,Deux véhicules - par le coté,Nuit avec éclairage public allumé,Normale,Voie Communale,,,,,,,,,,Conducteur,1,F,24-25,Domicile - travail,Casque,Oui,1,1,12 - décembre,4 - vendredi,Paris 17e  Arrondissement
,201700002581,2017-11-30,73,21,73064,45.55185,5.98187,Hors intersection,Deux véhicules - par l’arrière,Nuit avec éclairage public allumé,Pluie légère,Route Départementale,,2,Plat,Partie rectiligne,,60,mouillée,,Sur chaussée,Conducteur,3,M,46-47,Promenade - loisirs,Casque,Non,1,1,11 - novembre,3 - jeudi,Challes-les-Eaux
,201700003752,2017-11-30,13,8,13027,43.89193,4.83857,Hors intersection,Deux véhicules - par l’arrière,Plein jour,Temps éblouissant,Voie Communale,,2,Plat,,,,normale,,Sur chaussée,Conducteur,2,F,72-73,,Casque,Non,1,1,11 - novembre,3 - jeudi,Châteaurenard
,201700005974,2017-11-30,6,14,6069,43.66,6.922,Hors intersection,Aucune,Plein jour,Normale,Autre,,1,Pente,,,,normale,,Sur chaussée,Conducteur,1,F,44-45,Promenade - loisirs,Casque,Non,,1,11 - novembre,3 - jeudi,Grasse
,201700025066,2017-11-30,31,18,31555,43.59325,1.44294,Hors intersection,Deux véhicules - par le coté,Nuit avec éclairage public allumé,Normale,Route Départementale,,2,Plat,Partie rectiligne,,,normale,,Sur chaussée,Conducteur,1,M,39-40,Domicile - travail,Casque,Non,1,1,11 - novembre,3 - jeudi,Toulouse
,201700026885,2017-11-30,35,13,35238,48.11171,-1.64654,Giratoire,Deux véhicules - par le coté,Plein jour,Pluie légère,Voie Communale,,1,Plat,En courbe à gauche,,,mouillée,Carrefour aménagé,Sur chaussée,Conducteur,1,M,40-41,Domicile - travail,Casque,Non déterminable,1,1,11 - novembre,3 - jeudi,Rennes
,201700027686,2017-11-30,38,19,38185,45.19057,5.71238,Hors intersection,Autre,Nuit avec éclairage public allumé,Normale,Voie Communale,,1,Plat,Partie rectiligne,,,normale,,,Conducteur,0,M,27-28,Domicile - travail,Autre,Non déterminable,,1,11 - novembre,3 - jeudi,Grenoble