test,identifiantAccident,date,departement,heure,commune,lat,lon,typeIntersection,typeCollision,luminosite,conditionsAtmosperiques,typeRoute,circulation,nbVoies,profilLongRoute,tracePlanRoute,largeurTPC,largeurRoute,etatSurface,amenagement,situation,categorieUsager,graviteAccident,sexe,age,motifDeplacement,existenceSecurite,usageSecurite,nombreAutresVehicules,enAgglomeration,mois,jour,NCCENR
,201700027686,2017-11-30,38,19,38185,45.19057,5.71238,Hors intersection,Autre,Nuit avec éclairage public allumé,Normale,Voie Communale,,1,Plat,Partie rectiligne,,,normale,,,Piéton,1,M,9-10,Promenade - loisirs,,,,1,11 - novembre,3 - jeudi,Grenoble
,201700027933,2017-11-30,42,8,42187,46.04159,4.07365,Hors intersection,Deux véhicules - par le coté,Plein jour,Pluie légère,Voie Communale,,1,Plat,Partie rectiligne,,,mouillée,,Sur piste cyclable,Conducteur,1,M,14-15,Domicile - école,Casque,Oui,1,1,11 - novembre,3 - jeudi,Roanne
,201700028251,2017-11-30,44,8,44162,47.23243,-1.64813,Hors intersection,Deux véhicules - par le coté,Plein jour,Normale,Route Départementale,,2,Plat,Partie rectiligne,,,,,Sur chaussée,Conducteur,2,M,42-43,,Casque,Non,1,1,11 - novembre,3 - jeudi,Saint-Herblain
,201700030971,2017-11-30,56,8,56098,47.75602,-3.34309,Intersection en X,Deux véhicules - par le coté,Crépuscule ou aube,Normale,Voie Communale,,1,Plat,Partie rectiligne,,,normale,,,Conducteur,1,M,10-11,Domicile - école,Casque,Oui,1,1,11 - novembre,3 - jeudi,Lanester
,201700031854,2017-11-30,59,17,59009,50.6265,3.1499,Place,Deux véhicules - par le coté,Nuit avec éclairage public allumé,Pluie légère,Voie Communale,,2,Plat,Partie rectiligne,,,normale,,Sur chaussée,Conducteur,2,M,16-17,Domicile - école,Autre,Non déterminable,1,1,11 - novembre,3 - jeudi,'Villeneuve-d''Ascq'
,201700031855,2017-11-30,59,17,59410,50.6403,3.1122,Hors intersection,Deux véhicules - frontale,Crépuscule ou aube,Pluie légère,Voie Communale,,1,Plat,En courbe à droite,,,mouillée,,Sur chaussée,Conducteur,2,M,77-78,Promenade - loisirs,Autre,Oui,1,1,11 - novembre,3 - jeudi,Mons-en-Barul
,201700033340,2017-11-30,64,9,64445,43.31315,-0.36859,Hors intersection,Deux véhicules - par le coté,Plein jour,Normale,Voie Communale,,,Plat,,,,normale,,Sur chaussée,Conducteur,1,F,53-54,,Casque,Oui,1,1,11 - novembre,3 - jeudi,Pau
,201700033895,2017-11-30,67,15,67180,48.82862,7.7566,Intersection en T,Deux véhicules - par le coté,Crépuscule ou aube,Pluie légère,Voie Communale,,2,Plat,Partie rectiligne,,52,mouillée,,Sur trottoir,Conducteur,1,M,16-17,Domicile - travail,Casque,Oui,1,1,11 - novembre,3 - jeudi,Haguenau
,201700034324,2017-11-30,67,16,67482,48.59151,7.76412,Intersection en X,Deux véhicules - par le coté,Crépuscule ou aube,Pluie légère,Voie Communale,,2,Plat,Partie rectiligne,,110,mouillée,,Sur chaussée,Conducteur,1,M,35-36,Autre,Autre,Non déterminable,1,1,11 - novembre,3 - jeudi,Strasbourg
,201700040266,2017-11-30,92,20,92040,48.82815,2.26675,Hors intersection,Autre,Nuit avec éclairage public allumé,Neige - grêle,Voie Communale,,2,Plat,Partie rectiligne,,,mouillée,,Sur chaussée,Conducteur,2,M,25-26,,Autre,Non,1,1,11 - novembre,3 - jeudi,Issy-les-Moulineaux
,201700051213,2017-11-30,69,7,69388,45.4323,4.53113,Intersection en Y,Deux véhicules - par l’arrière,Crépuscule ou aube,Temps couvert,Route Départementale,,2,Plat,En courbe à gauche,,,mouillée,,Sur chaussée,Conducteur,1,M,29-30,Domicile - travail,Casque,Non,1,1,11 - novembre,3 - jeudi,Lyon 8e  Arrondissement
,201700053939,2017-11-30,75,14,75108,48.8796,2.30499,Intersection en X,Trois véhicules et plus - en chaîne,Plein jour,Pluie légère,Voie Communale,,4,Plat,Partie rectiligne,20,200,mouillée,,Sur chaussée,Conducteur,1,M,31-32,Utilisation professionnelle,Casque,Non,2,1,11 - novembre,3 - jeudi,Paris 8e  Arrondissement
,201700054313,2017-11-30,75,8,75110,48.8717,2.3572,Intersection en T,Deux véhicules - par l’arrière,Plein jour,Normale,Voie Communale,,1,Plat,Partie rectiligne,10,30,normale,,Sur chaussée,Conducteur,1,M,29-30,Domicile - travail,Casque,Non,1,1,11 - novembre,3 - jeudi,Paris 10e  Arrondissement
,201700054580,2017-11-30,75,9,75111,48.8585,2.38366,Intersection en X,Autre,Plein jour,Normale,Voie Communale,,2,Pente,Partie rectiligne,,80,normale,,Sur chaussée,Conducteur,1,F,35-36,,Casque,Non,,1,11 - novembre,3 - jeudi,Paris 11e  Arrondissement
,201700000515,2017-11-29,35,15,35127,47.9233,-1.86426,Giratoire,Deux véhicules - par le coté,Plein jour,Neige - grêle,Voie Communale,,2,Plat,Partie rectiligne,5,25,normale,Carrefour aménagé,Sur chaussée,Conducteur,2,F,63-64,Promenade - loisirs,Casque,Non,1,1,11 - novembre,2 - mercredi,Guignen
,201700014479,2017-11-29,50,13,50277,48.85492,-1.54989,Intersection en X,Deux véhicules - par le coté,Plein jour,Normale,Route Départementale,,2,Pente,Partie rectiligne,,,normale,,Sur chaussée,Conducteur,1,M,73-74,Promenade - loisirs,Casque,Oui,1,1,11 - novembre,2 - mercredi,Longueville
,201700026890,2017-11-29,35,19,35281,48.08693,-1.7074,Giratoire,Deux véhicules - par le coté,Nuit avec éclairage public allumé,Normale,Route Départementale,,2,,En courbe à gauche,,,normale,Carrefour aménagé,Sur chaussée,Conducteur,2,M,49-50,Domicile - travail,Casque,Oui,1,1,11 - novembre,2 - mercredi,Saint-Jacques-de-la-Lande
,201700026891,2017-11-29,35,10,35051,48.11381,-1.62061,Giratoire,Deux véhicules - par le coté,Plein jour,Normale,Voie Communale,,2,Plat,En courbe à gauche,,,,Carrefour aménagé,Sur chaussée,Conducteur,2,M,64-65,,Casque,Non,1,1,11 - novembre,2 - mercredi,Cesson-Sévigné
,201700027683,2017-11-29,38,11,38185,45.18746,5.73042,Hors intersection,Deux véhicules - par l’arrière,Plein jour,Pluie légère,Route Départementale,,1,Plat,En courbe à droite,,,normale,,Sur chaussée,Conducteur,1,F,76-77,,Casque,Non,1,1,11 - novembre,2 - mercredi,Grenoble
,201700033337,2017-11-29,64,9,64445,43.30371,-0.37094,Hors intersection,Deux véhicules - par le coté,Plein jour,Pluie légère,Voie Communale,,2,Plat,,,60,mouillée,,Sur chaussée,Conducteur,1,M,47-48,,Autre,Non,1,1,11 - novembre,2 - mercredi,Pau
,201700033338,2017-11-29,64,16,64129,43.30136,-0.38662,Hors intersection,Deux véhicules - par l’arrière,Plein jour,Pluie légère,Parc de stationnement ouvert à la circulation publique,,,,,,,mouillée,,Sur chaussée,Conducteur,1,M,20-21,,Autre,Oui,1,1,11 - novembre,2 - mercredi,Billère
,201700037074,2017-11-29,80,14,80021,49.89437,2.30944,Hors intersection,Autre,Plein jour,Normale,Voie Communale,,2,Plat,Partie rectiligne,,,normale,,Sur chaussée,Conducteur,1,M,16-17,Autre,Casque,Oui,1,1,11 - novembre,2 - mercredi,Amiens
,201700057745,2017-11-29,75,8,75120,48.8635,2.41069,Intersection en X,Deux véhicules - par le coté,Plein jour,Normale,Voie Communale,,2,Pente,Partie rectiligne,,60,normale,,Sur piste cyclable,Conducteur,1,F,50-51,Domicile - travail,Casque,Oui,1,1,11 - novembre,2 - mercredi,Paris 20e  Arrondissement
,201700058060,2017-11-29,75,8,75117,48.8743,2.29449,Giratoire,Deux véhicules - par le coté,Plein jour,Normale,Voie Communale,,4,Plat,,,222,normale,Carrefour aménagé,Sur chaussée,Conducteur,3,F,33-34,Domicile - travail,Casque,Non,1,1,11 - novembre,2 - mercredi,Paris 17e  Arrondissement
,201700060168,2017-11-29,973,14,97302,0,0,Hors intersection,Deux véhicules - par le coté,Plein jour,Normale,Voie Communale,,1,,,,,normale,,Sur chaussée,Conducteur,1,M,15-16,,Equipement réfléchissant,Oui,1,,11 - novembre,2 - mercredi,Cayenne
,201700060286,2017-11-29,974,14,97409,-20.97184,55.67466,Hors intersection,Deux véhicules - par le coté,Plein jour,Normale,Voie Communale,,2,Plat,Partie rectiligne,,50,normale,,Sur chaussée,Conducteur,2,M,52-53,Promenade - loisirs,Casque,Oui,1,1,11 - novembre,2 - mercredi,Saint-André
,201700003119,2017-11-28,67,11,67098,48.54371,7.41112,Hors intersection,Aucune,Plein jour,Normale,Route Départementale,,2,Plat,Partie rectiligne,,,normale,,Sur chaussée,Conducteur,3,M,51-52,Promenade - loisirs,Autre,Oui,,,11 - novembre,1 - mardi,Dinsheim-sur-Bruche
,201700021304,2017-11-28,17,8,17300,46.16003,-1.14784,Hors intersection,Deux véhicules - frontale,Plein jour,Pluie forte,Parc de stationnement ouvert à la circulation publique,,,Plat,Partie rectiligne,,,mouillée,,Sur chaussée,Conducteur,2,M,18-19,,Casque,Non,1,1,11 - novembre,1 - mardi,Rochelle
,201700022500,2017-11-28,22,18,22360,48.48424,-2.75679,Hors intersection,Autre,Nuit sans éclairage public,Normale,Voie Communale,,1,Plat,Partie rectiligne,,,normale,,Sur chaussée,Conducteur,0,M,16-17,,Equipement réfléchissant,Non déterminable,,1,11 - novembre,1 - mardi,Trégueux
,201700022500,2017-11-28,22,18,22360,48.48424,-2.75679,Hors intersection,Autre,Nuit sans éclairage public,Normale,Voie Communale,,1,Plat,Partie rectiligne,,,normale,,Sur chaussée,Piéton,2,F,23-24,Domicile - travail,,,,1,11 - novembre,1 - mardi,Trégueux
,201700025950,2017-11-28,33,14,33039,44.80958,-0.54223,Intersection en X,Deux véhicules - par le coté,Plein jour,Temps couvert,Voie Communale,,2,Plat,Partie rectiligne,,,mouillée,,Sur chaussée,Conducteur,1,M,46-47,,Autre,Non déterminable,1,1,11 - novembre,1 - mardi,Bègles
,201700030273,2017-11-28,54,17,54323,49.50971,5.71311,Giratoire,Deux véhicules - par le coté,Nuit sans éclairage public,Temps couvert,Route Départementale,,2,Plat,Partie rectiligne,,100,mouillée,Bretelle d’échangeur ou de raccordement,Sur chaussée,Conducteur,1,M,39-40,Courses - achats,Equipement réfléchissant,Non,1,,11 - novembre,1 - mardi,Longwy
,201700032362,2017-11-28,60,8,60159,49.40448,2.81082,Giratoire,Aucune,Nuit avec éclairage public non allumé,Normale,Voie Communale,,2,Plat,En courbe à gauche,,,mouillée,Carrefour aménagé,Sur piste cyclable,Conducteur,2,F,42-43,Domicile - travail,Autre,Non déterminable,,1,11 - novembre,1 - mardi,Compiègne
,201700034917,2017-11-28,69,7,69029,45.73697,4.91913,Hors intersection,Deux véhicules - par le coté,Plein jour,Normale,Voie Communale,,4,Pente,Partie rectiligne,,400,normale,,Sur piste cyclable,Conducteur,2,M,29-30,Domicile - travail,Casque,Oui,1,1,11 - novembre,1 - mardi,Bron
,201700037561,2017-11-28,83,20,83062,43.14096,6.03005,Intersection en T,Deux véhicules - par le coté,Nuit avec éclairage public allumé,Normale,Voie Communale,,1,Plat,En courbe à gauche,,30,normale,,Sur chaussée,Conducteur,1,M,44-45,Domicile - travail,Casque,Oui,1,1,11 - novembre,1 - mardi,Garde
,201700051210,2017-11-28,69,22,69383,45.76189,4.84125,Hors intersection,Deux véhicules - par l’arrière,Nuit avec éclairage public allumé,Pluie légère,Voie Communale,,3,Plat,Partie rectiligne,,,mouillée,,Sur piste cyclable,Conducteur,1,F,57-58,Promenade - loisirs,Casque,Non,1,1,11 - novembre,1 - mardi,Lyon 3e  Arrondissement
,201700051210,2017-11-28,69,22,69383,45.76189,4.84125,Hors intersection,Deux véhicules - par l’arrière,Nuit avec éclairage public allumé,Pluie légère,Voie Communale,,3,Plat,Partie rectiligne,,,mouillée,,Sur piste cyclable,Conducteur,1,M,27-28,Promenade - loisirs,Casque,Non,1,1,11 - novembre,1 - mardi,Lyon 3e  Arrondissement
,201700053425,2017-11-28,75,8,75106,48.8473,2.32791,Intersection en X,Deux véhicules - par le coté,Plein jour,Pluie légère,Voie Communale,,2,Plat,Partie rectiligne,,70,mouillée,,Sur chaussée,Conducteur,1,F,49-50,Autre,Casque,Oui,1,1,11 - novembre,1 - mardi,Paris 6e  Arrondissement
,201700054311,2017-11-28,75,15,75110,48.8741,2.36285,Hors intersection,Autre,Plein jour,Normale,Voie Communale,,2,Bas de côte,En courbe à gauche,,,mouillée,Bretelle d’échangeur ou de raccordement,Sur piste cyclable,Conducteur,0,M,28-29,Promenade - loisirs,Casque,Oui,,1,11 - novembre,1 - mardi,Paris 10e  Arrondissement
,201700054973,2017-11-28,75,14,75112,48.8326,2.42035,Intersection en Y,Deux véhicules - par l’arrière,Plein jour,Normale,Voie Communale,,2,Plat,Partie rectiligne,,60,normale,,Sur chaussée,Conducteur,1,M,47-48,Promenade - loisirs,Casque,Non déterminable,1,1,11 - novembre,1 - mardi,Paris 12e  Arrondissement
,201700056380,2017-11-28,75,8,75116,48.8576,2.28364,Hors intersection,Autre,Plein jour,Pluie légère,Voie Communale,,1,Plat,Partie rectiligne,1,1,mouillée,,Sur chaussée,Conducteur,0,M,22-23,Promenade - loisirs,Casque,Non déterminable,,1,11 - novembre,1 - mardi,Paris 16e  Arrondissement
,201700056806,2017-11-28,75,17,75117,48.8942,2.32057,Intersection en X,Autre,Nuit avec éclairage public allumé,Pluie légère,Voie Communale,,2,Plat,Partie rectiligne,,,mouillée,,Sur chaussée,Conducteur,0,M,55-56,Promenade - loisirs,Casque,Non déterminable,,1,11 - novembre,1 - mardi,Paris 17e  Arrondissement
,201700059089,2017-11-28,976,11,97613,0,0,Hors intersection,Autre,Plein jour,Normale,Voie Communale,,2,Plat,En courbe à gauche,,61,normale,,Sur chaussée,Conducteur,3,M,16-17,,Equipement réfléchissant,Non,1,1,11 - novembre,1 - mardi,'M''Tsangamouji'
,201700004432,2017-11-27,34,14,34081,43.30839,3.16793,Giratoire,Deux véhicules - par l’arrière,Plein jour,Normale,Route Départementale,,2,Plat,,,10,normale,,,Conducteur,2,M,80-81,Promenade - loisirs,Casque,Oui,1,,11 - novembre,0 - lundi,Colombiers
,201700008618,2017-11-27,13,12,13001,43.51924,5.43627,Autre intersection,Deux véhicules - par l’arrière,Plein jour,Normale,Voie Communale,,2,Pente,Partie rectiligne,,54,normale,Zone piétonne,Sur chaussée,Conducteur,2,M,40-41,,Casque,Non,1,1,11 - novembre,0 - lundi,Aix-en-Provence
,201700011406,2017-11-27,49,12,49355,47.10204,-0.76588,Hors intersection,Deux véhicules - par le coté,Plein jour,Normale,Route Départementale,,3,Pente,Partie rectiligne,,,normale,,Sur accotement,Conducteur,2,M,62-63,Promenade - loisirs,Equipement réfléchissant,Oui,1,1,11 - novembre,0 - lundi,Trémentines
,201700022354,2017-11-27,21,15,21231,47.30839,5.01841,Hors intersection,Deux véhicules - par le coté,Plein jour,Pluie forte,Voie Communale,,2,Plat,Partie rectiligne,,50,mouillée,,Sur chaussée,Conducteur,1,M,9-10,Domicile - école,Casque,Non,1,1,11 - novembre,0 - lundi,Dijon
,201700022911,2017-11-27,26,17,26057,45.03819,5.05546,Hors intersection,Deux véhicules - par le coté,Plein jour,Normale,Route Départementale,,4,Plat,Partie rectiligne,,,normale,,Sur trottoir,Conducteur,1,M,22-23,,Casque,Non,1,1,11 - novembre,0 - lundi,Bourg-de-Péage
,201700022911,2017-11-27,26,17,26057,45.03819,5.05546,Hors intersection,Deux véhicules - par le coté,Plein jour,Normale,Route Départementale,,4,Plat,Partie rectiligne,,,normale,,Sur trottoir,Passager,1,M,2016-2017,,Casque,Non,1,1,11 - novembre,0 - lundi,Bourg-de-Péage
,201700025948,2017-11-27,33,16,33192,44.78043,-0.60323,Intersection en X,Deux véhicules - frontale,Plein jour,Normale,Voie Communale,,2,Plat,Partie rectiligne,,,normale,,,Conducteur,2,M,11-12,,Autre,Non déterminable,1,1,11 - novembre,0 - lundi,Gradignan
,201700027869,2017-11-27,41,8,41295,47.6046,1.4014,Giratoire,Deux véhicules - par le coté,Plein jour,Normale,Voie Communale,,2,Plat,Partie rectiligne,,,normale,,Sur chaussée,Conducteur,2,M,65-66,Promenade - loisirs,Casque,Non,1,1,11 - novembre,0 - lundi,Vineuil
,201700030144,2017-11-27,51,8,51454,49.24872,4.01386,Hors intersection,Deux véhicules - par l’arrière,Plein jour,Normale,Voie Communale,,,,,,,,,Sur chaussée,Conducteur,1,M,14-15,Domicile - école,Autre,Non déterminable,1,1,11 - novembre,0 - lundi,Reims
,201700030145,2017-11-27,51,13,51573,49.25112,3.98499,Intersection en X,Deux véhicules - frontale,Plein jour,Pluie légère,Voie Communale,Avec voies d’affectation variable,,,,,,,Carrefour aménagé,Sur chaussée,Conducteur,2,M,15-16,Domicile - école,Casque,Non,1,1,11 - novembre,0 - lundi,Tinqueux
,201700031999,2017-11-27,59,22,59163,50.67391,3.14024,Hors intersection,Deux véhicules - frontale,Nuit avec éclairage public allumé,Pluie légère,Voie Communale,,2,Plat,Partie rectiligne,,,mouillée,,Sur chaussée,Conducteur,2,M,52-53,Promenade - loisirs,Autre,Non déterminable,1,1,11 - novembre,0 - lundi,Croix
,201700034322,2017-11-27,67,18,67482,48.58099,7.77045,Hors intersection,Deux véhicules - par le coté,Nuit avec éclairage public allumé,Normale,Voie Communale,,2,Plat,Partie rectiligne,,62,normale,,Sur chaussée,Conducteur,1,M,25-26,Domicile - travail,Casque,Non,1,1,11 - novembre,0 - lundi,Strasbourg
,201700037186,2017-11-27,83,14,83061,43.42692,6.71707,Hors intersection,Deux véhicules - frontale,Plein jour,Normale,Route Départementale,,2,Plat,,,,normale,,Sur chaussée,Conducteur,2,M,62-63,Promenade - loisirs,Casque,Oui,1,,11 - novembre,0 - lundi,Fréjus
,201700040251,2017-11-27,92,15,92036,48,2.2,Hors intersection,Autre,Plein jour,Normale,Voie Communale,,2,Plat,Partie rectiligne,20,80,normale,,Sur trottoir,Conducteur,1,M,67-68,Promenade - loisirs,Casque,Non,1,1,11 - novembre,0 - lundi,Gennevilliers
,201700044968,2017-11-27,94,8,94041,0,0,Hors intersection,Deux véhicules - par l’arrière,Plein jour,Normale,Voie Communale,,2,Plat,Partie rectiligne,,,normale,,Sur chaussée,Conducteur,1,M,31-32,Domicile - travail,Casque,Non,1,1,11 - novembre,0 - lundi,Ivry-sur-Seine
,201700045754,2017-11-27,94,17,94081,0,0,Hors intersection,Deux véhicules - par le coté,Nuit avec éclairage public allumé,Pluie légère,Voie Communale,,1,Plat,Partie rectiligne,,35,mouillée,,Sur chaussée,Conducteur,0,F,40-41,Domicile - école,Autre,Non déterminable,1,1,11 - novembre,0 - lundi,Vitry-sur-Seine
,201700045754,2017-11-27,94,17,94081,0,0,Hors intersection,Deux véhicules - par le coté,Nuit avec éclairage public allumé,Pluie légère,Voie Communale,,1,Plat,Partie rectiligne,,35,mouillée,,Sur chaussée,Passager,1,M,3-4,Domicile - école,Casque,Non,1,1,11 - novembre,0 - lundi,Vitry-sur-Seine
,201700052852,2017-11-27,75,17,75101,48.8591,2.34641,Intersection en X,Autre,Plein jour,Pluie légère,Voie Communale,,,Plat,Partie rectiligne,,105,mouillée,,Sur chaussée,Conducteur,0,M,25-26,,Casque,Non déterminable,,1,11 - novembre,0 - lundi,Paris 1er Arrondissement
,201700005131,2017-11-26,91,11,91635,48.73361,2.20452,Intersection en T,Deux véhicules - par l’arrière,Plein jour,Normale,Route Départementale,,2,Bas de côte,En courbe à droite,6,510,normale,,Sur chaussée,Conducteur,1,M,42-43,Promenade - loisirs,Casque,Oui,1,1,11 - novembre,6 - dimanche,Vauhallan
,201700011495,2017-11-26,14,11,14225,49.1708,-0.0632,Giratoire,Deux véhicules - par le coté,Plein jour,Normale,Voie Communale,,1,Plat,En courbe à droite,,65,normale,,Sur chaussée,Conducteur,1,F,65-66,Autre,Autre,Non déterminable,1,1,11 - novembre,6 - dimanche,Dives-sur-Mer
,201700026887,2017-11-26,35,18,35238,48.10157,-1.67639,Hors intersection,Autre,Nuit avec éclairage public allumé,Normale,Voie Communale,,2,Plat,,,,normale,,Sur chaussée,Conducteur,1,M,21-22,Utilisation professionnelle,Casque,Non déterminable,1,1,11 - novembre,6 - dimanche,Rennes
,201700031484,2017-11-26,95,17,95436,49.1327,2.2636,Hors intersection,Deux véhicules - par l’arrière,Nuit sans éclairage public,Normale,Route Départementale,,2,Plat,Partie rectiligne,,,normale,,Sur chaussée,Conducteur,3,M,17-18,Promenade - loisirs,Autre,Non,1,,11 - novembre,6 - dimanche,Mours
,201700033932,2017-11-26,38,12,38378,45.43868,4.78375,Hors intersection,Deux véhicules - par le coté,Plein jour,Normale,Route Départementale,,2,Pente,En courbe à gauche,,40,normale,,Sur chaussée,Conducteur,2,M,58-59,Promenade - loisirs,Casque,Oui,1,,11 - novembre,6 - dimanche,Saint-Clair-du-Rhône
,201700054575,2017-11-26,75,13,75111,48.8547,2.36951,Intersection en Y,Autre,Plein jour,Normale,Voie Communale,,1,Plat,Partie rectiligne,15,30,normale,,Sur chaussée,Conducteur,0,M,19-20,,Casque,Non déterminable,,1,11 - novembre,6 - dimanche,Paris 11e  Arrondissement
,201700016990,2017-11-25,25,8,25058,47.20956,6.00039,Giratoire,Deux véhicules - frontale,Plein jour,Pluie forte,Route Nationale,,2,Plat,,,20,normale,,,Conducteur,2,F,55-56,Domicile - travail,Casque,Non,1,1,11 - novembre,5 - samedi,Beure
,201700051200,2017-11-25,69,13,69259,45.72793,4.8573,Giratoire,Deux véhicules - par le coté,Plein jour,Normale,Voie Communale,,1,Plat,En courbe à gauche,,,normale,,Sur chaussée,Conducteur,1,M,28-29,Autre,Equipement réfléchissant,Oui,1,1,11 - novembre,5 - samedi,Vénissieux
,201700016460,2017-11-24,29,18,29160,48.51122,-4.41422,Hors intersection,Deux véhicules - par l’arrière,Nuit sans éclairage public,Temps couvert,Route Départementale,,2,Plat,Partie rectiligne,,68,mouillée,Carrefour aménagé,Sur chaussée,Conducteur,2,M,13-14,Promenade - loisirs,Casque,Non,1,,11 - novembre,4 - vendredi,Plabennec
,201700026882,2017-11-24,35,9,35238,48.10743,-1.66585,Hors intersection,Deux véhicules - par le coté,Plein jour,Normale,Voie Communale,,2,Plat,Partie rectiligne,,,normale,Pont - autopont,Sur piste cyclable,Conducteur,1,F,35-36,,Equipement réfléchissant,Oui,1,1,11 - novembre,4 - vendredi,Rennes
,201700027522,2017-11-24,37,12,37261,47.38808,0.66714,Hors intersection,Deux véhicules - frontale,Plein jour,Normale,Voie Communale,,2,Plat,Partie rectiligne,,,normale,,Sur trottoir,Conducteur,1,M,17-18,Promenade - loisirs,Casque,Non,1,1,11 - novembre,4 - vendredi,Tours
,201700027522,2017-11-24,37,12,37261,47.38808,0.66714,Hors intersection,Deux véhicules - frontale,Plein jour,Normale,Voie Communale,,2,Plat,Partie rectiligne,,,normale,,Sur trottoir,Conducteur,1,F,18-19,Promenade - loisirs,Casque,Non,1,1,11 - novembre,4 - vendredi,Tours
,201700028236,2017-11-24,44,16,44109,47.26433,-1.57416,Giratoire,Autre,Plein jour,Normale,Voie Communale,,,Plat,Partie rectiligne,,,normale,,Sur chaussée,Conducteur,2,M,22-23,,Autre,Non,1,1,11 - novembre,4 - vendredi,Nantes
,201700031336,2017-11-24,57,18,57672,49.3664,6.1574,Intersection en T,Deux véhicules - par le coté,Nuit avec éclairage public allumé,Pluie légère,Voie Communale,,2,Plat,En courbe à gauche,,82,mouillée,,Sur chaussée,Conducteur,1,F,20-21,Domicile - travail,Casque,Non,1,1,11 - novembre,4 - vendredi,Thionville
,201700031463,2017-11-24,58,10,58194,46.99,3.16,Intersection en T,Aucune,Plein jour,Normale,Voie Communale,,1,Plat,Partie rectiligne,,40,normale,,Sur chaussée,Conducteur,2,M,55-56,Promenade - loisirs,Casque,Oui,1,1,11 - novembre,4 - vendredi,Nevers
,201700039178,2017-11-24,92,9,92002,48.76889,2.32112,Hors intersection,Deux véhicules - par le coté,Plein jour,Pluie légère,Route Départementale,,2,Plat,Partie rectiligne,,59,mouillée,,Sur chaussée,Conducteur,1,M,50-51,Domicile - travail,Casque,Oui,1,1,11 - novembre,4 - vendredi,Antony
,201700054308,2017-11-24,75,11,75118,48.8845,2.35932,Intersection en X,Deux véhicules - par l’arrière,Plein jour,Temps couvert,Voie Communale,,1,Plat,Partie rectiligne,,50,mouillée,,Sur chaussée,Conducteur,1,F,27-28,Autre,Casque,Non déterminable,1,1,11 - novembre,4 - vendredi,Paris 18e  Arrondissement
,201700004407,2017-11-23,34,5,34240,43.65393,3.9844,Autre intersection,Deux véhicules - par le coté,Nuit sans éclairage public,Normale,Route Départementale,,3,Plat,,12,13,normale,,,Conducteur,2,F,52-53,Domicile - travail,Equipement réfléchissant,Oui,1,,11 - novembre,3 - jeudi,Saint-Aunès
,201700020378,2017-11-23,56,18,56040,47.85213,-3.31652,Hors intersection,Deux véhicules - par l’arrière,Nuit sans éclairage public,Pluie forte,Route Départementale,,2,Plat,,,,mouillée,,Sur chaussée,Conducteur,3,M,47-48,,Equipement réfléchissant,Oui,1,,11 - novembre,3 - jeudi,Cléguer
,201700025089,2017-11-23,31,18,31555,43.6198,1.46886,Hors intersection,Autre,Nuit avec éclairage public allumé,Normale,Voie Communale,,,Plat,En courbe à gauche,,,normale,,Sur chaussée,Conducteur,0,M,26-27,Promenade - loisirs,Autre,Non déterminable,1,1,11 - novembre,3 - jeudi,Toulouse
,201700032087,2017-11-23,59,15,59599,50.73298,3.18198,Intersection en X,Deux véhicules - par le coté,Plein jour,Normale,Route Départementale,,2,Plat,Partie rectiligne,,,normale,,Sur chaussée,Conducteur,1,M,14-15,,Autre,Non déterminable,1,1,11 - novembre,3 - jeudi,Tourcoing
,201700034316,2017-11-23,67,15,67482,48.57116,7.77221,Intersection en T,Deux véhicules - frontale,Plein jour,Normale,Voie Communale,,2,Plat,Partie rectiligne,,60,normale,,Sur chaussée,Conducteur,1,F,37-38,Promenade - loisirs,Autre,Non déterminable,1,1,11 - novembre,3 - jeudi,Strasbourg
,201700043610,2017-11-23,94,19,94002,0,0,Hors intersection,Autre,Nuit avec éclairage public allumé,Pluie légère,Voie Communale,,1,Pente,Partie rectiligne,20,90,mouillée,,Sur chaussée,Conducteur,0,M,20-21,Promenade - loisirs,Autre,Non,,1,11 - novembre,3 - jeudi,Alfortville
,201700053602,2017-11-23,75,15,75107,48.8579,2.32928,Intersection en X,Deux véhicules - par le coté,Plein jour,Pluie forte,Voie Communale,,1,Plat,,,,mouillée,,Sur piste cyclable,Conducteur,2,F,71-72,Promenade - loisirs,Casque,Non déterminable,1,1,11 - novembre,3 - jeudi,Paris 7e  Arrondissement
,201700054124,2017-11-23,75,21,75109,48.8743,2.33132,Intersection en X,Deux véhicules - par le coté,Nuit avec éclairage public allumé,Pluie légère,Voie Communale,,2,Plat,Partie rectiligne,,50,mouillée,,,Conducteur,1,M,26-27,Utilisation professionnelle,Casque,Oui,1,1,11 - novembre,3 - jeudi,Paris 9e  Arrondissement
,201700001225,2017-11-22,33,14,33058,45.13609,-0.65227,Intersection en Y,Deux véhicules - par le coté,Plein jour,Normale,Voie Communale,,2,,,,,,,,Conducteur,2,M,44-45,Courses - achats,Equipement réfléchissant,Non,1,1,11 - novembre,2 - mercredi,Blaye
,201700003588,2017-11-22,25,11,25048,47.48302,6.74571,Intersection en T,Deux véhicules - par le coté,Plein jour,Normale,Voie Communale,Avec voies d’affectation variable,,,,,,,,,Conducteur,2,M,84-85,Promenade - loisirs,Casque,Oui,1,1,11 - novembre,2 - mercredi,Bavans
,201700012064,2017-11-22,37,14,37119,47.13081,0.42594,Hors intersection,Deux véhicules - par l’arrière,Plein jour,Normale,Route Départementale,,2,Plat,Partie rectiligne,,54,normale,,Sur chaussée,Conducteur,2,F,76-77,Autre,Casque,Non,1,,11 - novembre,2 - mercredi,Île-Bouchard