test,identifiantAccident,date,departement,heure,commune,lat,lon,typeIntersection,typeCollision,luminosite,conditionsAtmosperiques,typeRoute,circulation,nbVoies,profilLongRoute,tracePlanRoute,largeurTPC,largeurRoute,etatSurface,amenagement,situation,categorieUsager,graviteAccident,sexe,age,motifDeplacement,existenceSecurite,usageSecurite,nombreAutresVehicules,enAgglomeration,mois,jour,NCCENR
,201700012304,2017-11-22,17,16,17003,46.12379,-0.92685,Hors intersection,Deux véhicules - par l’arrière,Crépuscule ou aube,Normale,Route Départementale,,2,Plat,En courbe à gauche,,70,normale,,Sur chaussée,Conducteur,1,M,64-65,Promenade - loisirs,Casque,Non déterminable,1,,11 - novembre,2 - mercredi,'Aigrefeuille-d''Aunis'
,201700019858,2017-11-22,79,10,79079,46.94906,-0.87161,Hors intersection,Trois véhicules et plus - en chaîne,Plein jour,Temps éblouissant,Voie Communale,,2,Plat,Partie rectiligne,,35,normale,,Sur chaussée,Conducteur,2,M,62-63,Promenade - loisirs,Casque,Oui,1,,11 - novembre,2 - mercredi,Mauléon
,201700019858,2017-11-22,79,10,79079,46.94906,-0.87161,Hors intersection,Trois véhicules et plus - en chaîne,Plein jour,Temps éblouissant,Voie Communale,,2,Plat,Partie rectiligne,,35,normale,,Sur chaussée,Conducteur,1,M,60-61,,Casque,Oui,1,,11 - novembre,2 - mercredi,Mauléon
,201700025159,2017-11-22,10,8,10260,48.22106,4.11437,Intersection en T,Deux véhicules - par l’arrière,Crépuscule ou aube,Temps éblouissant,Route Départementale,,2,Plat,Partie rectiligne,,,normale,,Sur chaussée,Conducteur,2,M,65-66,Autre,Casque,Oui,1,,11 - novembre,2 - mercredi,Moussey
,201700026877,2017-11-22,35,11,35238,48.10858,-1.69297,Intersection en X,Deux véhicules - par le coté,Plein jour,Normale,Voie Communale,,3,Pente,Partie rectiligne,,,normale,,Sur chaussée,Conducteur,2,M,43-44,,Casque,Non déterminable,1,1,11 - novembre,2 - mercredi,Rennes
,201700027763,2017-11-22,39,14,39411,46.68517,5.61586,Hors intersection,Deux véhicules - par l’arrière,Plein jour,Normale,Route Départementale,,2,Pente,Partie rectiligne,,60,normale,,Sur chaussée,Conducteur,3,M,88-89,Promenade - loisirs,Casque,Oui,1,,11 - novembre,2 - mercredi,Perrigny
,201700027930,2017-11-22,42,17,42187,46.05328,4.08558,Intersection en T,Deux véhicules - par le coté,Nuit avec éclairage public allumé,Normale,Voie Communale,,2,Plat,Partie rectiligne,,,normale,,Sur chaussée,Conducteur,1,M,15-16,,Autre,Oui,1,1,11 - novembre,2 - mercredi,Roanne
,201700030637,2017-11-22,54,9,54395,48.66834,6.16215,Intersection en T,Deux véhicules - par le coté,Plein jour,Normale,Voie Communale,,1,Pente,Partie rectiligne,,,normale,,Sur chaussée,Conducteur,1,M,68-69,Promenade - loisirs,Casque,Non déterminable,1,1,11 - novembre,2 - mercredi,Nancy
,201700031122,2017-11-22,40,9,40065,43.64075,-1.42721,Giratoire,Deux véhicules - par le coté,Plein jour,Temps éblouissant,Voie Communale,,1,Plat,Partie rectiligne,808,715,normale,Carrefour aménagé,Sur chaussée,Conducteur,2,M,34-35,Domicile - travail,Autre,Non déterminable,1,1,11 - novembre,2 - mercredi,Capbreton
,201700031462,2017-11-22,58,12,58194,46.9998,3.15551,Giratoire,Aucune,Plein jour,Normale,Voie Communale,,2,Plat,Partie rectiligne,,,normale,,Sur chaussée,Conducteur,1,M,78-79,Promenade - loisirs,Casque,Non,1,1,11 - novembre,2 - mercredi,Nevers
,201700032232,2017-11-22,68,15,68159,47.88405,7.19514,Intersection en X,Deux véhicules - par le coté,Plein jour,Normale,Route Départementale,,2,Pente,,6,10,normale,,Sur chaussée,Conducteur,2,M,12-13,Promenade - loisirs,Autre,Non déterminable,1,1,11 - novembre,2 - mercredi,Jungholtz
,201700032542,2017-11-22,62,15,62108,50.40372,1.59613,Giratoire,Autre,Plein jour,Normale,Route Départementale,,2,Plat,Partie rectiligne,127,87,normale,,Sur chaussée,Conducteur,1,F,58-59,Promenade - loisirs,Casque,Oui,1,1,11 - novembre,2 - mercredi,Berck
,201700032657,2017-11-22,62,12,62215,50.48448,2.94254,Intersection en Y,Deux véhicules - par le coté,Plein jour,Normale,Voie Communale,,2,Plat,En courbe à gauche,,,normale,,Sur chaussée,Conducteur,1,M,24-25,Domicile - travail,Autre,Oui,1,1,11 - novembre,2 - mercredi,Carvin
,201700035963,2017-11-22,76,10,76351,49.49899,0.11999,Intersection en T,Autre,Plein jour,Normale,Voie Communale,Avec voies d’affectation variable,,,,,,,,,Conducteur,0,M,22-23,,Autre,Non déterminable,,1,11 - novembre,2 - mercredi,Havre
,201700037158,2017-11-22,82,7,82121,44.01097,4.01097,Intersection en T,Deux véhicules - par le coté,Nuit avec éclairage public allumé,Normale,Voie Communale,,2,Plat,Partie rectiligne,,,normale,,Sur chaussée,Conducteur,2,M,46-47,Domicile - travail,Casque,Non,1,1,11 - novembre,2 - mercredi,Montauban
,201700038619,2017-11-22,91,13,91215,48.6968,2.5339,Intersection en X,Deux véhicules - par le coté,Plein jour,Normale,Route Départementale,,4,Plat,Partie rectiligne,,70,normale,,,Conducteur,1,M,10-11,Autre,Casque,Non,1,1,11 - novembre,2 - mercredi,Épinay-sous-Sénart
,201700039236,2017-11-22,92,17,92004,0,0,Hors intersection,Autre,Plein jour,Normale,Voie Communale,,2,Plat,Partie rectiligne,,,normale,,Sur chaussée,Conducteur,1,F,54-55,Promenade - loisirs,Casque,Oui,1,1,11 - novembre,2 - mercredi,Asnières-sur-Seine
,201700040133,2017-11-22,92,8,92035,48.90637,2.25562,Intersection en T,Deux véhicules - par le coté,Plein jour,Normale,Route Départementale,,2,Plat,Partie rectiligne,,,normale,,Sur piste cyclable,Conducteur,1,F,44-45,Domicile - travail,Casque,Oui,1,1,11 - novembre,2 - mercredi,Garenne-Colombes
,201700040596,2017-11-22,92,9,92020,48.80574,2.28335,Hors intersection,Deux véhicules - par l’arrière,Plein jour,Normale,Voie Communale,,2,Plat,Partie rectiligne,,,normale,,Sur chaussée,Conducteur,1,M,60-61,Promenade - loisirs,Casque,Non,1,1,11 - novembre,2 - mercredi,Châtillon
,201700040745,2017-11-22,92,12,92050,48.2,2.33,Intersection en T,Autre,Plein jour,Normale,Voie Communale,,2,Plat,Partie rectiligne,,60,normale,,Sur piste cyclable,Conducteur,0,M,19-20,,Autre,Non déterminable,,1,11 - novembre,2 - mercredi,Nanterre
,201700057133,2017-11-22,75,11,75118,48.8984,2.35906,Intersection en X,Autre,Plein jour,Normale,Voie Communale,,2,Plat,Partie rectiligne,,,normale,,Sur chaussée,Conducteur,1,F,34-35,Promenade - loisirs,Casque,Oui,1,1,11 - novembre,2 - mercredi,Paris 18e  Arrondissement
,201700000492,2017-11-21,35,18,35240,48.10247,-1.75275,Hors intersection,Deux véhicules - par l’arrière,Nuit sans éclairage public,Normale,Route Nationale,,4,Plat,Partie rectiligne,,,normale,,Sur piste cyclable,Conducteur,2,M,45-46,Domicile - travail,Casque,Oui,1,,11 - novembre,1 - mardi,Rheu
,201700006523,2017-11-21,7,16,7102,44.93805,4.86388,Giratoire,Deux véhicules - par le coté,Plein jour,Normale,Voie Communale,,2,Plat,Partie rectiligne,,,normale,,Sur chaussée,Conducteur,1,F,55-56,Promenade - loisirs,Casque,Non,1,1,11 - novembre,1 - mardi,Guilherand-Granges
,201700015228,2017-11-21,58,13,58278,46.94766,3.20038,Hors intersection,Deux véhicules - par le coté,Plein jour,Normale,Route Départementale,,2,Pente,Partie rectiligne,,60,normale,,Sur chaussée,Conducteur,1,M,61-62,Promenade - loisirs,Casque,Oui,1,,11 - novembre,1 - mardi,Sermoise-sur-Loire
,201700016099,2017-11-21,38,15,38416,45.15002,5.3121,Intersection en X,Deux véhicules - frontale,Crépuscule ou aube,Normale,Route Départementale,,2,Plat,,7,915,normale,,,Conducteur,2,M,61-62,Promenade - loisirs,Casque,Non,1,1,11 - novembre,1 - mardi,Saint-Marcellin
,201700022497,2017-11-21,22,18,22278,48.50904,-2.77362,Hors intersection,Autre,Nuit avec éclairage public allumé,Normale,Voie Communale,,2,Plat,Partie rectiligne,,35,normale,,Sur piste cyclable,Conducteur,0,F,16-17,Domicile - école,Casque,Non,,1,11 - novembre,1 - mardi,Saint-Brieuc
,201700022497,2017-11-21,22,18,22278,48.50904,-2.77362,Hors intersection,Autre,Nuit avec éclairage public allumé,Normale,Voie Communale,,2,Plat,Partie rectiligne,,35,normale,,Sur piste cyclable,Passager,0,F,17-18,Domicile - école,Casque,Non,,1,11 - novembre,1 - mardi,Saint-Brieuc
,201700024088,2017-11-21,30,13,30007,44.13467,4.09076,Giratoire,Deux véhicules - par le coté,Plein jour,Normale,Voie Communale,,2,Plat,Partie rectiligne,,60,normale,,,Conducteur,1,M,46-47,,Equipement réfléchissant,Oui,1,1,11 - novembre,1 - mardi,Alès
,201700026874,2017-11-21,35,8,35055,48.08716,-1.61639,Intersection en X,Deux véhicules - par le coté,Plein jour,Normale,Voie Communale,,2,Plat,Partie rectiligne,,,normale,,Sur chaussée,Conducteur,1,F,49-50,Domicile - travail,Casque,Oui,1,1,11 - novembre,1 - mardi,Chantepie
,201700028996,2017-11-21,45,9,45234,47.83952,1.9429,Giratoire,Deux véhicules - par le coté,Plein jour,Temps couvert,Voie Communale,,2,Plat,Partie rectiligne,40,70,normale,Carrefour aménagé,Sur chaussée,Conducteur,2,F,20-21,Domicile - travail,Autre,Non,1,1,11 - novembre,1 - mardi,Orléans
,201700030139,2017-11-21,51,8,51454,49.2674,4.0175,Intersection en X,Deux véhicules - par le coté,Plein jour,Normale,Voie Communale,,2,Plat,Partie rectiligne,,80,mouillée,Carrefour aménagé,Sur chaussée,Conducteur,1,F,47-48,Autre,Casque,Non,1,1,11 - novembre,1 - mardi,Reims
,201700031242,2017-11-21,57,7,57463,49.13058,6.15831,Hors intersection,Deux véhicules - par le coté,Nuit avec éclairage public allumé,Pluie légère,Route Départementale,,2,Plat,Partie rectiligne,,70,mouillée,,Sur piste cyclable,Conducteur,1,M,60-61,Domicile - travail,Casque,Oui,1,1,11 - novembre,1 - mardi,Metz
,201700032325,2017-11-21,22,15,22048,48.48689,-2.19554,Hors intersection,Aucune,Plein jour,Normale,Route Départementale,,2,Plat,,,60,normale,,Sur chaussée,Conducteur,1,M,61-62,Promenade - loisirs,Casque,Oui,,,11 - novembre,1 - mardi,Corseul
,201700032658,2017-11-21,62,14,62427,50.41928,2.93116,Intersection en X,Deux véhicules - par le coté,Plein jour,Temps couvert,Voie Communale,,2,Plat,Partie rectiligne,,,normale,,Sur chaussée,Conducteur,1,M,20-21,Autre,Equipement réfléchissant,Non déterminable,1,1,11 - novembre,1 - mardi,Hénin-Beaumont
,201700034315,2017-11-21,67,8,67482,48.57416,7.77146,Hors intersection,Deux véhicules - par le coté,Plein jour,Pluie légère,Voie Communale,,3,Plat,Partie rectiligne,,102,mouillée,,Sur chaussée,Conducteur,1,M,19-20,Domicile - école,Casque,Non,1,1,11 - novembre,1 - mardi,Strasbourg
,201700045113,2017-11-21,94,16,94046,0,0,Hors intersection,Autre,Plein jour,Normale,Autre,,1,Plat,En courbe à gauche,,20,normale,,Sur piste cyclable,Conducteur,0,M,18-19,,Casque,Oui,,1,11 - novembre,1 - mardi,Maisons-Alfort
,201700051187,2017-11-21,69,11,69383,45.75,4.88,Hors intersection,Deux véhicules - par le coté,Plein jour,Normale,Voie Communale,,1,Plat,Partie rectiligne,,,normale,,Sur piste cyclable,Conducteur,1,M,51-52,,Casque,Non,1,1,11 - novembre,1 - mardi,Lyon 3e  Arrondissement
,201700060154,2017-11-21,973,18,97302,4.92793,-52.31851,Hors intersection,Deux véhicules - par le coté,Crépuscule ou aube,Normale,Voie Communale,,2,Plat,Partie rectiligne,40,80,normale,,Sur accotement,Conducteur,2,M,34-35,,Casque,Non,1,1,11 - novembre,1 - mardi,Cayenne
,201700002093,2017-11-20,1,14,1376,45.83012,4.98086,Hors intersection,Deux véhicules - par le coté,Plein jour,Normale,Route Départementale,,2,Plat,Partie rectiligne,24,105,normale,,Sur chaussée,Conducteur,2,F,31-32,Domicile - travail,Autre,Non,1,1,11 - novembre,0 - lundi,Saint-Maurice-de-Beynost
,201700017550,2017-11-20,34,12,34142,43.73106,3.32394,Hors intersection,Deux véhicules - par le coté,Plein jour,Normale,Voie Communale,,2,Plat,,6,512,normale,,,Conducteur,1,F,31-32,Domicile - travail,Casque,Non,1,1,11 - novembre,0 - lundi,Lodève
,201700017598,2017-11-20,15,10,15014,0,0,Giratoire,Deux véhicules - par le coté,Plein jour,Normale,Voie Communale,,1,Plat,Partie rectiligne,,70,normale,Carrefour aménagé,Sur chaussée,Conducteur,1,F,45-46,Utilisation professionnelle,Equipement réfléchissant,Non,1,1,11 - novembre,0 - lundi,Aurillac
,201700024087,2017-11-20,30,16,30007,44.13926,4.08847,Giratoire,Deux véhicules - par le coté,Plein jour,Normale,Voie Communale,,,Plat,Partie rectiligne,,110,normale,,Sur chaussée,Conducteur,1,M,60-61,Autre,Equipement réfléchissant,Oui,1,1,11 - novembre,0 - lundi,Alès
,201700026324,2017-11-20,34,11,34172,43.60884,3.91342,Giratoire,Deux véhicules - par le coté,Plein jour,Normale,Voie Communale,,3,Plat,Partie rectiligne,15,115,normale,,,Conducteur,2,M,46-47,Domicile - travail,Casque,Non déterminable,1,1,11 - novembre,0 - lundi,Montpellier
,201700026852,2017-11-20,35,18,35238,48.11417,-1.69879,Hors intersection,Deux véhicules - par l’arrière,Nuit sans éclairage public,Normale,Voie Communale,,2,Pente,Partie rectiligne,,,normale,,Sur chaussée,Conducteur,1,M,22-23,Domicile - école,Casque,Non,1,1,11 - novembre,0 - lundi,Rennes
,201700032984,2017-11-20,64,13,64102,43.4662,-1.49516,Giratoire,Deux véhicules - par le coté,Plein jour,Normale,Route Départementale,,4,Plat,Partie rectiligne,40,150,normale,Bretelle d’échangeur ou de raccordement,Sur chaussée,Conducteur,2,F,61-62,,Casque,Non déterminable,1,1,11 - novembre,0 - lundi,Bayonne
,201700036197,2017-11-20,76,15,76484,49.33837,1.08735,Hors intersection,Autre,Plein jour,Normale,Voie Communale,,2,Pente,Partie rectiligne,,,normale,,Sur chaussée,Conducteur,1,M,32-33,Domicile - travail,Casque,Oui,1,1,11 - novembre,0 - lundi,Oissel
,201700038277,2017-11-20,87,18,87085,45.8088,1.25971,Hors intersection,Autre,Nuit avec éclairage public allumé,Normale,Voie Communale,,1,,,,20,normale,Souterrain - tunnel,Sur piste cyclable,Conducteur,1,F,62-63,Domicile - travail,Casque,Non,1,1,11 - novembre,0 - lundi,Limoges
,201700038277,2017-11-20,87,18,87085,45.8088,1.25971,Hors intersection,Autre,Nuit avec éclairage public allumé,Normale,Voie Communale,,1,,,,20,normale,Souterrain - tunnel,Sur piste cyclable,Conducteur,0,M,50-51,Domicile - travail,Casque,Oui,1,1,11 - novembre,0 - lundi,Limoges
,201700039335,2017-11-20,92,8,92004,48.90763,2.28348,Intersection en X,Deux véhicules - par le coté,Crépuscule ou aube,Normale,Route Départementale,,2,Plat,Partie rectiligne,,,normale,,Sur chaussée,Conducteur,1,M,34-35,Domicile - travail,Casque,Non,1,1,11 - novembre,0 - lundi,Asnières-sur-Seine
,201700059807,2017-11-20,972,12,97213,14.62554,-61.00747,Hors intersection,Deux véhicules - par le coté,Plein jour,Normale,Route Départementale,,2,Plat,Partie rectiligne,,,normale,,Sur chaussée,Conducteur,1,M,16-17,,Casque,Oui,1,,11 - novembre,0 - lundi,Lamentin
,201700005801,2017-11-19,6,10,6029,43.54906,6.99142,Hors intersection,Deux véhicules - par le coté,Plein jour,Normale,Voie Communale,,2,Plat,Partie rectiligne,,80,normale,,Sur chaussée,Conducteur,1,F,38-39,Promenade - loisirs,Casque,Oui,1,1,11 - novembre,6 - dimanche,Cannes
,201700010840,2017-11-19,13,11,13055,43.25723,5.42449,Hors intersection,Deux véhicules - par le coté,Plein jour,Normale,Voie Communale,,2,Pente,Partie rectiligne,,60,normale,Carrefour aménagé,Sur chaussée,Conducteur,2,M,61-62,Promenade - loisirs,Autre,Non déterminable,1,1,11 - novembre,6 - dimanche,Marseille
,201700014140,2017-11-19,60,17,60664,49.61324,2.29056,Autre intersection,Autre,Nuit avec éclairage public allumé,Normale,Route Départementale,,2,Plat,,,10,inondée,,,Conducteur,2,M,56-57,Promenade - loisirs,Equipement réfléchissant,Non,1,1,11 - novembre,6 - dimanche,Vendeuil-Caply
,201700020238,2017-11-19,59,12,59587,50.80094,2.55182,Hors intersection,Autre,Plein jour,Normale,Voie Communale,,2,Plat,Partie rectiligne,,35,normale,,Sur accotement,Conducteur,3,M,76-77,Promenade - loisirs,Casque,Non,,,11 - novembre,6 - dimanche,Terdeghem
,201700021331,2017-11-19,17,10,17306,45.62505,-1.00423,Intersection en T,Deux véhicules - par le coté,Plein jour,Normale,Voie Communale,,2,Plat,Partie rectiligne,,84,normale,,Sur chaussée,Conducteur,2,F,54-55,Autre,Casque,Oui,1,1,11 - novembre,6 - dimanche,Royan
,201700025938,2017-11-19,33,1,33063,44.8389,-0.56798,Intersection en T,Deux véhicules - par le coté,Nuit avec éclairage public allumé,Normale,Voie Communale,,2,Plat,Partie rectiligne,,,normale,,Sur chaussée,Conducteur,2,M,26-27,,Casque,Oui,1,1,11 - novembre,6 - dimanche,Bordeaux
,201700030644,2017-11-19,54,22,54547,48.6665,6.16655,Place,Autre,Nuit avec éclairage public allumé,Normale,Voie Communale,,,Plat,Partie rectiligne,,,,,Sur chaussée,Conducteur,1,M,34-35,,Casque,Non,,1,11 - novembre,6 - dimanche,Vanduvre-lès-Nancy
,201700030961,2017-11-19,56,4,56121,47.75322,-3.37555,Hors intersection,Aucune,Nuit avec éclairage public allumé,Normale,Autre,,,,,,,,,Sur chaussée,Conducteur,1,M,28-29,,Autre,Non déterminable,,1,11 - novembre,6 - dimanche,Lorient
,201700040941,2017-11-19,92,10,92063,48.88632,2.18402,Hors intersection,Autre,Plein jour,Pluie légère,Voie Communale,,1,Pente,Partie rectiligne,,35,mouillée,,Sur piste cyclable,Conducteur,1,M,75-76,Promenade - loisirs,Autre,Oui,1,1,11 - novembre,6 - dimanche,Rueil-Malmaison
,201700050381,2017-11-19,69,20,69381,45.77081,4.82862,Hors intersection,Deux véhicules - par le coté,Nuit avec éclairage public allumé,Normale,Voie Communale,,1,Pente,Partie rectiligne,,85,normale,,Sur chaussée,Conducteur,0,M,17-18,Utilisation professionnelle,Casque,Oui,1,1,11 - novembre,6 - dimanche,Lyon 1er Arrondissement
,201700053417,2017-11-19,75,18,75106,48.8526,2.33833,Hors intersection,Deux véhicules - par le coté,Nuit avec éclairage public allumé,Normale,Voie Communale,,4,Plat,Partie rectiligne,,140,normale,,Sur chaussée,Conducteur,1,M,23-24,Promenade - loisirs,Casque,Oui,1,1,11 - novembre,6 - dimanche,Paris 6e  Arrondissement
,201700055328,2017-11-19,75,4,75113,48.8272,2.38588,Hors intersection,Deux véhicules - par le coté,Nuit avec éclairage public allumé,Pluie légère,Voie Communale,,,Plat,Partie rectiligne,,,mouillée,,Sur chaussée,Conducteur,0,M,26-27,Autre,Casque,Non déterminable,1,1,11 - novembre,6 - dimanche,Paris 13e  Arrondissement
,201700000181,2017-11-18,62,11,62861,50.3742,2.83707,Hors intersection,Deux véhicules - frontale,Plein jour,Normale,Route Départementale,,2,Plat,Partie rectiligne,,45,normale,Souterrain - tunnel,Sur chaussée,Conducteur,2,M,78-79,Promenade - loisirs,Casque,Oui,1,1,11 - novembre,5 - samedi,Vimy
,201700003141,2017-11-18,67,10,67167,48.49027,7.31132,Hors intersection,Aucune,Plein jour,Normale,Voie Communale,,2,Pente,En courbe à droite,,,normale,,Sur chaussée,Conducteur,2,M,32-33,Promenade - loisirs,Casque,Non,1,,11 - novembre,5 - samedi,Grendelbruch
,201700004391,2017-11-18,34,9,34145,43.67658,4.12964,Intersection en T,Deux véhicules - par le coté,Plein jour,Normale,Voie Communale,,1,Plat,,4,10,normale,,,Conducteur,1,F,88-89,Courses - achats,Casque,Non,1,1,11 - novembre,5 - samedi,Lunel
,201700005495,2017-11-18,33,15,33199,44.62243,-1.07343,Giratoire,Deux véhicules - par le coté,Plein jour,Normale,Route Départementale,,2,Plat,Partie rectiligne,702,110,normale,,Sur chaussée,Conducteur,2,M,56-57,Promenade - loisirs,Casque,Non déterminable,1,1,11 - novembre,5 - samedi,Gujan-Mestras
,201700006548,2017-11-18,7,15,7008,44.71242,4.62525,Giratoire,Deux véhicules - par le coté,Plein jour,Normale,Route Nationale,,,Plat,,,,normale,Carrefour aménagé,Sur chaussée,Conducteur,1,F,77-78,Promenade - loisirs,Casque,Oui,1,,11 - novembre,5 - samedi,Alissas
,201700007848,2017-11-18,35,13,35131,48.12896,-1.82813,Giratoire,Deux véhicules - par le coté,Plein jour,Normale,Route Départementale,,2,Plat,En courbe à gauche,,10,normale,Carrefour aménagé,Sur chaussée,Conducteur,2,F,60-61,Promenade - loisirs,Casque,Oui,1,,11 - novembre,5 - samedi,Hermitage
,201700020448,2017-11-18,56,11,56047,48.04885,-2.73999,Hors intersection,Deux véhicules - par le coté,Plein jour,Normale,Voie Communale,,2,Plat,Partie rectiligne,,,normale,,Sur accotement,Conducteur,3,F,43-44,Promenade - loisirs,Casque,Non,1,,11 - novembre,5 - samedi,Crédin
,201700021297,2017-11-18,17,13,17300,46.16449,-1.1818,Giratoire,Deux véhicules - par le coté,Plein jour,Normale,Voie Communale,,2,Plat,Partie rectiligne,,29,normale,Carrefour aménagé,Sur chaussée,Conducteur,2,M,19-20,Promenade - loisirs,Autre,Oui,1,1,11 - novembre,5 - samedi,Rochelle
,201700035472,2017-11-18,73,1,73065,45.57342,5.92237,Hors intersection,Autre,Nuit avec éclairage public allumé,Normale,Voie Communale,,1,Pente,Partie rectiligne,,,normale,,Sur chaussée,Conducteur,3,M,36-37,Promenade - loisirs,Casque,Non,,1,11 - novembre,5 - samedi,Chambéry
,201700053292,2017-11-18,75,2,75105,48.8494,2.35682,Intersection en X,Deux véhicules - par le coté,Nuit avec éclairage public allumé,Normale,Voie Communale,,3,Plat,Partie rectiligne,,100,normale,Carrefour aménagé,Sur chaussée,Conducteur,1,F,20-21,Promenade - loisirs,Casque,Non,1,1,11 - novembre,5 - samedi,Paris 5e  Arrondissement
,201700054118,2017-11-18,75,20,75109,48.8712,2.33237,Place,Deux véhicules - par l’arrière,Nuit avec éclairage public allumé,Normale,Voie Communale,,3,Plat,Partie rectiligne,,,normale,,Sur chaussée,Conducteur,1,M,31-32,Autre,Casque,Non,1,1,11 - novembre,5 - samedi,Paris 9e  Arrondissement
,201700054307,2017-11-18,75,21,75110,48.8781,2.35125,Place,Autre,Nuit avec éclairage public allumé,Temps couvert,Voie Communale,,3,Pente,Partie rectiligne,,150,normale,,Sur piste cyclable,Conducteur,1,M,24-25,Domicile - travail,Casque,Non,1,1,11 - novembre,5 - samedi,Paris 10e  Arrondissement
,201700057448,2017-11-18,75,20,75118,48.8897,2.36807,Intersection en X,Autre,Nuit avec éclairage public allumé,Normale,Voie Communale,,2,Plat,Partie rectiligne,,,normale,,Sur chaussée,Conducteur,1,M,26-27,Promenade - loisirs,Casque,Non,1,1,11 - novembre,5 - samedi,Paris 18e  Arrondissement
,201700026871,2017-11-17,35,16,35238,48.11701,-1.65566,Hors intersection,Autre,Plein jour,Normale,Voie Communale,,2,Sommet de côte,Partie rectiligne,,,normale,,Sur chaussée,Conducteur,1,M,58-59,,Casque,Non déterminable,1,1,11 - novembre,4 - vendredi,Rennes
,201700028240,2017-11-17,44,11,44143,47.19398,-1.54546,Hors intersection,Deux véhicules - par le coté,Plein jour,Normale,Voie Communale,,2,Plat,Partie rectiligne,,,normale,,,Conducteur,2,F,20-21,,Casque,Non déterminable,1,1,11 - novembre,4 - vendredi,Rezé
,201700028505,2017-11-17,44,9,44109,47.20724,-1.55888,Hors intersection,Deux véhicules - par l’arrière,Plein jour,Normale,Voie Communale,,2,Plat,Partie rectiligne,,,normale,,Sur chaussée,Conducteur,2,F,23-24,,Casque,Non,1,1,11 - novembre,4 - vendredi,Nantes
,201700029498,2017-11-17,49,8,49007,47.46382,-0.55032,Hors intersection,Aucune,Nuit avec éclairage public allumé,Normale,Voie Communale,,,,,,,,,,Conducteur,1,M,25-26,,Casque,Oui,,1,11 - novembre,4 - vendredi,Angers
,201700029499,2017-11-17,49,7,49007,47.49195,-0.57216,Hors intersection,Aucune,Nuit avec éclairage public allumé,Normale,Voie Communale,,,,,,,,,Sur chaussée,Conducteur,1,F,37-38,,Casque,Oui,,1,11 - novembre,4 - vendredi,Angers
,201700029835,2017-11-17,50,7,50218,0,0,Hors intersection,Deux véhicules - par l’arrière,Plein jour,Normale,Voie Communale,,2,Plat,Partie rectiligne,,100,normale,,Sur chaussée,Conducteur,1,M,16-17,Domicile - école,Casque,Non,1,1,11 - novembre,4 - vendredi,Granville
,201700038551,2017-11-17,91,12,91103,48.60914,2.32009,Intersection en T,Deux véhicules - par le coté,Plein jour,Normale,Route Départementale,,2,Plat,Partie rectiligne,,,normale,,Sur chaussée,Conducteur,1,F,61-62,Autre,Casque,Non déterminable,1,1,11 - novembre,4 - vendredi,Brétigny-sur-Orge
,201700054304,2017-11-17,75,15,75110,48.8807,2.36465,Hors intersection,Deux véhicules - par l’arrière,Plein jour,Temps couvert,Voie Communale,,2,Plat,Partie rectiligne,,120,normale,,Sur chaussée,Conducteur,1,M,29-30,Promenade - loisirs,Casque,Non déterminable,1,1,11 - novembre,4 - vendredi,Paris 10e  Arrondissement
,201700054567,2017-11-17,75,9,75111,48.86,2.37761,Hors intersection,Autre,Plein jour,Pluie légère,Voie Communale,,1,Pente,Partie rectiligne,,40,mouillée,,Sur chaussée,Conducteur,1,M,46-47,,Casque,Non déterminable,,1,11 - novembre,4 - vendredi,Paris 11e  Arrondissement
,201700056366,2017-11-17,75,9,75116,48.8684,2.26572,Place,Deux véhicules - par le coté,Plein jour,Pluie légère,Voie Communale,,2,Plat,Partie rectiligne,,,mouillée,,Sur chaussée,Conducteur,1,F,27-28,Domicile - travail,Casque,Non déterminable,1,1,11 - novembre,4 - vendredi,Paris 16e  Arrondissement
,201700060150,2017-11-17,973,21,97302,0,0,Hors intersection,Deux véhicules - par le coté,Plein jour,Normale,Voie Communale,,2,Plat,,30,60,normale,,Sur chaussée,Conducteur,2,M,29-30,Promenade - loisirs,Casque,Non,1,1,11 - novembre,4 - vendredi,Cayenne
,201700016051,2017-11-16,38,18,38229,45.20702,5.75497,Autre intersection,Deux véhicules - par le coté,Nuit avec éclairage public allumé,Normale,Route Départementale,,2,Plat,,9,510,normale,,Sur piste cyclable,Conducteur,1,M,45-46,Domicile - travail,Casque,Oui,1,1,11 - novembre,3 - jeudi,Meylan
,201700022905,2017-11-16,26,14,26281,45.0572,5.06451,Hors intersection,Autre,Plein jour,Normale,Voie Communale,,,Plat,En courbe à droite,,,normale,,Sur trottoir,Conducteur,0,F,51-52,,Autre,Non,,1,11 - novembre,3 - jeudi,Romans-sur-Isère
,201700026869,2017-11-16,35,15,35238,48.10065,-1.64975,Intersection en X,Autre,Plein jour,Temps couvert,Voie Communale,,3,Plat,Partie rectiligne,,,normale,,Sur chaussée,Conducteur,1,F,41-42,Promenade - loisirs,Casque,Oui,1,1,11 - novembre,3 - jeudi,Rennes
,201700027507,2017-11-16,37,18,37261,47.3896,0.69062,Hors intersection,Deux véhicules - frontale,Nuit avec éclairage public allumé,Normale,Voie Communale,,1,Plat,Partie rectiligne,,,normale,Zone piétonne,Sur chaussée,Conducteur,1,M,24-25,Promenade - loisirs,Casque,Non,1,1,11 - novembre,3 - jeudi,Tours