test,identifiantAccident,date,departement,heure,commune,lat,lon,typeIntersection,typeCollision,luminosite,conditionsAtmosperiques,typeRoute,circulation,nbVoies,profilLongRoute,tracePlanRoute,largeurTPC,largeurRoute,etatSurface,amenagement,situation,categorieUsager,graviteAccident,sexe,age,motifDeplacement,existenceSecurite,usageSecurite,nombreAutresVehicules,enAgglomeration,mois,jour,NCCENR
,201700027507,2017-11-16,37,18,37261,47.3896,0.69062,Hors intersection,Deux véhicules - frontale,Nuit avec éclairage public allumé,Normale,Voie Communale,,1,Plat,Partie rectiligne,,,normale,Zone piétonne,Sur chaussée,Conducteur,0,M,16-17,Domicile - école,Casque,Non,1,1,11 - novembre,3 - jeudi,Tours
,201700028514,2017-11-16,44,18,44109,47.2222,-1.54898,Giratoire,Autre,Nuit sans éclairage public,Autre,Voie Communale,,,Plat,Partie rectiligne,,,normale,,Sur chaussée,Conducteur,2,M,19-20,,Casque,Oui,1,1,11 - novembre,3 - jeudi,Nantes
,201700029495,2017-11-16,49,18,49007,47.4636,-0.52985,Hors intersection,Autre,Nuit avec éclairage public non allumé,Normale,Voie Communale,,2,Plat,Partie rectiligne,,65,normale,,Sur chaussée,Conducteur,1,F,44-45,Domicile - travail,Equipement réfléchissant,Non déterminable,1,1,11 - novembre,3 - jeudi,Angers
,201700030959,2017-11-16,56,14,56107,47.7069,-3.38385,Giratoire,Deux véhicules - par le coté,Plein jour,Normale,Voie Communale,,2,Plat,Partie rectiligne,,,normale,Carrefour aménagé,Sur chaussée,Conducteur,1,M,18-19,Promenade - loisirs,Casque,Non,1,1,11 - novembre,3 - jeudi,Larmor-Plage
,201700032426,2017-11-16,74,15,74225,45.86405,5.94033,Intersection en X,Deux véhicules - par le coté,Plein jour,Normale,Route Départementale,,2,Plat,Partie rectiligne,,,normale,Carrefour aménagé,Sur piste cyclable,Conducteur,3,F,58-59,Promenade - loisirs,Casque,Non,1,1,11 - novembre,3 - jeudi,Rumilly
,201700040048,2017-11-16,92,10,92026,48.89669,2.23723,Hors intersection,Deux véhicules - par le coté,Plein jour,Normale,Voie Communale,,1,Plat,Partie rectiligne,,,normale,,Sur chaussée,Conducteur,1,M,35-36,Domicile - travail,Autre,Non déterminable,1,1,11 - novembre,3 - jeudi,Courbevoie
,201700040249,2017-11-16,92,9,92036,48,2.2,Intersection en X,Deux véhicules - par le coté,Plein jour,Normale,Voie Communale,,4,Plat,Partie rectiligne,10,140,normale,,Sur chaussée,Conducteur,1,M,55-56,,Casque,Non,1,1,11 - novembre,3 - jeudi,Gennevilliers
,201700042592,2017-11-16,93,15,93048,0,0,Autre intersection,Deux véhicules - frontale,Plein jour,Normale,Autre,,1,Plat,,,,normale,,,Conducteur,2,M,19-20,,Autre,Non déterminable,1,1,11 - novembre,3 - jeudi,Montreuil
,201700055326,2017-11-16,75,23,75113,48.8362,2.37145,Intersection à plus de 4 branches,Deux véhicules - par le coté,Nuit avec éclairage public allumé,Normale,Voie Communale,,2,Plat,Partie rectiligne,,80,normale,,Sur chaussée,Conducteur,1,M,34-35,Promenade - loisirs,Casque,Non déterminable,1,1,11 - novembre,3 - jeudi,Paris 13e  Arrondissement
,201700005960,2017-11-15,6,15,6069,43.657,6.9233,Hors intersection,Deux véhicules - frontale,Plein jour,Normale,Route Départementale,,,Pente,Partie rectiligne,,,normale,,Sur chaussée,Conducteur,1,M,12-13,Promenade - loisirs,Autre,Non,1,1,11 - novembre,2 - mercredi,Grasse
,201700018929,2017-11-15,11,17,11262,43.19587,2.99738,Hors intersection,Deux véhicules - par le coté,Crépuscule ou aube,Normale,Route Départementale,,2,Plat,Partie rectiligne,,,normale,,Sur chaussée,Conducteur,1,M,37-38,Promenade - loisirs,Casque,Non,1,,11 - novembre,2 - mercredi,Narbonne
,201700021295,2017-11-15,17,14,17300,46.16551,-1.18891,Intersection en T,Deux véhicules - par le coté,Plein jour,Normale,Voie Communale,,2,Plat,Partie rectiligne,,60,normale,,Sur chaussée,Conducteur,1,F,44-45,Promenade - loisirs,Equipement réfléchissant,Oui,1,1,11 - novembre,2 - mercredi,Rochelle
,201700022959,2017-11-15,26,8,26362,0,0,Giratoire,Deux véhicules - par le coté,Plein jour,Normale,Route Nationale,,1,Plat,Partie rectiligne,,,normale,,Sur chaussée,Conducteur,1,M,75-76,,Casque,Non déterminable,1,,11 - novembre,2 - mercredi,Valence
,201700023108,2017-11-15,27,18,27701,49.27138,1.21608,Hors intersection,Aucune,Nuit avec éclairage public allumé,Normale,Voie Communale,,2,Plat,En courbe à gauche,,65,normale,,Sur chaussée,Conducteur,2,F,42-43,Domicile - travail,Equipement réfléchissant,Non déterminable,,1,11 - novembre,2 - mercredi,Val-de-Reuil
,201700025037,2017-11-15,31,12,31555,43.59049,1.42021,Intersection en X,Deux véhicules - par le coté,Plein jour,Normale,Voie Communale,,,Plat,Partie rectiligne,,,normale,,Sur chaussée,Conducteur,1,F,24-25,Autre,Autre,Non déterminable,1,1,11 - novembre,2 - mercredi,Toulouse
,201700025438,2017-11-15,31,14,31044,43.62961,1.48751,Hors intersection,Deux véhicules - par le coté,Plein jour,Normale,Route Départementale,,2,Pente,,,,normale,,Sur chaussée,Conducteur,0,M,24-25,Utilisation professionnelle,Autre,Non déterminable,1,1,11 - novembre,2 - mercredi,Balma
,201700031240,2017-11-15,57,15,57463,49.10867,6.18005,Intersection en X,Deux véhicules - par le coté,Plein jour,Normale,Voie Communale,,2,Plat,Partie rectiligne,,107,normale,Pont - autopont,Sur chaussée,Conducteur,1,M,9-10,,Casque,Oui,1,1,11 - novembre,2 - mercredi,Metz
,201700033890,2017-11-15,67,17,67180,48.81827,7.79171,Intersection en X,Deux véhicules - par le coté,Nuit avec éclairage public allumé,Normale,Voie Communale,,2,Plat,Partie rectiligne,,54,normale,,Sur chaussée,Conducteur,2,M,57-58,Promenade - loisirs,Casque,Oui,1,1,11 - novembre,2 - mercredi,Haguenau
,201700034981,2017-11-15,24,14,24409,45.0453,0.3685,Hors intersection,Deux véhicules - par le coté,Plein jour,Normale,Route Départementale,,2,Plat,Partie rectiligne,,,normale,,Sur chaussée,Conducteur,1,M,13-14,Domicile - travail,Casque,Non,1,,11 - novembre,2 - mercredi,Saint-Front-de-Pradoux
,201700035672,2017-11-15,74,8,74012,46.197,6.25492,Hors intersection,Deux véhicules - par le coté,Plein jour,Normale,Voie Communale,,1,Plat,Partie rectiligne,,,normale,,Sur chaussée,Conducteur,1,M,23-24,,Equipement réfléchissant,Oui,1,1,11 - novembre,2 - mercredi,Annemasse
,201700057447,2017-11-15,75,12,75119,48.8948,2.3823,Intersection en T,Deux véhicules - par le coté,Plein jour,Pluie légère,Voie Communale,,1,Plat,Partie rectiligne,,,mouillée,Pont - autopont,Sur piste cyclable,Conducteur,1,M,45-46,Autre,Casque,Non,1,1,11 - novembre,2 - mercredi,Paris 19e  Arrondissement
,201700057447,2017-11-15,75,12,75119,48.8948,2.3823,Intersection en T,Deux véhicules - par le coté,Plein jour,Pluie légère,Voie Communale,,1,Plat,Partie rectiligne,,,mouillée,Pont - autopont,Sur piste cyclable,Conducteur,0,M,37-38,Utilisation professionnelle,Casque,Oui,1,1,11 - novembre,2 - mercredi,Paris 19e  Arrondissement
,201700000794,2017-11-14,14,8,14498,48.88743,-0.10689,Hors intersection,Deux véhicules - par l’arrière,Plein jour,Normale,Route Départementale,,2,Plat,Partie rectiligne,,60,normale,,Sur chaussée,Conducteur,2,F,76-77,Promenade - loisirs,Autre,Non déterminable,1,,11 - novembre,1 - mardi,Pertheville-Ners
,201700001168,2017-11-14,33,16,33029,44.6311,-0.79402,Hors intersection,Deux véhicules - par l’arrière,Plein jour,Normale,Route Départementale,,2,Plat,,,106,normale,,Sur piste cyclable,Conducteur,2,M,65-66,Promenade - loisirs,Casque,Oui,1,,11 - novembre,1 - mardi,Barp
,201700005254,2017-11-14,77,11,77510,48.81048,2.78574,Hors intersection,Deux véhicules - par l’arrière,Plein jour,Normale,Route Départementale,,2,Plat,En « S »,,68,normale,,Sur chaussée,Conducteur,1,M,71-72,Promenade - loisirs,Casque,Oui,1,,11 - novembre,1 - mardi,Villeneuve-Saint-Denis
,201700021294,2017-11-14,17,17,17300,46.16277,-1.15236,Intersection en T,Deux véhicules - par le coté,Plein jour,Normale,Voie Communale,,1,Plat,Partie rectiligne,,58,normale,,Sur piste cyclable,Conducteur,2,F,57-58,Domicile - travail,Autre,Non,1,1,11 - novembre,1 - mardi,Rochelle
,201700021294,2017-11-14,17,17,17300,46.16277,-1.15236,Intersection en T,Deux véhicules - par le coté,Plein jour,Normale,Voie Communale,,1,Plat,Partie rectiligne,,58,normale,,Sur piste cyclable,Conducteur,1,M,13-14,Domicile - école,Autre,Non déterminable,1,1,11 - novembre,1 - mardi,Rochelle
,201700021327,2017-11-14,17,10,17306,45.62775,-1.02817,Hors intersection,Deux véhicules - par le coté,Plein jour,Normale,Voie Communale,,2,Plat,Partie rectiligne,,138,normale,,Sur chaussée,Conducteur,1,F,64-65,Promenade - loisirs,Casque,Non,1,1,11 - novembre,1 - mardi,Royan
,201700034308,2017-11-14,67,13,67482,48.54902,7.74127,Intersection en T,Deux véhicules - par le coté,Plein jour,Normale,Voie Communale,,2,Plat,Partie rectiligne,,150,normale,,Sur chaussée,Conducteur,0,M,22-23,Promenade - loisirs,Autre,Non déterminable,1,1,11 - novembre,1 - mardi,Strasbourg
,201700034427,2017-11-14,68,15,68066,48.07085,7.35142,Intersection en T,Deux véhicules - frontale,Plein jour,Normale,Voie Communale,,1,Plat,Partie rectiligne,,110,normale,,Sur chaussée,Conducteur,2,M,15-16,,Casque,Non,1,1,11 - novembre,1 - mardi,Colmar
,201700036882,2017-11-14,79,8,79191,46.32762,-0.46672,Hors intersection,Autre,Plein jour,Normale,Voie Communale,,2,Plat,Partie rectiligne,,50,normale,,Sur chaussée,Conducteur,1,F,42-43,,Equipement réfléchissant,Non,1,1,11 - novembre,1 - mardi,Niort
,201700043609,2017-11-14,94,23,94002,0,0,Intersection en T,Deux véhicules - par le coté,Nuit avec éclairage public allumé,Normale,Voie Communale,,1,Plat,Partie rectiligne,,30,normale,,Sur chaussée,Conducteur,1,F,53-54,Domicile - travail,Autre,Non,1,1,11 - novembre,1 - mardi,Alfortville
,201700051165,2017-11-14,69,8,69383,47.61937,6.15293,Hors intersection,Deux véhicules - par le coté,Plein jour,Normale,Voie Communale,,2,Plat,Partie rectiligne,,,normale,,Sur piste cyclable,Conducteur,1,F,32-33,,Casque,Oui,1,1,11 - novembre,1 - mardi,Lyon 3e  Arrondissement
,201700051166,2017-11-14,69,10,69388,45.73802,4.88445,Intersection en T,Aucune,Plein jour,Normale,Route Départementale,,2,Pente,Partie rectiligne,,30,normale,,,Conducteur,1,M,25-26,,Autre,Non déterminable,,1,11 - novembre,1 - mardi,Lyon 8e  Arrondissement
,201700051168,2017-11-14,69,16,69383,45.7522,4.8524,Intersection en Y,Deux véhicules - par le coté,Plein jour,Temps couvert,Voie Communale,,1,Plat,Partie rectiligne,,,normale,,Sur chaussée,Conducteur,1,M,36-37,Domicile - travail,Autre,Oui,1,1,11 - novembre,1 - mardi,Lyon 3e  Arrondissement
,201700056793,2017-11-14,75,17,75117,48.8894,2.32309,Hors intersection,Autre,Nuit avec éclairage public allumé,Normale,Voie Communale,,2,Plat,Partie rectiligne,,,normale,,Sur piste cyclable,Conducteur,0,M,61-62,Courses - achats,Casque,Non déterminable,,1,11 - novembre,1 - mardi,Paris 17e  Arrondissement
,201700057446,2017-11-14,75,20,75119,48.8868,2.38552,Hors intersection,Deux véhicules - par le coté,Nuit avec éclairage public allumé,Normale,Voie Communale,,,Plat,Partie rectiligne,,20,normale,,Sur piste cyclable,Conducteur,1,M,56-57,Domicile - travail,Casque,Non déterminable,1,1,11 - novembre,1 - mardi,Paris 19e  Arrondissement
,201700057446,2017-11-14,75,20,75119,48.8868,2.38552,Hors intersection,Deux véhicules - par le coté,Nuit avec éclairage public allumé,Normale,Voie Communale,,,Plat,Partie rectiligne,,20,normale,,Sur piste cyclable,Conducteur,0,F,32-33,Domicile - travail,Casque,Non déterminable,1,1,11 - novembre,1 - mardi,Paris 19e  Arrondissement
,201700004390,2017-11-13,34,10,34145,43.67478,4.13211,Giratoire,Deux véhicules - par le coté,Plein jour,Vent fort - tempête,Route Départementale,,2,Plat,,8,15,normale,,,Conducteur,2,F,67-68,Promenade - loisirs,Casque,Non,1,1,11 - novembre,0 - lundi,Lunel
,201700022618,2017-11-13,25,16,25056,47.24261,6.03366,Hors intersection,Autre,Plein jour,Pluie légère,Voie Communale,,2,Plat,Partie rectiligne,,,mouillée,,Sur chaussée,Conducteur,1,M,9-10,,Equipement réfléchissant,Oui,1,1,11 - novembre,0 - lundi,Besançon
,201700027500,2017-11-13,37,9,37233,47.394,0.716,Giratoire,Deux véhicules - par le coté,Plein jour,Normale,Voie Communale,,2,Plat,Partie rectiligne,,,normale,,,Conducteur,1,F,24-25,Promenade - loisirs,Casque,Non,1,1,11 - novembre,0 - lundi,Saint-Pierre-des-Corps
,201700030629,2017-11-13,54,18,54304,48.68458,6.15396,Intersection en T,Deux véhicules - par le coté,Nuit avec éclairage public allumé,Normale,Voie Communale,,3,Plat,Partie rectiligne,,,normale,,Sur chaussée,Conducteur,1,M,24-25,Promenade - loisirs,Casque,Non déterminable,1,1,11 - novembre,0 - lundi,Laxou
,201700055908,2017-11-13,75,21,75115,48.8451,2.32016,Intersection en T,Autre,Nuit avec éclairage public allumé,Normale,Voie Communale,,2,Pente,Partie rectiligne,,,normale,,Sur chaussée,Conducteur,0,M,15-16,Utilisation professionnelle,Casque,Non déterminable,,1,11 - novembre,0 - lundi,Paris 15e  Arrondissement
,201700057121,2017-11-13,75,14,75118,48.8876,2.36713,Hors intersection,Autre,Plein jour,Normale,Voie Communale,,,Plat,Partie rectiligne,,,normale,Zone piétonne,Sur trottoir,Conducteur,0,F,36-37,Domicile - travail,Casque,Non déterminable,,1,11 - novembre,0 - lundi,Paris 18e  Arrondissement
,201700037658,2017-11-12,84,20,84035,43.855,5.03216,Hors intersection,Deux véhicules - par l’arrière,Nuit sans éclairage public,Pluie légère,Route Départementale,,1,Plat,Partie rectiligne,,,mouillée,,Sur accotement,Conducteur,2,M,49-50,Autre,Equipement réfléchissant,Oui,1,,11 - novembre,6 - dimanche,Cavaillon
,201700051162,2017-11-12,69,17,69388,45.743,4.872,Hors intersection,Deux véhicules - par le coté,Nuit avec éclairage public allumé,Pluie forte,Voie Communale,,1,Plat,Partie rectiligne,,,mouillée,,Sur trottoir,Conducteur,1,M,35-36,Promenade - loisirs,Casque,Non,1,1,11 - novembre,6 - dimanche,Lyon 8e  Arrondissement
,201700054561,2017-11-12,75,9,75111,48.8505,2.37938,Intersection en T,Deux véhicules - par le coté,Plein jour,Pluie forte,Voie Communale,,3,Plat,Partie rectiligne,,140,mouillée,,Sur chaussée,Conducteur,2,M,65-66,,Casque,Non déterminable,1,1,11 - novembre,6 - dimanche,Paris 11e  Arrondissement
,201700001954,2017-11-11,69,12,69154,45.75596,4.63219,Hors intersection,Aucune,Plein jour,Temps couvert,Route Départementale,,2,Pente,En courbe à droite,,,mouillée,,Sur chaussée,Conducteur,2,M,32-33,Promenade - loisirs,Casque,Oui,,,11 - novembre,5 - samedi,Pollionnay
,201700035181,2017-11-11,35,15,35307,48.28694,-1.96918,Intersection en T,Deux véhicules - par le coté,Plein jour,Pluie légère,Route Départementale,,2,Pente,Partie rectiligne,,20,normale,Carrefour aménagé,Sur chaussée,Conducteur,2,M,86-87,Promenade - loisirs,Casque,Oui,1,,11 - novembre,5 - samedi,Saint-Pern
,201700035473,2017-11-11,73,10,73087,45.55951,5.8962,Giratoire,Deux véhicules - par le coté,Plein jour,Normale,Route Départementale,,2,Plat,Partie rectiligne,,,normale,,Sur chaussée,Conducteur,2,M,48-49,Promenade - loisirs,Casque,Non,1,1,11 - novembre,5 - samedi,Cognin
,201700054560,2017-11-11,75,20,75111,48.8657,2.37246,Intersection en X,Deux véhicules - par le coté,Nuit avec éclairage public allumé,Pluie légère,Voie Communale,,,Pente,Partie rectiligne,,140,mouillée,,Sur chaussée,Conducteur,1,M,29-30,Domicile - travail,Casque,Non déterminable,1,1,11 - novembre,5 - samedi,Paris 11e  Arrondissement
,201700058673,2017-11-11,971,10,97121,0,0,Hors intersection,Deux véhicules - frontale,Plein jour,Normale,Route Nationale,,2,Pente,Partie rectiligne,,70,normale,,Sur chaussée,Conducteur,2,M,51-52,Promenade - loisirs,Casque,Non déterminable,1,1,11 - novembre,5 - samedi,Pointe-Noire
,201700060519,2017-11-11,974,13,97416,-21.31957,55.47825,Hors intersection,Autre,Plein jour,Normale,Voie Communale,,1,Pente,En courbe à droite,15,15,normale,,Sur chaussée,Conducteur,2,M,13-14,Promenade - loisirs,Casque,Non,,1,11 - novembre,5 - samedi,Saint-Pierre
,201700024285,2017-11-10,63,15,63071,45.76747,2.8974,Intersection en T,Deux véhicules - par le coté,Plein jour,Pluie légère,Route Départementale,,2,Pente,,500,20,normale,,,Conducteur,2,M,50-51,Promenade - loisirs,Casque,Oui,1,1,11 - novembre,4 - vendredi,Ceyssat
,201700025023,2017-11-10,31,7,31555,43.60911,1.42766,Hors intersection,Deux véhicules - par le coté,Crépuscule ou aube,Normale,Voie Communale,,1,Plat,Partie rectiligne,,,normale,,Sur chaussée,Conducteur,1,M,18-19,Utilisation professionnelle,Casque,Oui,1,1,11 - novembre,4 - vendredi,Toulouse
,201700025467,2017-11-10,42,17,42332,46.00881,4.04678,Hors intersection,Deux véhicules - par le coté,Nuit sans éclairage public,Pluie légère,Route Départementale,,2,Plat,Partie rectiligne,,,mouillée,,Sur chaussée,Conducteur,0,M,16-17,,Equipement réfléchissant,Non,1,,11 - novembre,4 - vendredi,Villerest
,201700025562,2017-11-10,33,8,33009,44.65617,-1.17811,Intersection en T,Deux véhicules - par le coté,Plein jour,Pluie légère,Voie Communale,,2,Plat,Partie rectiligne,,60,mouillée,,Sur chaussée,Conducteur,2,F,42-43,Domicile - travail,Casque,Non,1,1,11 - novembre,4 - vendredi,Arcachon
,201700026312,2017-11-10,34,9,34172,43.61527,3.87747,Intersection en T,Deux véhicules - frontale,Plein jour,Normale,Voie Communale,,1,Plat,Partie rectiligne,,30,normale,,Sur chaussée,Conducteur,1,F,34-35,Domicile - travail,Casque,Non,1,1,11 - novembre,4 - vendredi,Montpellier
,201700026862,2017-11-10,35,14,35055,48.08762,-1.62559,Giratoire,Deux véhicules - par le coté,Plein jour,Normale,Voie Communale,,1,Plat,En courbe à droite,,,normale,,Sur chaussée,Conducteur,1,M,64-65,,Casque,Non,1,1,11 - novembre,4 - vendredi,Chantepie
,201700027494,2017-11-10,37,6,37261,47.37362,0.67829,Giratoire,Autre,Nuit avec éclairage public allumé,Temps couvert,Voie Communale,,4,Plat,Partie rectiligne,,,normale,,,Conducteur,1,M,29-30,Domicile - travail,Casque,Non,1,1,11 - novembre,4 - vendredi,Tours
,201700028988,2017-11-10,45,19,45234,47.91011,1.89856,Intersection en X,Deux véhicules - par le coté,Nuit avec éclairage public allumé,Normale,Voie Communale,,2,Plat,Partie rectiligne,,79,normale,,Sur chaussée,Conducteur,1,F,55-56,,Autre,Non,1,1,11 - novembre,4 - vendredi,Orléans
,201700035623,2017-11-10,74,18,74010,45.91606,6.12858,Giratoire,Deux véhicules - par le coté,Nuit avec éclairage public allumé,Pluie légère,Voie Communale,,2,Plat,Partie rectiligne,,,mouillée,,,Conducteur,1,F,62-63,,Autre,Non déterminable,1,1,11 - novembre,4 - vendredi,Annecy
,201700043721,2017-11-10,94,14,94070,48.72845,2.56888,Intersection en T,Deux véhicules - par le coté,Plein jour,Pluie légère,Voie Communale,,2,Plat,Partie rectiligne,,50,mouillée,,Sur chaussée,Conducteur,1,M,13-14,Domicile - école,Autre,Non déterminable,1,1,11 - novembre,4 - vendredi,Santeny
,201700044438,2017-11-10,94,19,94028,0,0,Intersection en X,Autre,Nuit avec éclairage public allumé,Pluie légère,Voie Communale,,2,Pente,Partie rectiligne,,,mouillée,,Sur chaussée,Conducteur,1,M,42-43,Domicile - travail,Casque,Non,1,1,11 - novembre,4 - vendredi,Créteil
,201700054949,2017-11-10,75,19,75111,48.8535,2.36952,Place,Deux véhicules - par l’arrière,Nuit avec éclairage public allumé,Normale,Voie Communale,,,Plat,,200,400,normale,,,Conducteur,1,F,31-32,Autre,Casque,Non déterminable,1,1,11 - novembre,4 - vendredi,Paris 11e  Arrondissement
,201700054950,2017-11-10,75,21,75111,48.8576,2.36804,Intersection en T,Autre,Nuit avec éclairage public allumé,Normale,Voie Communale,,,Plat,Partie rectiligne,,,normale,,Sur chaussée,Conducteur,1,M,30-31,,Casque,Non déterminable,1,1,11 - novembre,4 - vendredi,Paris 11e  Arrondissement
,201700056356,2017-11-10,75,20,75116,48.8409,2.26529,Intersection en X,Deux véhicules - par le coté,Nuit avec éclairage public allumé,Normale,Voie Communale,,2,Plat,Partie rectiligne,,,normale,Zone piétonne,Sur chaussée,Conducteur,1,F,59-60,Promenade - loisirs,Casque,Non déterminable,1,1,11 - novembre,4 - vendredi,Paris 16e  Arrondissement
,201700003005,2017-11-09,54,10,54020,48.6039,6.43786,Hors intersection,Deux véhicules - par l’arrière,Plein jour,Temps couvert,Route Départementale,,2,Plat,Partie rectiligne,,,normale,,Sur piste cyclable,Conducteur,2,M,67-68,Promenade - loisirs,Casque,Non,1,,11 - novembre,3 - jeudi,Anthelupt
,201700010769,2017-11-09,13,9,13055,43.29894,5.42973,Intersection en T,Deux véhicules - frontale,Plein jour,Normale,Voie Communale,,2,Sommet de côte,Partie rectiligne,,60,normale,,Sur chaussée,Conducteur,2,M,45-46,Domicile - travail,Autre,Non déterminable,1,1,11 - novembre,3 - jeudi,Marseille
,201700021291,2017-11-09,17,7,17300,46.16367,-1.1712,Intersection en T,Deux véhicules - par le coté,Plein jour,Normale,Voie Communale,,2,Plat,Partie rectiligne,,82,normale,,Sur chaussée,Conducteur,1,M,15-16,Domicile - école,Autre,Non déterminable,1,1,11 - novembre,3 - jeudi,Rochelle
,201700026846,2017-11-09,35,16,35238,48.0973,-1.65783,Intersection à plus de 4 branches,Deux véhicules - par le coté,Plein jour,Pluie légère,Voie Communale,,2,Bas de côte,Partie rectiligne,,,mouillée,,Sur chaussée,Conducteur,1,M,50-51,Domicile - travail,Casque,Oui,1,1,11 - novembre,3 - jeudi,Rennes
,201700030125,2017-11-09,51,11,51454,49.24327,4.04441,Hors intersection,Deux véhicules - par le coté,Plein jour,Normale,Voie Communale,,1,Pente,Partie rectiligne,,90,normale,,Sur trottoir,Conducteur,1,F,31-32,Utilisation professionnelle,Casque,Oui,1,1,11 - novembre,3 - jeudi,Reims
,201700030126,2017-11-09,51,22,51454,49.24923,4.0369,Intersection en X,Deux véhicules - par le coté,Nuit avec éclairage public allumé,Normale,Voie Communale,,2,Plat,Partie rectiligne,,,normale,,Sur chaussée,Conducteur,1,M,20-21,Promenade - loisirs,Casque,Non,1,1,11 - novembre,3 - jeudi,Reims
,201700034306,2017-11-09,67,14,67482,48.57988,7.71568,Hors intersection,Deux véhicules - par le coté,Plein jour,Normale,Voie Communale,,4,Plat,Partie rectiligne,,76,normale,,Sur chaussée,Conducteur,1,F,33-34,Autre,Autre,Non déterminable,1,1,11 - novembre,3 - jeudi,Strasbourg
,201700037798,2017-11-09,86,9,86066,46.81252,0.53051,Giratoire,Deux véhicules - par le coté,Plein jour,Pluie légère,Voie Communale,,2,Plat,Partie rectiligne,,,mouillée,,Sur chaussée,Conducteur,2,M,75-76,Promenade - loisirs,Casque,Oui,1,1,11 - novembre,3 - jeudi,Châtellerault
,201700057441,2017-11-09,75,18,75119,48.8862,2.39647,Place,Deux véhicules - par le coté,Nuit avec éclairage public allumé,Normale,Voie Communale,,4,Plat,Partie rectiligne,,,normale,Voie ferrée,Sur piste cyclable,Conducteur,1,M,42-43,Promenade - loisirs,Casque,Non déterminable,1,1,11 - novembre,3 - jeudi,Paris 19e  Arrondissement
,201700004209,2017-11-08,84,11,84054,43.92227,5.04257,Hors intersection,Deux véhicules - par l’arrière,Plein jour,Normale,Voie Communale,,2,Plat,Partie rectiligne,20,60,normale,,Sur chaussée,Conducteur,2,M,13-14,,Autre,Oui,1,1,11 - novembre,2 - mercredi,Isle-sur-la-Sorgue
,201700017735,2017-11-08,41,7,41143,47.98047,0.89989,Hors intersection,Deux véhicules - par le coté,Nuit avec éclairage public allumé,Pluie légère,Voie Communale,,2,Plat,,,25,normale,,,Conducteur,2,M,11-12,Domicile - école,Equipement réfléchissant,Oui,1,1,11 - novembre,2 - mercredi,Mondoubleau
,201700023801,2017-11-08,29,19,29039,47.89001,-3.91597,Giratoire,Deux véhicules - par le coté,Nuit sans éclairage public,Normale,Route Départementale,,1,Pente,En courbe à droite,,52,normale,,Sur chaussée,Conducteur,1,F,25-26,Domicile - travail,Equipement réfléchissant,Oui,1,1,11 - novembre,2 - mercredi,Concarneau
,201700025020,2017-11-08,31,17,31149,43.60918,1.32633,Giratoire,Deux véhicules - par le coté,Nuit avec éclairage public allumé,Pluie légère,Voie Communale,,2,Plat,Partie rectiligne,,,mouillée,,Sur chaussée,Conducteur,1,M,32-33,Autre,Autre,Non déterminable,1,1,11 - novembre,2 - mercredi,Colomiers
,201700025481,2017-11-08,84,15,84104,44.19172,5.01464,Giratoire,Deux véhicules - par le coté,Plein jour,Normale,Route Départementale,,2,Plat,,,15,normale,,,Conducteur,2,M,57-58,Promenade - loisirs,Casque,Oui,1,,11 - novembre,2 - mercredi,Sablet
,201700026314,2017-11-08,34,12,34172,43.59506,3.88827,Hors intersection,Aucune,Plein jour,Normale,Voie Communale,,4,Plat,Partie rectiligne,,120,normale,,Sur chaussée,Conducteur,0,M,46-47,,Autre,Non déterminable,,1,11 - novembre,2 - mercredi,Montpellier
,201700026838,2017-11-08,35,18,35238,48.11773,-1.67701,Hors intersection,Deux véhicules - par le coté,Nuit avec éclairage public allumé,Normale,Voie Communale,,2,Plat,Partie rectiligne,,,normale,,Sur trottoir,Conducteur,2,F,29-30,,Casque,Non,1,1,11 - novembre,2 - mercredi,Rennes
,201700030623,2017-11-08,54,7,54395,48.67453,6.17539,Intersection en T,Autre,Plein jour,Normale,Voie Communale,,2,Sommet de côte,Partie rectiligne,,,mouillée,,Sur chaussée,Conducteur,0,M,19-20,,Casque,Oui,,1,11 - novembre,2 - mercredi,Nancy
,201700030630,2017-11-08,54,12,54395,48.6748,6.19583,Hors intersection,Autre,Plein jour,Autre,Voie Communale,,2,,,,,,,Sur chaussée,Conducteur,1,F,20-21,Domicile - école,Casque,Non,1,1,11 - novembre,2 - mercredi,Nancy
,201700041217,2017-11-08,92,,92075,48.82155,2.28689,Hors intersection,Aucune,Nuit avec éclairage public allumé,Normale,Voie Communale,,1,Pente,Partie rectiligne,,50,normale,,Sur chaussée,Conducteur,1,M,47-48,Promenade - loisirs,Casque,Oui,,1,11 - novembre,2 - mercredi,Vanves
,201700043244,2017-11-08,93,11,93066,48.91,2.36,Hors intersection,Deux véhicules - par le coté,Plein jour,Normale,Voie Communale,,1,Plat,Partie rectiligne,,,normale,Carrefour aménagé,Sur chaussée,Conducteur,2,F,27-28,,Casque,Non,1,1,11 - novembre,2 - mercredi,Saint-Denis
,201700044132,2017-11-08,94,12,94059,0,0,Hors intersection,Aucune,Plein jour,Normale,Voie Communale,,2,Plat,Partie rectiligne,,70,normale,,Sur chaussée,Conducteur,1,M,15-16,Domicile - école,Autre,Non,,1,11 - novembre,2 - mercredi,Plessis-Trévise