test,identifiantAccident,date,departement,heure,commune,lat,lon,typeIntersection,typeCollision,luminosite,conditionsAtmosperiques,typeRoute,circulation,nbVoies,profilLongRoute,tracePlanRoute,largeurTPC,largeurRoute,etatSurface,amenagement,situation,categorieUsager,graviteAccident,sexe,age,motifDeplacement,existenceSecurite,usageSecurite,nombreAutresVehicules,enAgglomeration,mois,jour,NCCENR
,201700044132,2017-11-08,94,12,94059,0,0,Hors intersection,Aucune,Plein jour,Normale,Voie Communale,,2,Plat,Partie rectiligne,,70,normale,,Sur chaussée,Piéton,1,M,15-16,Domicile - école,,,,1,11 - novembre,2 - mercredi,Plessis-Trévise
,201700051152,2017-11-08,69,13,69383,45.75561,4.85919,Hors intersection,Aucune,Plein jour,Normale,Voie Communale,,1,Plat,Partie rectiligne,,50,normale,,Sur piste cyclable,Conducteur,1,M,26-27,Utilisation professionnelle,Equipement réfléchissant,Non,,1,11 - novembre,2 - mercredi,Lyon 3e  Arrondissement
,201700053591,2017-11-08,75,9,75107,48.8568,2.30924,Hors intersection,Deux véhicules - par le coté,Plein jour,Temps couvert,Voie Communale,,2,Plat,Partie rectiligne,,,normale,,Sur chaussée,Conducteur,2,F,29-30,Utilisation professionnelle,Casque,Non déterminable,1,1,11 - novembre,2 - mercredi,Paris 7e  Arrondissement
,201700054294,2017-11-08,75,21,75110,48.8745,2.3628,Intersection en Y,Deux véhicules - par le coté,Nuit avec éclairage public allumé,Pluie légère,Voie Communale,,1,Pente,Partie rectiligne,,35,mouillée,,Sur piste cyclable,Conducteur,1,M,44-45,Promenade - loisirs,Casque,Non déterminable,1,1,11 - novembre,2 - mercredi,Paris 10e  Arrondissement
,201700054944,2017-11-08,75,7,75112,48.8478,2.36743,Hors intersection,Autre,Plein jour,Normale,Voie Communale,,2,Plat,Partie rectiligne,,30,normale,,Sur piste cyclable,Conducteur,2,M,45-46,Domicile - travail,Casque,Oui,,1,11 - novembre,2 - mercredi,Paris 12e  Arrondissement
,201700014557,2017-11-07,14,11,14670,49.23055,-0.52141,Hors intersection,Deux véhicules - par le coté,Plein jour,Normale,Route Départementale,,2,Sommet de côte,Partie rectiligne,,,normale,,Sur chaussée,Conducteur,0,M,65-66,Promenade - loisirs,Casque,Oui,1,,11 - novembre,1 - mardi,Secqueville-en-Bessin
,201700014557,2017-11-07,14,11,14670,49.23055,-0.52141,Hors intersection,Deux véhicules - par le coté,Plein jour,Normale,Route Départementale,,2,Sommet de côte,Partie rectiligne,,,normale,,Sur chaussée,Conducteur,2,M,68-69,Promenade - loisirs,Casque,Oui,1,,11 - novembre,1 - mardi,Secqueville-en-Bessin
,201700020290,2017-11-07,56,7,56231,47.69007,-2.67146,Hors intersection,Deux véhicules - par le coté,Crépuscule ou aube,Normale,Route Départementale,,2,Pente,Partie rectiligne,,,normale,,Sur chaussée,Conducteur,2,M,18-19,Domicile - travail,Casque,Non,1,,11 - novembre,1 - mardi,Saint-Nolff
,201700026843,2017-11-07,35,12,35238,48.11607,-1.66608,Hors intersection,Autre,Plein jour,Normale,Voie Communale,,2,,,,,,,Sur chaussée,Conducteur,1,M,15-16,,Casque,Non déterminable,,1,11 - novembre,1 - mardi,Rennes
,201700027488,2017-11-07,37,18,37261,47.38526,0.69548,Hors intersection,Deux véhicules - par le coté,Nuit sans éclairage public,Normale,Voie Communale,,2,Plat,Partie rectiligne,,,normale,,Sur chaussée,Conducteur,2,F,30-31,Domicile - école,Casque,Non,1,1,11 - novembre,1 - mardi,Tours
,201700027675,2017-11-07,38,11,38185,45.19021,5.72774,Hors intersection,Autre,Plein jour,Normale,Voie Communale,,2,Plat,Partie rectiligne,,74,normale,Voie ferrée,Sur chaussée,Conducteur,0,M,19-20,,Casque,Oui,,1,11 - novembre,1 - mardi,Grenoble
,201700030124,2017-11-07,51,22,51454,49.25229,4.03211,Intersection en X,Deux véhicules - par le coté,Nuit avec éclairage public allumé,Normale,Voie Communale,,1,Pente,Partie rectiligne,,70,normale,,Sur chaussée,Conducteur,1,M,19-20,Promenade - loisirs,Autre,Non,1,1,11 - novembre,1 - mardi,Reims
,201700034486,2017-11-07,68,16,68224,47.74358,7.32418,Hors intersection,Autre,Plein jour,Normale,Voie Communale,,2,Plat,Partie rectiligne,,100,normale,,Sur trottoir,Conducteur,0,M,11-12,Promenade - loisirs,Autre,Non déterminable,,1,11 - novembre,1 - mardi,Mulhouse
,201700034486,2017-11-07,68,16,68224,47.74358,7.32418,Hors intersection,Autre,Plein jour,Normale,Voie Communale,,2,Plat,Partie rectiligne,,100,normale,,Sur trottoir,Passager,0,M,12-13,Promenade - loisirs,Autre,Non déterminable,,1,11 - novembre,1 - mardi,Mulhouse
,201700034517,2017-11-07,68,17,68166,47.78585,7.32774,Hors intersection,Deux véhicules - par le coté,Nuit avec éclairage public non allumé,Pluie légère,Voie Communale,,2,Plat,Partie rectiligne,,60,mouillée,,Sur chaussée,Conducteur,2,F,10-11,Promenade - loisirs,Autre,Non déterminable,1,1,11 - novembre,1 - mardi,Kingersheim
,201700035621,2017-11-07,74,13,74010,45.9207,6.1329,Giratoire,Deux véhicules - par le coté,Plein jour,Normale,Voie Communale,,2,Plat,Partie rectiligne,,,normale,,Sur chaussée,Conducteur,1,M,57-58,,Autre,Non déterminable,1,1,11 - novembre,1 - mardi,Annecy
,201700038349,2017-11-07,88,21,88413,48.28341,6.95734,Intersection en T,Deux véhicules - par le coté,Nuit avec éclairage public allumé,Pluie légère,Voie Communale,,1,Plat,Partie rectiligne,,64,mouillée,,Sur chaussée,Conducteur,2,M,39-40,Promenade - loisirs,Autre,Non,1,1,11 - novembre,1 - mardi,Saint-Dié-des-Vosges
,201700041247,2017-11-07,92,9,92075,48.8184,2.266,Hors intersection,Aucune,Plein jour,Normale,Voie Communale,,2,Plat,Partie rectiligne,,75,normale,,Sur chaussée,Conducteur,2,F,49-50,,Casque,Non déterminable,,1,11 - novembre,1 - mardi,Vanves
,201700041426,2017-11-07,93,10,93001,48.91371,2.38246,Hors intersection,Deux véhicules - par le coté,Plein jour,Normale,Voie Communale,,1,Plat,,,,normale,,Sur chaussée,Conducteur,1,F,25-26,Domicile - travail,Autre,Non déterminable,1,1,11 - novembre,1 - mardi,Aubervilliers
,201700042588,2017-11-07,93,18,93048,48.86141,2.44384,Hors intersection,Trois véhicules et plus - collisions multiples,Nuit avec éclairage public allumé,Normale,Voie Communale,,2,Pente,Partie rectiligne,,50,normale,,Sur chaussée,Conducteur,1,M,26-27,Domicile - travail,Casque,Non,2,1,11 - novembre,1 - mardi,Montreuil
,201700053027,2017-11-07,75,23,75104,48.8552,2.3528,Intersection en T,Deux véhicules - par le coté,Nuit avec éclairage public allumé,Normale,Voie Communale,,2,Plat,Partie rectiligne,25,50,normale,Carrefour aménagé,Sur chaussée,Conducteur,1,M,21-22,Promenade - loisirs,Casque,Oui,1,1,11 - novembre,1 - mardi,Paris 4e  Arrondissement
,201700053407,2017-11-07,75,23,75106,48.8543,2.34317,Intersection en T,Autre,Nuit avec éclairage public allumé,Normale,Voie Communale,,1,Plat,Partie rectiligne,,30,normale,,Sur chaussée,Conducteur,2,M,18-19,Utilisation professionnelle,Casque,Non déterminable,,1,11 - novembre,1 - mardi,Paris 6e  Arrondissement
,201700055321,2017-11-07,75,9,75113,48.8263,2.36146,Intersection en T,Autre,Plein jour,Normale,Voie Communale,,3,Plat,Partie rectiligne,,60,normale,,Sur trottoir,Conducteur,0,M,17-18,Domicile - école,Casque,Non déterminable,,1,11 - novembre,1 - mardi,Paris 13e  Arrondissement
,201700055603,2017-11-07,75,15,75114,48.8237,2.3232,Intersection en X,Deux véhicules - par le coté,Plein jour,Normale,Voie Communale,,,Plat,Partie rectiligne,20,90,normale,,Sur piste cyclable,Conducteur,1,F,24-25,,Casque,Non déterminable,1,1,11 - novembre,1 - mardi,Paris 14e  Arrondissement
,201700057113,2017-11-07,75,7,75118,48.8855,2.34735,Hors intersection,Autre,Plein jour,Normale,Voie Communale,,2,Plat,Partie rectiligne,,35,normale,,Sur chaussée,Conducteur,0,M,41-42,Domicile - travail,Casque,Non déterminable,,1,11 - novembre,1 - mardi,Paris 18e  Arrondissement
,201700057114,2017-11-07,75,14,75118,48.8952,2.32817,Intersection en T,Autre,Plein jour,Normale,Voie Communale,,3,Plat,Partie rectiligne,,140,normale,,Sur chaussée,Conducteur,2,M,51-52,,Casque,Non déterminable,1,1,11 - novembre,1 - mardi,Paris 18e  Arrondissement
,201700060692,2017-11-07,976,19,97611,-12.76433,45.22543,Hors intersection,Autre,Nuit sans éclairage public,Normale,Route Nationale,,2,Plat,Partie rectiligne,,,normale,,Sur chaussée,Conducteur,0,M,17-18,,Autre,Oui,,1,11 - novembre,1 - mardi,Mamoudzou
,201700015654,2017-11-06,15,17,15008,45.35193,2.56187,Intersection en T,Deux véhicules - par le coté,Crépuscule ou aube,Pluie légère,Route Départementale,,2,Pente,,50,20,normale,,,Conducteur,2,M,10-11,Promenade - loisirs,Casque,Non,1,1,11 - novembre,0 - lundi,Antignac
,201700021707,2017-11-06,83,5,83130,43.18774,6.03796,Hors intersection,Deux véhicules - frontale,Nuit sans éclairage public,Pluie forte,Voie Communale,,2,Pente,Partie rectiligne,,63,mouillée,,Sur chaussée,Conducteur,2,M,50-51,Domicile - travail,Casque,Oui,1,1,11 - novembre,0 - lundi,Solliès-Pont
,201700027485,2017-11-06,37,8,37261,47.385,0.70691,Intersection en X,Deux véhicules - par le coté,Plein jour,Normale,Voie Communale,,2,Plat,Partie rectiligne,,,normale,,,Conducteur,1,M,54-55,Promenade - loisirs,Casque,Oui,1,1,11 - novembre,0 - lundi,Tours
,201700037062,2017-11-06,80,16,80021,49.87721,2.2698,Intersection en X,Autre,Plein jour,Normale,Voie Communale,,2,Plat,En courbe à droite,,,normale,,Sur chaussée,Conducteur,1,M,21-22,Autre,Casque,Oui,1,1,11 - novembre,0 - lundi,Amiens
,201700037984,2017-11-06,86,7,86194,46.56062,0.37177,Giratoire,Deux véhicules - par le coté,Plein jour,Normale,Voie Communale,,2,Plat,En courbe à gauche,,60,normale,,Sur chaussée,Conducteur,1,F,28-29,Domicile - travail,Autre,Oui,1,1,11 - novembre,0 - lundi,Poitiers
,201700055899,2017-11-06,75,13,75115,48.8362,2.28959,Hors intersection,Autre,Plein jour,Normale,Voie Communale,,2,Plat,Partie rectiligne,,,normale,,Sur chaussée,Conducteur,1,M,25-26,Domicile - travail,Casque,Non déterminable,1,1,11 - novembre,0 - lundi,Paris 15e  Arrondissement
,201700004546,2017-11-05,30,14,30258,43.64682,4.43386,Hors intersection,Trois véhicules et plus - collisions multiples,Plein jour,Normale,Route Départementale,,2,Plat,En courbe à droite,,70,normale,,Sur chaussée,Conducteur,2,M,32-33,Promenade - loisirs,Casque,Oui,1,,11 - novembre,6 - dimanche,Saint-Gilles
,201700004546,2017-11-05,30,14,30258,43.64682,4.43386,Hors intersection,Trois véhicules et plus - collisions multiples,Plein jour,Normale,Route Départementale,,2,Plat,En courbe à droite,,70,normale,,Sur chaussée,Conducteur,2,M,38-39,Promenade - loisirs,Casque,Oui,1,,11 - novembre,6 - dimanche,Saint-Gilles
,201700008715,2017-11-05,13,9,13005,43.28733,5.58254,Giratoire,Deux véhicules - par l’arrière,Plein jour,Normale,Voie Communale,,2,Plat,Partie rectiligne,,,normale,Carrefour aménagé,Sur chaussée,Conducteur,1,M,54-55,,Autre,Non déterminable,1,1,11 - novembre,6 - dimanche,Aubagne
,201700008808,2017-11-05,13,10,13047,43.3347,5.058,Hors intersection,Trois véhicules et plus - collisions multiples,Plein jour,Pluie légère,Route Départementale,,2,Plat,Partie rectiligne,,30,mouillée,,Sur chaussée,Conducteur,2,M,59-60,Promenade - loisirs,Casque,Oui,1,,11 - novembre,6 - dimanche,Istres
,201700008808,2017-11-05,13,10,13047,43.3347,5.058,Hors intersection,Trois véhicules et plus - collisions multiples,Plein jour,Pluie légère,Route Départementale,,2,Plat,Partie rectiligne,,30,mouillée,,Sur chaussée,Conducteur,3,M,64-65,Promenade - loisirs,Casque,Oui,1,,11 - novembre,6 - dimanche,Istres
,201700022616,2017-11-05,25,11,25056,47.2259,5.98405,Hors intersection,Autre,Plein jour,Normale,Voie Communale,,2,,Partie rectiligne,,,normale,,Sur chaussée,Conducteur,2,M,90-91,,Casque,Non déterminable,1,1,11 - novembre,6 - dimanche,Besançon
,201700025987,2017-11-05,49,9,49371,47.11895,-0.70984,Intersection en Y,Deux véhicules - par le coté,Plein jour,Normale,Voie Communale,Avec voies d’affectation variable,,,,,,,,,Conducteur,1,M,62-63,Promenade - loisirs,Casque,Non,1,1,11 - novembre,6 - dimanche,Vezins
,201700030120,2017-11-05,51,17,51454,49.27045,4.0312,Hors intersection,Deux véhicules - frontale,Nuit avec éclairage public allumé,Normale,Voie Communale,,2,Plat,Partie rectiligne,,,normale,,Sur chaussée,Conducteur,1,M,16-17,Promenade - loisirs,Casque,Non,1,1,11 - novembre,6 - dimanche,Reims
,201700034303,2017-11-05,67,19,67482,48.58659,7.71598,Hors intersection,Deux véhicules - par l’arrière,Nuit avec éclairage public allumé,Pluie légère,Voie Communale,,2,Plat,Partie rectiligne,,61,mouillée,,Sur chaussée,Conducteur,2,F,28-29,Promenade - loisirs,Autre,Non déterminable,1,1,11 - novembre,6 - dimanche,Strasbourg
,201700037291,2017-11-05,83,15,83034,43.10204,6.05702,Hors intersection,Deux véhicules - par le coté,Plein jour,Temps éblouissant,Voie Communale,,1,Plat,Partie rectiligne,,,normale,,Sur piste cyclable,Conducteur,1,M,55-56,Promenade - loisirs,Casque,Non déterminable,1,,11 - novembre,6 - dimanche,Carqueiranne
,201700037549,2017-11-05,83,15,83137,43.13904,5.90245,Hors intersection,Deux véhicules - par le coté,Plein jour,Normale,Voie Communale,,2,Plat,Partie rectiligne,,50,normale,,Sur chaussée,Conducteur,1,M,12-13,Promenade - loisirs,Casque,Non,1,1,11 - novembre,6 - dimanche,Toulon
,201700043328,2017-11-05,93,2,93070,48.90134,2.34415,Hors intersection,Deux véhicules - par le coté,Nuit sans éclairage public,Pluie légère,Voie Communale,,2,Plat,Partie rectiligne,,,mouillée,Carrefour aménagé,Sur chaussée,Conducteur,2,M,29-30,Domicile - travail,Autre,Non déterminable,1,1,11 - novembre,6 - dimanche,Saint-Ouen
,201700053406,2017-11-05,75,13,75106,48.8494,2.32914,Hors intersection,Deux véhicules - par le coté,Plein jour,Normale,Voie Communale,,3,Plat,Partie rectiligne,,129,normale,,Sur chaussée,Conducteur,1,F,50-51,Promenade - loisirs,Casque,Non déterminable,1,1,11 - novembre,6 - dimanche,Paris 6e  Arrondissement
,201700023132,2017-11-04,6,17,6118,43.66746,6.79655,Hors intersection,Trois véhicules et plus - collisions multiples,Nuit sans éclairage public,Temps couvert,Route Départementale,,2,Plat,Partie rectiligne,,,normale,,Sur chaussée,Conducteur,2,M,45-46,Promenade - loisirs,Casque,Non,2,1,11 - novembre,5 - samedi,Saint-Cézaire-sur-Siagne
,201700030622,2017-11-04,54,14,54395,48.69973,6.1653,Intersection en T,Deux véhicules - par le coté,Plein jour,Normale,Voie Communale,,2,Plat,Partie rectiligne,,,normale,,Sur chaussée,Conducteur,1,M,19-20,,Casque,Oui,1,1,11 - novembre,5 - samedi,Nancy
,201700039566,2017-11-04,92,16,92012,0,0,Hors intersection,Deux véhicules - par le coté,Plein jour,Pluie légère,Voie Communale,,,Plat,Partie rectiligne,,,mouillée,,Sur chaussée,Conducteur,2,F,22-23,Promenade - loisirs,Autre,Non déterminable,1,1,11 - novembre,5 - samedi,Boulogne-Billancourt
,201700055600,2017-11-04,75,11,75107,48.8529,2.32631,Hors intersection,Deux véhicules - par le coté,Plein jour,Temps couvert,Voie Communale,,2,Plat,Partie rectiligne,30,40,normale,,Sur chaussée,Conducteur,1,F,37-38,Utilisation professionnelle,Casque,Non,1,1,11 - novembre,5 - samedi,Paris 7e  Arrondissement
,201700058926,2017-11-04,973,11,97311,0,0,Hors intersection,Deux véhicules - frontale,Plein jour,Normale,Voie Communale,,2,Plat,,,10,normale,,,Conducteur,2,M,23-24,Courses - achats,Autre,Non,1,1,11 - novembre,5 - samedi,Saint-Laurent-du-Maroni
,201700058926,2017-11-04,973,11,97311,0,0,Hors intersection,Deux véhicules - frontale,Plein jour,Normale,Voie Communale,,2,Plat,,,10,normale,,,Passager,2,M,50-51,Courses - achats,Autre,Non,1,1,11 - novembre,5 - samedi,Saint-Laurent-du-Maroni
,201700011513,2017-11-03,88,17,88258,48.07013,5.7812,Intersection en T,Deux véhicules - par le coté,Crépuscule ou aube,Normale,Autre,,2,Plat,,,10,normale,,,Conducteur,2,M,10-11,Promenade - loisirs,Casque,Oui,1,1,11 - novembre,4 - vendredi,Lamarche
,201700012617,2017-11-03,85,14,85264,46.6903,-0.70612,Hors intersection,Deux véhicules - par le coté,Plein jour,Normale,Route Départementale,,2,Plat,Partie rectiligne,,70,normale,,Sur chaussée,Conducteur,1,M,11-12,Promenade - loisirs,Casque,Non,1,1,11 - novembre,4 - vendredi,Saint-Pierre-du-Chemin
,201700021288,2017-11-03,17,8,17300,46.16245,-1.15922,Hors intersection,Autre,Plein jour,Normale,Voie Communale,,2,Plat,Partie rectiligne,,120,normale,,Sur piste cyclable,Conducteur,1,F,36-37,,Casque,Oui,,1,11 - novembre,4 - vendredi,Rochelle
,201700026829,2017-11-03,35,15,35238,48.11786,-1.68556,Intersection en X,Deux véhicules - par le coté,Plein jour,Normale,Voie Communale,,2,Plat,Partie rectiligne,,,normale,,Sur chaussée,Conducteur,1,M,50-51,Domicile - travail,Casque,Oui,1,1,11 - novembre,4 - vendredi,Rennes
,201700027859,2017-11-03,41,17,41295,47.58311,1.38211,Hors intersection,Deux véhicules - par le coté,Crépuscule ou aube,Normale,Voie Communale,,1,Plat,Partie rectiligne,,,normale,,Sur chaussée,Conducteur,1,M,14-15,Promenade - loisirs,Casque,Non déterminable,1,1,11 - novembre,4 - vendredi,Vineuil
,201700045617,2017-11-03,94,14,94080,0,0,Intersection en T,Deux véhicules - par le coté,Plein jour,Normale,Voie Communale,,1,Plat,Partie rectiligne,,,normale,,Sur chaussée,Conducteur,1,M,48-49,,Casque,Non,1,1,11 - novembre,4 - vendredi,Vincennes
,201700051141,2017-11-03,69,9,69383,45.74276,4.8854,Hors intersection,Deux véhicules - par le coté,Plein jour,Normale,Voie Communale,,2,Pente,Partie rectiligne,,,normale,,Sur piste cyclable,Conducteur,2,F,31-32,Domicile - travail,Casque,Non,1,1,11 - novembre,4 - vendredi,Lyon 3e  Arrondissement
,201700051145,2017-11-03,69,23,69383,45.75019,4.8537,Hors intersection,Deux véhicules - par le coté,Nuit avec éclairage public allumé,Normale,Voie Communale,,,Plat,Partie rectiligne,,,normale,,Sur chaussée,Conducteur,1,F,31-32,,Casque,Non,1,1,11 - novembre,4 - vendredi,Lyon 3e  Arrondissement
,201700000975,2017-11-02,44,8,44047,47.22036,-1.68841,Giratoire,Deux véhicules - par le coté,Crépuscule ou aube,Brouillard - fumée,Voie Communale,,1,Plat,Partie rectiligne,,,normale,,Sur chaussée,Conducteur,2,M,57-58,Domicile - travail,Casque,Oui,1,1,11 - novembre,3 - jeudi,Couëron
,201700012604,2017-11-02,85,18,85244,46.43713,-0.74268,Intersection en X,Deux véhicules - par le coté,Nuit sans éclairage public,Normale,Route Départementale,,2,Plat,,5,210,normale,,,Conducteur,2,M,12-13,Promenade - loisirs,Casque,Non,1,,11 - novembre,3 - jeudi,Saint-Martin-de-Fraigneau
,201700012835,2017-11-02,24,14,24259,44.95506,0.47995,Intersection en T,Deux véhicules - par le coté,Plein jour,Normale,Route Départementale,,2,Plat,,5,210,normale,,,Conducteur,2,M,43-44,Promenade - loisirs,Casque,Oui,1,,11 - novembre,3 - jeudi,Maurens
,201700015383,2017-11-02,70,9,70387,47.56723,5.93313,Hors intersection,Deux véhicules - par le coté,Plein jour,Normale,Route Départementale,,2,Plat,Partie rectiligne,,62,normale,,Sur chaussée,Conducteur,2,M,68-69,Promenade - loisirs,Casque,Oui,1,,11 - novembre,3 - jeudi,Noidans-le-Ferroux
,201700028979,2017-11-02,45,18,45234,47.90769,1.90646,Autre intersection,Deux véhicules - frontale,Nuit avec éclairage public allumé,Normale,Voie Communale,,5,Plat,Partie rectiligne,10,157,normale,,Sur chaussée,Conducteur,1,F,25-26,Domicile - travail,Autre,Non déterminable,1,1,11 - novembre,3 - jeudi,Orléans
,201700031458,2017-11-02,58,13,58194,46.99,3.16,Hors intersection,Deux véhicules - par l’arrière,Plein jour,Normale,Voie Communale,,1,Plat,En courbe à droite,20,60,normale,,Sur chaussée,Conducteur,1,M,66-67,Promenade - loisirs,Casque,Oui,1,1,11 - novembre,3 - jeudi,Nevers
,201700034889,2017-11-02,69,17,69282,45.7564,4.9876,Hors intersection,Deux véhicules - par l’arrière,Crépuscule ou aube,Normale,Route Départementale,,2,Pente,En courbe à gauche,,50,normale,,Sur chaussée,Conducteur,2,M,66-67,Promenade - loisirs,Casque,Non,1,1,11 - novembre,3 - jeudi,Meyzieu
,201700035620,2017-11-02,74,19,74010,45.9076,6.1243,Intersection en Y,Deux véhicules - par le coté,Nuit avec éclairage public allumé,Normale,Voie Communale,,1,Plat,Partie rectiligne,,30,normale,,Sur chaussée,Conducteur,1,M,22-23,,Autre,Non déterminable,1,1,11 - novembre,3 - jeudi,Annecy
,201700044129,2017-11-02,94,18,94019,0,0,Intersection en T,Deux véhicules - par le coté,Crépuscule ou aube,Normale,Route Départementale,,1,Plat,Partie rectiligne,,,normale,,Sur chaussée,Conducteur,1,F,23-24,Autre,Casque,Non,1,1,11 - novembre,3 - jeudi,Chennevières-sur-Marne
,201700053289,2017-11-02,75,11,75105,48.85,2.34243,Hors intersection,Autre,Plein jour,Normale,Voie Communale,,4,Pente,Partie rectiligne,,180,normale,,Sur chaussée,Conducteur,0,M,60-61,Autre,Casque,Non déterminable,,1,11 - novembre,3 - jeudi,Paris 5e  Arrondissement
,201700055895,2017-11-02,75,8,75115,48.8404,2.31491,Place,Deux véhicules - par le coté,Plein jour,Normale,Voie Communale,,2,Plat,Partie rectiligne,,90,normale,Carrefour aménagé,Sur chaussée,Conducteur,1,M,52-53,Domicile - travail,Casque,Oui,1,1,11 - novembre,3 - jeudi,Paris 15e  Arrondissement
,201700001648,2017-11-01,9,12,9269,42.98428,1.54883,Hors intersection,Aucune,Plein jour,Normale,Route Départementale,,2,Pente,Partie rectiligne,,35,normale,,Sur chaussée,Conducteur,2,M,61-62,Promenade - loisirs,Casque,Non,,,11 - novembre,2 - mercredi,Saint-Martin-de-Caralp
,201700002671,2017-11-01,74,16,74136,45.94005,6.42629,Hors intersection,Deux véhicules - frontale,Plein jour,Normale,Voie Communale,,2,Pente,En courbe à gauche,,70,normale,,Sur chaussée,Conducteur,2,M,11-12,Promenade - loisirs,Casque,Oui,1,,11 - novembre,2 - mercredi,Grand-Bornand
,201700019152,2017-11-01,33,10,33036,44.44166,-0.21872,Intersection en X,Deux véhicules - par le coté,Plein jour,Normale,Route Départementale,,2,Plat,,,15,normale,,,Conducteur,2,F,48-49,Promenade - loisirs,Casque,Non,1,,11 - novembre,2 - mercredi,Bazas
,201700030947,2017-11-01,56,1,56121,47.7482,-3.35771,Intersection en T,Autre,Nuit avec éclairage public allumé,Normale,Voie Communale,,1,Plat,Partie rectiligne,,,normale,,Sur chaussée,Conducteur,1,M,18-19,Promenade - loisirs,Casque,Non,,1,11 - novembre,2 - mercredi,Lorient
,201700033452,2017-11-01,64,12,64260,43.35231,-1.7768,Hors intersection,Deux véhicules - par le coté,Plein jour,Normale,Voie Communale,,2,Plat,Partie rectiligne,,,normale,,Sur chaussée,Conducteur,1,F,75-76,,Autre,Non déterminable,1,,11 - novembre,2 - mercredi,Hendaye
,201700042584,2017-11-01,93,14,93048,0,0,Hors intersection,Deux véhicules - par le coté,Plein jour,Normale,Voie Communale,,1,Plat,Partie rectiligne,,35,normale,,Sur chaussée,Conducteur,1,M,9-10,Autre,Autre,Non déterminable,1,1,11 - novembre,2 - mercredi,Montreuil
,201700000065,2017-10-31,59,10,59096,50.5609,3.23893,Intersection en T,Trois véhicules et plus - en chaîne,Plein jour,Normale,Route Départementale,,2,Plat,,6,910,normale,,,Conducteur,0,M,14-15,Promenade - loisirs,Casque,Non,2,1,10 - octobre,1 - mardi,Bourghelles
,201700002015,2017-10-31,69,14,69242,46.11452,4.75216,Giratoire,Deux véhicules - par le coté,Plein jour,Temps éblouissant,Route Départementale,,2,Plat,,,10,normale,,,Conducteur,1,M,56-57,Promenade - loisirs,Casque,Oui,1,1,10 - octobre,1 - mardi,Taponas
,201700021285,2017-10-31,17,14,17300,46.16004,-1.15346,Hors intersection,Autre,Plein jour,Normale,Voie Communale,,1,Pente,Partie rectiligne,,48,normale,,Sur piste cyclable,Conducteur,1,M,19-20,Domicile - travail,Autre,Non déterminable,,1,10 - octobre,1 - mardi,Rochelle
,201700025001,2017-10-31,31,12,31555,43.5781,1.45037,Hors intersection,Deux véhicules - par le coté,Plein jour,Normale,Voie Communale,,3,Plat,Partie rectiligne,,,normale,,Sur chaussée,Conducteur,1,F,22-23,Promenade - loisirs,Casque,Oui,1,1,10 - octobre,1 - mardi,Toulouse
,201700028047,2017-10-31,42,18,42187,46.03353,4.05553,Intersection en T,Autre,Nuit avec éclairage public allumé,Normale,Voie Communale,,,Plat,Partie rectiligne,,,normale,,Sur chaussée,Conducteur,1,M,49-50,,Autre,Non déterminable,1,1,10 - octobre,1 - mardi,Roanne
,201700036518,2017-10-31,77,14,77350,48.77162,2.70798,Hors intersection,Autre,Plein jour,Normale,Route Départementale,,2,Plat,Partie rectiligne,,70,normale,,Sur chaussée,Conducteur,3,F,48-49,,Casque,Oui,1,,10 - octobre,1 - mardi,Ozoir-la-Ferrière
,201700037182,2017-10-31,83,12,83050,43.5408,6.4682,Hors intersection,Autre,Plein jour,Normale,Voie Communale,,2,Plat,Partie rectiligne,,,normale,,Sur chaussée,Conducteur,1,M,68-69,Promenade - loisirs,Casque,Oui,,1,10 - octobre,1 - mardi,Draguignan
,201700037182,2017-10-31,83,12,83050,43.5408,6.4682,Hors intersection,Autre,Plein jour,Normale,Voie Communale,,2,Plat,Partie rectiligne,,,normale,,Sur chaussée,Piéton,0,M,22-23,Utilisation professionnelle,,,,1,10 - octobre,1 - mardi,Draguignan
,201700038771,2017-10-31,91,11,91223,48.43703,2.16343,Giratoire,Deux véhicules - par l’arrière,Plein jour,Normale,Route Départementale,,1,Pente,En courbe à gauche,,,normale,Carrefour aménagé,Sur chaussée,Conducteur,1,M,18-19,Autre,Autre,Non déterminable,1,1,10 - octobre,1 - mardi,Étampes
,201700038772,2017-10-31,91,19,91223,48.4388,2.14218,Hors intersection,Aucune,Crépuscule ou aube,Normale,Voie Communale,,2,Plat,Partie rectiligne,,,normale,,Sur chaussée,Conducteur,1,M,55-56,Autre,Autre,Non déterminable,,1,10 - octobre,1 - mardi,Étampes
,201700040246,2017-10-31,92,12,92036,48.93194,2.30105,Hors intersection,Deux véhicules - par l’arrière,Plein jour,Normale,Voie Communale,,1,Plat,Partie rectiligne,,80,normale,,Sur chaussée,Conducteur,1,M,14-15,Promenade - loisirs,Casque,Non,1,1,10 - octobre,1 - mardi,Gennevilliers
,201700045473,2017-10-31,94,22,94077,0,0,Intersection en X,Deux véhicules - par l’arrière,Nuit avec éclairage public allumé,Normale,Route Départementale,,2,Pente,Partie rectiligne,,100,normale,,Sur chaussée,Conducteur,1,M,16-17,Promenade - loisirs,Casque,Non,1,1,10 - octobre,1 - mardi,Villeneuve-le-Roi