test,identifiantAccident,date,departement,heure,commune,lat,lon,typeIntersection,typeCollision,luminosite,conditionsAtmosperiques,typeRoute,circulation,nbVoies,profilLongRoute,tracePlanRoute,largeurTPC,largeurRoute,etatSurface,amenagement,situation,categorieUsager,graviteAccident,sexe,age,motifDeplacement,existenceSecurite,usageSecurite,nombreAutresVehicules,enAgglomeration,mois,jour,NCCENR
,201700054289,2017-10-31,75,16,75110,48.8824,2.3687,Hors intersection,Deux véhicules - par l’arrière,Plein jour,Normale,Voie Communale,,5,Plat,Partie rectiligne,,,normale,,Sur chaussée,Conducteur,1,M,44-45,Domicile - travail,Casque,Oui,1,1,10 - octobre,1 - mardi,Paris 10e  Arrondissement
,201700055314,2017-10-31,75,9,75113,48.8273,2.36852,Intersection en X,Deux véhicules - par le coté,Plein jour,Normale,Voie Communale,,2,Plat,Partie rectiligne,,70,normale,,Sur chaussée,Conducteur,1,F,22-23,Domicile - travail,Casque,Oui,1,1,10 - octobre,1 - mardi,Paris 13e  Arrondissement
,201700056779,2017-10-31,75,23,75117,48.8787,2.30091,Intersection en X,Deux véhicules - par le coté,Nuit avec éclairage public allumé,Normale,Voie Communale,,,Plat,Partie rectiligne,,,normale,,,Conducteur,1,F,21-22,Promenade - loisirs,Casque,Non,1,1,10 - octobre,1 - mardi,Paris 17e  Arrondissement
,201700057108,2017-10-31,75,9,75118,48.8941,2.34754,Hors intersection,Deux véhicules - par le coté,Plein jour,Normale,Voie Communale,,2,Plat,Partie rectiligne,,,normale,,Sur chaussée,Conducteur,1,M,44-45,Promenade - loisirs,Casque,Non,1,1,10 - octobre,1 - mardi,Paris 18e  Arrondissement
,201700019273,2017-10-30,65,16,65055,43.00391,-0.07922,Intersection en Y,Aucune,Plein jour,Normale,Route Départementale,Avec voies d’affectation variable,,,,,,,,,Conducteur,2,M,31-32,Promenade - loisirs,Casque,Oui,,,10 - octobre,0 - lundi,Ayros-Arbouix
,201700024999,2017-10-30,31,8,31555,43.59885,1.43624,Hors intersection,Autre,Plein jour,Normale,Route Départementale,,2,Plat,Partie rectiligne,,,normale,,Sur chaussée,Conducteur,1,F,50-51,Domicile - travail,Casque,Non,1,1,10 - octobre,0 - lundi,Toulouse
,201700027475,2017-10-30,37,8,37261,47.40206,0.71346,Hors intersection,Deux véhicules - par le coté,Plein jour,Normale,Route Départementale,,2,Plat,Partie rectiligne,,,normale,,Sur chaussée,Conducteur,1,M,18-19,Promenade - loisirs,Casque,Non,1,1,10 - octobre,0 - lundi,Tours
,201700030946,2017-10-30,56,16,56121,47.73929,-3.38032,Giratoire,Deux véhicules - par le coté,Plein jour,Normale,Voie Communale,,1,Plat,Partie rectiligne,,,normale,,Sur chaussée,Conducteur,1,M,12-13,Promenade - loisirs,Casque,Oui,1,1,10 - octobre,0 - lundi,Lorient
,201700035948,2017-10-30,76,7,76351,49.51559,0.11266,Intersection en T,Deux véhicules - par l’arrière,Plein jour,Normale,Voie Communale,Avec voies d’affectation variable,,,,,,,,,Conducteur,1,M,58-59,Domicile - travail,Autre,Oui,1,1,10 - octobre,0 - lundi,Havre
,201700037289,2017-10-30,83,16,83069,43.10883,6.08763,Hors intersection,Deux véhicules - par l’arrière,Plein jour,Normale,Voie Communale,,,Pente,En « S »,,,normale,,Sur chaussée,Conducteur,1,F,16-17,Promenade - loisirs,Casque,Non déterminable,1,,10 - octobre,0 - lundi,Hyères
,201700037544,2017-10-30,83,17,83137,43.12297,5.92966,Hors intersection,Autre,Crépuscule ou aube,Normale,Voie Communale,,2,Plat,Partie rectiligne,,60,normale,,Sur chaussée,Conducteur,0,M,29-30,Domicile - travail,Autre,Oui,,1,10 - octobre,0 - lundi,Toulon
,201700037714,2017-10-30,85,18,85166,46.51318,1.77666,Intersection en X,Deux véhicules - par le coté,Nuit avec éclairage public allumé,Normale,Route Départementale,,,Plat,En courbe à gauche,,,normale,,Sur chaussée,Conducteur,2,M,56-57,Domicile - travail,Autre,Non déterminable,1,1,10 - octobre,0 - lundi,Olonne-sur-Mer
,201700039671,2017-10-30,92,12,92019,48.81161,2.27518,Intersection en X,Deux véhicules - par le coté,Plein jour,Normale,Voie Communale,,2,Plat,Partie rectiligne,,,normale,,Sur chaussée,Conducteur,1,M,16-17,Promenade - loisirs,Equipement réfléchissant,Non,1,1,10 - octobre,0 - lundi,Châtenay-Malabry
,201700060342,2017-10-30,974,20,97411,-20.90548,55.48412,Giratoire,Deux véhicules - par le coté,Nuit avec éclairage public allumé,Pluie forte,Voie Communale,,2,Plat,En courbe à gauche,,88,normale,Carrefour aménagé,Sur chaussée,Conducteur,2,M,8-9,Promenade - loisirs,Autre,Non déterminable,1,1,10 - octobre,0 - lundi,Saint-Denis
,201700028974,2017-10-29,45,10,45232,47.86,1.9,Intersection en T,Deux véhicules - par le coté,Plein jour,Pluie légère,Voie Communale,,3,Plat,Partie rectiligne,20,90,mouillée,,Sur chaussée,Conducteur,2,F,50-51,,Casque,Non,1,1,10 - octobre,6 - dimanche,Olivet
,201700030117,2017-10-29,51,21,51454,49.25766,4.02622,Hors intersection,Deux véhicules - par le coté,Nuit avec éclairage public allumé,Normale,Voie Communale,,2,Plat,Partie rectiligne,,60,normale,,Sur chaussée,Conducteur,1,M,22-23,Promenade - loisirs,Casque,Non,1,1,10 - octobre,6 - dimanche,Reims
,201700036465,2017-10-29,77,10,77083,48.85025,2.58524,Giratoire,Deux véhicules - par le coté,Plein jour,Normale,Voie Communale,,3,Sommet de côte,,,,normale,Carrefour aménagé,Sur chaussée,Conducteur,2,M,49-50,Promenade - loisirs,Casque,Oui,1,1,10 - octobre,6 - dimanche,Champs-sur-Marne
,201700000475,2017-10-28,35,17,35047,48.06216,-1.75512,Giratoire,Deux véhicules - par le coté,Plein jour,Normale,Route Départementale,,2,Plat,,,10,normale,Carrefour aménagé,Sur chaussée,Conducteur,1,M,47-48,Promenade - loisirs,Casque,Oui,1,,10 - octobre,5 - samedi,Bruz
,201700012513,2017-10-28,27,8,27302,49.2215,0.826,Hors intersection,Deux véhicules - par le coté,Crépuscule ou aube,Normale,Route Départementale,,2,Plat,Partie rectiligne,,60,normale,,Sur chaussée,Conducteur,2,M,61-62,Promenade - loisirs,Autre,Oui,1,,10 - octobre,5 - samedi,Bosc du Theil
,201700018791,2017-10-28,71,17,71120,46.20304,4.3385,Intersection à plus de 4 branches,Deux véhicules - par le coté,Plein jour,Normale,Voie Communale,,2,Pente,,,15,normale,,,Conducteur,2,M,13-14,Promenade - loisirs,Casque,Non,1,1,10 - octobre,5 - samedi,Chauffailles
,201700023721,2017-10-28,29,11,29019,48.40202,-4.4887,Intersection en X,Deux véhicules - frontale,Plein jour,Normale,Voie Communale,,2,Pente,En courbe à gauche,,,normale,,,Conducteur,1,M,17-18,Domicile - école,Casque,Non,1,1,10 - octobre,5 - samedi,Brest
,201700024430,2017-10-28,67,19,67445,48.29113,7.45777,Hors intersection,Deux véhicules - par l’arrière,Nuit sans éclairage public,Normale,Route Départementale,,2,Plat,Partie rectiligne,,,normale,,Sur chaussée,Conducteur,1,M,15-16,Promenade - loisirs,Autre,Non,1,,10 - octobre,5 - samedi,Scherwiller
,201700028482,2017-10-28,44,22,44114,47.24233,-1.59191,Hors intersection,Deux véhicules - par le coté,Nuit avec éclairage public allumé,Normale,Voie Communale,,1,Plat,Partie rectiligne,,,normale,,Sur piste cyclable,Conducteur,2,M,32-33,,Casque,Non déterminable,1,1,10 - octobre,5 - samedi,Orvault
,201700029476,2017-10-28,49,13,49007,47.46837,-0.53291,Hors intersection,Aucune,Plein jour,Normale,Voie Communale,,1,,,,,,,Sur chaussée,Conducteur,1,F,47-48,,Casque,Non,,1,10 - octobre,5 - samedi,Angers
,201700031456,2017-10-28,58,12,58194,46.98576,3.15276,Intersection en T,Deux véhicules - par le coté,Plein jour,Normale,Voie Communale,,2,Plat,Partie rectiligne,,64,normale,,Sur chaussée,Conducteur,1,M,45-46,Courses - achats,Casque,Non,1,1,10 - octobre,5 - samedi,Nevers
,201700035403,2017-10-28,73,12,73011,45.65858,6.37554,Hors intersection,Deux véhicules - par l’arrière,Plein jour,Normale,Voie Communale,,2,Pente,Partie rectiligne,,,normale,,Sur piste cyclable,Conducteur,2,M,72-73,Promenade - loisirs,Casque,Oui,1,1,10 - octobre,5 - samedi,Albertville
,201700040049,2017-10-28,92,19,92026,48.89876,2.24233,Hors intersection,Deux véhicules - par le coté,Nuit avec éclairage public allumé,Normale,Voie Communale,,1,Plat,Partie rectiligne,,32,normale,,Sur chaussée,Conducteur,1,M,29-30,,Casque,Non,1,1,10 - octobre,5 - samedi,Courbevoie
,201700043924,2017-10-28,94,11,94017,0,0,Intersection en X,Deux véhicules - frontale,Plein jour,Pluie légère,Voie Communale,,2,Plat,Partie rectiligne,,60,normale,Carrefour aménagé,Sur chaussée,Conducteur,2,M,21-22,Utilisation professionnelle,Casque,Oui,1,1,10 - octobre,5 - samedi,Champigny-sur-Marne
,201700054934,2017-10-28,75,12,75112,48.8404,2.37898,Place,Deux véhicules - par le coté,Plein jour,Normale,Voie Communale,,1,Plat,Partie rectiligne,,,normale,,Sur chaussée,Conducteur,1,M,25-26,,Casque,Non,1,1,10 - octobre,5 - samedi,Paris 12e  Arrondissement
,201700055890,2017-10-28,75,14,75115,48.8463,2.28206,Hors intersection,Deux véhicules - par le coté,Plein jour,Normale,Voie Communale,,2,Plat,Partie rectiligne,,90,normale,,,Conducteur,1,M,15-16,Utilisation professionnelle,Casque,Non,1,1,10 - octobre,5 - samedi,Paris 15e  Arrondissement
,201700006402,2017-10-27,6,11,6088,0,0,Hors intersection,Deux véhicules - par le coté,Plein jour,Normale,Voie Communale,,2,Plat,Partie rectiligne,,74,normale,,Sur chaussée,Conducteur,1,M,7-8,Promenade - loisirs,Casque,Non,1,1,10 - octobre,4 - vendredi,Nice
,201700018903,2017-10-27,11,7,11299,43.14876,2.29121,Hors intersection,Deux véhicules - par le coté,Nuit sans éclairage public,Temps couvert,Route Départementale,,2,Plat,Partie rectiligne,,,normale,,Sur chaussée,Conducteur,2,M,16-17,Domicile - travail,Autre,Non,1,,10 - octobre,4 - vendredi,Preixan
,201700027472,2017-10-27,37,10,37261,47.37363,0.67227,Giratoire,Deux véhicules - par le coté,Plein jour,Normale,Voie Communale,,4,Plat,Partie rectiligne,30,120,normale,,,Conducteur,1,F,20-21,Domicile - école,Equipement réfléchissant,Non,1,1,10 - octobre,4 - vendredi,Tours
,201700029479,2017-10-27,49,17,49007,47.47367,-0.58386,Hors intersection,Aucune,Plein jour,Normale,Voie Communale,,,Plat,Partie rectiligne,,,normale,,Sur chaussée,Conducteur,1,M,26-27,,Casque,Oui,,1,10 - octobre,4 - vendredi,Angers
,201700038401,2017-10-27,89,8,89387,48.19219,3.29952,Hors intersection,Deux véhicules - par le coté,Plein jour,Normale,Voie Communale,,2,Plat,En courbe à droite,,60,normale,,Sur chaussée,Conducteur,2,M,63-64,Promenade - loisirs,Casque,Non,1,1,10 - octobre,4 - vendredi,Sens
,201700040931,2017-10-27,92,7,92063,48.88723,2.16922,Hors intersection,Deux véhicules - par l’arrière,Nuit avec éclairage public allumé,Normale,Route Départementale,,4,Pente,Partie rectiligne,8,130,normale,,Sur chaussée,Conducteur,1,M,64-65,Promenade - loisirs,Equipement réfléchissant,Oui,1,1,10 - octobre,4 - vendredi,Rueil-Malmaison
,201700042582,2017-10-27,93,20,93048,48.85085,2.41884,Hors intersection,Deux véhicules - par le coté,Nuit avec éclairage public allumé,Normale,Voie Communale,,,Plat,Partie rectiligne,,,normale,,Sur chaussée,Conducteur,1,M,32-33,,Casque,Oui,1,1,10 - octobre,4 - vendredi,Montreuil
,201700051126,2017-10-27,69,17,69386,45.77768,4.85946,Hors intersection,Autre,Crépuscule ou aube,Pluie légère,Autre,,,Plat,Partie rectiligne,,,mouillée,,,Conducteur,0,M,19-20,Domicile - travail,Autre,Non déterminable,,,10 - octobre,4 - vendredi,Lyon 6e  Arrondissement
,201700051126,2017-10-27,69,17,69386,45.77768,4.85946,Hors intersection,Autre,Crépuscule ou aube,Pluie légère,Autre,,,Plat,Partie rectiligne,,,mouillée,,,Piéton,1,F,1-2,Promenade - loisirs,,,,,10 - octobre,4 - vendredi,Lyon 6e  Arrondissement
,201700053915,2017-10-27,75,,75108,48.8693,2.30914,Intersection en X,Autre,Nuit avec éclairage public allumé,Normale,Voie Communale,,5,Plat,Partie rectiligne,,200,normale,,Sur chaussée,Conducteur,1,F,33-34,Promenade - loisirs,Casque,Non,1,1,10 - octobre,4 - vendredi,Paris 8e  Arrondissement
,201700057105,2017-10-27,75,13,75118,48.8913,2.36882,Hors intersection,Deux véhicules - par le coté,Plein jour,Normale,Voie Communale,,1,Plat,Partie rectiligne,,,normale,,Sur piste cyclable,Conducteur,1,M,62-63,Domicile - travail,Casque,Oui,1,1,10 - octobre,4 - vendredi,Paris 18e  Arrondissement
,201700000555,2017-10-26,22,15,22233,48.71561,-3.0856,Hors intersection,Deux véhicules - frontale,Plein jour,Normale,Route Départementale,,2,Pente,En courbe à droite,,65,normale,,Sur chaussée,Conducteur,2,M,63-64,Promenade - loisirs,Casque,Oui,1,,10 - octobre,3 - jeudi,Plourivo
,201700003587,2017-10-26,25,18,25048,47.48352,6.72394,Hors intersection,Aucune,Plein jour,Normale,Voie Communale,,2,Pente,Partie rectiligne,,70,normale,,Sur chaussée,Conducteur,1,M,27-28,Promenade - loisirs,Casque,Oui,1,1,10 - octobre,3 - jeudi,Bavans
,201700021573,2017-10-26,41,6,41238,47.88313,0.80042,Hors intersection,Deux véhicules - par le coté,Nuit sans éclairage public,Brouillard - fumée,Route Départementale,,2,Bas de côte,Partie rectiligne,6,25,mouillée,Carrefour aménagé,Sur chaussée,Conducteur,2,M,41-42,Domicile - travail,Equipement réfléchissant,Oui,1,1,10 - octobre,3 - jeudi,Savigny-sur-Braye
,201700022902,2017-10-26,26,23,26281,45.04397,5.05009,Intersection en X,Deux véhicules - par le coté,Nuit avec éclairage public allumé,Normale,Voie Communale,,1,Plat,Partie rectiligne,,,normale,,Sur chaussée,Conducteur,1,M,19-20,,Autre,Non déterminable,1,1,10 - octobre,3 - jeudi,Romans-sur-Isère
,201700025920,2017-10-26,33,22,33167,44.8314,-0.53317,Intersection en X,Deux véhicules - frontale,Nuit avec éclairage public allumé,Normale,Voie Communale,,2,Plat,Partie rectiligne,,,normale,,,Conducteur,1,M,28-29,Promenade - loisirs,Casque,Non,1,1,10 - octobre,3 - jeudi,Floirac
,201700033301,2017-10-26,64,17,64132,43.28734,-0.35129,Hors intersection,Deux véhicules - par le coté,Plein jour,Normale,Voie Communale,,2,Plat,Partie rectiligne,,70,normale,,Sur chaussée,Conducteur,1,M,9-10,,Casque,Oui,1,1,10 - octobre,3 - jeudi,Bizanos
,201700050338,2017-10-26,69,20,69382,45.73524,4.81732,Hors intersection,Deux véhicules - par l’arrière,Nuit avec éclairage public allumé,Normale,Voie Communale,,1,Plat,Partie rectiligne,,53,normale,,Sur piste cyclable,Conducteur,0,M,23-24,,Casque,Non,1,1,10 - octobre,3 - jeudi,Lyon 2e  Arrondissement
,201700052937,2017-10-26,75,3,75103,48.868,2.36223,Place,Deux véhicules - par le coté,Nuit avec éclairage public allumé,Normale,Voie Communale,,4,Plat,Partie rectiligne,,,normale,,Sur chaussée,Conducteur,1,M,26-27,,Casque,Non déterminable,1,1,10 - octobre,3 - jeudi,Paris 3e  Arrondissement
,201700055311,2017-10-26,75,20,75106,48.8441,2.3231,Place,Autre,Nuit avec éclairage public allumé,Normale,Voie Communale,,4,Plat,Partie rectiligne,,180,normale,,Sur chaussée,Conducteur,1,M,20-21,Utilisation professionnelle,Casque,Oui,1,1,10 - octobre,3 - jeudi,Paris 6e  Arrondissement
,201700000660,2017-10-25,29,18,29057,47.91419,-4.00061,Intersection en X,Deux véhicules - par le coté,Crépuscule ou aube,Normale,Voie Communale,,2,,,,,,Carrefour aménagé,Sur chaussée,Conducteur,1,M,52-53,Promenade - loisirs,Casque,Oui,1,,10 - octobre,2 - mercredi,Forêt-Fouesnant
,201700001285,2017-10-25,33,10,33080,44.74835,-0.53095,Hors intersection,Deux véhicules - par l’arrière,Plein jour,Normale,Route Départementale,,2,Plat,Partie rectiligne,,59,normale,,Sur chaussée,Conducteur,1,M,71-72,Promenade - loisirs,Casque,Oui,1,1,10 - octobre,2 - mercredi,Cadaujac
,201700002305,2017-10-25,38,11,38474,45.21939,5.66905,Hors intersection,Trois véhicules et plus - collisions multiples,Plein jour,Normale,Autre,,2,Plat,,33,33,normale,,Sur piste cyclable,Conducteur,0,M,62-63,Promenade - loisirs,Casque,Non,2,,10 - octobre,2 - mercredi,Sassenage
,201700002305,2017-10-25,38,11,38474,45.21939,5.66905,Hors intersection,Trois véhicules et plus - collisions multiples,Plein jour,Normale,Autre,,2,Plat,,33,33,normale,,Sur piste cyclable,Conducteur,1,M,55-56,Promenade - loisirs,Casque,Non,2,,10 - octobre,2 - mercredi,Sassenage
,201700002305,2017-10-25,38,11,38474,45.21939,5.66905,Hors intersection,Trois véhicules et plus - collisions multiples,Plein jour,Normale,Autre,,2,Plat,,33,33,normale,,Sur piste cyclable,Conducteur,3,M,82-83,Promenade - loisirs,Casque,Oui,2,,10 - octobre,2 - mercredi,Sassenage
,201700005434,2017-10-25,37,16,37003,47.41271,0.94518,Hors intersection,Aucune,Plein jour,Normale,Autre,,2,Pente,,,90,normale,,Sur chaussée,Conducteur,2,M,72-73,Promenade - loisirs,Casque,Non,,1,10 - octobre,2 - mercredi,Amboise
,201700006401,2017-10-25,6,13,6088,43.68569,7.23655,Hors intersection,Deux véhicules - par le coté,Plein jour,Normale,Route Départementale,,3,Plat,Partie rectiligne,,,normale,,Sur chaussée,Conducteur,1,M,55-56,Promenade - loisirs,Autre,Non,1,1,10 - octobre,2 - mercredi,Nice
,201700010678,2017-10-25,13,12,13055,43.29537,5.44519,Giratoire,Deux véhicules - par l’arrière,Plein jour,Normale,Voie Communale,,1,Plat,Partie rectiligne,,30,normale,,,Conducteur,1,M,64-65,Promenade - loisirs,Casque,Oui,1,1,10 - octobre,2 - mercredi,Marseille
,201700012143,2017-10-25,87,13,87078,45.9568,0.95352,Hors intersection,Deux véhicules - par l’arrière,Plein jour,Normale,Route Départementale,,2,Plat,Partie rectiligne,40,40,normale,,Sur chaussée,Conducteur,2,M,12-13,Promenade - loisirs,Casque,Oui,1,,10 - octobre,2 - mercredi,Javerdat
,201700028971,2017-10-25,45,7,45147,47.9246,1.92147,Giratoire,Deux véhicules - par l’arrière,Crépuscule ou aube,Normale,Voie Communale,,,Plat,Partie rectiligne,,,normale,,Sur chaussée,Conducteur,1,F,24-25,Domicile - travail,Casque,Non,1,1,10 - octobre,2 - mercredi,Fleury-les-Aubrais
,201700029096,2017-10-25,47,19,47001,44.1966,0.6197,Hors intersection,Deux véhicules - par l’arrière,Nuit avec éclairage public allumé,Normale,Route Départementale,,2,Plat,Partie rectiligne,,,normale,,Sur chaussée,Conducteur,2,M,65-66,Promenade - loisirs,Casque,Oui,1,1,10 - octobre,2 - mercredi,Agen
,201700034298,2017-10-25,67,8,67482,48.58683,7.76134,Hors intersection,Autre,Plein jour,Normale,Voie Communale,,4,Plat,Partie rectiligne,,120,normale,,Sur chaussée,Conducteur,1,F,21-22,Promenade - loisirs,Autre,Non déterminable,1,1,10 - octobre,2 - mercredi,Strasbourg
,201700038540,2017-10-25,91,16,91103,48.60788,2.0309,Hors intersection,Deux véhicules - par le coté,Plein jour,Normale,Voie Communale,,2,Plat,Partie rectiligne,,,normale,,Sur chaussée,Conducteur,1,M,17-18,Autre,Autre,Non déterminable,1,1,10 - octobre,2 - mercredi,Brétigny-sur-Orge
,201700038540,2017-10-25,91,16,91103,48.60788,2.0309,Hors intersection,Deux véhicules - par le coté,Plein jour,Normale,Voie Communale,,2,Plat,Partie rectiligne,,,normale,,Sur chaussée,Passager,0,M,15-16,Autre,Autre,Non,1,1,10 - octobre,2 - mercredi,Brétigny-sur-Orge
,201700050335,2017-10-25,69,18,69381,45.77405,4.82659,Hors intersection,Deux véhicules - par le coté,Nuit avec éclairage public allumé,Normale,Voie Communale,,2,Plat,Partie rectiligne,,87,normale,,Sur chaussée,Conducteur,1,M,26-27,Autre,Casque,Non,1,1,10 - octobre,2 - mercredi,Lyon 1er Arrondissement
,201700053401,2017-10-25,75,12,75106,48.8517,2.32787,Intersection en Y,Deux véhicules - par le coté,Plein jour,Normale,Voie Communale,,3,Plat,Partie rectiligne,,130,normale,,Sur chaussée,Conducteur,1,M,51-52,Promenade - loisirs,Casque,Non déterminable,1,1,10 - octobre,2 - mercredi,Paris 6e  Arrondissement
,201700056769,2017-10-25,75,7,75116,48.8759,2.26213,Intersection en X,Deux véhicules - par le coté,Nuit avec éclairage public allumé,Normale,Voie Communale,,2,Plat,Partie rectiligne,,,,,Sur chaussée,Conducteur,1,M,35-36,,Casque,Non déterminable,1,1,10 - octobre,2 - mercredi,Paris 16e  Arrondissement
,201700057429,2017-10-25,75,11,75119,48.8893,2.37125,Intersection en X,Autre,Plein jour,Normale,Voie Communale,,1,Plat,Partie rectiligne,,,normale,,Sur chaussée,Conducteur,0,M,34-35,Domicile - travail,Casque,Non déterminable,,1,10 - octobre,2 - mercredi,Paris 19e  Arrondissement
,201700014684,2017-10-24,14,17,14105,48.9729,0.16204,Hors intersection,Deux véhicules - par le coté,Plein jour,Normale,Route Départementale,,2,Plat,Partie rectiligne,21,85,normale,,Sur chaussée,Conducteur,2,M,14-15,Promenade - loisirs,Casque,Oui,1,,10 - octobre,1 - mardi,Brévière
,201700016050,2017-10-24,38,18,38229,45.20382,5.76248,Hors intersection,Autre,Nuit avec éclairage public allumé,Normale,Route Départementale,,2,Plat,Partie rectiligne,,,normale,,Sur piste cyclable,Conducteur,0,M,49-50,Domicile - travail,Equipement réfléchissant,Oui,,1,10 - octobre,1 - mardi,Meylan
,201700016050,2017-10-24,38,18,38229,45.20382,5.76248,Hors intersection,Autre,Nuit avec éclairage public allumé,Normale,Route Départementale,,2,Plat,Partie rectiligne,,,normale,,Sur piste cyclable,Piéton,2,F,83-84,Promenade - loisirs,Autre,Non déterminable,,1,10 - octobre,1 - mardi,Meylan
,201700023798,2017-10-24,29,17,29039,47.87931,-3.93032,Hors intersection,Aucune,Plein jour,Normale,Voie Communale,,2,Plat,En courbe à droite,,,normale,,Sur piste cyclable,Conducteur,2,F,52-53,Promenade - loisirs,Casque,Non,,1,10 - octobre,1 - mardi,Concarneau
,201700026827,2017-10-24,35,8,35238,48.09396,-1.67628,Hors intersection,Deux véhicules - par le coté,Nuit avec éclairage public allumé,Normale,Voie Communale,,2,Plat,Partie rectiligne,,,normale,,Sur chaussée,Conducteur,1,M,46-47,Domicile - travail,Autre,Non déterminable,1,1,10 - octobre,1 - mardi,Rennes
,201700026831,2017-10-24,35,5,35051,48.10175,-1.63003,Hors intersection,Deux véhicules - par l’arrière,Nuit avec éclairage public non allumé,Normale,Voie Communale,,,Plat,Partie rectiligne,,,normale,,Sur chaussée,Conducteur,1,M,29-30,Domicile - travail,Casque,Non,1,1,10 - octobre,1 - mardi,Cesson-Sévigné
,201700029472,2017-10-24,49,16,49007,47.47453,-0.54666,Intersection en X,Deux véhicules - par le coté,Plein jour,Normale,Voie Communale,Avec voies d’affectation variable,,,,,,,,,Conducteur,1,F,23-24,,Casque,Oui,1,1,10 - octobre,1 - mardi,Angers
,201700029474,2017-10-24,49,19,49007,47.44824,-0.53858,Giratoire,Deux véhicules - par le coté,Nuit avec éclairage public allumé,Normale,Voie Communale,,2,Plat,,,45,normale,,Sur chaussée,Conducteur,2,M,49-50,,Casque,Oui,1,1,10 - octobre,1 - mardi,Angers
,201700044785,2017-10-24,94,20,94021,0,0,Intersection en T,Deux véhicules - par le coté,Nuit avec éclairage public allumé,Normale,Route Nationale,,1,Plat,Partie rectiligne,,,normale,Carrefour aménagé,Sur chaussée,Conducteur,1,M,14-15,Promenade - loisirs,Autre,Non déterminable,1,1,10 - octobre,1 - mardi,Chevilly-Larue
,201700050365,2017-10-24,69,21,69286,45.81703,4.89137,Giratoire,Deux véhicules - par l’arrière,Nuit avec éclairage public allumé,Normale,Route Départementale,,1,Plat,Partie rectiligne,,40,normale,,Sur chaussée,Conducteur,1,M,22-23,Autre,Casque,Non,1,1,10 - octobre,1 - mardi,Rillieux-la-Pape
,201700054284,2017-10-24,75,9,75110,48.8684,2.36283,Place,Deux véhicules - par le coté,Plein jour,Pluie légère,Voie Communale,,2,Plat,Partie rectiligne,,100,mouillée,,Sur chaussée,Conducteur,1,F,46-47,,Casque,Non,1,1,10 - octobre,1 - mardi,Paris 10e  Arrondissement
,201700021721,2017-10-23,87,16,87001,45.7968,1.14219,Autre intersection,Deux véhicules - par le coté,Plein jour,Normale,Route Nationale,,2,Bas de côte,,,12,normale,,,Conducteur,2,M,60-61,Promenade - loisirs,Casque,Oui,1,1,10 - octobre,0 - lundi,Aixe-sur-Vienne
,201700024988,2017-10-23,31,11,31555,43.60039,1.45067,Hors intersection,Deux véhicules - par le coté,Plein jour,Normale,Voie Communale,,,Plat,Partie rectiligne,,,normale,,Sur chaussée,Conducteur,1,M,54-55,Autre,Autre,Non déterminable,1,1,10 - octobre,0 - lundi,Toulouse
,201700026389,2017-10-23,35,7,35115,48.35408,-1.18652,Hors intersection,Deux véhicules - par le coté,Nuit avec éclairage public allumé,Pluie légère,Voie Communale,,1,Pente,Partie rectiligne,,160,mouillée,,Sur accotement,Conducteur,2,F,15-16,Domicile - travail,Equipement réfléchissant,Non,1,1,10 - octobre,0 - lundi,Fougères
,201700028976,2017-10-23,45,17,45286,47.8958,1.9212,Hors intersection,Deux véhicules - par le coté,Plein jour,Normale,Route Nationale,,2,Plat,Partie rectiligne,,,normale,Pont - autopont,Sur chaussée,Conducteur,1,M,11-12,,Autre,Non déterminable,1,1,10 - octobre,0 - lundi,Saint-Jean-le-Blanc
,201700037757,2017-10-23,85,16,85166,46.51668,1.78118,Intersection en X,Deux véhicules - par le coté,Plein jour,Normale,Voie Communale,,2,Plat,Partie rectiligne,,,normale,,Sur chaussée,Conducteur,1,M,57-58,Domicile - travail,Autre,Non déterminable,1,1,10 - octobre,0 - lundi,Olonne-sur-Mer
,201700050332,2017-10-23,69,18,69381,45.76616,4.83808,Intersection en T,Deux véhicules - par le coté,Nuit avec éclairage public allumé,Normale,Voie Communale,,4,Plat,Partie rectiligne,,100,normale,,Sur chaussée,Conducteur,1,M,23-24,Promenade - loisirs,Casque,Non,1,1,10 - octobre,0 - lundi,Lyon 1er Arrondissement
,201700053286,2017-10-23,75,20,75105,48.8494,2.35611,Intersection en Y,Deux véhicules - par le coté,Nuit avec éclairage public allumé,Pluie légère,Voie Communale,,3,Plat,Partie rectiligne,,100,mouillée,,Sur chaussée,Conducteur,1,F,23-24,,Casque,Non déterminable,1,1,10 - octobre,0 - lundi,Paris 5e  Arrondissement
,201700054547,2017-10-23,75,13,75111,48.8636,2.38335,Intersection en T,Deux véhicules - par l’arrière,Plein jour,Temps couvert,Voie Communale,,2,Plat,Partie rectiligne,,120,normale,,Sur chaussée,Conducteur,1,M,27-28,Domicile - travail,Casque,Non déterminable,1,1,10 - octobre,0 - lundi,Paris 11e  Arrondissement
,201700057712,2017-10-23,75,20,75120,48.8715,2.39567,Intersection en T,Deux véhicules - par le coté,Nuit avec éclairage public allumé,Pluie légère,Voie Communale,,,Pente,Partie rectiligne,,30,mouillée,,Sur chaussée,Conducteur,1,M,27-28,Promenade - loisirs,Casque,Non déterminable,1,1,10 - octobre,0 - lundi,Paris 20e  Arrondissement