test,identifiantAccident,date,departement,heure,commune,lat,lon,typeIntersection,typeCollision,luminosite,conditionsAtmosperiques,typeRoute,circulation,nbVoies,profilLongRoute,tracePlanRoute,largeurTPC,largeurRoute,etatSurface,amenagement,situation,categorieUsager,graviteAccident,sexe,age,motifDeplacement,existenceSecurite,usageSecurite,nombreAutresVehicules,enAgglomeration,mois,jour,NCCENR
,201700010675,2017-10-22,13,19,13055,43.29375,5.40913,Hors intersection,Deux véhicules - par l’arrière,Crépuscule ou aube,Normale,Voie Communale,,2,Plat,En courbe à droite,,40,normale,,Sur chaussée,Conducteur,1,M,20-21,,Equipement réfléchissant,Oui,1,1,10 - octobre,6 - dimanche,Marseille
,201700012204,2017-10-22,17,9,17218,46.30604,-1.00569,Giratoire,Deux véhicules - par le coté,Plein jour,Normale,Route Départementale,,2,Plat,,5,52,normale,,,Conducteur,2,M,73-74,Promenade - loisirs,Equipement réfléchissant,Oui,1,1,10 - octobre,6 - dimanche,Marans
,201700014554,2017-10-22,14,8,14670,49.22894,-0.50832,Hors intersection,Deux véhicules - par le coté,Plein jour,Normale,Route Départementale,,2,Pente,Partie rectiligne,,31,mouillée,,Sur chaussée,Conducteur,2,M,54-55,Promenade - loisirs,Casque,Oui,1,,10 - octobre,6 - dimanche,Secqueville-en-Bessin
,201700015375,2017-10-22,70,,70576,47.9337,6.00262,Hors intersection,Autre,Nuit sans éclairage public,Normale,Route Départementale,,2,Plat,En courbe à droite,,61,normale,,Sur chaussée,Conducteur,0,M,15-16,Promenade - loisirs,Casque,Non,1,,10 - octobre,6 - dimanche,Vougécourt
,201700015375,2017-10-22,70,,70576,47.9337,6.00262,Hors intersection,Autre,Nuit sans éclairage public,Normale,Route Départementale,,2,Plat,En courbe à droite,,61,normale,,Sur chaussée,Conducteur,3,M,15-16,Promenade - loisirs,Casque,Non,1,,10 - octobre,6 - dimanche,Vougécourt
,201700021706,2017-10-22,83,9,83054,43.15786,6.06587,Hors intersection,Deux véhicules - par le coté,Plein jour,Normale,Route Départementale,,2,Plat,,5,10,enneigée,,,Conducteur,2,M,50-51,Promenade - loisirs,Casque,Oui,1,,10 - octobre,6 - dimanche,Farlède
,201700025917,2017-10-22,33,21,33063,44.83142,-0.57537,Intersection en Y,Deux véhicules - frontale,Nuit avec éclairage public allumé,Normale,Voie Communale,,3,Plat,Partie rectiligne,,,normale,,Sur chaussée,Conducteur,1,F,19-20,,Casque,Oui,1,1,10 - octobre,6 - dimanche,Bordeaux
,201700058019,2017-10-22,75,16,75105,48.8382,2.34951,Hors intersection,Autre,Plein jour,Normale,Voie Communale,,1,Plat,Partie rectiligne,,52,normale,Souterrain - tunnel,Sur piste cyclable,Conducteur,0,M,67-68,Promenade - loisirs,Casque,Non déterminable,,1,10 - octobre,6 - dimanche,Paris 5e  Arrondissement
,201700003110,2017-10-21,67,10,67458,48.82283,7.74122,Autre intersection,Deux véhicules - par le coté,Plein jour,Temps couvert,Route Départementale,,2,Plat,,307,315,normale,,,Conducteur,2,M,81-82,,Autre,Non,1,1,10 - octobre,5 - samedi,Schweighouse-sur-Moder
,201700003609,2017-10-21,39,22,39009,46.85409,5.90899,Hors intersection,Autre,Nuit sans éclairage public,Pluie légère,Route Départementale,,2,Plat,Partie rectiligne,,90,mouillée,,Sur chaussée,Conducteur,2,M,20-21,Domicile - travail,Casque,Oui,1,,10 - octobre,5 - samedi,Andelot-en-Montagne
,201700004868,2017-10-21,5,14,5061,44.5431,6.0651,Giratoire,Deux véhicules - par le coté,Plein jour,Normale,Route Départementale,,2,Plat,Partie rectiligne,,73,normale,Carrefour aménagé,Sur chaussée,Conducteur,2,M,48-49,Promenade - loisirs,Casque,Oui,1,1,10 - octobre,5 - samedi,Gap
,201700007923,2017-10-21,13,13,13044,43.62014,5.07235,Hors intersection,Deux véhicules - par le coté,Plein jour,Normale,Route Départementale,,2,Plat,Partie rectiligne,,,normale,,Sur chaussée,Conducteur,1,M,14-15,Promenade - loisirs,Casque,Non,1,,10 - octobre,5 - samedi,Grans
,201700016780,2017-10-21,35,16,35105,48.09156,-1.10098,Hors intersection,Deux véhicules - par l’arrière,Plein jour,Temps éblouissant,Route Départementale,,2,Plat,Partie rectiligne,,105,normale,,Sur chaussée,Conducteur,3,M,35-36,Promenade - loisirs,Casque,Oui,1,,10 - octobre,5 - samedi,Erbrée
,201700022611,2017-10-21,25,2,25056,47.24267,6.02105,Intersection en T,Deux véhicules - par le coté,Nuit avec éclairage public allumé,Normale,Voie Communale,Avec voies d’affectation variable,,,,,,,,,Conducteur,1,M,32-33,Autre,Casque,Non,1,1,10 - octobre,5 - samedi,Besançon
,201700023394,2017-10-21,67,12,67117,48.76776,7.35733,Hors intersection,Deux véhicules - par le coté,Plein jour,Normale,Voie Communale,,2,Pente,Partie rectiligne,,48,normale,,Sur chaussée,Conducteur,2,M,7-8,Promenade - loisirs,Casque,Oui,1,1,10 - octobre,5 - samedi,Eckartswiller
,201700029750,2017-10-21,50,19,50416,49.66184,-1.68583,Intersection en X,Deux véhicules - par le coté,Nuit avec éclairage public allumé,Normale,Voie Communale,,2,Plat,Partie rectiligne,,,normale,Carrefour aménagé,Sur chaussée,Conducteur,2,M,12-13,Promenade - loisirs,Casque,Non déterminable,1,1,10 - octobre,5 - samedi,Querqueville
,201700034292,2017-10-21,67,11,67482,48.5645,7.75872,Intersection en X,Deux véhicules - par le coté,Plein jour,Normale,Voie Communale,,1,,,,55,,,Sur chaussée,Conducteur,1,M,49-50,Promenade - loisirs,Autre,Oui,1,1,10 - octobre,5 - samedi,Strasbourg
,201700034501,2017-10-21,68,17,68297,47.58877,7.56098,Intersection en T,Deux véhicules - frontale,Plein jour,Temps couvert,Route Nationale,,2,Plat,Partie rectiligne,,100,normale,,Sur chaussée,Conducteur,2,M,40-41,Promenade - loisirs,Casque,Non,1,1,10 - octobre,5 - samedi,Saint-Louis
,201700035670,2017-10-21,74,20,74012,46.20384,6.25729,Intersection en T,Deux véhicules - par le coté,Nuit avec éclairage public allumé,Pluie forte,Route Départementale,,3,Pente,Partie rectiligne,,,mouillée,Carrefour aménagé,Sur chaussée,Conducteur,2,M,46-47,Domicile - travail,Autre,Non,1,1,10 - octobre,5 - samedi,Annemasse
,201700037052,2017-10-21,80,19,80632,49.87421,2.24818,Hors intersection,Deux véhicules - par le coté,Nuit avec éclairage public allumé,Pluie légère,Voie Communale,,2,Plat,Partie rectiligne,,,mouillée,,Sur chaussée,Conducteur,1,M,12-13,Autre,Casque,Oui,1,1,10 - octobre,5 - samedi,Pont-de-Metz
,201700042580,2017-10-21,93,12,93048,48.85464,2.44725,Intersection en X,Deux véhicules - par le coté,Plein jour,Normale,Voie Communale,,1,Plat,Partie rectiligne,,,normale,,Sur chaussée,Conducteur,1,M,12-13,Autre,Casque,Non,1,1,10 - octobre,5 - samedi,Montreuil
,201700044670,2017-10-21,94,17,94076,48.79208,2.35362,Hors intersection,Autre,Plein jour,Pluie légère,Autre,,,Pente,Partie rectiligne,,,mouillée,,Sur trottoir,Conducteur,0,M,17-18,,Autre,Non déterminable,,1,10 - octobre,5 - samedi,Villejuif
,201700051117,2017-10-21,69,22,69199,45.71193,4.85305,Intersection en X,Deux véhicules - par le coté,Nuit avec éclairage public allumé,Normale,Voie Communale,,,Plat,Partie rectiligne,,,normale,Carrefour aménagé,Sur chaussée,Conducteur,1,M,15-16,,Autre,Non,1,1,10 - octobre,5 - samedi,Saint-Fons
,201700053138,2017-10-21,75,19,75104,48.8546,2.35514,Intersection en X,Deux véhicules - par le coté,Crépuscule ou aube,Normale,Voie Communale,,1,Plat,Partie rectiligne,,,,,Sur chaussée,Conducteur,0,F,59-60,,Casque,Non déterminable,1,1,10 - octobre,5 - samedi,Paris 4e  Arrondissement
,201700053138,2017-10-21,75,19,75104,48.8546,2.35514,Intersection en X,Deux véhicules - par le coté,Crépuscule ou aube,Normale,Voie Communale,,1,Plat,Partie rectiligne,,,,,Sur chaussée,Conducteur,1,F,48-49,,Casque,Non déterminable,1,1,10 - octobre,5 - samedi,Paris 4e  Arrondissement
,201700054544,2017-10-21,75,19,75111,48.864,2.37549,Intersection en T,Deux véhicules - par l’arrière,Nuit avec éclairage public allumé,Normale,Voie Communale,,2,Plat,Partie rectiligne,,70,normale,,Sur chaussée,Conducteur,1,F,31-32,Domicile - travail,Casque,Oui,1,1,10 - octobre,5 - samedi,Paris 11e  Arrondissement
,201700005336,2017-10-20,45,7,45082,47.8802,2.2368,Intersection en X,Deux véhicules - par l’arrière,Crépuscule ou aube,Pluie légère,Route Départementale,,2,Plat,Partie rectiligne,,,mouillée,Carrefour aménagé,Sur chaussée,Conducteur,2,M,61-62,Promenade - loisirs,Equipement réfléchissant,Oui,1,,10 - octobre,4 - vendredi,Châteauneuf-sur-Loire
,201700010648,2017-10-20,13,15,13055,43.31915,5.36753,Intersection en X,Deux véhicules - par le coté,Plein jour,Normale,Route Départementale,,2,Plat,Partie rectiligne,,70,normale,,Sur chaussée,Conducteur,0,M,52-53,,Equipement réfléchissant,Non déterminable,1,1,10 - octobre,4 - vendredi,Marseille
,201700010755,2017-10-20,13,16,13055,43.29923,5.37429,Hors intersection,Deux véhicules - frontale,Plein jour,Normale,Voie Communale,,3,Plat,Partie rectiligne,,90,normale,,Sur chaussée,Conducteur,1,F,25-26,,Casque,Non,1,1,10 - octobre,4 - vendredi,Marseille
,201700013398,2017-10-20,16,17,16028,45.47759,-0.14985,Hors intersection,Deux véhicules - par le coté,Plein jour,Normale,Route Départementale,,2,Plat,Partie rectiligne,,68,normale,,Sur chaussée,Conducteur,1,F,12-13,Domicile - école,Autre,Non,1,1,10 - octobre,4 - vendredi,Barbezieux-Saint-Hilaire
,201700013963,2017-10-20,64,18,64391,43.26609,-0.84625,Hors intersection,Deux véhicules - par l’arrière,Crépuscule ou aube,Normale,Route Départementale,,2,Pente,Partie rectiligne,,70,normale,,Sur chaussée,Conducteur,1,M,61-62,Promenade - loisirs,Casque,Oui,1,1,10 - octobre,4 - vendredi,Moncayolle-Larrory-Mendibieu
,201700020635,2017-10-20,51,17,51643,49.00934,3.90551,Hors intersection,Deux véhicules - par le coté,Plein jour,Normale,Route Départementale,,2,Plat,Partie rectiligne,,77,normale,,Sur chaussée,Conducteur,2,M,45-46,Promenade - loisirs,Casque,Non déterminable,1,1,10 - octobre,4 - vendredi,Vinay
,201700024407,2017-10-20,83,10,83148,43.4162,6.42042,Hors intersection,Deux véhicules - par le coté,Plein jour,Normale,Route Départementale,,2,Plat,,3,210,normale,,,Conducteur,2,M,78-79,Promenade - loisirs,Casque,Non,1,1,10 - octobre,4 - vendredi,Vidauban
,201700028966,2017-10-20,45,10,45302,47.94777,1.9,Intersection en X,Deux véhicules - par l’arrière,Plein jour,Normale,Voie Communale,,2,Plat,,,60,normale,,Sur chaussée,Conducteur,2,F,52-53,Domicile - travail,Casque,Oui,1,1,10 - octobre,4 - vendredi,Saran
,201700029458,2017-10-20,49,6,49015,47.50765,-0.59049,Hors intersection,Autre,Nuit avec éclairage public allumé,Normale,Voie Communale,,2,Plat,Partie rectiligne,,70,normale,,Sur chaussée,Conducteur,1,M,18-19,Autre,Autre,Non déterminable,,1,10 - octobre,4 - vendredi,Avrillé
,201700030609,2017-10-20,54,20,54578,48.67551,6.15245,Hors intersection,Trois véhicules et plus - collisions multiples,Nuit avec éclairage public allumé,Normale,Voie Communale,,2,Pente,,,,normale,,Sur chaussée,Conducteur,1,M,29-30,Promenade - loisirs,Casque,Non,2,1,10 - octobre,4 - vendredi,Villers-lès-Nancy
,201700031237,2017-10-20,57,7,57463,49.07895,6.18917,Intersection en T,Deux véhicules - par le coté,Nuit avec éclairage public allumé,Pluie légère,Voie Communale,,2,Plat,Partie rectiligne,,68,mouillée,,Sur piste cyclable,Conducteur,1,M,18-19,Domicile - travail,Equipement réfléchissant,Non,1,1,10 - octobre,4 - vendredi,Metz
,201700031329,2017-10-20,57,15,57672,49.3523,6.16058,Hors intersection,Autre,Plein jour,Normale,Voie Communale,,2,Plat,Partie rectiligne,,78,normale,,Sur trottoir,Conducteur,2,M,54-55,Promenade - loisirs,Casque,Oui,1,1,10 - octobre,4 - vendredi,Thionville
,201700033299,2017-10-20,64,19,64445,43.303,-0.35217,Hors intersection,Deux véhicules - par le coté,Nuit avec éclairage public allumé,Normale,Voie Communale,,3,Plat,Partie rectiligne,,91,normale,,Sur chaussée,Conducteur,1,F,50-51,Domicile - travail,Equipement réfléchissant,Non,1,1,10 - octobre,4 - vendredi,Pau
,201700033741,2017-10-20,67,21,67372,48.84517,7.61603,Hors intersection,Deux véhicules - par le coté,Nuit avec éclairage public allumé,Normale,Route Départementale,,1,Plat,Partie rectiligne,,77,normale,,Sur trottoir,Conducteur,2,M,16-17,Promenade - loisirs,Casque,Non,1,1,10 - octobre,4 - vendredi,Val de Moder
,201700034291,2017-10-20,67,8,67447,48.60399,7.73771,Hors intersection,Deux véhicules - par le coté,Plein jour,Normale,Voie Communale,,2,Plat,Partie rectiligne,,110,normale,,Sur chaussée,Conducteur,1,M,15-16,Domicile - école,Equipement réfléchissant,Oui,1,1,10 - octobre,4 - vendredi,Schiltigheim
,201700036854,2017-10-20,78,7,78158,48.82523,2.12827,Giratoire,Deux véhicules - par le coté,Nuit sans éclairage public,Pluie légère,Voie Communale,,,Plat,En courbe à droite,,,mouillée,,Sur chaussée,Conducteur,2,F,18-19,Domicile - école,Autre,Non,1,1,10 - octobre,4 - vendredi,Chesnay
,201700042577,2017-10-20,93,18,93048,48.86313,2.44378,Hors intersection,Autre,Crépuscule ou aube,Normale,Voie Communale,,1,Pente,,,,normale,,Sur chaussée,Conducteur,0,M,21-22,,Autre,Non déterminable,,1,10 - octobre,4 - vendredi,Montreuil
,201700052936,2017-10-20,75,15,75102,48.8658,2.35169,Intersection en T,Autre,Plein jour,Normale,Voie Communale,,1,Plat,Partie rectiligne,,50,normale,,Sur chaussée,Conducteur,0,F,23-24,,Casque,Non déterminable,,1,10 - octobre,4 - vendredi,Paris 2e  Arrondissement
,201700056323,2017-10-20,75,11,75116,48.863,2.23767,Hors intersection,Autre,Plein jour,Normale,Voie Communale,,1,Plat,Partie rectiligne,,,normale,,Sur piste cyclable,Conducteur,1,M,70-71,Promenade - loisirs,Casque,Non déterminable,1,1,10 - octobre,4 - vendredi,Paris 16e  Arrondissement
,201700008032,2017-10-19,10,12,10387,48.29009,4.10085,Intersection en X,Aucune,Plein jour,Normale,Voie Communale,,2,Plat,Partie rectiligne,,,normale,,Sur chaussée,Conducteur,1,F,51-52,Domicile - travail,Autre,Non déterminable,1,1,10 - octobre,3 - jeudi,Troyes
,201700008348,2017-10-19,11,10,11262,43.19135,3.01462,Hors intersection,Deux véhicules - par le coté,Plein jour,Pluie légère,Voie Communale,,2,Plat,Partie rectiligne,,,normale,,Sur chaussée,Conducteur,1,M,43-44,Autre,Autre,Non déterminable,1,1,10 - octobre,3 - jeudi,Narbonne
,201700008712,2017-10-19,13,15,13005,43.30386,5.60653,Hors intersection,Deux véhicules - par le coté,Plein jour,Normale,Hors réseau public,,,Plat,Partie rectiligne,,25,autre,,Sur chaussée,Conducteur,2,M,21-22,Promenade - loisirs,Casque,Oui,1,,10 - octobre,3 - jeudi,Aubagne
,201700021275,2017-10-19,17,15,17200,46.19021,-1.1466,Giratoire,Deux véhicules - par l’arrière,Plein jour,Normale,Route Départementale,,2,Plat,Partie rectiligne,,89,normale,,Sur chaussée,Conducteur,2,M,54-55,Domicile - travail,Autre,Non déterminable,1,1,10 - octobre,3 - jeudi,Lagord
,201700024234,2017-10-19,30,19,30189,43.82428,4.36962,Giratoire,Deux véhicules - par le coté,Nuit avec éclairage public allumé,Normale,Voie Communale,,4,Plat,Partie rectiligne,,60,normale,Carrefour aménagé,Sur chaussée,Conducteur,1,M,29-30,Autre,Equipement réfléchissant,Non déterminable,1,1,10 - octobre,3 - jeudi,Nîmes
,201700027459,2017-10-19,37,17,37261,47.39597,0.67704,Hors intersection,Deux véhicules - par le coté,Plein jour,Normale,Voie Communale,,2,Plat,Partie rectiligne,,,normale,,Sur chaussée,Conducteur,1,F,23-24,Promenade - loisirs,Casque,Non,1,1,10 - octobre,3 - jeudi,Tours
,201700028964,2017-10-19,45,13,45234,47.8364,1.93816,Intersection en X,Deux véhicules - par le coté,Plein jour,Normale,Voie Communale,,2,Plat,Partie rectiligne,30,80,normale,,Sur chaussée,Conducteur,1,M,12-13,Autre,Autre,Non,1,1,10 - octobre,3 - jeudi,Orléans
,201700029748,2017-10-19,50,13,50129,49.62683,1.63682,Intersection en X,Aucune,Plein jour,Normale,Route Départementale,,2,Plat,Partie rectiligne,,,normale,Carrefour aménagé,Sur chaussée,Conducteur,2,M,12-13,Domicile - école,Casque,Oui,1,1,10 - octobre,3 - jeudi,Cherbourg-en-Cotentin
,201700031266,2017-10-19,57,5,57630,48.7427,7.05233,Hors intersection,Autre,Nuit avec éclairage public allumé,Normale,Voie Communale,,2,Plat,Partie rectiligne,,52,normale,,Sur chaussée,Conducteur,0,M,27-28,Domicile - travail,Equipement réfléchissant,Non déterminable,,1,10 - octobre,3 - jeudi,Sarrebourg
,201700034290,2017-10-19,67,19,67482,48.59709,7.72666,Hors intersection,Deux véhicules - par le coté,Nuit avec éclairage public allumé,Normale,Voie Communale,,2,Plat,Partie rectiligne,,50,normale,,Sur chaussée,Conducteur,1,M,62-63,Promenade - loisirs,Autre,Non déterminable,1,1,10 - octobre,3 - jeudi,Strasbourg
,201700036432,2017-10-19,77,19,77172,48.35895,2.97757,Hors intersection,Deux véhicules - par l’arrière,Nuit sans éclairage public,Normale,Route Départementale,,3,Plat,Partie rectiligne,,,normale,,Sur chaussée,Conducteur,2,M,35-36,Domicile - travail,Autre,Non déterminable,1,,10 - octobre,3 - jeudi,Esmans
,201700036516,2017-10-19,77,16,77390,48.7988,2.63923,Intersection en Y,Deux véhicules - par le coté,Plein jour,Normale,Route Départementale,,2,Plat,En courbe à droite,30,150,normale,Carrefour aménagé,Sur chaussée,Conducteur,1,M,10-11,Domicile - école,Casque,Non,1,1,10 - octobre,3 - jeudi,Roissy-en-Brie
,201700037657,2017-10-19,84,17,84035,43.8246,5.06004,Hors intersection,Deux véhicules - par l’arrière,Plein jour,Normale,Route Départementale,,2,Plat,Partie rectiligne,,70,normale,,Sur chaussée,Conducteur,2,M,75-76,Promenade - loisirs,Casque,Non,1,1,10 - octobre,3 - jeudi,Cavaillon
,201700040923,2017-10-19,92,20,92063,48.86697,2.19974,Intersection en T,Deux véhicules - frontale,Nuit avec éclairage public allumé,Normale,Route Départementale,,2,Plat,Partie rectiligne,,80,normale,,Sur chaussée,Conducteur,1,M,60-61,Promenade - loisirs,Autre,Non déterminable,1,1,10 - octobre,3 - jeudi,Rueil-Malmaison
,201700041233,2017-10-19,92,16,92075,48.8144,2.2879,Giratoire,Deux véhicules - par le coté,Plein jour,Normale,Voie Communale,,,Plat,En courbe à droite,,,normale,,Sur chaussée,Conducteur,1,M,42-43,,Casque,Non déterminable,1,1,10 - octobre,3 - jeudi,Vanves
,201700042363,2017-10-19,93,16,93006,0,0,Intersection en T,Deux véhicules - par le coté,Plein jour,Normale,Route Départementale,,2,Plat,Partie rectiligne,,,normale,Carrefour aménagé,Sur chaussée,Conducteur,2,M,49-50,,Autre,Non,1,1,10 - octobre,3 - jeudi,Bagnolet
,201700043324,2017-10-19,93,14,93070,0,0,Hors intersection,Deux véhicules - par le coté,Plein jour,Normale,Voie Communale,,,Plat,Partie rectiligne,,,normale,,Sur chaussée,Conducteur,1,M,43-44,Promenade - loisirs,Autre,Non,1,1,10 - octobre,3 - jeudi,Saint-Ouen
,201700043707,2017-10-19,94,9,94075,48.72434,2.53594,Intersection en Y,Deux véhicules - par le coté,Plein jour,Normale,Route Départementale,,1,Pente,Partie rectiligne,,30,normale,,Sur chaussée,Conducteur,1,M,17-18,Domicile - travail,Casque,Non déterminable,1,1,10 - octobre,3 - jeudi,Villecresnes
,201700055301,2017-10-19,75,20,75113,48.8364,2.3713,Intersection à plus de 4 branches,Autre,Nuit avec éclairage public allumé,Normale,Voie Communale,,4,Plat,Partie rectiligne,,100,normale,,Sur chaussée,Conducteur,1,F,37-38,Domicile - travail,Casque,Non déterminable,1,1,10 - octobre,3 - jeudi,Paris 13e  Arrondissement
,201700055885,2017-10-19,75,21,75115,48.8269,2.29324,Hors intersection,Deux véhicules - par le coté,Nuit avec éclairage public allumé,Normale,Voie Communale,,1,Plat,Partie rectiligne,,,normale,,Sur chaussée,Conducteur,1,M,15-16,,Casque,Non déterminable,1,1,10 - octobre,3 - jeudi,Paris 15e  Arrondissement
,201700005492,2017-10-18,33,8,33527,44.62327,-1.02492,Giratoire,Deux véhicules - par le coté,Crépuscule ou aube,Normale,Route Départementale,,2,Plat,,,20,normale,,Sur chaussée,Conducteur,1,F,11-12,Domicile - école,Casque,Non,1,1,10 - octobre,2 - mercredi,Teich
,201700011607,2017-10-18,8,12,8491,49.73844,4.85923,Hors intersection,Aucune,Plein jour,Normale,Route Départementale,,2,Plat,Partie rectiligne,,,normale,,Sur chaussée,Conducteur,2,F,80-81,Promenade - loisirs,Casque,Non,,1,10 - octobre,2 - mercredi,Vrigne-aux-Bois
,201700013887,2017-10-18,64,11,64405,43.35069,-0.25724,Giratoire,Deux véhicules - frontale,Plein jour,Temps éblouissant,Route Départementale,,1,Plat,,,15,normale,,,Conducteur,2,M,63-64,Promenade - loisirs,Casque,Oui,1,,10 - octobre,2 - mercredi,Morlaàs
,201700017324,2017-10-18,68,10,68155,48.1037,7.3035,Giratoire,Aucune,Plein jour,Normale,Route Départementale,,2,Plat,,507,510,normale,,,Conducteur,1,M,53-54,Promenade - loisirs,Casque,Non,,,10 - octobre,2 - mercredi,Ingersheim
,201700017440,2017-10-18,68,17,68121,47.52211,7.46947,Intersection en T,Deux véhicules - frontale,Crépuscule ou aube,Temps éblouissant,Route Départementale,,2,Bas de côte,En « S »,,79,normale,,Sur chaussée,Conducteur,1,M,43-44,Domicile - travail,Casque,Non,1,1,10 - octobre,2 - mercredi,Hagenthal-le-Haut
,201700022141,2017-10-18,60,17,60479,49.19849,2.84695,Hors intersection,Deux véhicules - par l’arrière,Plein jour,Normale,Route Départementale,,2,Plat,Partie rectiligne,,,normale,,Sur chaussée,Conducteur,2,M,46-47,Domicile - travail,Casque,Non,1,,10 - octobre,2 - mercredi,Ormoy-Villers
,201700022241,2017-10-18,19,14,19031,45.15607,1.54782,Hors intersection,Deux véhicules - par le coté,Plein jour,Normale,Voie Communale,,1,Plat,Partie rectiligne,,,normale,,Sur chaussée,Conducteur,1,M,13-14,Promenade - loisirs,Casque,Non,1,1,10 - octobre,2 - mercredi,Brive-la-Gaillarde
,201700029463,2017-10-18,49,8,49007,47.4733,-0.53015,Hors intersection,Aucune,Crépuscule ou aube,Normale,Voie Communale,,2,Plat,Partie rectiligne,,90,mouillée,,Sur chaussée,Conducteur,1,M,18-19,,Casque,Non,,1,10 - octobre,2 - mercredi,Angers
,201700034288,2017-10-18,67,10,67204,48.627,7.75772,Intersection en X,Deux véhicules - par le coté,Plein jour,Normale,Voie Communale,,,Plat,Partie rectiligne,,70,normale,,Sur chaussée,Conducteur,1,M,65-66,Promenade - loisirs,Casque,Non déterminable,1,1,10 - octobre,2 - mercredi,Hnheim
,201700035469,2017-10-18,73,17,73065,45.5668,5.93381,Hors intersection,Deux véhicules - par le coté,Plein jour,Normale,Route Départementale,,2,Plat,Partie rectiligne,,,normale,,Sur chaussée,Conducteur,1,M,50-51,Autre,Autre,Non déterminable,1,1,10 - octobre,2 - mercredi,Chambéry
,201700036176,2017-10-18,76,15,76540,49.42858,1.10991,Hors intersection,Autre,Plein jour,Normale,Voie Communale,,1,Plat,Partie rectiligne,,,normale,Zone piétonne,Sur piste cyclable,Conducteur,2,M,70-71,Promenade - loisirs,Casque,Non,,1,10 - octobre,2 - mercredi,Rouen
,201700036176,2017-10-18,76,15,76540,49.42858,1.10991,Hors intersection,Autre,Plein jour,Normale,Voie Communale,,1,Plat,Partie rectiligne,,,normale,Zone piétonne,Sur piste cyclable,Piéton,0,M,13-14,Promenade - loisirs,,,,1,10 - octobre,2 - mercredi,Rouen
,201700036659,2017-10-18,78,12,78361,48.99666,1.67672,Hors intersection,Autre,Plein jour,Normale,Route Départementale,,5,Plat,Partie rectiligne,15,190,normale,,Sur chaussée,Conducteur,2,M,57-58,,Casque,Non,1,1,10 - octobre,2 - mercredi,Mantes-la-Jolie
,201700037286,2017-10-18,83,12,83069,43.12698,6,Giratoire,Deux véhicules - par le coté,Plein jour,Normale,Route Départementale,,1,Plat,En courbe à droite,,,normale,,Sur chaussée,Conducteur,1,M,81-82,,Casque,Oui,1,,10 - octobre,2 - mercredi,Hyères
,201700037971,2017-10-18,86,18,86194,46.56863,0.37372,Hors intersection,Autre,Plein jour,Normale,Voie Communale,,2,Plat,Partie rectiligne,,90,normale,,Sur chaussée,Conducteur,0,M,22-23,Domicile - travail,Autre,Non déterminable,,1,10 - octobre,2 - mercredi,Poitiers
,201700040257,2017-10-18,92,9,92040,0,0,Hors intersection,Autre,Crépuscule ou aube,Normale,Voie Communale,,2,Plat,Partie rectiligne,,,normale,,Sur chaussée,Conducteur,2,M,39-40,Domicile - travail,Autre,Non déterminable,1,1,10 - octobre,2 - mercredi,Issy-les-Moulineaux
,201700050319,2017-10-18,69,17,69034,45.79808,4.84872,Hors intersection,Autre,Plein jour,Normale,Voie Communale,,2,Plat,Partie rectiligne,,,normale,,Sur chaussée,Conducteur,1,F,12-13,Promenade - loisirs,Autre,Non déterminable,1,1,10 - octobre,2 - mercredi,Caluire-et-Cuire
,201700053136,2017-10-18,75,19,75104,48.8529,2.36834,Place,Deux véhicules - par le coté,Plein jour,Normale,Voie Communale,,1,Plat,Partie rectiligne,,160,,,Sur chaussée,Conducteur,1,F,34-35,Domicile - travail,Casque,Non déterminable,1,1,10 - octobre,2 - mercredi,Paris 4e  Arrondissement
,201700054919,2017-10-18,75,18,75112,48.8377,2.40077,Intersection en T,Deux véhicules - par le coté,Plein jour,Normale,Voie Communale,,2,Pente,Partie rectiligne,,80,normale,,Sur piste cyclable,Conducteur,1,M,40-41,Domicile - travail,Casque,Oui,1,1,10 - octobre,2 - mercredi,Paris 12e  Arrondissement
,201700002321,2017-10-17,38,18,38545,45.03067,5.66463,Intersection en T,Deux véhicules - par le coté,Crépuscule ou aube,Normale,Route Départementale,,2,Pente,,,10,normale,,,Conducteur,1,M,29-30,Promenade - loisirs,Casque,Oui,1,,10 - octobre,1 - mardi,Vif
,201700008345,2017-10-17,11,17,11262,43.18439,2.97674,Hors intersection,Deux véhicules - par le coté,Plein jour,Normale,Voie Communale,,,Plat,Partie rectiligne,,,normale,,Sur chaussée,Conducteur,1,M,13-14,,Casque,Non déterminable,1,1,10 - octobre,1 - mardi,Narbonne
,201700021272,2017-10-17,17,16,17300,46.16087,-1.1231,Hors intersection,Deux véhicules - par le coté,Plein jour,Normale,Voie Communale,,2,Plat,En courbe à gauche,,74,normale,,Sur chaussée,Conducteur,2,M,14-15,Domicile - école,Casque,Non,1,1,10 - octobre,1 - mardi,Rochelle
,201700024976,2017-10-17,31,17,31069,43.62487,1.39245,Hors intersection,Deux véhicules - frontale,Plein jour,Normale,Voie Communale,,2,Plat,Partie rectiligne,,,normale,,Sur chaussée,Conducteur,2,M,21-22,,Casque,Non,1,1,10 - octobre,1 - mardi,Blagnac
,201700026813,2017-10-17,35,17,35278,48.162,-1.67621,Hors intersection,Deux véhicules - par le coté,Plein jour,Normale,Voie Communale,,1,Plat,Partie rectiligne,,,normale,,Sur chaussée,Conducteur,1,M,16-17,Domicile - école,Casque,Non,1,1,10 - octobre,1 - mardi,Saint-Grégoire