test,identifiantAccident,date,departement,heure,commune,lat,lon,typeIntersection,typeCollision,luminosite,conditionsAtmosperiques,typeRoute,circulation,nbVoies,profilLongRoute,tracePlanRoute,largeurTPC,largeurRoute,etatSurface,amenagement,situation,categorieUsager,graviteAccident,sexe,age,motifDeplacement,existenceSecurite,usageSecurite,nombreAutresVehicules,enAgglomeration,mois,jour,NCCENR
,201700026814,2017-10-17,35,13,35238,48.12863,-1.64685,Hors intersection,Deux véhicules - par le coté,Plein jour,Normale,Voie Communale,,1,Plat,Partie rectiligne,,,normale,,Sur chaussée,Conducteur,1,M,19-20,,Casque,Non déterminable,1,1,10 - octobre,1 - mardi,Rennes
,201700027455,2017-10-17,37,15,37261,47.36376,0.69938,Giratoire,Deux véhicules - par le coté,Plein jour,Normale,Voie Communale,,1,Bas de côte,Partie rectiligne,,30,normale,Carrefour aménagé,Sur chaussée,Conducteur,1,M,19-20,Promenade - loisirs,Casque,Non,1,1,10 - octobre,1 - mardi,Tours
,201700029464,2017-10-17,49,9,49007,47.48145,-0.53007,Hors intersection,Deux véhicules - par le coté,Plein jour,Normale,Voie Communale,,,Plat,Partie rectiligne,,15,normale,,Sur piste cyclable,Conducteur,1,M,21-22,,Casque,Oui,1,1,10 - octobre,1 - mardi,Angers
,201700029465,2017-10-17,49,17,49246,47.43372,-0.52912,Giratoire,Deux véhicules - par le coté,Plein jour,Normale,Voie Communale,,2,Plat,En courbe à gauche,,,normale,,Sur chaussée,Conducteur,1,M,44-45,,Casque,Oui,1,1,10 - octobre,1 - mardi,Ponts-de-Cé
,201700030619,2017-10-17,54,13,54274,48.6597,6.20669,Intersection en T,Deux véhicules - par le coté,Plein jour,Normale,Voie Communale,,2,Plat,Partie rectiligne,,,normale,,Sur chaussée,Conducteur,1,M,14-15,Promenade - loisirs,Casque,Non déterminable,1,1,10 - octobre,1 - mardi,Jarville-la-Malgrange
,201700033294,2017-10-17,64,8,64445,43.30754,-0.36439,Intersection en T,Deux véhicules - par le coté,Plein jour,Normale,Voie Communale,,2,Plat,Partie rectiligne,,60,normale,,Sur chaussée,Conducteur,1,F,27-28,,Casque,Non,1,1,10 - octobre,1 - mardi,Pau
,201700035228,2017-10-17,71,16,71040,46.69011,4.38437,Intersection en T,Deux véhicules - par le coté,Plein jour,Normale,Voie Communale,,2,Plat,Partie rectiligne,,,normale,,Sur chaussée,Conducteur,2,M,8-9,Promenade - loisirs,Casque,Oui,1,1,10 - octobre,1 - mardi,Blanzy
,201700035468,2017-10-17,73,17,73065,45.56748,5.91438,Hors intersection,Deux véhicules - par le coté,Plein jour,Normale,Voie Communale,,2,Plat,Partie rectiligne,,,normale,,Sur chaussée,Conducteur,1,M,6-7,Domicile - école,Autre,Non,1,1,10 - octobre,1 - mardi,Chambéry
,201700035613,2017-10-17,74,7,74010,45.90481,6.14507,Intersection en T,Deux véhicules - par le coté,Plein jour,Normale,Voie Communale,,3,Plat,Partie rectiligne,,,normale,Carrefour aménagé,Sur chaussée,Conducteur,1,M,21-22,,Casque,Non,1,1,10 - octobre,1 - mardi,Annecy
,201700039066,2017-10-17,91,17,91692,48.68028,2.17074,Hors intersection,Deux véhicules - frontale,Plein jour,Normale,Voie Communale,,1,Plat,En courbe à gauche,,30,normale,,Sur chaussée,Conducteur,2,M,10-11,Promenade - loisirs,Casque,Non,1,1,10 - octobre,1 - mardi,Ulis
,201700044518,2017-10-17,94,15,94033,48.8573,2.4914,Hors intersection,Deux véhicules - par le coté,Plein jour,Normale,Voie Communale,,2,Plat,,,,normale,,Sur chaussée,Conducteur,1,M,46-47,Promenade - loisirs,Autre,Non déterminable,1,1,10 - octobre,1 - mardi,Fontenay-sous-Bois
,201700044662,2017-10-17,94,12,94037,0,0,Hors intersection,Autre,Plein jour,Normale,Voie Communale,,1,Pente,Partie rectiligne,,,normale,,Sur chaussée,Conducteur,1,M,14-15,Domicile - école,Casque,Non,,1,10 - octobre,1 - mardi,Gentilly
,201700045366,2017-10-17,94,17,94068,48.80891,2.47115,Hors intersection,Autre,Plein jour,Normale,Voie Communale,,2,Plat,Partie rectiligne,30,120,normale,,Sur chaussée,Conducteur,0,F,41-42,,Autre,Non déterminable,,1,10 - octobre,1 - mardi,Saint-Maur-des-Fossés
,201700053896,2017-10-17,75,12,75108,48.8652,2.30785,Hors intersection,Autre,Plein jour,Normale,Voie Communale,,1,Plat,Partie rectiligne,,,normale,,Sur chaussée,Conducteur,0,M,18-19,Utilisation professionnelle,Casque,Non déterminable,,1,10 - octobre,1 - mardi,Paris 8e  Arrondissement
,201700055299,2017-10-17,75,18,75113,48.8284,2.38035,Intersection en X,Deux véhicules - par le coté,Plein jour,Normale,Voie Communale,,2,Plat,Partie rectiligne,,60,normale,,Sur chaussée,Conducteur,1,F,27-28,Domicile - travail,Casque,Non déterminable,1,1,10 - octobre,1 - mardi,Paris 13e  Arrondissement
,201700055587,2017-10-17,75,17,75114,48.8232,2.32552,Intersection à plus de 4 branches,Autre,Plein jour,Normale,Voie Communale,,5,Plat,Partie rectiligne,,150,normale,,Sur chaussée,Conducteur,1,F,37-38,Promenade - loisirs,Casque,Non déterminable,1,1,10 - octobre,1 - mardi,Paris 14e  Arrondissement
,201700056326,2017-10-17,75,19,75116,48.8566,2.28615,Intersection en T,Deux véhicules - par le coté,Nuit avec éclairage public allumé,Normale,Voie Communale,,2,Plat,Partie rectiligne,,,normale,,Sur chaussée,Conducteur,1,M,27-28,Domicile - travail,Casque,Non déterminable,1,1,10 - octobre,1 - mardi,Paris 16e  Arrondissement
,201700006391,2017-10-16,6,18,6088,43.71167,7.19691,Hors intersection,Deux véhicules - frontale,Plein jour,Normale,Voie Communale,,1,Pente,En courbe à droite,,,normale,,Sur chaussée,Conducteur,2,M,13-14,,Autre,Non,1,1,10 - octobre,0 - lundi,Nice
,201700012758,2017-10-16,4,17,4166,43.8114,6.0723,Hors intersection,Deux véhicules - par le coté,Crépuscule ou aube,Temps éblouissant,Route Départementale,,2,Plat,Partie rectiligne,,57,normale,,Sur chaussée,Conducteur,2,M,72-73,Promenade - loisirs,Casque,Oui,1,,10 - octobre,0 - lundi,Riez
,201700022239,2017-10-16,19,12,19031,45.15779,1.54923,Hors intersection,Deux véhicules - par le coté,Plein jour,Normale,Voie Communale,,2,Plat,Partie rectiligne,,,normale,,Sur chaussée,Conducteur,1,M,50-51,,Casque,Non déterminable,1,1,10 - octobre,0 - lundi,Brive-la-Gaillarde
,201700027452,2017-10-16,37,9,37214,47.40042,0.67869,Giratoire,Deux véhicules - par le coté,Plein jour,Normale,Voie Communale,,2,Plat,Partie rectiligne,,,normale,,Sur chaussée,Conducteur,1,M,31-32,Domicile - travail,Casque,Oui,1,1,10 - octobre,0 - lundi,Saint-Cyr-sur-Loire
,201700029459,2017-10-16,49,8,49007,47.46293,-0.55382,Hors intersection,Autre,Crépuscule ou aube,Normale,Voie Communale,,2,Plat,Partie rectiligne,,,normale,,Sur chaussée,Conducteur,1,F,27-28,Domicile - travail,Casque,Non déterminable,1,1,10 - octobre,0 - lundi,Angers
,201700029460,2017-10-16,49,21,49007,47.45953,-0.54569,Hors intersection,Autre,Nuit avec éclairage public allumé,Autre,Voie Communale,,2,Plat,Partie rectiligne,,,normale,,Sur chaussée,Conducteur,1,F,17-18,Domicile - école,Casque,Non,1,1,10 - octobre,0 - lundi,Angers
,201700030110,2017-10-16,51,9,51454,49.22579,4.02688,Hors intersection,Deux véhicules - frontale,Plein jour,Normale,Voie Communale,,1,Plat,En courbe à droite,,30,normale,,Sur piste cyclable,Conducteur,2,M,22-23,,Casque,Non,1,1,10 - octobre,0 - lundi,Reims
,201700030110,2017-10-16,51,9,51454,49.22579,4.02688,Hors intersection,Deux véhicules - frontale,Plein jour,Normale,Voie Communale,,1,Plat,En courbe à droite,,30,normale,,Sur piste cyclable,Conducteur,1,M,56-57,,Casque,Non,1,1,10 - octobre,0 - lundi,Reims
,201700030248,2017-10-16,54,16,54542,49.21278,5.92175,Hors intersection,Deux véhicules - par l’arrière,Plein jour,Normale,Route Départementale,,2,Pente,Partie rectiligne,7,74,normale,,Sur chaussée,Conducteur,2,M,50-51,Promenade - loisirs,Casque,Oui,1,,10 - octobre,0 - lundi,Valleroy
,201700030604,2017-10-16,54,17,54395,48.68522,6.16648,Intersection en T,Deux véhicules - par le coté,Plein jour,Normale,Voie Communale,,1,Plat,Partie rectiligne,,,normale,,Sur chaussée,Conducteur,1,M,40-41,Promenade - loisirs,Casque,Non,1,1,10 - octobre,0 - lundi,Nancy
,201700030605,2017-10-16,54,18,54526,48.67841,6.22172,Hors intersection,Deux véhicules - par le coté,Plein jour,Normale,Voie Communale,,2,Plat,Partie rectiligne,,,normale,,Sur chaussée,Conducteur,1,M,4-5,Promenade - loisirs,Casque,Non déterminable,1,1,10 - octobre,0 - lundi,Tomblaine
,201700034287,2017-10-16,67,8,67447,48.60902,7.76638,Intersection en T,Deux véhicules - par le coté,Plein jour,Normale,Voie Communale,,2,Plat,Partie rectiligne,,60,normale,,Sur chaussée,Conducteur,1,F,62-63,Domicile - travail,Autre,Non déterminable,1,1,10 - octobre,0 - lundi,Schiltigheim
,201700035102,2017-10-16,54,18,54108,48.59264,6.24754,Hors intersection,Deux véhicules - par le coté,Nuit sans éclairage public,Normale,Route Départementale,,2,Plat,,,,normale,,Sur chaussée,Conducteur,2,M,36-37,Promenade - loisirs,Autre,Non déterminable,1,,10 - octobre,0 - lundi,Burthecourt-aux-Chênes
,201700038234,2017-10-16,87,8,87085,45.8236,1.24053,Intersection en T,Deux véhicules - par le coté,Crépuscule ou aube,Normale,Voie Communale,,2,Plat,Partie rectiligne,,60,normale,,Sur chaussée,Conducteur,1,M,34-35,Domicile - travail,Autre,Non déterminable,1,1,10 - octobre,0 - lundi,Limoges
,201700051118,2017-10-16,69,20,69387,45.75166,4.84562,Hors intersection,Deux véhicules - par le coté,Nuit avec éclairage public allumé,Normale,Voie Communale,,4,Plat,Partie rectiligne,,,normale,,Sur chaussée,Conducteur,1,M,32-33,,Casque,Non déterminable,1,1,10 - octobre,0 - lundi,Lyon 7e  Arrondissement
,201700057094,2017-10-16,75,13,75118,48.8911,2.34755,Hors intersection,Autre,Plein jour,Normale,Voie Communale,,1,Plat,Partie rectiligne,,,normale,,Sur piste cyclable,Conducteur,0,F,27-28,Domicile - travail,Casque,Non déterminable,,1,10 - octobre,0 - lundi,Paris 18e  Arrondissement
,201700001309,2017-10-15,33,12,33463,44.57722,-0.19346,Intersection en T,Deux véhicules - frontale,Plein jour,Normale,Voie Communale,,2,,,,,,,,Conducteur,2,M,68-69,Promenade - loisirs,Casque,Oui,1,,10 - octobre,6 - dimanche,'Saint-Pierre-d''Aurillac'
,201700005162,2017-10-15,95,10,95295,49.1063,1.8477,Hors intersection,Deux véhicules - par l’arrière,Plein jour,Normale,Route Départementale,,2,Pente,En courbe à droite,,,normale,,,Conducteur,1,M,56-57,Promenade - loisirs,Casque,Oui,1,1,10 - octobre,6 - dimanche,Guiry-en-Vexin
,201700005162,2017-10-15,95,10,95295,49.1063,1.8477,Hors intersection,Deux véhicules - par l’arrière,Plein jour,Normale,Route Départementale,,2,Pente,En courbe à droite,,,normale,,,Conducteur,2,M,50-51,Promenade - loisirs,Casque,Oui,1,1,10 - octobre,6 - dimanche,Guiry-en-Vexin
,201700015146,2017-10-15,14,11,14715,49.36501,0.08398,Hors intersection,Deux véhicules - par le coté,Plein jour,Normale,Voie Communale,,2,Plat,Partie rectiligne,,,normale,,Sur chaussée,Conducteur,1,M,56-57,Domicile - travail,Casque,Non,1,1,10 - octobre,6 - dimanche,Trouville-sur-Mer
,201700015527,2017-10-15,1,17,1310,45.67621,5.64568,Hors intersection,Deux véhicules - par le coté,Crépuscule ou aube,Normale,Route Départementale,,2,Plat,Partie rectiligne,,,normale,,,Conducteur,2,M,39-40,Promenade - loisirs,Casque,Non,1,,10 - octobre,6 - dimanche,Prémeyzel
,201700015756,2017-10-15,3,14,3126,46.07769,3.4413,Hors intersection,Deux véhicules - par le coté,Plein jour,Normale,Route Départementale,,2,Plat,Partie rectiligne,,80,normale,,Sur chaussée,Conducteur,2,M,39-40,Promenade - loisirs,Casque,Oui,1,1,10 - octobre,6 - dimanche,Hauterive
,201700015843,2017-10-15,84,8,84123,44.09001,5.36862,Hors intersection,Deux véhicules - par l’arrière,Crépuscule ou aube,Brouillard - fumée,Route Départementale,,2,Pente,En courbe à droite,,,normale,,Sur chaussée,Conducteur,2,M,51-52,Promenade - loisirs,Casque,Non déterminable,1,,10 - octobre,6 - dimanche,Sault
,201700016505,2017-10-15,29,11,29017,48.47728,-4.71795,Intersection en T,Deux véhicules - par le coté,Plein jour,Normale,Route Départementale,Avec voies d’affectation variable,,,,,,,,,Conducteur,2,M,21-22,Promenade - loisirs,Casque,Oui,1,1,10 - octobre,6 - dimanche,Brélès
,201700017127,2017-10-15,39,14,39434,46.81629,5.75721,Hors intersection,Deux véhicules - par l’arrière,Plein jour,Normale,Route Nationale,,2,Plat,Partie rectiligne,,75,normale,,Sur chaussée,Conducteur,2,M,68-69,Promenade - loisirs,Casque,Non,1,,10 - octobre,6 - dimanche,Poligny
,201700018555,2017-10-15,63,7,63400,46.04236,3.36379,Intersection en T,Deux véhicules - par le coté,Crépuscule ou aube,Normale,Route Départementale,,2,Plat,,,10,normale,,,Conducteur,2,M,56-57,Promenade - loisirs,Casque,Oui,1,,10 - octobre,6 - dimanche,Saint-Sylvestre-Pragoulin
,201700020029,2017-10-15,67,17,67355,49.00073,7.12763,Hors intersection,Deux véhicules - par l’arrière,Plein jour,Normale,Voie Communale,,2,Pente,Partie rectiligne,,,normale,,Sur chaussée,Conducteur,2,M,43-44,Promenade - loisirs,Casque,Oui,1,1,10 - octobre,6 - dimanche,Oermingen
,201700026810,2017-10-15,35,20,35238,48.11826,-1.67389,Intersection en T,Aucune,Nuit avec éclairage public allumé,Normale,Voie Communale,,1,Plat,Partie rectiligne,,,normale,,Sur chaussée,Conducteur,2,M,25-26,Domicile - travail,Casque,Oui,1,1,10 - octobre,6 - dimanche,Rennes
,201700028488,2017-10-15,44,2,44109,47.24194,-1.55636,Hors intersection,Deux véhicules - par le coté,Nuit avec éclairage public allumé,Normale,Voie Communale,,2,Plat,Partie rectiligne,,,normale,,Sur chaussée,Conducteur,2,M,22-23,,Casque,Non déterminable,1,1,10 - octobre,6 - dimanche,Nantes
,201700032768,2017-10-15,62,18,62570,50.4048,2.8743,Giratoire,Trois véhicules et plus - collisions multiples,Crépuscule ou aube,Normale,Route Départementale,,2,,,,,normale,Carrefour aménagé,Sur chaussée,Conducteur,1,M,4-5,Promenade - loisirs,Casque,Oui,1,,10 - octobre,6 - dimanche,Méricourt
,201700032768,2017-10-15,62,18,62570,50.4048,2.8743,Giratoire,Trois véhicules et plus - collisions multiples,Crépuscule ou aube,Normale,Route Départementale,,2,,,,,normale,Carrefour aménagé,Sur chaussée,Conducteur,1,F,8-9,Promenade - loisirs,Casque,Oui,1,,10 - octobre,6 - dimanche,Méricourt
,201700034877,2017-10-15,69,17,69256,45.78138,4.92934,Giratoire,Deux véhicules - par le coté,Plein jour,Normale,Voie Communale,,2,Plat,En courbe à droite,,,normale,Carrefour aménagé,Sur chaussée,Conducteur,1,F,53-54,,Casque,Oui,1,1,10 - octobre,6 - dimanche,Vaulx-en-Velin
,201700037207,2017-10-15,83,10,83061,43.44577,6.73727,Giratoire,Deux véhicules - par le coté,Plein jour,Normale,Route Départementale,,2,Plat,En courbe à gauche,,,normale,Carrefour aménagé,Sur chaussée,Conducteur,3,M,56-57,Promenade - loisirs,Casque,Non,1,1,10 - octobre,6 - dimanche,Fréjus
,201700037761,2017-10-15,85,,85194,46.50092,1.77861,Hors intersection,Autre,Nuit avec éclairage public allumé,Normale,Voie Communale,,2,Plat,Partie rectiligne,,,normale,,Sur chaussée,Conducteur,1,M,19-20,Promenade - loisirs,Equipement réfléchissant,Non,1,1,10 - octobre,6 - dimanche,'Sables-d''Olonne'
,201700042856,2017-10-15,93,13,93055,48.90874,2.39968,Hors intersection,Aucune,Plein jour,Normale,Voie Communale,,1,Plat,Partie rectiligne,,,normale,,Sur chaussée,Conducteur,1,M,26-27,Autre,Autre,Non déterminable,,1,10 - octobre,6 - dimanche,Pantin
,201700053894,2017-10-15,75,13,75108,48.865,2.31369,Intersection en X,Deux véhicules - par le coté,Plein jour,Normale,Voie Communale,,2,Plat,Partie rectiligne,,,normale,,Sur chaussée,Conducteur,1,M,32-33,Promenade - loisirs,Casque,Non,1,1,10 - octobre,6 - dimanche,Paris 8e  Arrondissement
,201700054537,2017-10-15,75,18,75111,48.8649,2.385,Intersection en T,Deux véhicules - par le coté,Plein jour,Normale,Voie Communale,,1,Plat,Partie rectiligne,80,50,normale,,Sur piste cyclable,Conducteur,1,F,29-30,Promenade - loisirs,Equipement réfléchissant,Non,1,1,10 - octobre,6 - dimanche,Paris 11e  Arrondissement
,201700000757,2017-10-14,14,14,14325,49.29558,-0.29677,Hors intersection,Deux véhicules - frontale,Plein jour,Normale,Route Départementale,,2,Plat,Partie rectiligne,,,normale,,Sur chaussée,Conducteur,3,M,76-77,Promenade - loisirs,Casque,Oui,1,1,10 - octobre,5 - samedi,Hermanville-sur-Mer
,201700004453,2017-10-14,34,7,34199,43.47411,3.40113,Hors intersection,Deux véhicules - par l’arrière,Nuit sans éclairage public,Normale,Route Départementale,,2,Plat,Partie rectiligne,,,normale,,Sur chaussée,Conducteur,3,M,81-82,Promenade - loisirs,Autre,Non déterminable,1,,10 - octobre,5 - samedi,Pézenas
,201700014289,2017-10-14,90,16,90104,47.6203,6.8952,Hors intersection,Deux véhicules - frontale,Plein jour,Normale,Route Départementale,,2,Plat,,5,510,normale,,,Conducteur,2,M,70-71,Promenade - loisirs,Autre,Non déterminable,1,,10 - octobre,5 - samedi,Vézelois
,201700017734,2017-10-14,41,18,41116,47.85031,1.11168,Hors intersection,Deux véhicules - par le coté,Plein jour,Temps éblouissant,Route Départementale,,2,Plat,Partie rectiligne,,35,normale,,Sur chaussée,Conducteur,2,M,70-71,,Casque,Oui,1,,10 - octobre,5 - samedi,Lisle
,201700021008,2017-10-14,16,21,16102,45.69317,-0.32566,Intersection en Y,Deux véhicules - par le coté,Nuit avec éclairage public allumé,Normale,Voie Communale,,1,Pente,En courbe à gauche,,40,normale,,Sur chaussée,Conducteur,1,M,25-26,Promenade - loisirs,Autre,Non,1,1,10 - octobre,5 - samedi,Cognac
,201700021268,2017-10-14,17,14,17300,46.13977,-1.1452,Giratoire,Deux véhicules - frontale,Plein jour,Normale,Voie Communale,,1,Plat,En courbe à gauche,,78,normale,Carrefour aménagé,Sur chaussée,Conducteur,2,M,94-95,Promenade - loisirs,Casque,Non,1,1,10 - octobre,5 - samedi,Rochelle
,201700032228,2017-10-14,68,15,68343,47.8519,7.28367,Intersection en T,Deux véhicules - frontale,Plein jour,Normale,Parc de stationnement ouvert à la circulation publique,,,Plat,Partie rectiligne,,50,normale,,Sur chaussée,Conducteur,1,M,60-61,Promenade - loisirs,Casque,Non,1,,10 - octobre,5 - samedi,Ungersheim
,201700035467,2017-10-14,73,12,73065,45.56348,5.92824,Giratoire,Deux véhicules - par le coté,Plein jour,Normale,Voie Communale,,2,Plat,Partie rectiligne,,,normale,,Sur chaussée,Conducteur,1,M,41-42,Promenade - loisirs,Casque,Non déterminable,1,1,10 - octobre,5 - samedi,Chambéry
,201700036174,2017-10-14,76,8,76216,49.47609,1.04817,Intersection en X,Deux véhicules - par le coté,Plein jour,Normale,Route Départementale,,3,Plat,Partie rectiligne,,115,normale,,Sur chaussée,Conducteur,2,M,13-14,Promenade - loisirs,Casque,Oui,1,1,10 - octobre,5 - samedi,Déville-lès-Rouen
,201700039965,2017-10-14,92,21,92025,48.92288,2.25287,Hors intersection,Autre,Nuit avec éclairage public allumé,Normale,Route Départementale,,2,Plat,Partie rectiligne,,,normale,,Sur chaussée,Conducteur,1,M,54-55,,Autre,Non déterminable,1,1,10 - octobre,5 - samedi,Colombes
,201700040052,2017-10-14,92,17,92026,48.8988,2.26251,Hors intersection,Deux véhicules - par le coté,Plein jour,Normale,Route Départementale,,2,Plat,Partie rectiligne,,150,normale,,Sur chaussée,Conducteur,2,M,35-36,Domicile - travail,Casque,Oui,1,1,10 - octobre,5 - samedi,Courbevoie
,201700040579,2017-10-14,92,11,92020,48.8101,2.18229,Hors intersection,Deux véhicules - par le coté,Plein jour,Normale,Voie Communale,,2,Plat,Partie rectiligne,,85,normale,,Sur chaussée,Conducteur,2,M,13-14,,Autre,Non,1,1,10 - octobre,5 - samedi,Châtillon
,201700041069,2017-10-14,92,16,92064,48.85286,2.20591,Hors intersection,Deux véhicules - par le coté,Plein jour,Normale,Route Départementale,,2,Pente,Partie rectiligne,,67,normale,Carrefour aménagé,Sur chaussée,Conducteur,1,M,20-21,Promenade - loisirs,Casque,Oui,1,1,10 - octobre,5 - samedi,Saint-Cloud
,201700053280,2017-10-14,75,21,75105,48.8493,2.34325,Hors intersection,Aucune,Nuit avec éclairage public allumé,Normale,Voie Communale,,1,Pente,Partie rectiligne,,50,normale,,Sur chaussée,Conducteur,1,M,25-26,Utilisation professionnelle,Casque,Non déterminable,,1,10 - octobre,5 - samedi,Paris 5e  Arrondissement
,201700056314,2017-10-14,75,17,75116,48.8729,2.28215,Hors intersection,Autre,Plein jour,Normale,Voie Communale,,4,Plat,Partie rectiligne,,,normale,,Sur trottoir,Conducteur,1,M,6-7,Promenade - loisirs,Casque,Oui,1,1,10 - octobre,5 - samedi,Paris 16e  Arrondissement
,201700003133,2017-10-13,67,13,67008,48.53697,7.53086,Hors intersection,Deux véhicules - frontale,Plein jour,Normale,Route Départementale,,3,Plat,,10,315,normale,,,Conducteur,2,F,79-80,Promenade - loisirs,Casque,Non,1,,10 - octobre,4 - vendredi,Altorf
,201700008019,2017-10-13,10,12,10060,48.26035,4.12293,Intersection en T,Deux véhicules - par le coté,Plein jour,Normale,Route Départementale,,2,Plat,Partie rectiligne,,66,normale,,Sur chaussée,Conducteur,3,M,63-64,Promenade - loisirs,Casque,Oui,1,,10 - octobre,4 - vendredi,Bréviandes
,201700011747,2017-10-13,30,17,30241,43.96924,4.27959,Intersection en T,Deux véhicules - par le coté,Plein jour,Normale,Route Départementale,,2,Plat,,7,10,normale,,,Conducteur,1,M,71-72,Promenade - loisirs,Casque,Non,1,1,10 - octobre,4 - vendredi,Saint-Chaptes
,201700017927,2017-10-13,42,8,42228,45.5609,4.09748,Intersection en T,Deux véhicules - frontale,Crépuscule ou aube,Temps éblouissant,Route Départementale,,2,Pente,,704,810,normale,,,Conducteur,2,M,45-46,Domicile - travail,Casque,Oui,1,1,10 - octobre,4 - vendredi,Saint-Georges-Haute-Ville
,201700019208,2017-10-13,33,10,33521,45.46531,-1.0499,Autre intersection,Deux véhicules - par l’arrière,Plein jour,Normale,Route Départementale,,2,Plat,,,10,normale,,,Conducteur,3,M,65-66,Promenade - loisirs,Casque,Oui,1,1,10 - octobre,4 - vendredi,Talais
,201700022608,2017-10-13,25,13,25056,47.2387,6.03404,Giratoire,Autre,Plein jour,Normale,Voie Communale,,2,Plat,,,,normale,,Sur chaussée,Conducteur,1,M,50-51,Autre,Casque,Non déterminable,1,1,10 - octobre,4 - vendredi,Besançon
,201700028958,2017-10-13,45,17,45169,47.91,1.83,Hors intersection,Deux véhicules - par l’arrière,Plein jour,Normale,Voie Communale,,2,Plat,Partie rectiligne,,70,normale,,Sur chaussée,Conducteur,1,M,12-13,Domicile - école,Casque,Oui,1,1,10 - octobre,4 - vendredi,Ingré
,201700030932,2017-10-13,56,18,56121,47.73671,-3.38294,Hors intersection,Deux véhicules - par le coté,Plein jour,Normale,Route Départementale,,2,Bas de côte,Partie rectiligne,,,normale,,Sur piste cyclable,Conducteur,1,M,39-40,Promenade - loisirs,Casque,Oui,1,1,10 - octobre,4 - vendredi,Lorient
,201700031326,2017-10-13,57,17,57647,49.31878,6.10245,Intersection en T,Deux véhicules - par le coté,Plein jour,Normale,Route Départementale,,3,Plat,Partie rectiligne,,102,normale,,Sur chaussée,Conducteur,1,M,15-16,Promenade - loisirs,Casque,Non,1,1,10 - octobre,4 - vendredi,Serémange-Erzange
,201700031644,2017-10-13,59,13,59178,50.39217,3.1078,Hors intersection,Deux véhicules - par le coté,Plein jour,Normale,Route Départementale,,2,Plat,Partie rectiligne,35,140,normale,,Sur piste cyclable,Conducteur,2,M,27-28,Promenade - loisirs,Autre,Non déterminable,1,1,10 - octobre,4 - vendredi,Douai
,201700034422,2017-10-13,68,8,68066,48.09238,7.34885,Giratoire,Deux véhicules - par le coté,Plein jour,Normale,Route Départementale,,4,Bas de côte,Partie rectiligne,18,140,normale,,Sur chaussée,Conducteur,1,M,15-16,Domicile - école,Casque,Non,1,1,10 - octobre,4 - vendredi,Colmar
,201700039963,2017-10-13,92,16,92025,48.92,2.25,Hors intersection,Autre,Plein jour,Normale,Voie Communale,,,Plat,Partie rectiligne,,,normale,,Sur chaussée,Conducteur,1,M,48-49,Courses - achats,Casque,Oui,1,1,10 - octobre,4 - vendredi,Colombes
,201700044424,2017-10-13,94,16,94028,48.79636,2.46791,Autre intersection,Deux véhicules - par le coté,Plein jour,Normale,Voie Communale,,1,Plat,,,,normale,Zone piétonne,Sur chaussée,Conducteur,1,F,9-10,Promenade - loisirs,Casque,Oui,1,1,10 - octobre,4 - vendredi,Créteil
,201700045363,2017-10-13,94,7,94068,48.79323,2.51533,Hors intersection,Autre,Crépuscule ou aube,Normale,Voie Communale,,2,Plat,Partie rectiligne,,85,normale,,Sur chaussée,Conducteur,1,F,36-37,Domicile - travail,Autre,Non déterminable,1,1,10 - octobre,4 - vendredi,Saint-Maur-des-Fossés
,201700054533,2017-10-13,75,20,75111,48.8504,2.38447,Intersection en X,Deux véhicules - par l’arrière,Nuit avec éclairage public allumé,Normale,Voie Communale,,1,Plat,Partie rectiligne,,30,normale,,Sur chaussée,Conducteur,1,M,25-26,Domicile - travail,Casque,Non,1,1,10 - octobre,4 - vendredi,Paris 11e  Arrondissement
,201700056757,2017-10-13,75,11,75117,48.8918,2.30158,Intersection en X,Deux véhicules - par le coté,Plein jour,Normale,Voie Communale,,3,Plat,Partie rectiligne,,,normale,,Sur chaussée,Conducteur,1,F,31-32,,Casque,Non,1,1,10 - octobre,4 - vendredi,Paris 17e  Arrondissement
,201700011421,2017-10-12,68,8,68375,47.80716,7.23587,Hors intersection,Deux véhicules - par le coté,Plein jour,Normale,Voie Communale,,2,Plat,Partie rectiligne,,62,normale,,Sur chaussée,Conducteur,2,M,73-74,Courses - achats,Casque,Non,1,1,10 - octobre,3 - jeudi,Wittelsheim
,201700017947,2017-10-12,42,10,42181,46.01186,4.20391,Hors intersection,Aucune,Plein jour,Normale,Route Départementale,,2,Pente,En courbe à droite,50,,mouillée,,Sur chaussée,Conducteur,1,M,53-54,Promenade - loisirs,Casque,Oui,,,10 - octobre,3 - jeudi,Régny
,201700020634,2017-10-12,51,16,51007,49.09511,4.17624,Hors intersection,Aucune,Plein jour,Normale,Route Départementale,,2,Pente,En courbe à gauche,,63,normale,,Sur chaussée,Conducteur,3,M,66-67,Promenade - loisirs,Casque,Non,,,10 - octobre,3 - jeudi,Ambonnay
,201700021264,2017-10-12,17,13,17300,46.16253,-1.18223,Intersection en Y,Deux véhicules - par le coté,Plein jour,Normale,Voie Communale,,2,Sommet de côte,Partie rectiligne,,71,normale,,Sur chaussée,Conducteur,1,M,57-58,Domicile - travail,Casque,Oui,1,1,10 - octobre,3 - jeudi,Rochelle