test,identifiantAccident,date,departement,heure,commune,lat,lon,typeIntersection,typeCollision,luminosite,conditionsAtmosperiques,typeRoute,circulation,nbVoies,profilLongRoute,tracePlanRoute,largeurTPC,largeurRoute,etatSurface,amenagement,situation,categorieUsager,graviteAccident,sexe,age,motifDeplacement,existenceSecurite,usageSecurite,nombreAutresVehicules,enAgglomeration,mois,jour,NCCENR
,201700021266,2017-10-12,17,17,17300,46.14098,1.14129,Intersection en T,Deux véhicules - par le coté,Plein jour,Normale,Route Départementale,,2,Plat,Partie rectiligne,,42,normale,,Sur chaussée,Conducteur,1,M,17-18,Promenade - loisirs,Casque,Non,1,1,10 - octobre,3 - jeudi,Rochelle
,201700021267,2017-10-12,17,18,17200,46.18795,-1.16041,Hors intersection,Deux véhicules - par l’arrière,Plein jour,Normale,Voie Communale,,2,Pente,Partie rectiligne,,49,normale,,Sur chaussée,Conducteur,1,M,34-35,Promenade - loisirs,Casque,Oui,1,1,10 - octobre,3 - jeudi,Lagord
,201700027441,2017-10-12,37,10,37261,47.41879,0.68411,Hors intersection,Aucune,Plein jour,Normale,Voie Communale,,2,Plat,Partie rectiligne,,,mouillée,,Sur trottoir,Conducteur,1,M,32-33,Courses - achats,Equipement réfléchissant,Non,,1,10 - octobre,3 - jeudi,Tours
,201700027444,2017-10-12,37,16,37261,47.3664,0.71091,Hors intersection,Deux véhicules - par le coté,Plein jour,Normale,Voie Communale,,2,Plat,Partie rectiligne,,,normale,,Sur chaussée,Conducteur,1,M,7-8,Promenade - loisirs,Casque,Oui,1,1,10 - octobre,3 - jeudi,Tours
,201700029452,2017-10-12,49,18,49007,47.47361,-0.58737,Hors intersection,Autre,Crépuscule ou aube,Normale,Voie Communale,,2,Bas de côte,Partie rectiligne,,,normale,,Sur chaussée,Conducteur,1,M,19-20,Autre,Casque,Oui,1,1,10 - octobre,3 - jeudi,Angers
,201700029453,2017-10-12,49,12,49007,47.46954,-0.60208,Hors intersection,Deux véhicules - par l’arrière,Plein jour,Normale,Voie Communale,,1,,En courbe à gauche,,60,normale,Pont - autopont,Sur piste cyclable,Conducteur,1,F,64-65,,Casque,Oui,1,1,10 - octobre,3 - jeudi,Angers
,201700031325,2017-10-12,57,12,57757,49.35271,6.19922,Hors intersection,Autre,Plein jour,Normale,Voie Communale,,2,Plat,Partie rectiligne,,75,normale,,Sur chaussée,Conducteur,2,M,45-46,Domicile - travail,Casque,Non,1,1,10 - octobre,3 - jeudi,Yutz
,201700033780,2017-10-12,17,19,17278,45.70051,-0.77949,Hors intersection,Deux véhicules - frontale,Plein jour,Normale,Parc de stationnement ouvert à la circulation publique,,,Plat,Partie rectiligne,,,normale,,,Conducteur,2,M,7-8,Promenade - loisirs,Casque,Non,1,1,10 - octobre,3 - jeudi,Pisany
,201700034283,2017-10-12,67,21,67482,48.60053,7.78107,Intersection en X,Deux véhicules - par le coté,Nuit avec éclairage public allumé,Normale,Voie Communale,,2,Plat,Partie rectiligne,,70,normale,,Sur chaussée,Conducteur,1,M,21-22,Promenade - loisirs,Casque,Non déterminable,1,1,10 - octobre,3 - jeudi,Strasbourg
,201700040238,2017-10-12,92,18,92036,48,2.2,Hors intersection,Autre,Plein jour,Normale,Route Départementale,,4,Plat,Partie rectiligne,,150,normale,,Sur trottoir,Conducteur,1,M,14-15,Autre,Casque,Non,1,1,10 - octobre,3 - jeudi,Gennevilliers
,201700045102,2017-10-12,94,16,94046,48.81002,2.47211,Hors intersection,Autre,Plein jour,Normale,Voie Communale,,2,Plat,Partie rectiligne,,,normale,,Sur piste cyclable,Conducteur,1,M,25-26,Promenade - loisirs,Casque,Oui,1,1,10 - octobre,3 - jeudi,Maisons-Alfort
,201700053892,2017-10-12,75,13,75108,48.8751,2.31011,Hors intersection,Autre,Plein jour,Normale,Voie Communale,,6,Pente,Partie rectiligne,,200,normale,,Sur chaussée,Conducteur,1,F,57-58,Domicile - travail,Casque,Non,1,1,10 - octobre,3 - jeudi,Paris 8e  Arrondissement
,201700054908,2017-10-12,75,13,75112,48.8461,2.37617,Intersection en X,Trois véhicules et plus - collisions multiples,Plein jour,Normale,Voie Communale,,,Plat,Partie rectiligne,,40,normale,,,Conducteur,1,M,26-27,Utilisation professionnelle,Casque,Oui,2,1,10 - octobre,3 - jeudi,Paris 12e  Arrondissement
,201700055582,2017-10-12,75,14,75114,48.8346,2.31924,Hors intersection,Deux véhicules - frontale,Plein jour,Normale,Voie Communale,,1,Plat,Partie rectiligne,,40,normale,,Sur chaussée,Conducteur,1,M,78-79,Autre,Casque,Non,1,1,10 - octobre,3 - jeudi,Paris 14e  Arrondissement
,201700056754,2017-10-12,75,14,75117,48.8944,2.31361,Intersection en X,Autre,Plein jour,Normale,Voie Communale,,,Plat,Partie rectiligne,,,normale,,Sur chaussée,Conducteur,1,M,48-49,Autre,Casque,Non déterminable,,1,10 - octobre,3 - jeudi,Paris 17e  Arrondissement
,201700004599,2017-10-11,66,7,66171,42.62259,3.01144,Hors intersection,Deux véhicules - par l’arrière,Plein jour,Normale,Route Départementale,,2,Pente,,,,normale,,Sur chaussée,Conducteur,1,M,56-57,Promenade - loisirs,Casque,Non,1,1,10 - octobre,2 - mercredi,Saint-Cyprien
,201700006387,2017-10-11,6,10,6088,43.66686,7.21632,Hors intersection,Deux véhicules - par le coté,Plein jour,Normale,Route Départementale,,4,Plat,Partie rectiligne,,,normale,,Sur chaussée,Conducteur,1,M,59-60,Domicile - travail,Autre,Non déterminable,1,1,10 - octobre,2 - mercredi,Nice
,201700017194,2017-10-11,39,17,39271,46.60792,5.9996,Hors intersection,Deux véhicules - par le coté,Plein jour,Normale,Route Départementale,,2,Pente,En courbe à gauche,,60,normale,,Sur chaussée,Conducteur,2,M,11-12,Promenade - loisirs,Casque,Non,1,1,10 - octobre,2 - mercredi,Lac-des-Rouges-Truites
,201700018371,2017-10-11,61,15,61168,48.60215,-0.34453,Hors intersection,Deux véhicules - par le coté,Plein jour,Normale,Voie Communale,,2,Pente,Partie rectiligne,,60,normale,,Sur chaussée,Conducteur,2,M,12-13,Promenade - loisirs,Casque,Non,1,1,10 - octobre,2 - mercredi,Ferté-Macé
,201700020560,2017-10-11,59,17,59525,50.09205,4.00483,Intersection en T,Autre,Plein jour,Normale,Voie Communale,,1,Plat,,,10,normale,,,Conducteur,2,M,78-79,,Casque,Non,1,1,10 - octobre,2 - mercredi,Sains-du-Nord
,201700021877,2017-10-11,18,18,18033,0,0,Hors intersection,Deux véhicules - par l’arrière,Plein jour,Temps éblouissant,Route Départementale,,1,Pente,Partie rectiligne,,,normale,,Sur chaussée,Conducteur,2,M,48-49,Promenade - loisirs,Autre,Non déterminable,1,,10 - octobre,2 - mercredi,Bourges
,201700022480,2017-10-11,22,12,22360,48.48831,-2.74012,Giratoire,Deux véhicules - par le coté,Plein jour,Normale,Voie Communale,,1,Plat,En courbe à gauche,,75,normale,Carrefour aménagé,Sur chaussée,Conducteur,2,M,59-60,Courses - achats,Casque,Non,1,1,10 - octobre,2 - mercredi,Trégueux
,201700024405,2017-10-11,83,8,83086,43.47856,6.56629,Hors intersection,Deux véhicules - frontale,Plein jour,Normale,Route Départementale,,2,Plat,,6,810,normale,,,Conducteur,1,M,75-76,Promenade - loisirs,Casque,Oui,1,1,10 - octobre,2 - mercredi,Muy
,201700024966,2017-10-11,31,17,31555,43.60616,1.44882,Hors intersection,Deux véhicules - par l’arrière,Plein jour,Normale,Voie Communale,,,Bas de côte,Partie rectiligne,,,normale,,Sur chaussée,Conducteur,1,M,78-79,Autre,Autre,Non déterminable,1,1,10 - octobre,2 - mercredi,Toulouse
,201700026054,2017-10-11,34,17,34003,43.30795,3.47653,Place,Deux véhicules - par l’arrière,Plein jour,Normale,Voie Communale,,2,Plat,Partie rectiligne,,58,normale,,Sur chaussée,Conducteur,1,M,14-15,Promenade - loisirs,Autre,Non déterminable,1,1,10 - octobre,2 - mercredi,Agde
,201700026800,2017-10-11,35,16,35238,48.10985,-1.67917,Hors intersection,Autre,Plein jour,Normale,Voie Communale,,1,Plat,Partie rectiligne,,,autre,,Sur chaussée,Conducteur,1,M,17-18,Promenade - loisirs,Casque,Non,,1,10 - octobre,2 - mercredi,Rennes
,201700033289,2017-10-11,64,11,64445,43.29871,-0.36821,Intersection en T,Deux véhicules - par le coté,Plein jour,Normale,Voie Communale,,1,Plat,Partie rectiligne,,60,normale,,Sur chaussée,Conducteur,1,F,17-18,Domicile - école,Autre,Non déterminable,1,1,10 - octobre,2 - mercredi,Pau
,201700034280,2017-10-11,67,7,67482,48.58489,7.73655,Intersection en T,Deux véhicules - par le coté,Plein jour,Normale,Voie Communale,,2,Plat,Partie rectiligne,,550,normale,,Sur chaussée,Conducteur,1,F,51-52,Autre,Autre,Non déterminable,1,1,10 - octobre,2 - mercredi,Strasbourg
,201700034516,2017-10-11,68,7,68166,47.7994,7.33651,Hors intersection,Deux véhicules - par le coté,Plein jour,Normale,Route Départementale,,2,Plat,Partie rectiligne,24,120,normale,,Sur piste cyclable,Conducteur,2,F,48-49,Domicile - travail,Casque,Oui,1,1,10 - octobre,2 - mercredi,Kingersheim
,201700035244,2017-10-11,12,15,12300,44.3695,2.03934,Autre intersection,Deux véhicules - par le coté,Plein jour,Normale,Voie Communale,,2,Plat,Partie rectiligne,,10,normale,,Sur chaussée,Conducteur,1,M,14-15,Promenade - loisirs,Casque,Non,1,1,10 - octobre,2 - mercredi,Villefranche-de-Rouergue
,201700036843,2017-10-11,78,18,78646,48.79833,2.15346,Intersection en X,Deux véhicules - par le coté,Crépuscule ou aube,Temps couvert,Route Départementale,,5,Plat,Partie rectiligne,,,normale,Carrefour aménagé,Sur chaussée,Conducteur,2,M,38-39,Domicile - travail,Casque,Oui,1,1,10 - octobre,2 - mercredi,Versailles
,201700044776,2017-10-11,94,9,94021,48.77333,2.3396,Hors intersection,Deux véhicules - par le coté,Plein jour,Temps couvert,Voie Communale,,1,Plat,Partie rectiligne,,30,normale,,Sur chaussée,Conducteur,1,F,37-38,,Casque,Oui,1,1,10 - octobre,2 - mercredi,Chevilly-Larue
,201700051094,2017-10-11,69,8,69388,45.74,4.867,Intersection en X,Aucune,Plein jour,Normale,Voie Communale,,1,Plat,Partie rectiligne,,60,normale,,Sur piste cyclable,Conducteur,1,M,49-50,Autre,Casque,Oui,1,1,10 - octobre,2 - mercredi,Lyon 8e  Arrondissement
,201700053891,2017-10-11,75,9,75108,48.8647,2.30179,Place,Autre,Plein jour,Temps couvert,Voie Communale,,3,Plat,Partie rectiligne,,,normale,,Sur chaussée,Conducteur,1,M,46-47,Domicile - travail,Casque,Oui,1,1,10 - octobre,2 - mercredi,Paris 8e  Arrondissement
,201700054905,2017-10-11,75,13,75112,48.8519,2.37378,Intersection en T,Deux véhicules - par le coté,Plein jour,Normale,Voie Communale,,3,Plat,Partie rectiligne,,110,normale,,Sur chaussée,Conducteur,0,M,35-36,Promenade - loisirs,Casque,Non,1,1,10 - octobre,2 - mercredi,Paris 12e  Arrondissement
,201700055293,2017-10-11,75,17,75105,48.8528,2.34661,Intersection en T,Autre,Plein jour,Normale,Voie Communale,,2,Plat,Partie rectiligne,,70,normale,,Sur chaussée,Conducteur,1,M,34-35,Promenade - loisirs,Casque,Non,1,1,10 - octobre,2 - mercredi,Paris 5e  Arrondissement
,201700058937,2017-10-11,974,15,97408,-20.93862,55.32765,Hors intersection,Deux véhicules - frontale,Plein jour,Normale,Voie Communale,,2,Plat,Partie rectiligne,,,normale,,Sur chaussée,Conducteur,1,M,11-12,Promenade - loisirs,Casque,Oui,1,,10 - octobre,2 - mercredi,Possession
,201700059460,2017-10-11,971,15,97107,16.24677,-61.33487,Intersection en X,Deux véhicules - par le coté,Plein jour,Normale,Voie Communale,,1,Plat,Partie rectiligne,,46,normale,,Sur chaussée,Conducteur,2,M,14-15,,Casque,Non,1,1,10 - octobre,2 - mercredi,Capesterre-Belle-Eau
,201700003172,2017-10-10,67,7,67551,48.5929,7.66899,Hors intersection,Deux véhicules - par le coté,Nuit avec éclairage public allumé,Normale,Route Départementale,,2,Plat,Partie rectiligne,,,normale,,Sur chaussée,Conducteur,2,M,40-41,Domicile - travail,Casque,Non,1,1,10 - octobre,1 - mardi,Wolfisheim
,201700010573,2017-10-10,13,11,13055,43.25452,5.40176,Intersection en T,Deux véhicules - par l’arrière,Plein jour,Normale,Voie Communale,,1,Plat,Partie rectiligne,,30,normale,,,Conducteur,1,M,33-34,Domicile - travail,Casque,Oui,1,1,10 - octobre,1 - mardi,Marseille
,201700022898,2017-10-10,26,12,26281,45.04465,5.07136,Hors intersection,Deux véhicules - par le coté,Plein jour,Pluie légère,Voie Communale,,2,Plat,Partie rectiligne,,,normale,,Sur chaussée,Conducteur,2,F,58-59,,Autre,Non déterminable,1,1,10 - octobre,1 - mardi,Romans-sur-Isère
,201700026799,2017-10-10,35,10,35238,48.11198,-1.70242,Intersection en X,Deux véhicules - par le coté,Plein jour,Normale,Voie Communale,,2,Plat,Partie rectiligne,,,normale,,Sur chaussée,Conducteur,1,M,22-23,,Casque,Oui,1,1,10 - octobre,1 - mardi,Rennes
,201700027436,2017-10-10,37,7,37261,47.3677,0.70039,Intersection en T,Deux véhicules - par le coté,Crépuscule ou aube,Pluie légère,Voie Communale,,2,Plat,En courbe à droite,,,mouillée,,Sur chaussée,Conducteur,1,F,20-21,Domicile - école,Casque,Oui,1,1,10 - octobre,1 - mardi,Tours
,201700028572,2017-10-10,44,17,44184,47.26535,-2.26772,Giratoire,Deux véhicules - par le coté,Plein jour,Normale,Voie Communale,,2,Plat,Partie rectiligne,,,normale,,Sur chaussée,Conducteur,2,F,62-63,,Casque,Non,1,1,10 - octobre,1 - mardi,Saint-Nazaire
,201700029451,2017-10-10,49,9,49007,47.44906,-0.54424,Hors intersection,Aucune,Plein jour,Normale,Voie Communale,,1,Plat,En courbe à droite,1,70,normale,,Sur chaussée,Conducteur,1,F,17-18,,Casque,Non,,1,10 - octobre,1 - mardi,Angers
,201700029745,2017-10-10,50,10,50602,49.64345,-1.58084,Hors intersection,Deux véhicules - par le coté,Plein jour,Normale,Autre,,1,Plat,Partie rectiligne,,,mouillée,,Sur trottoir,Conducteur,0,M,13-14,Domicile - école,Autre,Non déterminable,1,1,10 - octobre,1 - mardi,Tourlaville
,201700029745,2017-10-10,50,10,50602,49.64345,-1.58084,Hors intersection,Deux véhicules - par le coté,Plein jour,Normale,Autre,,1,Plat,Partie rectiligne,,,mouillée,,Sur trottoir,Conducteur,1,F,57-58,Utilisation professionnelle,Casque,Oui,1,1,10 - octobre,1 - mardi,Tourlaville
,201700032604,2017-10-10,62,13,62178,50.21066,2.74877,Intersection en X,Autre,Plein jour,Normale,Voie Communale,,2,Pente,Partie rectiligne,,70,normale,,Sur chaussée,Conducteur,2,M,18-19,Domicile - école,Autre,Non déterminable,1,1,10 - octobre,1 - mardi,Bruay-la-Buissière
,201700035323,2017-10-10,72,7,72181,47.99614,0.23376,Intersection en Y,Deux véhicules - par le coté,Crépuscule ou aube,Normale,Voie Communale,,2,Plat,Partie rectiligne,,,normale,,Sur chaussée,Conducteur,2,M,49-50,,Autre,Non déterminable,1,1,10 - octobre,1 - mardi,Mans
,201700036842,2017-10-10,78,9,78646,48.8072,2.12858,Hors intersection,Aucune,Plein jour,Normale,Route Départementale,,2,Plat,Partie rectiligne,,,normale,,Sur chaussée,Conducteur,2,M,77-78,Promenade - loisirs,Autre,Non,1,1,10 - octobre,1 - mardi,Versailles
,201700038899,2017-10-10,91,20,91377,48.7377,2.2726,Giratoire,Deux véhicules - par le coté,Nuit avec éclairage public allumé,Normale,Route Départementale,,3,Plat,En courbe à gauche,,,normale,,Sur chaussée,Conducteur,2,M,70-71,Promenade - loisirs,Autre,Non déterminable,1,1,10 - octobre,1 - mardi,Massy
,201700045731,2017-10-10,94,15,94081,48.79987,2.4012,Hors intersection,Deux véhicules - par le coté,Plein jour,Normale,Route Départementale,,2,Plat,Partie rectiligne,,70,normale,,Sur chaussée,Conducteur,1,M,14-15,Promenade - loisirs,Autre,Oui,1,1,10 - octobre,1 - mardi,Vitry-sur-Seine
,201700053279,2017-10-10,75,17,75105,48.8439,2.33896,Intersection en X,Autre,Plein jour,Normale,Voie Communale,,4,Plat,Partie rectiligne,,120,normale,,Sur chaussée,Conducteur,0,M,20-21,Promenade - loisirs,Casque,Non,,1,10 - octobre,1 - mardi,Paris 5e  Arrondissement
,201700053394,2017-10-10,75,11,75106,48.8549,2.33563,Hors intersection,Autre,Plein jour,Normale,Voie Communale,,1,Plat,,,40,normale,,Sur chaussée,Conducteur,0,M,31-32,,Casque,Oui,,1,10 - octobre,1 - mardi,Paris 6e  Arrondissement
,201700053577,2017-10-10,75,8,75107,48.8572,2.3276,Hors intersection,Trois véhicules et plus - collisions multiples,Plein jour,Normale,Voie Communale,,1,Plat,Partie rectiligne,,,normale,,Sur chaussée,Conducteur,1,M,52-53,,Casque,Non,2,1,10 - octobre,1 - mardi,Paris 7e  Arrondissement
,201700055876,2017-10-10,75,19,75115,48.8314,2.29119,Hors intersection,Autre,Crépuscule ou aube,Normale,Voie Communale,,1,Pente,Partie rectiligne,,50,normale,,Sur piste cyclable,Conducteur,1,M,47-48,Promenade - loisirs,Casque,Non,,1,10 - octobre,1 - mardi,Paris 15e  Arrondissement
,201700055876,2017-10-10,75,19,75115,48.8314,2.29119,Hors intersection,Autre,Crépuscule ou aube,Normale,Voie Communale,,1,Pente,Partie rectiligne,,50,normale,,Sur piste cyclable,Piéton,1,M,27-28,Promenade - loisirs,,,,1,10 - octobre,1 - mardi,Paris 15e  Arrondissement
,201700056749,2017-10-10,75,13,75117,48.8847,2.30781,Intersection en T,Deux véhicules - par l’arrière,Plein jour,Normale,Voie Communale,,,Plat,Partie rectiligne,,,normale,,Sur piste cyclable,Conducteur,1,M,40-41,Utilisation professionnelle,Casque,Non,1,1,10 - octobre,1 - mardi,Paris 17e  Arrondissement
,201700058009,2017-10-10,75,13,75103,48.8673,2.36338,Place,Deux véhicules - par le coté,Plein jour,Normale,Voie Communale,,6,Plat,Partie rectiligne,20,119,normale,,Sur chaussée,Conducteur,0,M,49-50,Utilisation professionnelle,Casque,Non déterminable,1,1,10 - octobre,1 - mardi,Paris 3e  Arrondissement
,201700058009,2017-10-10,75,13,75103,48.8673,2.36338,Place,Deux véhicules - par le coté,Plein jour,Normale,Voie Communale,,6,Plat,Partie rectiligne,20,119,normale,,Sur chaussée,Conducteur,1,F,30-31,Utilisation professionnelle,Casque,Oui,1,1,10 - octobre,1 - mardi,Paris 3e  Arrondissement
,201700010589,2017-10-09,13,18,13055,43.2922,5.36032,Hors intersection,Deux véhicules - par l’arrière,Plein jour,Normale,Voie Communale,,2,Pente,Partie rectiligne,,50,normale,,Sur chaussée,Conducteur,1,M,36-37,,Casque,Non déterminable,1,1,10 - octobre,0 - lundi,Marseille
,201700024964,2017-10-09,31,14,31555,43.56429,1.48128,Hors intersection,Deux véhicules - par le coté,Plein jour,Normale,Voie Communale,,2,Plat,Partie rectiligne,,,normale,,Sur chaussée,Conducteur,1,M,70-71,Promenade - loisirs,Autre,Non,1,1,10 - octobre,0 - lundi,Toulouse
,201700026880,2017-10-09,35,20,35238,48.11905,-1.64876,Intersection en X,Deux véhicules - par le coté,Nuit avec éclairage public allumé,Normale,Voie Communale,,1,Plat,Partie rectiligne,,,normale,,Sur chaussée,Conducteur,1,M,19-20,Domicile - travail,Casque,Non,1,1,10 - octobre,0 - lundi,Rennes
,201700027016,2017-10-09,36,6,36044,46.796,1.70785,Giratoire,Deux véhicules - par le coté,Nuit avec éclairage public allumé,Brouillard - fumée,Voie Communale,,2,Plat,En courbe à gauche,,80,mouillée,,Sur chaussée,Conducteur,1,M,19-20,Utilisation professionnelle,Casque,Non,1,1,10 - octobre,0 - lundi,Châteauroux
,201700027853,2017-10-09,41,10,41295,47.59312,1.39035,Hors intersection,Deux véhicules - par le coté,Plein jour,Normale,Voie Communale,,1,Plat,En courbe à droite,,,normale,,Sur trottoir,Conducteur,1,M,67-68,Promenade - loisirs,Casque,Non,1,1,10 - octobre,0 - lundi,Vineuil
,201700028571,2017-10-09,44,16,44184,47.26433,-2.25756,Hors intersection,Deux véhicules - par le coté,Plein jour,Normale,Route Départementale,,2,Plat,En courbe à droite,,,normale,,Sur chaussée,Conducteur,1,F,76-77,Promenade - loisirs,Autre,Oui,1,1,10 - octobre,0 - lundi,Saint-Nazaire
,201700029743,2017-10-09,50,20,50129,49.64043,-1.64072,Intersection en X,Deux véhicules - par le coté,Nuit avec éclairage public allumé,Normale,Voie Communale,,2,Pente,Partie rectiligne,,,mouillée,Carrefour aménagé,Sur chaussée,Conducteur,1,M,20-21,Promenade - loisirs,Equipement réfléchissant,Non déterminable,1,1,10 - octobre,0 - lundi,Cherbourg-en-Cotentin
,201700034423,2017-10-09,68,14,68066,48.08468,7.36192,Intersection en X,Deux véhicules - par le coté,Plein jour,Normale,Route Départementale,,5,Plat,Partie rectiligne,20,155,normale,,Sur chaussée,Conducteur,2,M,76-77,Promenade - loisirs,Autre,Non déterminable,1,1,10 - octobre,0 - lundi,Colmar
,201700038348,2017-10-09,88,9,88413,48.29383,6.93463,Giratoire,Deux véhicules - par le coté,Plein jour,Normale,Voie Communale,,1,Plat,En courbe à droite,,,normale,Carrefour aménagé,Sur chaussée,Conducteur,2,M,57-58,Promenade - loisirs,Casque,Non déterminable,1,1,10 - octobre,0 - lundi,Saint-Dié-des-Vosges
,201700039171,2017-10-09,92,9,92002,48.75456,2.30061,Intersection en T,Autre,Plein jour,Normale,Voie Communale,,2,Plat,Partie rectiligne,,120,normale,,Sur chaussée,Conducteur,1,F,13-14,Domicile - école,Casque,Oui,1,1,10 - octobre,0 - lundi,Antony
,201700052931,2017-10-09,75,19,75109,48.8716,2.33773,Intersection en T,Deux véhicules - par le coté,Nuit avec éclairage public allumé,Pluie légère,Voie Communale,,2,Plat,Partie rectiligne,,,normale,,Sur chaussée,Conducteur,1,F,29-30,,Casque,Non déterminable,1,1,10 - octobre,0 - lundi,Paris 9e  Arrondissement
,201700053131,2017-10-09,75,9,75101,48.8639,2.33592,Place,Deux véhicules - par le coté,Plein jour,Normale,Voie Communale,,2,Plat,Partie rectiligne,,90,normale,,Sur chaussée,Conducteur,1,F,50-51,,Casque,Non déterminable,1,1,10 - octobre,0 - lundi,Paris 1er Arrondissement
,201700054528,2017-10-09,75,17,75111,48.8547,2.38535,Intersection en X,Deux véhicules - par le coté,Plein jour,Normale,Voie Communale,,1,Plat,Partie rectiligne,,,normale,,Sur chaussée,Conducteur,1,F,24-25,,Casque,Non déterminable,1,1,10 - octobre,0 - lundi,Paris 11e  Arrondissement
,201700056309,2017-10-09,75,13,75116,48.8648,2.29718,Hors intersection,Deux véhicules - par le coté,Plein jour,Normale,Voie Communale,,1,Plat,Partie rectiligne,,,normale,,Sur chaussée,Conducteur,1,F,57-58,,Casque,Non déterminable,1,1,10 - octobre,0 - lundi,Paris 16e  Arrondissement
,201700060263,2017-10-09,974,15,97407,-20.94247,55.29183,Giratoire,Deux véhicules - frontale,Plein jour,Normale,Voie Communale,,,Plat,,15,60,normale,,Sur chaussée,Conducteur,2,F,23-24,Promenade - loisirs,Casque,Non,1,1,10 - octobre,0 - lundi,Port
,201700011867,2017-10-08,30,,30003,43.58893,4.21021,Hors intersection,Deux véhicules - par l’arrière,Nuit sans éclairage public,Normale,Route Départementale,,2,Plat,Partie rectiligne,,60,normale,,Sur chaussée,Conducteur,1,M,24-25,Autre,Autre,Non,1,,10 - octobre,6 - dimanche,Aigues-Mortes
,201700012757,2017-10-08,4,11,4124,43.7479,6.0999,Hors intersection,Aucune,Plein jour,Normale,Route Départementale,,2,Pente,Partie rectiligne,,43,normale,,Sur chaussée,Conducteur,2,M,39-40,Autre,Casque,Oui,,,10 - octobre,6 - dimanche,Montagnac-Montpezat
,201700028570,2017-10-08,44,9,44184,47.2904,-2.2658,Intersection en X,Deux véhicules - par le coté,Plein jour,Pluie légère,Voie Communale,,2,Plat,Partie rectiligne,,,mouillée,,Sur chaussée,Conducteur,1,M,49-50,Promenade - loisirs,Casque,Oui,1,1,10 - octobre,6 - dimanche,Saint-Nazaire
,201700051086,2017-10-08,69,1,69387,45.74558,4.8413,Place,Aucune,Nuit avec éclairage public allumé,Normale,Voie Communale,,,Plat,Partie rectiligne,,,normale,,Sur trottoir,Conducteur,1,F,30-31,Domicile - travail,Casque,Oui,,1,10 - octobre,6 - dimanche,Lyon 7e  Arrondissement
,201700054525,2017-10-08,75,9,75111,48.8563,2.38258,Hors intersection,Deux véhicules - par l’arrière,Plein jour,Temps couvert,Voie Communale,,1,Plat,Partie rectiligne,,80,mouillée,,Sur chaussée,Conducteur,2,M,45-46,Promenade - loisirs,Casque,Oui,1,1,10 - octobre,6 - dimanche,Paris 11e  Arrondissement
,201700015951,2017-10-07,2,19,2232,49.23535,3.0512,Hors intersection,Deux véhicules - par l’arrière,Nuit sans éclairage public,Normale,Route Départementale,,2,Plat,Partie rectiligne,,54,mouillée,,Sur chaussée,Conducteur,2,M,17-18,Promenade - loisirs,Equipement réfléchissant,Non,1,,10 - octobre,5 - samedi,Coyolles
,201700021414,2017-10-07,17,16,17333,45.60245,-0.99737,Hors intersection,Deux véhicules - par le coté,Plein jour,Normale,Voie Communale,,1,Plat,Partie rectiligne,,29,normale,,Sur chaussée,Conducteur,2,F,62-63,Promenade - loisirs,Autre,Non déterminable,1,1,10 - octobre,5 - samedi,Saint-Georges-de-Didonne
,201700028232,2017-10-07,44,17,44132,47.26534,-2.34525,Autre intersection,Deux véhicules - par le coté,Plein jour,Normale,Voie Communale,,1,Plat,,10,30,normale,,Sur chaussée,Conducteur,1,M,83-84,Promenade - loisirs,Casque,Non,1,1,10 - octobre,5 - samedi,Pornichet
,201700033053,2017-10-07,64,17,64122,43.45923,-1.57206,Hors intersection,Aucune,Plein jour,Normale,Voie Communale,,2,Pente,Partie rectiligne,,74,normale,,Sur piste cyclable,Conducteur,2,M,67-68,Promenade - loisirs,Casque,Non,,1,10 - octobre,5 - samedi,Biarritz
,201700036876,2017-10-07,79,9,79191,46.31764,-0.41333,Giratoire,Deux véhicules - par le coté,Plein jour,Normale,Route Départementale,,2,Plat,Partie rectiligne,,90,normale,Carrefour aménagé,Sur chaussée,Conducteur,2,M,60-61,Promenade - loisirs,Autre,Non,1,1,10 - octobre,5 - samedi,Niort
,201700037702,2017-10-07,85,13,85191,46.66081,-1.4501,Hors intersection,Aucune,Plein jour,Normale,Voie Communale,,2,Plat,Partie rectiligne,,,normale,,Sur chaussée,Conducteur,2,M,70-71,,Casque,Non,1,1,10 - octobre,5 - samedi,Roche-sur-Yon
,201700050301,2017-10-07,69,12,69034,45.79177,4.83775,Intersection en T,Autre,Plein jour,Normale,Voie Communale,,1,Plat,Partie rectiligne,,,normale,,Sur chaussée,Conducteur,1,M,32-33,Domicile - travail,Casque,Non,,1,10 - octobre,5 - samedi,Caluire-et-Cuire
,201700056748,2017-10-07,75,13,75117,48.8812,2.3153,Place,Autre,Plein jour,Normale,Voie Communale,,2,Plat,Partie rectiligne,,,normale,,Sur piste cyclable,Conducteur,0,M,27-28,Domicile - travail,Casque,Oui,,1,10 - octobre,5 - samedi,Paris 17e  Arrondissement
,201700000364,2017-10-06,76,17,76313,49.35393,1.12984,Hors intersection,Deux véhicules - par le coté,Plein jour,Normale,Route Départementale,,2,Plat,Partie rectiligne,,69,normale,,Sur chaussée,Conducteur,2,M,70-71,Promenade - loisirs,Casque,Non,1,,10 - octobre,4 - vendredi,Gouy
,201700002320,2017-10-06,38,18,38187,44.99569,5.62727,Hors intersection,Deux véhicules - par l’arrière,Plein jour,Vent fort - tempête,Route Départementale,,2,Pente,Partie rectiligne,,55,normale,,Sur chaussée,Conducteur,2,M,11-12,Promenade - loisirs,Casque,Non,1,,10 - octobre,4 - vendredi,Gua