test,identifiantAccident,date,departement,heure,commune,lat,lon,typeIntersection,typeCollision,luminosite,conditionsAtmosperiques,typeRoute,circulation,nbVoies,profilLongRoute,tracePlanRoute,largeurTPC,largeurRoute,etatSurface,amenagement,situation,categorieUsager,graviteAccident,sexe,age,motifDeplacement,existenceSecurite,usageSecurite,nombreAutresVehicules,enAgglomeration,mois,jour,NCCENR
,201700002579,2017-10-06,73,14,73213,45.55362,5.95424,Passage à niveau,Deux véhicules - frontale,Plein jour,Normale,Voie Communale,,2,Plat,,,14,enneigée,Voie ferrée,,Conducteur,3,M,79-80,Promenade - loisirs,Autre,Non déterminable,1,1,10 - octobre,4 - vendredi,Ravoire
,201700003132,2017-10-06,67,17,67080,48.54301,7.53331,Passage à niveau,Deux véhicules - par le coté,Plein jour,Normale,Route Départementale,,2,Plat,,10,14,,Voie ferrée,,Conducteur,3,F,15-16,Domicile - école,Autre,Non déterminable,1,1,10 - octobre,4 - vendredi,Dachstein
,201700011954,2017-10-06,37,7,37273,47.38367,0.78445,Giratoire,Deux véhicules - par le coté,Plein jour,Normale,Route Départementale,,2,Plat,,6,310,normale,,,Conducteur,2,M,44-45,Domicile - travail,Casque,Oui,1,,10 - octobre,4 - vendredi,Ville-aux-Dames
,201700023055,2017-10-06,58,15,58102,47.34962,3.11224,Hors intersection,Deux véhicules - par le coté,Plein jour,Normale,Route Départementale,,2,Plat,Partie rectiligne,,65,normale,,Sur chaussée,Conducteur,1,M,36-37,Promenade - loisirs,Casque,Oui,1,,10 - octobre,4 - vendredi,Donzy
,201700023715,2017-10-06,29,11,29019,48.4039,-4.489,Intersection en X,Deux véhicules - frontale,Plein jour,Normale,Voie Communale,,2,Pente,En courbe à gauche,,,normale,,Sur chaussée,Conducteur,1,M,46-47,Utilisation professionnelle,Autre,Non,1,1,10 - octobre,4 - vendredi,Brest
,201700024369,2017-10-06,27,14,27278,48.9173,1.4302,Hors intersection,Deux véhicules - frontale,Plein jour,Normale,Route Départementale,,2,Plat,Partie rectiligne,,,normale,,Sur chaussée,Conducteur,1,M,79-80,Promenade - loisirs,Casque,Oui,1,1,10 - octobre,4 - vendredi,Garennes-sur-Eure
,201700028470,2017-10-06,44,13,44109,47.21183,1.57834,Hors intersection,Deux véhicules - par le coté,Plein jour,Normale,Voie Communale,,2,Plat,Partie rectiligne,,,normale,,Sur chaussée,Conducteur,2,F,30-31,,Casque,Oui,1,1,10 - octobre,4 - vendredi,Nantes
,201700028955,2017-10-06,45,12,45234,47.9,1.9,Intersection en T,Deux véhicules - par le coté,Plein jour,Normale,Voie Communale,,4,Plat,Partie rectiligne,,140,normale,,Sur chaussée,Conducteur,1,F,36-37,,Autre,Non déterminable,1,1,10 - octobre,4 - vendredi,Orléans
,201700030102,2017-10-06,51,17,51454,49.2632,4.02813,Intersection en X,Deux véhicules - par le coté,Plein jour,Normale,Voie Communale,Avec voies d’affectation variable,,,,,,,Pont - autopont,,Conducteur,2,M,62-63,,Autre,Non,1,1,10 - octobre,4 - vendredi,Reims
,201700030929,2017-10-06,56,18,56121,47.75617,-3.39118,Intersection en T,Deux véhicules - par le coté,Plein jour,Normale,Voie Communale,,2,Plat,Partie rectiligne,,,normale,,Sur piste cyclable,Conducteur,1,M,16-17,Domicile - école,Casque,Oui,1,1,10 - octobre,4 - vendredi,Lorient
,201700033286,2017-10-06,64,7,64348,43.31365,-0.41738,Hors intersection,Deux véhicules - par l’arrière,Nuit avec éclairage public allumé,Normale,Voie Communale,,2,Plat,Partie rectiligne,,120,normale,,,Conducteur,2,M,34-35,,Casque,Oui,1,1,10 - octobre,4 - vendredi,Lons
,201700034426,2017-10-06,68,10,68066,48.0747,7.34427,Giratoire,Deux véhicules - par l’arrière,Plein jour,Normale,Route Départementale,,1,Plat,En courbe à gauche,,83,normale,,Sur chaussée,Conducteur,1,F,37-38,Domicile - travail,Autre,Non déterminable,1,1,10 - octobre,4 - vendredi,Colmar
,201700037712,2017-10-06,85,7,85194,46.49977,1.77997,Intersection en X,Deux véhicules - par le coté,Plein jour,Normale,Voie Communale,,2,Plat,Partie rectiligne,,,normale,,Sur piste cyclable,Conducteur,1,M,12-13,Domicile - école,Autre,Non déterminable,1,1,10 - octobre,4 - vendredi,'Sables-d''Olonne'
,201700042360,2017-10-06,93,18,93006,0,0,Hors intersection,Deux véhicules - par le coté,Plein jour,Normale,Voie Communale,,2,Plat,,,,normale,,Sur chaussée,Conducteur,1,M,36-37,Domicile - travail,Autre,Non déterminable,1,1,10 - octobre,4 - vendredi,Bagnolet
,201700043921,2017-10-06,94,13,94017,0,0,Intersection en X,Deux véhicules - frontale,Plein jour,Pluie forte,Voie Communale,,1,Plat,En courbe à droite,,29,normale,,Sur piste cyclable,Conducteur,1,M,24-25,Domicile - travail,Autre,Non déterminable,1,1,10 - octobre,4 - vendredi,Champigny-sur-Marne
,201700051084,2017-10-06,69,13,69383,45.74969,4.87353,Hors intersection,Deux véhicules - par le coté,Plein jour,Normale,Voie Communale,,,Plat,Partie rectiligne,,,normale,,Sur piste cyclable,Conducteur,2,M,27-28,Domicile - travail,Autre,Non,1,1,10 - octobre,4 - vendredi,Lyon 3e  Arrondissement
,201700053886,2017-10-06,75,9,75108,48.865,2.31369,Intersection à plus de 4 branches,Trois véhicules et plus - collisions multiples,Plein jour,Normale,Voie Communale,,2,Plat,Partie rectiligne,,60,normale,,Sur chaussée,Conducteur,1,M,61-62,Domicile - travail,Casque,Non,2,1,10 - octobre,4 - vendredi,Paris 8e  Arrondissement
,201700054900,2017-10-06,75,19,75113,48.8446,2.36545,Hors intersection,Deux véhicules - par le coté,Nuit avec éclairage public allumé,Normale,Voie Communale,,5,Plat,Partie rectiligne,,,normale,Pont - autopont,Sur chaussée,Conducteur,1,M,30-31,Promenade - loisirs,Casque,Non déterminable,1,1,10 - octobre,4 - vendredi,Paris 13e  Arrondissement
,201700055283,2017-10-06,75,15,75113,48.8262,2.35729,Intersection en X,Deux véhicules - par le coté,Plein jour,Normale,Voie Communale,,2,Pente,Partie rectiligne,10,200,normale,,Sur piste cyclable,Conducteur,1,M,68-69,Promenade - loisirs,Casque,Non déterminable,1,1,10 - octobre,4 - vendredi,Paris 13e  Arrondissement
,201700055870,2017-10-06,75,21,75115,48.8361,2.2782,Intersection en X,Deux véhicules - par l’arrière,Nuit avec éclairage public allumé,Normale,Voie Communale,,1,Plat,Partie rectiligne,,,normale,,Sur chaussée,Conducteur,1,M,21-22,Domicile - travail,Casque,Non déterminable,1,1,10 - octobre,4 - vendredi,Paris 15e  Arrondissement
,201700056302,2017-10-06,75,19,75116,48.8396,2.26284,Place,Deux véhicules - par le coté,Crépuscule ou aube,Normale,Voie Communale,,1,Plat,Partie rectiligne,,50,normale,Carrefour aménagé,Sur chaussée,Conducteur,1,M,36-37,Domicile - travail,Casque,Oui,1,1,10 - octobre,4 - vendredi,Paris 16e  Arrondissement
,201700002389,2017-10-05,38,14,38200,45.08673,5.74151,Intersection en T,Deux véhicules - par le coté,Plein jour,Normale,Voie Communale,,2,Plat,,,15,normale,,,Conducteur,2,M,23-24,Promenade - loisirs,Casque,Oui,1,1,10 - octobre,3 - jeudi,Jarrie
,201700006465,2017-10-05,33,15,33234,44.78488,-0.50473,Intersection en X,Deux véhicules - par le coté,Plein jour,Normale,Route Départementale,,2,Plat,Partie rectiligne,,,normale,,Sur piste cyclable,Conducteur,2,M,61-62,Promenade - loisirs,Casque,Non,1,1,10 - octobre,3 - jeudi,Latresne
,201700006520,2017-10-05,7,19,7102,44.93777,4.86416,Giratoire,Deux véhicules - par le coté,Crépuscule ou aube,Normale,Voie Communale,,2,Plat,,,,normale,,Sur chaussée,Conducteur,2,M,50-51,Domicile - travail,Casque,Non,1,1,10 - octobre,3 - jeudi,Guilherand-Granges
,201700023526,2017-10-05,68,18,68064,47.81688,7.54171,Giratoire,Deux véhicules - par l’arrière,Crépuscule ou aube,Normale,Route Départementale,,2,Pente,Partie rectiligne,,73,normale,Carrefour aménagé,Sur chaussée,Conducteur,0,M,34-35,Promenade - loisirs,Casque,Oui,1,1,10 - octobre,3 - jeudi,Chalampé
,201700023526,2017-10-05,68,18,68064,47.81688,7.54171,Giratoire,Deux véhicules - par l’arrière,Crépuscule ou aube,Normale,Route Départementale,,2,Pente,Partie rectiligne,,73,normale,Carrefour aménagé,Sur chaussée,Conducteur,1,M,39-40,Promenade - loisirs,Casque,Oui,1,1,10 - octobre,3 - jeudi,Chalampé
,201700024080,2017-10-05,30,12,30007,44.12047,4.09306,Hors intersection,Deux véhicules - par le coté,Plein jour,Normale,Route Nationale,,3,Pente,Partie rectiligne,12,133,normale,Souterrain - tunnel,Sur chaussée,Conducteur,1,M,44-45,Promenade - loisirs,Casque,Non,1,1,10 - octobre,3 - jeudi,Alès
,201700029740,2017-10-05,50,5,50129,49.62889,-1.62858,Hors intersection,Deux véhicules - par l’arrière,Nuit sans éclairage public,Normale,Voie Communale,,1,Pente,Partie rectiligne,,,normale,,Sur chaussée,Conducteur,1,M,26-27,Domicile - travail,Casque,Oui,1,1,10 - octobre,3 - jeudi,Cherbourg-en-Cotentin
,201700034389,2017-10-05,91,18,91086,48.61525,2.38162,Hors intersection,Deux véhicules - frontale,Plein jour,Pluie légère,Voie Communale,,1,Plat,Partie rectiligne,,20,normale,,Sur chaussée,Conducteur,2,M,61-62,Autre,Autre,Non,1,1,10 - octobre,3 - jeudi,Bondoufle
,201700037965,2017-10-05,86,13,86194,46.57254,0.35902,Intersection en T,Deux véhicules - par le coté,Plein jour,Normale,Route Départementale,,2,Plat,Partie rectiligne,,50,normale,,Sur chaussée,Conducteur,2,F,21-22,Domicile - école,Autre,Oui,1,1,10 - octobre,3 - jeudi,Poitiers
,201700042358,2017-10-05,93,16,93006,0,0,Intersection en X,Deux véhicules - par le coté,Crépuscule ou aube,Pluie légère,Voie Communale,,,Pente,Partie rectiligne,,60,mouillée,,Sur chaussée,Conducteur,1,F,35-36,Domicile - travail,Casque,Oui,1,1,10 - octobre,3 - jeudi,Bagnolet
,201700042359,2017-10-05,93,20,93006,0,0,Intersection en X,Deux véhicules - par le coté,Nuit avec éclairage public allumé,Temps couvert,Voie Communale,,2,Plat,Partie rectiligne,,,normale,,Sur chaussée,Conducteur,1,M,14-15,,Autre,Non déterminable,1,1,10 - octobre,3 - jeudi,Bagnolet
,201700050299,2017-10-05,69,22,69381,45.76775,4.83795,Intersection en X,Deux véhicules - par le coté,Nuit avec éclairage public allumé,Normale,Voie Communale,,4,Plat,Partie rectiligne,,123,normale,,Sur chaussée,Conducteur,1,M,17-18,Promenade - loisirs,Casque,Non,1,1,10 - octobre,3 - jeudi,Lyon 1er Arrondissement
,201700051080,2017-10-05,69,7,69387,45.75436,4.84538,Intersection en T,Deux véhicules - par le coté,Crépuscule ou aube,Normale,Voie Communale,,1,Plat,Partie rectiligne,,25,normale,,Sur chaussée,Conducteur,2,M,29-30,Autre,Casque,Non,1,1,10 - octobre,3 - jeudi,Lyon 7e  Arrondissement
,201700053885,2017-10-05,75,8,75108,48.8666,2.3219,Place,Deux véhicules - par le coté,Plein jour,Normale,Voie Communale,,,Plat,Partie rectiligne,,,normale,Carrefour aménagé,Sur chaussée,Conducteur,1,M,47-48,Domicile - travail,Casque,Non,1,1,10 - octobre,3 - jeudi,Paris 8e  Arrondissement
,201700055280,2017-10-05,75,8,75113,48.8323,2.37979,Intersection en X,Deux véhicules - par le coté,Plein jour,Normale,Voie Communale,,2,Plat,Partie rectiligne,,25,normale,Pont - autopont,Sur chaussée,Conducteur,0,M,34-35,Domicile - travail,Casque,Non,1,1,10 - octobre,3 - jeudi,Paris 13e  Arrondissement
,201700055868,2017-10-05,75,12,75115,48.8446,2.29688,Intersection en T,Deux véhicules - par l’arrière,Plein jour,Normale,Voie Communale,,2,Plat,Partie rectiligne,,80,normale,,Sur chaussée,Conducteur,1,M,27-28,Promenade - loisirs,Casque,Non,1,1,10 - octobre,3 - jeudi,Paris 15e  Arrondissement
,201700059006,2017-10-05,974,12,97422,-21.21815,55.54885,Intersection en T,Deux véhicules - par le coté,Plein jour,Normale,Voie Communale,,1,Bas de côte,,6,90,normale,,,Conducteur,2,M,13-14,Domicile - école,Casque,Non,1,1,10 - octobre,3 - jeudi,Tampon
,201700059191,2017-10-05,973,18,97307,0,0,Giratoire,Deux véhicules - par le coté,Nuit avec éclairage public allumé,Normale,Route Nationale,,2,Plat,,,10,normale,,,Conducteur,2,M,27-28,Promenade - loisirs,Casque,Non,1,,10 - octobre,3 - jeudi,Matoury
,201700000648,2017-10-04,29,12,29046,48.09151,-4.3274,Intersection en X,Deux véhicules - par le coté,Plein jour,Normale,Voie Communale,,,,,,,,,,Conducteur,2,M,40-41,Domicile - travail,Casque,Non,1,1,10 - octobre,2 - mercredi,Douarnenez
,201700001117,2017-10-04,85,17,85178,46.73458,-1.42197,Hors intersection,Deux véhicules - par le coté,Plein jour,Temps éblouissant,Voie Communale,,2,Plat,Partie rectiligne,,,normale,,Sur chaussée,Conducteur,2,M,68-69,Promenade - loisirs,Casque,Oui,1,1,10 - octobre,2 - mercredi,Poiré-sur-Vie
,201700005006,2017-10-04,78,13,78087,48.62251,2.01539,Hors intersection,Deux véhicules - par le coté,Plein jour,Temps éblouissant,Route Départementale,,2,Plat,Partie rectiligne,,,normale,,Sur chaussée,Conducteur,2,M,12-13,Promenade - loisirs,Casque,Non,1,,10 - octobre,2 - mercredi,Bonnelles
,201700008194,2017-10-04,11,8,11069,43.2069,2.385,Hors intersection,Deux véhicules - par le coté,Plein jour,Normale,Route Nationale,,2,Plat,Partie rectiligne,,105,normale,,Sur chaussée,Conducteur,1,M,68-69,Autre,Casque,Oui,1,,10 - octobre,2 - mercredi,Carcassonne
,201700012987,2017-10-04,40,17,40197,44.02693,-0.90603,Hors intersection,Deux véhicules - par le coté,Plein jour,Normale,Route Départementale,,2,Plat,Partie rectiligne,,,normale,,Sur chaussée,Conducteur,2,M,45-46,Promenade - loisirs,Casque,Oui,1,1,10 - octobre,2 - mercredi,Morcenx
,201700016364,2017-10-04,31,17,31451,43.46262,1.99769,Hors intersection,Deux véhicules - par le coté,Plein jour,Normale,Voie Communale,,2,Plat,,,10,normale,,,Conducteur,2,M,12-13,Courses - achats,Casque,Oui,1,1,10 - octobre,2 - mercredi,Revel
,201700017275,2017-10-04,22,16,22226,48.67904,-3.50613,Hors intersection,Deux véhicules - par l’arrière,Plein jour,Normale,Route Départementale,,2,Plat,Partie rectiligne,,55,normale,,Sur chaussée,Conducteur,2,M,67-68,Promenade - loisirs,Casque,Oui,1,,10 - octobre,2 - mercredi,Ploumilliau
,201700017810,2017-10-04,47,15,47252,44.3905,0.56695,Intersection en Y,Deux véhicules - par le coté,Plein jour,Normale,Route Départementale,,2,Plat,,12,910,flaques,,Sur chaussée,Conducteur,2,M,85-86,Promenade - loisirs,Casque,Oui,1,,10 - octobre,2 - mercredi,Sainte-Livrade-sur-Lot
,201700020393,2017-10-04,56,12,56130,47.73466,-3.2383,Hors intersection,Deux véhicules - par le coté,Plein jour,Normale,Route Départementale,,2,Plat,Partie rectiligne,,,normale,,Sur chaussée,Conducteur,2,M,45-46,Promenade - loisirs,Casque,Oui,1,1,10 - octobre,2 - mercredi,Merlevenez
,201700021007,2017-10-04,16,15,16102,45.69,-0.32026,Hors intersection,Autre,Plein jour,Normale,Voie Communale,,2,Plat,Partie rectiligne,,54,normale,,Sur chaussée,Conducteur,2,F,69-70,Promenade - loisirs,Casque,Non,1,1,10 - octobre,2 - mercredi,Cognac
,201700025513,2017-10-04,41,18,41101,47.6063,1.14518,Hors intersection,Deux véhicules - frontale,Crépuscule ou aube,Temps éblouissant,Route Départementale,,2,Plat,Partie rectiligne,,,normale,,Sur chaussée,Conducteur,1,M,15-16,Promenade - loisirs,Casque,Oui,1,1,10 - octobre,2 - mercredi,Herbault
,201700026787,2017-10-04,35,15,35238,48.11022,-1.67663,Hors intersection,Autre,Plein jour,Normale,Voie Communale,,1,Plat,Partie rectiligne,,,normale,,Sur chaussée,Conducteur,0,F,59-60,,Casque,Non déterminable,,1,10 - octobre,2 - mercredi,Rennes
,201700027427,2017-10-04,37,15,37261,47.387,0.684,Intersection en X,Deux véhicules - par l’arrière,Plein jour,Normale,Voie Communale,,2,Plat,Partie rectiligne,,,normale,,Sur chaussée,Conducteur,1,F,17-18,Domicile - travail,Casque,Non,1,1,10 - octobre,2 - mercredi,Tours
,201700029442,2017-10-04,49,18,49007,47.44445,-0.56937,Intersection en T,Deux véhicules - par le coté,Plein jour,Normale,Voie Communale,Avec voies d’affectation variable,,,,,,,,,Conducteur,2,F,69-70,,Casque,Non,1,1,10 - octobre,2 - mercredi,Angers
,201700029738,2017-10-04,50,18,50416,49.66093,-1.69452,Hors intersection,Deux véhicules - par le coté,Plein jour,Normale,Voie Communale,,2,Plat,En courbe à droite,,50,normale,,Sur chaussée,Conducteur,1,M,8-9,Promenade - loisirs,Casque,Oui,1,1,10 - octobre,2 - mercredi,Querqueville
,201700030588,2017-10-04,54,13,54395,48.68728,6.19892,Hors intersection,Deux véhicules - par le coté,Plein jour,Normale,Voie Communale,,2,Plat,Partie rectiligne,,,normale,,Sur chaussée,Conducteur,1,M,80-81,Promenade - loisirs,Casque,Non déterminable,1,1,10 - octobre,2 - mercredi,Nancy
,201700030589,2017-10-04,54,14,54395,48.67643,6.20611,Hors intersection,Deux véhicules - par le coté,Plein jour,Normale,Voie Communale,,4,Plat,Partie rectiligne,,,normale,,Sur chaussée,Conducteur,1,M,58-59,Promenade - loisirs,Casque,Non déterminable,1,1,10 - octobre,2 - mercredi,Nancy
,201700033280,2017-10-04,64,12,64445,43.3038,-0.34612,Hors intersection,Deux véhicules - par le coté,Plein jour,Normale,Voie Communale,,2,Plat,Partie rectiligne,,75,normale,,Sur piste cyclable,Conducteur,1,M,58-59,Autre,Casque,Oui,1,1,10 - octobre,2 - mercredi,Pau
,201700034405,2017-10-04,62,11,62644,50.64999,2.14403,Intersection en T,Deux véhicules - frontale,Plein jour,Normale,Route Départementale,,2,Bas de côte,,,10,normale,,,Conducteur,2,M,70-71,Promenade - loisirs,Casque,Oui,1,1,10 - octobre,2 - mercredi,Ouve-Wirquin
,201700035932,2017-10-04,76,20,76351,49.49416,0.10981,Hors intersection,Deux véhicules - par le coté,Nuit avec éclairage public allumé,Normale,Voie Communale,,2,Plat,Partie rectiligne,,57,normale,,Sur piste cyclable,Conducteur,1,M,55-56,Promenade - loisirs,Casque,Oui,1,1,10 - octobre,2 - mercredi,Havre
,201700039549,2017-10-04,92,20,92012,48.84096,2.22573,Hors intersection,Deux véhicules - par le coté,Nuit avec éclairage public allumé,Normale,Route Départementale,,,Plat,Partie rectiligne,,,normale,,Sur chaussée,Conducteur,2,M,58-59,Utilisation professionnelle,Autre,Non,1,1,10 - octobre,2 - mercredi,Boulogne-Billancourt
,201700041908,2017-10-04,93,21,93014,48.90836,2.55617,Hors intersection,Deux véhicules - par le coté,Nuit avec éclairage public allumé,Normale,Voie Communale,,2,Plat,Partie rectiligne,,,normale,Zone piétonne,Sur chaussée,Conducteur,1,M,55-56,Autre,Autre,Non déterminable,1,1,10 - octobre,2 - mercredi,Clichy-sous-Bois
,201700051077,2017-10-04,69,11,69386,45.765,4.8448,Hors intersection,Deux véhicules - par le coté,Plein jour,Normale,Voie Communale,,1,Plat,Partie rectiligne,,,normale,,Sur chaussée,Conducteur,2,M,30-31,,Casque,Non,1,1,10 - octobre,2 - mercredi,Lyon 6e  Arrondissement
,201700051078,2017-10-04,69,17,69383,45.75713,4.86247,Intersection en T,Deux véhicules - par le coté,Plein jour,Normale,Voie Communale,,2,Plat,Partie rectiligne,,,normale,,Sur chaussée,Conducteur,1,F,57-58,Domicile - travail,Autre,Non déterminable,1,1,10 - octobre,2 - mercredi,Lyon 3e  Arrondissement
,201700058004,2017-10-04,75,11,75112,48.8206,2.44532,Intersection en X,Deux véhicules - par le coté,Plein jour,Normale,Voie Communale,,2,Plat,Partie rectiligne,,71,normale,,Sur chaussée,Conducteur,2,M,49-50,,Casque,Oui,1,1,10 - octobre,2 - mercredi,Paris 12e  Arrondissement
,201700060502,2017-10-04,974,6,97416,-21.33515,55.4653,Hors intersection,Deux véhicules - par le coté,Plein jour,Normale,Voie Communale,,2,Plat,Partie rectiligne,,,normale,,Sur chaussée,Conducteur,2,M,58-59,Promenade - loisirs,Casque,Oui,1,1,10 - octobre,2 - mercredi,Saint-Pierre
,201700016267,2017-10-03,31,6,31399,43.35575,1.26971,Hors intersection,Deux véhicules - par l’arrière,Crépuscule ou aube,Normale,Route Départementale,,2,Plat,Partie rectiligne,,50,mouillée,,Sur chaussée,Conducteur,2,M,20-21,Domicile - travail,Casque,Non,1,,10 - octobre,1 - mardi,Noé
,201700021253,2017-10-03,17,7,17300,46.15691,1.11942,Hors intersection,Deux véhicules - par le coté,Crépuscule ou aube,Temps couvert,Voie Communale,,2,Plat,En courbe à droite,,93,mouillée,,Sur chaussée,Conducteur,1,F,12-13,Domicile - école,Casque,Non,1,1,10 - octobre,1 - mardi,Rochelle
,201700024951,2017-10-03,31,7,31555,43.57047,1.45477,Hors intersection,Autre,Crépuscule ou aube,Temps couvert,Voie Communale,,,Plat,Partie rectiligne,,,mouillée,,Sur chaussée,Conducteur,1,M,23-24,Domicile - école,Casque,Non déterminable,2,1,10 - octobre,1 - mardi,Toulouse
,201700024952,2017-10-03,31,16,31555,43.60556,1.4488,Hors intersection,Deux véhicules - par le coté,Plein jour,Normale,Route Départementale,,2,Plat,Partie rectiligne,,,normale,,Sur chaussée,Conducteur,0,M,31-32,,Autre,Non déterminable,1,1,10 - octobre,1 - mardi,Toulouse
,201700026785,2017-10-03,35,12,35051,48.14002,-1.58245,Giratoire,Autre,Plein jour,Normale,Route Départementale,,2,Plat,En courbe à gauche,,,normale,,Sur chaussée,Conducteur,2,M,77-78,,Casque,Non déterminable,1,,10 - octobre,1 - mardi,Cesson-Sévigné
,201700029439,2017-10-03,49,17,49246,47.43874,-0.53218,Hors intersection,Deux véhicules - frontale,Plein jour,Normale,Voie Communale,,1,,,,32,,,Sur chaussée,Conducteur,1,F,10-11,,Casque,Non,1,1,10 - octobre,1 - mardi,Ponts-de-Cé
,201700030098,2017-10-03,51,7,51454,49.25534,4.04614,Hors intersection,Deux véhicules - par le coté,Plein jour,Normale,Voie Communale,,4,Plat,Partie rectiligne,,120,mouillée,,Sur chaussée,Conducteur,2,M,16-17,Domicile - travail,Casque,Non,1,1,10 - octobre,1 - mardi,Reims
,201700031233,2017-10-03,57,9,57463,49.10687,6.1719,Intersection en Y,Deux véhicules - par le coté,Plein jour,Normale,Voie Communale,,3,Plat,Partie rectiligne,,110,normale,,Sur chaussée,Conducteur,2,F,28-29,Domicile - travail,Autre,Non déterminable,1,1,10 - octobre,1 - mardi,Metz
,201700031829,2017-10-03,59,9,59350,50.61785,3.103,Autre intersection,Deux véhicules - par le coté,Plein jour,Normale,Voie Communale,,1,Plat,En courbe à gauche,10,10,normale,,Sur chaussée,Conducteur,1,F,32-33,Domicile - travail,Autre,Oui,1,1,10 - octobre,1 - mardi,Lille
,201700034849,2017-10-03,69,13,69275,45.75712,4.9426,Intersection en T,Deux véhicules - par le coté,Plein jour,Normale,Voie Communale,,1,Plat,Partie rectiligne,,91,normale,,Sur chaussée,Conducteur,1,M,86-87,Promenade - loisirs,Autre,Non déterminable,1,1,10 - octobre,1 - mardi,Décines-Charpieu
,201700035606,2017-10-03,74,9,74010,45.90481,6.12625,Hors intersection,Autre,Plein jour,Pluie légère,Voie Communale,,1,Plat,Partie rectiligne,4,97,mouillée,,Sur chaussée,Conducteur,1,M,51-52,,Autre,Non déterminable,1,1,10 - octobre,1 - mardi,Annecy
,201700038233,2017-10-03,87,17,87085,45.8292,1.27812,Intersection en T,Aucune,Plein jour,Normale,Voie Communale,,2,Plat,Partie rectiligne,,60,normale,,Sur chaussée,Conducteur,1,M,72-73,Promenade - loisirs,Autre,Non déterminable,1,1,10 - octobre,1 - mardi,Limoges
,201700038965,2017-10-03,91,20,91421,48.71373,2.44837,Hors intersection,Deux véhicules - par le coté,Nuit avec éclairage public allumé,Normale,Route Départementale,,2,Plat,Partie rectiligne,,100,normale,Pont - autopont,Sur chaussée,Conducteur,3,M,47-48,Promenade - loisirs,Casque,Non,1,1,10 - octobre,1 - mardi,Montgeron
,201700041215,2017-10-03,92,20,92046,48.81472,2.29685,Intersection en X,Deux véhicules - frontale,Nuit avec éclairage public allumé,Normale,Voie Communale,,,Plat,Partie rectiligne,,,normale,,Sur chaussée,Conducteur,1,M,14-15,Autre,Casque,Non déterminable,1,1,10 - octobre,1 - mardi,Malakoff
,201700056290,2017-10-03,75,9,75116,48.8727,2.28452,Intersection à plus de 4 branches,Deux véhicules - par le coté,Plein jour,Normale,Voie Communale,,4,Plat,Partie rectiligne,,,,,Sur chaussée,Conducteur,1,M,29-30,Domicile - travail,Casque,Oui,1,1,10 - octobre,1 - mardi,Paris 16e  Arrondissement
,201700057081,2017-10-03,75,14,75118,48.8986,2.36293,Hors intersection,Deux véhicules - par le coté,Plein jour,Normale,Voie Communale,,2,Plat,Partie rectiligne,10,50,normale,,Sur chaussée,Conducteur,0,M,35-36,Promenade - loisirs,Casque,Non déterminable,1,1,10 - octobre,1 - mardi,Paris 18e  Arrondissement
,201700022232,2017-10-02,19,8,19031,45.14309,1.48323,Giratoire,Deux véhicules - par le coté,Plein jour,Pluie légère,Route Départementale,,2,Plat,Partie rectiligne,,,mouillée,,Sur chaussée,Conducteur,1,M,29-30,Domicile - travail,Casque,Non déterminable,1,1,10 - octobre,0 - lundi,Brive-la-Gaillarde
,201700023719,2017-10-02,29,17,29019,48.38652,-4.47151,Hors intersection,Deux véhicules - par le coté,Plein jour,Pluie légère,Voie Communale,,,Plat,Partie rectiligne,,,mouillée,,Sur chaussée,Conducteur,1,F,19-20,Autre,Casque,Oui,1,1,10 - octobre,0 - lundi,Brest
,201700024949,2017-10-02,31,15,31555,43.60613,1.44569,Intersection en X,Deux véhicules - par le coté,Plein jour,Normale,Voie Communale,,,Plat,Partie rectiligne,,,normale,,Sur chaussée,Conducteur,1,M,26-27,Promenade - loisirs,Autre,Non déterminable,1,1,10 - octobre,0 - lundi,Toulouse
,201700026282,2017-10-02,34,15,34172,43.59694,3.88656,Hors intersection,Aucune,Plein jour,Normale,Voie Communale,,2,Pente,Partie rectiligne,,60,normale,,Sur chaussée,Conducteur,1,M,12-13,Promenade - loisirs,Casque,Non,,1,10 - octobre,0 - lundi,Montpellier
,201700027422,2017-10-02,37,15,37261,47.39408,0.68446,Intersection en X,Deux véhicules - par le coté,Plein jour,Normale,Voie Communale,,2,Plat,Partie rectiligne,,,normale,,,Conducteur,1,F,42-43,Promenade - loisirs,Casque,Non,1,1,10 - octobre,0 - lundi,Tours
,201700027849,2017-10-02,41,17,41018,47.59996,1.31965,Hors intersection,Deux véhicules - par le coté,Plein jour,Pluie légère,Voie Communale,,4,Plat,Partie rectiligne,,,mouillée,,Sur chaussée,Conducteur,2,M,50-51,Utilisation professionnelle,Casque,Oui,1,1,10 - octobre,0 - lundi,Blois
,201700028027,2017-10-02,42,9,42187,46.03004,4.07536,Hors intersection,Autre,Plein jour,Normale,Voie Communale,,1,Plat,En courbe à gauche,,80,normale,,Sur chaussée,Conducteur,1,F,43-44,,Autre,Non déterminable,1,1,10 - octobre,0 - lundi,Roanne
,201700034267,2017-10-02,67,18,67482,48.58674,7.76141,Intersection en X,Deux véhicules - par le coté,Plein jour,Normale,Voie Communale,,2,Plat,Partie rectiligne,,100,normale,,Sur chaussée,Conducteur,1,M,13-14,Autre,Casque,Non déterminable,1,1,10 - octobre,0 - lundi,Strasbourg