test,identifiantAccident,date,departement,heure,commune,lat,lon,typeIntersection,typeCollision,luminosite,conditionsAtmosperiques,typeRoute,circulation,nbVoies,profilLongRoute,tracePlanRoute,largeurTPC,largeurRoute,etatSurface,amenagement,situation,categorieUsager,graviteAccident,sexe,age,motifDeplacement,existenceSecurite,usageSecurite,nombreAutresVehicules,enAgglomeration,mois,jour,NCCENR
,201700037973,2017-10-02,86,8,86194,46.58361,0.36,Hors intersection,Autre,Plein jour,Normale,Voie Communale,,1,Pente,Partie rectiligne,,,mouillée,,Sur chaussée,Conducteur,1,M,17-18,Domicile - école,Autre,Non déterminable,,1,10 - octobre,0 - lundi,Poitiers
,201700039955,2017-10-02,92,16,92025,48.92228,2.23666,Intersection en X,Autre,Plein jour,Pluie légère,Voie Communale,,,Plat,Partie rectiligne,,,mouillée,,Sur chaussée,Conducteur,1,M,49-50,,Casque,Non,1,1,10 - octobre,0 - lundi,Colombes
,201700040231,2017-10-02,92,10,92036,48,2.2,Hors intersection,Autre,Plein jour,Normale,Voie Communale,,2,Plat,Partie rectiligne,,80,normale,,Sur chaussée,Conducteur,1,M,34-35,Autre,Casque,Non,1,1,10 - octobre,0 - lundi,Gennevilliers
,201700053273,2017-10-02,75,19,75105,48.8514,2.34314,Intersection en X,Deux véhicules - par le coté,Nuit avec éclairage public allumé,Normale,Voie Communale,,4,Plat,Partie rectiligne,,110,normale,,Sur chaussée,Conducteur,1,M,28-29,,Casque,Non déterminable,1,1,10 - octobre,0 - lundi,Paris 5e  Arrondissement
,201700056293,2017-10-02,75,15,75116,48.8657,2.2958,Intersection en X,Deux véhicules - par le coté,Plein jour,Normale,Voie Communale,,2,Plat,Partie rectiligne,,,normale,,Sur chaussée,Conducteur,1,F,42-43,Promenade - loisirs,Casque,Non déterminable,1,1,10 - octobre,0 - lundi,Paris 16e  Arrondissement
,201700060083,2017-10-02,973,13,97302,4.90001,-52.32001,Hors intersection,Deux véhicules - par l’arrière,Plein jour,Normale,Route Nationale,,1,Plat,,,,normale,,Sur chaussée,Conducteur,2,F,27-28,Autre,Autre,Non déterminable,1,,10 - octobre,0 - lundi,Cayenne
,201700007005,2017-10-01,8,15,8105,49.77244,4.72579,Intersection en T,Deux véhicules - par le coté,Plein jour,Normale,Route Départementale,,,Plat,Partie rectiligne,,,normale,,Sur chaussée,Conducteur,2,M,51-52,Promenade - loisirs,Equipement réfléchissant,Oui,1,1,10 - octobre,6 - dimanche,Charleville-Mézières
,201700025433,2017-10-01,31,10,31285,43.64718,1.58971,Hors intersection,Trois véhicules et plus - collisions multiples,Plein jour,Normale,Route Départementale,,2,Plat,Partie rectiligne,,,normale,,Sur accotement,Conducteur,2,M,53-54,Promenade - loisirs,Casque,Oui,2,,10 - octobre,6 - dimanche,Lavalette
,201700025433,2017-10-01,31,10,31285,43.64718,1.58971,Hors intersection,Trois véhicules et plus - collisions multiples,Plein jour,Normale,Route Départementale,,2,Plat,Partie rectiligne,,,normale,,Sur accotement,Conducteur,2,M,53-54,Promenade - loisirs,Casque,Oui,2,,10 - octobre,6 - dimanche,Lavalette
,201700057409,2017-10-01,75,6,75119,48.8836,2.37331,Intersection en T,Autre,Nuit avec éclairage public allumé,Normale,Voie Communale,,2,Plat,,,,normale,,,Conducteur,1,M,25-26,,Casque,Oui,,1,10 - octobre,6 - dimanche,Paris 19e  Arrondissement
,201700058862,2017-10-01,973,19,97305,0,0,Hors intersection,Deux véhicules - par le coté,Nuit avec éclairage public allumé,Normale,Autre,,2,Plat,Partie rectiligne,,,normale,,Sur chaussée,Conducteur,1,M,8-9,,Autre,Non déterminable,1,,10 - octobre,6 - dimanche,Macouria
,201700000108,2017-09-30,59,14,59249,50.01826,4.04396,Hors intersection,Deux véhicules - par le coté,Plein jour,Normale,Voie Communale,,1,Pente,,,10,normale,,,Conducteur,2,M,35-36,Promenade - loisirs,Autre,Oui,1,1,09 - septembre,5 - samedi,Fourmies
,201700004616,2017-09-30,66,12,66210,0,0,Hors intersection,Autre,Plein jour,Normale,Route Départementale,,2,Pente,Partie rectiligne,,,normale,,Sur accotement,Conducteur,2,M,67-68,Promenade - loisirs,Casque,Non,,,09 - septembre,5 - samedi,Thuir
,201700010505,2017-09-30,13,10,13055,43.24589,5.4172,Hors intersection,Deux véhicules - par le coté,Plein jour,Normale,Voie Communale,,3,Pente,Partie rectiligne,,90,normale,,Sur chaussée,Conducteur,3,M,72-73,Promenade - loisirs,Casque,Oui,1,1,09 - septembre,5 - samedi,Marseille
,201700012677,2017-09-30,85,15,85273,46.88096,-2.00799,Giratoire,Deux véhicules - frontale,Plein jour,Normale,Route Départementale,,1,Plat,,,15,normale,,,Conducteur,2,M,80-81,Promenade - loisirs,Casque,Oui,1,1,09 - septembre,5 - samedi,Saint-Urbain
,201700017439,2017-09-30,68,8,68042,47.60428,7.4953,Intersection en T,Deux véhicules - par le coté,Plein jour,Normale,Voie Communale,,2,Plat,,,60,normale,,Sur chaussée,Conducteur,1,M,80-81,Courses - achats,Casque,Non,1,1,09 - septembre,5 - samedi,Blotzheim
,201700025368,2017-09-30,32,10,32013,43.6472,0.58896,Hors intersection,Deux véhicules - par l’arrière,Plein jour,Pluie légère,Voie Communale,,2,Plat,Partie rectiligne,,,mouillée,Pont - autopont,Sur chaussée,Conducteur,2,M,80-81,Courses - achats,Autre,Non,1,1,09 - septembre,5 - samedi,Auch
,201700029438,2017-09-30,49,17,49007,47.47028,-0.55368,Hors intersection,Aucune,Plein jour,Normale,Voie Communale,,2,Plat,Partie rectiligne,,67,normale,,Sur chaussée,Conducteur,1,M,42-43,,Casque,Oui,,1,09 - septembre,5 - samedi,Angers
,201700031061,2017-09-30,56,9,56260,47.65307,-2.78328,Giratoire,Deux véhicules - par le coté,Plein jour,Normale,Voie Communale,,2,Plat,En courbe à droite,,,,,,Conducteur,2,M,55-56,Promenade - loisirs,Casque,Oui,1,1,09 - septembre,5 - samedi,Vannes
,201700031809,2017-09-30,59,14,59378,50.6883,3.1085,Hors intersection,Trois véhicules et plus - en chaîne,Plein jour,Normale,Route Départementale,,1,Pente,Partie rectiligne,,,normale,,Sur chaussée,Conducteur,2,M,14-15,,Autre,Non déterminable,1,1,09 - septembre,5 - samedi,Marcq-en-Barul
,201700031809,2017-09-30,59,14,59378,50.6883,3.1085,Hors intersection,Trois véhicules et plus - en chaîne,Plein jour,Normale,Route Départementale,,1,Pente,Partie rectiligne,,,normale,,Sur chaussée,Conducteur,2,M,16-17,,Casque,Non,1,1,09 - septembre,5 - samedi,Marcq-en-Barul
,201700043217,2017-09-30,93,14,93066,48.93657,2.34996,Hors intersection,Autre,Plein jour,Normale,Voie Communale,,3,Plat,Partie rectiligne,,,normale,,Sur chaussée,Conducteur,0,M,20-21,Promenade - loisirs,Casque,Oui,,1,09 - septembre,5 - samedi,Saint-Denis
,201700050295,2017-09-30,69,10,69382,0,0,Hors intersection,Autre,Plein jour,Normale,Voie Communale,,1,Plat,Partie rectiligne,,,normale,,Sur chaussée,Conducteur,0,M,27-28,Domicile - travail,Casque,Non,,1,09 - septembre,5 - samedi,Lyon 2e  Arrondissement
,201700051069,2017-09-30,69,18,69387,45.7423,4.833,Intersection en T,Deux véhicules - par le coté,Plein jour,Pluie légère,Voie Communale,,1,Plat,Partie rectiligne,,,mouillée,,Sur piste cyclable,Conducteur,1,M,37-38,,Autre,Non déterminable,1,1,09 - septembre,5 - samedi,Lyon 7e  Arrondissement
,201700055571,2017-09-30,75,5,75114,48.8256,2.32605,Hors intersection,Deux véhicules - frontale,Nuit avec éclairage public allumé,Pluie légère,Voie Communale,,4,Plat,Partie rectiligne,,160,mouillée,,Sur chaussée,Conducteur,1,M,16-17,,Casque,Non,1,1,09 - septembre,5 - samedi,Paris 14e  Arrondissement
,201700057694,2017-09-30,75,,75120,48.8683,2.38803,Intersection en X,Autre,Nuit avec éclairage public allumé,Pluie légère,Voie Communale,,,Pente,Partie rectiligne,,,mouillée,,Sur chaussée,Conducteur,1,M,31-32,,Casque,Non,1,1,09 - septembre,5 - samedi,Paris 20e  Arrondissement
,201700059546,2017-09-30,971,13,97120,16.24004,-61.53233,Intersection en X,Trois véhicules et plus - collisions multiples,Plein jour,Normale,Route Départementale,,2,Plat,Partie rectiligne,,,normale,,Sur chaussée,Conducteur,1,M,33-34,Autre,Casque,Oui,2,1,09 - septembre,5 - samedi,Pointe-à-Pitre
,201700003303,2017-09-29,68,11,68154,47.77272,7.36125,Intersection en T,Trois véhicules et plus - collisions multiples,Plein jour,Normale,Route Départementale,,3,Plat,Partie rectiligne,,137,enneigée,,Sur piste cyclable,Conducteur,1,F,41-42,Promenade - loisirs,Casque,Non,2,1,09 - septembre,4 - vendredi,Illzach
,201700003627,2017-09-29,4,17,4112,43.8272,5.78137,Giratoire,Deux véhicules - par le coté,Plein jour,Normale,Voie Communale,,2,Plat,Partie rectiligne,15,35,normale,Carrefour aménagé,Sur chaussée,Conducteur,1,M,67-68,Promenade - loisirs,Casque,Oui,1,1,09 - septembre,4 - vendredi,Manosque
,201700004855,2017-09-29,5,18,5061,44.54934,6.06357,Intersection en T,Deux véhicules - frontale,Plein jour,Normale,Voie Communale,,2,Plat,Partie rectiligne,,,normale,,Sur chaussée,Conducteur,2,M,58-59,Promenade - loisirs,Autre,Non déterminable,1,1,09 - septembre,4 - vendredi,Gap
,201700006529,2017-09-29,11,9,11202,42.85937,3.03867,Autre intersection,Deux véhicules - par l’arrière,Plein jour,Normale,Autre,,1,Plat,,,10,normale,,,Conducteur,2,F,70-71,Promenade - loisirs,Casque,Non,1,1,09 - septembre,4 - vendredi,Leucate
,201700013081,2017-09-29,21,8,21154,47.86947,4.59657,Hors intersection,Deux véhicules - par le coté,Plein jour,Temps éblouissant,Route Départementale,,2,Pente,Partie rectiligne,,60,normale,,Sur chaussée,Conducteur,3,M,68-69,Promenade - loisirs,Equipement réfléchissant,Oui,1,,09 - septembre,4 - vendredi,Châtillon-sur-Seine
,201700018064,2017-09-29,49,11,49035,47.43423,-0.61426,Intersection en T,Deux véhicules - par le coté,Plein jour,Normale,Route Départementale,,2,Plat,En courbe à gauche,,10,normale,Carrefour aménagé,Sur chaussée,Conducteur,1,M,62-63,Promenade - loisirs,Casque,Oui,1,,09 - septembre,4 - vendredi,Bouchemaine
,201700019332,2017-09-29,82,18,82135,44.15083,1.3799,Hors intersection,Deux véhicules - par le coté,Plein jour,Normale,Route Départementale,,2,Plat,Partie rectiligne,,60,normale,,Sur chaussée,Conducteur,2,M,39-40,Promenade - loisirs,Casque,Oui,1,1,09 - septembre,4 - vendredi,Nohic
,201700020127,2017-09-29,74,15,74108,45.8234,6.20818,Hors intersection,Autre,Plein jour,Normale,Autre,,2,Plat,En courbe à gauche,,30,normale,,Sur piste cyclable,Conducteur,1,M,44-45,Promenade - loisirs,Casque,Non,,,09 - septembre,4 - vendredi,Duingt
,201700021250,2017-09-29,17,8,17300,46.16617,-1.15103,Hors intersection,Trois véhicules et plus - en chaîne,Plein jour,Normale,Voie Communale,,1,Plat,Partie rectiligne,,50,normale,,Sur chaussée,Conducteur,1,M,20-21,Domicile - école,Casque,Non,2,1,09 - septembre,4 - vendredi,Rochelle
,201700022313,2017-09-29,21,11,21054,47.02628,4.84643,Place,Deux véhicules - par le coté,Plein jour,Temps éblouissant,Voie Communale,,1,Plat,En courbe à gauche,,,normale,,Sur chaussée,Conducteur,2,F,72-73,,Equipement réfléchissant,Oui,1,1,09 - septembre,4 - vendredi,Beaune
,201700022602,2017-09-29,25,22,25056,47.24745,6.0066,Hors intersection,Deux véhicules - par l’arrière,Nuit avec éclairage public allumé,Normale,Voie Communale,,2,Plat,Partie rectiligne,,,normale,,Sur chaussée,Conducteur,1,F,18-19,Autre,Casque,Non déterminable,1,1,09 - septembre,4 - vendredi,Besançon
,201700024945,2017-09-29,31,13,31555,43.61603,1.43721,Intersection en X,Deux véhicules - par le coté,Plein jour,Normale,Voie Communale,,2,Plat,Partie rectiligne,,,normale,,Sur chaussée,Conducteur,1,F,23-24,,Casque,Oui,1,1,09 - septembre,4 - vendredi,Toulouse
,201700027410,2017-09-29,37,21,37261,47.4239,0.68167,Hors intersection,Autre,Nuit avec éclairage public allumé,Pluie légère,Voie Communale,,2,Plat,Partie rectiligne,,52,mouillée,,Sur chaussée,Conducteur,1,M,18-19,Autre,Casque,Non,,1,09 - septembre,4 - vendredi,Tours
,201700030582,2017-09-29,54,7,54184,48.70398,6.2462,Hors intersection,Deux véhicules - par le coté,Crépuscule ou aube,Normale,Voie Communale,,2,Plat,Partie rectiligne,,,normale,,Sur chaussée,Conducteur,1,M,25-26,Promenade - loisirs,Casque,Non déterminable,1,1,09 - septembre,4 - vendredi,Essey-lès-Nancy
,201700031006,2017-09-29,34,13,34111,43.93303,3.71042,Hors intersection,Autre,Plein jour,Normale,Voie Communale,,2,Pente,Partie rectiligne,,55,normale,,Sur chaussée,Conducteur,1,M,13-14,Domicile - école,Casque,Non,,1,09 - septembre,4 - vendredi,Ganges
,201700032454,2017-09-29,61,19,61006,48.74222,-0.02522,Hors intersection,Aucune,Crépuscule ou aube,Pluie légère,Route Départementale,,2,Plat,Partie rectiligne,,60,mouillée,,Sur piste cyclable,Conducteur,2,F,73-74,Promenade - loisirs,Autre,Non,,1,09 - septembre,4 - vendredi,Argentan
,201700034515,2017-09-29,68,7,68166,47.7854,7.31665,Intersection en X,Deux véhicules - par le coté,Plein jour,Normale,Route Départementale,,2,Plat,Partie rectiligne,,165,normale,Carrefour aménagé,Sur chaussée,Conducteur,2,M,28-29,Domicile - travail,Casque,Non,1,1,09 - septembre,4 - vendredi,Kingersheim
,201700041117,2017-09-29,92,8,92022,48.80609,2.18456,Hors intersection,Deux véhicules - par le coté,Plein jour,Normale,Voie Communale,,2,Plat,Partie rectiligne,,120,normale,,Sur trottoir,Conducteur,1,M,11-12,Autre,Casque,Non,1,1,09 - septembre,4 - vendredi,Chaville
,201700044650,2017-09-29,94,13,94003,48.80456,2.33346,Intersection en X,Aucune,Plein jour,Normale,Voie Communale,,,Plat,Partie rectiligne,,,normale,,Sur chaussée,Conducteur,1,M,55-56,Autre,Autre,Non déterminable,1,1,09 - septembre,4 - vendredi,Arcueil
,201700044651,2017-09-29,94,16,94016,48.78556,2.34177,Hors intersection,Deux véhicules - par le coté,Plein jour,Normale,Route Départementale,,2,Plat,Partie rectiligne,,,normale,,Sur piste cyclable,Conducteur,1,M,36-37,Promenade - loisirs,Casque,Oui,1,1,09 - septembre,4 - vendredi,Cachan
,201700050288,2017-09-29,69,16,69382,45.75385,4.83431,Hors intersection,Deux véhicules - par le coté,Plein jour,Normale,Voie Communale,,4,Plat,Partie rectiligne,50,140,normale,,Sur chaussée,Conducteur,2,F,24-25,,Casque,Non,1,1,09 - septembre,4 - vendredi,Lyon 2e  Arrondissement
,201700051064,2017-09-29,69,12,69383,45.75,4.885,Hors intersection,Deux véhicules - par l’arrière,Plein jour,Normale,Voie Communale,,2,Plat,Partie rectiligne,,,normale,,Sur chaussée,Conducteur,1,M,22-23,Autre,Autre,Non déterminable,1,1,09 - septembre,4 - vendredi,Lyon 3e  Arrondissement
,201700054097,2017-09-29,75,4,75109,48.876,2.34421,Hors intersection,Deux véhicules - par le coté,Nuit avec éclairage public allumé,Normale,Voie Communale,,3,Plat,Partie rectiligne,,90,normale,,Sur chaussée,Conducteur,1,F,28-29,Promenade - loisirs,Casque,Non,1,1,09 - septembre,4 - vendredi,Paris 9e  Arrondissement
,201700054519,2017-09-29,75,16,75111,48.8619,2.37209,Intersection en X,Deux véhicules - par l’arrière,Plein jour,Normale,Voie Communale,,1,Plat,Partie rectiligne,,50,normale,,,Conducteur,1,F,50-51,Domicile - travail,Casque,Non,1,1,09 - septembre,4 - vendredi,Paris 11e  Arrondissement
,201700055276,2017-09-29,75,8,75113,48.8368,2.35941,Hors intersection,Deux véhicules - par le coté,Plein jour,Normale,Voie Communale,,3,Pente,Partie rectiligne,,35,normale,,Sur trottoir,Conducteur,1,M,50-51,Domicile - travail,Casque,Non,1,1,09 - septembre,4 - vendredi,Paris 13e  Arrondissement
,201700056734,2017-09-29,75,8,75117,48.8773,2.29439,Hors intersection,Deux véhicules - par le coté,Plein jour,Normale,Voie Communale,,3,Plat,Partie rectiligne,,,normale,,Sur chaussée,Conducteur,1,M,60-61,,Casque,Non,1,1,09 - septembre,4 - vendredi,Paris 17e  Arrondissement
,201700057408,2017-09-29,75,18,75119,48.8893,2.38931,Hors intersection,Autre,Plein jour,Normale,Voie Communale,,,Plat,Partie rectiligne,,,normale,Zone piétonne,,Conducteur,1,F,5-6,Promenade - loisirs,Casque,Oui,1,1,09 - septembre,4 - vendredi,Paris 19e  Arrondissement
,201700003231,2017-09-28,68,9,68226,48.04196,7.13148,Giratoire,Deux véhicules - par le coté,Plein jour,Normale,Route Départementale,,2,Plat,,6,10,normale,,,Conducteur,2,M,70-71,Promenade - loisirs,Casque,Oui,1,1,09 - septembre,3 - jeudi,Munster
,201700004151,2017-09-28,83,19,83016,43.20023,5.81105,Hors intersection,Deux véhicules - par le coté,Plein jour,Normale,Voie Communale,,2,Plat,,,10,normale,,,Conducteur,2,M,10-11,Promenade - loisirs,Casque,Non,1,1,09 - septembre,3 - jeudi,Beausset
,201700006561,2017-09-28,34,17,34123,43.61137,3.80571,Hors intersection,Deux véhicules - par le coté,Plein jour,Normale,Route Départementale,,2,Plat,Partie rectiligne,,70,normale,,Sur chaussée,Conducteur,2,M,63-64,Promenade - loisirs,Casque,Non,1,1,09 - septembre,3 - jeudi,Juvignac
,201700012565,2017-09-28,85,13,85051,46.70195,-1.03926,Hors intersection,Deux véhicules - par le coté,Plein jour,Normale,Route Départementale,,2,Plat,,,,normale,,Sur chaussée,Conducteur,2,M,15-16,Promenade - loisirs,Casque,Non,1,1,09 - septembre,3 - jeudi,Chantonnay
,201700015473,2017-09-28,1,15,1093,46.12885,4.95521,Hors intersection,Deux véhicules - par le coté,Plein jour,Normale,Route Départementale,,1,Plat,Partie rectiligne,,,normale,,Sur chaussée,Conducteur,2,M,75-76,Promenade - loisirs,Casque,Oui,1,,09 - septembre,3 - jeudi,Châtillon-sur-Chalaronne
,201700021248,2017-09-28,17,15,17300,46.1584,-1.1507,Hors intersection,Deux véhicules - frontale,Plein jour,Normale,Voie Communale,,2,Plat,Partie rectiligne,,84,normale,,Sur chaussée,Conducteur,1,M,38-39,Domicile - travail,Autre,Non déterminable,1,1,09 - septembre,3 - jeudi,Rochelle
,201700030195,2017-09-28,52,16,52121,48.12018,5.13883,Hors intersection,Deux véhicules - par le coté,Plein jour,Normale,Route Départementale,,2,Pente,Partie rectiligne,,,normale,,Sur chaussée,Conducteur,2,M,56-57,Promenade - loisirs,Casque,Oui,1,1,09 - septembre,3 - jeudi,Chaumont
,201700037280,2017-09-28,83,9,83069,43.101,6.1708,Hors intersection,Deux véhicules - par l’arrière,Plein jour,Normale,Voie Communale,,2,Plat,Partie rectiligne,,70,normale,,Sur chaussée,Conducteur,1,M,71-72,Promenade - loisirs,Casque,Oui,1,1,09 - septembre,3 - jeudi,Hyères
,201700037280,2017-09-28,83,9,83069,43.101,6.1708,Hors intersection,Deux véhicules - par l’arrière,Plein jour,Normale,Voie Communale,,2,Plat,Partie rectiligne,,70,normale,,Sur chaussée,Conducteur,0,M,63-64,Promenade - loisirs,Casque,Oui,1,1,09 - septembre,3 - jeudi,Hyères
,201700039667,2017-09-28,92,19,92019,48.79935,2.2538,Hors intersection,Deux véhicules - par le coté,Crépuscule ou aube,Normale,Voie Communale,,2,Sommet de côte,Partie rectiligne,,,normale,,Sur chaussée,Conducteur,1,M,20-21,Domicile - travail,Equipement réfléchissant,Non,1,1,09 - septembre,3 - jeudi,Châtenay-Malabry
,201700045725,2017-09-28,94,22,94081,0,0,Intersection en X,Deux véhicules - par le coté,Nuit avec éclairage public allumé,Normale,Voie Communale,,2,Plat,Partie rectiligne,,,normale,,Sur chaussée,Conducteur,1,M,24-25,Promenade - loisirs,Casque,Non,1,1,09 - septembre,3 - jeudi,Vitry-sur-Seine
,201700050285,2017-09-28,69,9,69149,45.71,4.8,Intersection en X,Deux véhicules - par le coté,Plein jour,Normale,Voie Communale,,1,Pente,Partie rectiligne,,40,normale,,Sur chaussée,Conducteur,0,F,31-32,Domicile - travail,Casque,Oui,1,1,09 - septembre,3 - jeudi,Oullins
,201700050285,2017-09-28,69,9,69149,45.71,4.8,Intersection en X,Deux véhicules - par le coté,Plein jour,Normale,Voie Communale,,1,Pente,Partie rectiligne,,40,normale,,Sur chaussée,Passager,1,M,4-5,Domicile - école,Dispositif enfants,Oui,1,1,09 - septembre,3 - jeudi,Oullins
,201700051059,2017-09-28,69,8,69386,45.7721,4.85384,Intersection en X,Deux véhicules - par le coté,Plein jour,Normale,Voie Communale,,3,Plat,Partie rectiligne,,,normale,,Sur chaussée,Conducteur,0,M,21-22,Domicile - école,Autre,Non,1,1,09 - septembre,3 - jeudi,Lyon 6e  Arrondissement
,201700052834,2017-09-28,75,11,75101,48.8674,2.32619,Intersection en X,Deux véhicules - par l’arrière,Plein jour,Normale,Voie Communale,,,,,,,,,Sur chaussée,Conducteur,1,M,20-21,Utilisation professionnelle,Casque,Non,1,1,09 - septembre,3 - jeudi,Paris 1er Arrondissement
,201700053127,2017-09-28,75,19,75104,48.8552,2.3528,Intersection en T,Autre,Nuit avec éclairage public allumé,Normale,Voie Communale,,5,Plat,Partie rectiligne,,120,normale,,Sur chaussée,Conducteur,1,F,29-30,Domicile - travail,Casque,Oui,1,1,09 - septembre,3 - jeudi,Paris 4e  Arrondissement
,201700055275,2017-09-28,75,20,75113,48.8307,2.37358,Hors intersection,Autre,Nuit avec éclairage public allumé,Normale,Voie Communale,,1,Pente,Partie rectiligne,,60,normale,,Sur chaussée,Conducteur,0,M,36-37,Autre,Casque,Non,,1,09 - septembre,3 - jeudi,Paris 13e  Arrondissement
,201700002691,2017-09-27,74,17,74143,45.89375,6.78408,Hors intersection,Deux véhicules - par l’arrière,Plein jour,Normale,Voie Communale,,2,Plat,En courbe à droite,,,normale,,Sur chaussée,Conducteur,2,F,73-74,Promenade - loisirs,Casque,Oui,1,1,09 - septembre,2 - mercredi,Houches
,201700004468,2017-09-27,34,14,34209,43.30455,3.33193,Hors intersection,Deux véhicules - par le coté,Plein jour,Normale,Voie Communale,,2,Pente,,,10,normale,,,Conducteur,2,M,12-13,Promenade - loisirs,Casque,Non,1,1,09 - septembre,2 - mercredi,Portiragnes
,201700011582,2017-09-27,8,17,8302,49.87826,4.73217,Hors intersection,Deux véhicules - par le coté,Plein jour,Normale,Route Départementale,,2,Pente,Partie rectiligne,,,normale,,Sur chaussée,Conducteur,2,M,70-71,Promenade - loisirs,Casque,Oui,1,,09 - septembre,2 - mercredi,Monthermé
,201700012832,2017-09-27,24,19,24259,44.9268,0.48219,Intersection en T,Deux véhicules - frontale,Plein jour,Normale,Voie Communale,Avec voies d’affectation variable,,,,,,,,,Conducteur,2,M,13-14,Promenade - loisirs,Casque,Non,1,1,09 - septembre,2 - mercredi,Maurens
,201700012939,2017-09-27,40,14,40075,43.88299,-1.18632,Autre intersection,Deux véhicules - frontale,Plein jour,Normale,Route Départementale,,2,Pente,,,10,normale,,Sur chaussée,Conducteur,2,M,77-78,Promenade - loisirs,Casque,Oui,1,,09 - septembre,2 - mercredi,Castets
,201700020995,2017-09-27,16,16,16166,45.67333,0.19077,Hors intersection,Deux véhicules - par le coté,Plein jour,Normale,Route Départementale,,2,Pente,En courbe à gauche,,70,normale,,Sur chaussée,Conducteur,2,M,87-88,Promenade - loisirs,Casque,Non,1,,09 - septembre,2 - mercredi,'Isle-d''Espagnac'
,201700021494,2017-09-27,17,9,17415,45.74387,-0.64528,Hors intersection,Deux véhicules - par l’arrière,Plein jour,Normale,Voie Communale,,2,Plat,En courbe à gauche,,70,normale,,Sur chaussée,Conducteur,1,F,29-30,Promenade - loisirs,Casque,Oui,1,1,09 - septembre,2 - mercredi,Saintes
,201700022479,2017-09-27,22,17,22278,48.50781,-2.76309,Hors intersection,Deux véhicules - par l’arrière,Plein jour,Normale,Voie Communale,,2,Plat,Partie rectiligne,,,normale,,Sur chaussée,Conducteur,1,M,62-63,,Casque,Non déterminable,1,1,09 - septembre,2 - mercredi,Saint-Brieuc
,201700023022,2017-09-27,38,12,38368,45.39133,5.52172,Hors intersection,Deux véhicules - par le coté,Plein jour,Normale,Route Départementale,,2,Pente,En courbe à droite,,,normale,,Sur chaussée,Conducteur,1,M,66-67,Promenade - loisirs,Casque,Oui,1,,09 - septembre,2 - mercredi,Saint-Blaise-du-Buis
,201700027847,2017-09-27,41,17,41212,47.57094,1.35341,Hors intersection,Aucune,Plein jour,Normale,Voie Communale,,,Plat,Partie rectiligne,,,normale,,,Conducteur,2,M,12-13,Promenade - loisirs,Casque,Oui,,1,09 - septembre,2 - mercredi,Saint-Gervais-la-Forêt
,201700029625,2017-09-27,49,17,49328,47.25634,-0.07674,Intersection en X,Deux véhicules - par le coté,Plein jour,Normale,Voie Communale,,2,Pente,Partie rectiligne,,,normale,,Sur chaussée,Conducteur,1,M,10-11,Promenade - loisirs,Casque,Oui,1,1,09 - septembre,2 - mercredi,Saumur
,201700034255,2017-09-27,67,8,67218,48.58205,7.74093,Intersection en X,Deux véhicules - par le coté,Plein jour,Normale,Voie Communale,,3,Plat,Partie rectiligne,,108,normale,,Sur chaussée,Conducteur,1,M,12-13,,Autre,Non déterminable,1,1,09 - septembre,2 - mercredi,Illkirch-Graffenstaden
,201700034259,2017-09-27,67,19,67447,48.6097,7.75509,Intersection à plus de 4 branches,Deux véhicules - par le coté,Plein jour,Normale,Voie Communale,,2,Plat,Partie rectiligne,,77,normale,,,Conducteur,2,F,14-15,,Autre,Non déterminable,1,1,09 - septembre,2 - mercredi,Schiltigheim
,201700034260,2017-09-27,67,19,67365,48.53503,7.70705,Intersection en T,Deux véhicules - par le coté,Nuit avec éclairage public non allumé,Normale,Voie Communale,,1,Plat,Partie rectiligne,,60,normale,,Sur chaussée,Conducteur,2,M,14-15,Autre,Autre,Non déterminable,1,1,09 - septembre,2 - mercredi,Ostwald
,201700040229,2017-09-27,92,8,92036,48,2.2,Hors intersection,Autre,Plein jour,Normale,Autre,,2,Plat,Partie rectiligne,,120,normale,Voie ferrée,Sur chaussée,Conducteur,2,M,35-36,Domicile - travail,Casque,Non déterminable,1,1,09 - septembre,2 - mercredi,Gennevilliers
,201700051056,2017-09-27,69,16,69259,45.70189,4.88097,Hors intersection,Deux véhicules - par le coté,Plein jour,Normale,Voie Communale,,1,Plat,Partie rectiligne,,,normale,,Sur chaussée,Conducteur,1,M,72-73,Promenade - loisirs,Casque,Oui,1,1,09 - septembre,2 - mercredi,Vénissieux
,201700051057,2017-09-27,69,17,69386,0,0,Hors intersection,Autre,Plein jour,Normale,Voie Communale,,,Plat,Partie rectiligne,,,normale,Zone piétonne,Sur piste cyclable,Conducteur,0,M,41-42,Autre,Autre,Non déterminable,,1,09 - septembre,2 - mercredi,Lyon 6e  Arrondissement
,201700051057,2017-09-27,69,17,69386,0,0,Hors intersection,Autre,Plein jour,Normale,Voie Communale,,,Plat,Partie rectiligne,,,normale,Zone piétonne,Sur piste cyclable,Piéton,2,M,3-4,Promenade - loisirs,,,,1,09 - septembre,2 - mercredi,Lyon 6e  Arrondissement
,201700051058,2017-09-27,69,18,69259,0,0,Hors intersection,Deux véhicules - par le coté,Plein jour,Normale,Voie Communale,,1,Plat,,40,20,normale,,Sur chaussée,Conducteur,1,M,67-68,,Autre,Non déterminable,1,1,09 - septembre,2 - mercredi,Vénissieux