test,identifiantAccident,date,departement,heure,commune,lat,lon,typeIntersection,typeCollision,luminosite,conditionsAtmosperiques,typeRoute,circulation,nbVoies,profilLongRoute,tracePlanRoute,largeurTPC,largeurRoute,etatSurface,amenagement,situation,categorieUsager,graviteAccident,sexe,age,motifDeplacement,existenceSecurite,usageSecurite,nombreAutresVehicules,enAgglomeration,mois,jour,NCCENR
,201700053125,2017-09-27,75,,75104,48.8555,2.36009,Intersection en T,Deux véhicules - par le coté,Nuit avec éclairage public allumé,Normale,Voie Communale,,3,Plat,Partie rectiligne,,100,normale,,Sur chaussée,Conducteur,1,F,33-34,Promenade - loisirs,Casque,Non,1,1,09 - septembre,2 - mercredi,Paris 4e  Arrondissement
,201700054272,2017-09-27,75,12,75110,48.8827,2.37017,Intersection en X,Deux véhicules - par le coté,Plein jour,Normale,Voie Communale,,6,Plat,Partie rectiligne,,35,normale,,Sur chaussée,Conducteur,1,M,26-27,Domicile - travail,Casque,Non,1,1,09 - septembre,2 - mercredi,Paris 10e  Arrondissement
,201700054516,2017-09-27,75,9,75111,48.8505,2.39302,Hors intersection,Autre,Plein jour,Temps couvert,Voie Communale,,1,Pente,Partie rectiligne,,40,normale,,Sur chaussée,Conducteur,1,M,37-38,Domicile - travail,Casque,Oui,,1,09 - septembre,2 - mercredi,Paris 11e  Arrondissement
,201700057404,2017-09-27,75,12,75119,48.8901,2.37741,Hors intersection,Autre,Plein jour,Normale,Voie Communale,,1,Pente,Partie rectiligne,,25,normale,,Sur chaussée,Conducteur,0,M,34-35,Domicile - travail,Casque,Non,,1,09 - septembre,2 - mercredi,Paris 19e  Arrondissement
,201700002347,2017-09-26,2,17,2212,49.63151,3.28076,Hors intersection,Aucune,Plein jour,Normale,Route Départementale,,2,Plat,Partie rectiligne,,60,normale,,Sur trottoir,Conducteur,1,M,14-15,,Autre,Non déterminable,,1,09 - septembre,1 - mardi,Condren
,201700003204,2017-09-26,67,9,67339,48.89097,7.91809,Hors intersection,Deux véhicules - par le coté,Plein jour,Normale,Voie Communale,,2,Plat,Partie rectiligne,,63,normale,,Sur chaussée,Conducteur,2,M,25-26,Domicile - travail,Autre,Non,1,1,09 - septembre,1 - mardi,Betschdorf
,201700004792,2017-09-26,5,14,5023,44.88366,6.6271,Intersection en Y,Deux véhicules - par le coté,Plein jour,Normale,Voie Communale,,2,Plat,Partie rectiligne,,60,normale,Souterrain - tunnel,Sur chaussée,Conducteur,1,M,61-62,Promenade - loisirs,Autre,Non déterminable,1,1,09 - septembre,1 - mardi,Briançon
,201700007674,2017-09-26,66,19,66140,42.70057,2.76317,Intersection en T,Deux véhicules - par le coté,Plein jour,Normale,Route Départementale,,2,Plat,,,10,normale,,,Conducteur,2,M,62-63,Promenade - loisirs,Casque,Non,1,,09 - septembre,1 - mardi,Pézilla-la-Rivière
,201700012784,2017-09-26,4,17,4123,44.259,5.86579,Hors intersection,Deux véhicules - par l’arrière,Plein jour,Normale,Route Départementale,,2,Sommet de côte,Partie rectiligne,,80,normale,,Sur chaussée,Conducteur,3,M,40-41,Promenade - loisirs,Casque,Oui,1,,09 - septembre,1 - mardi,Mison
,201700016649,2017-09-26,29,19,29153,47.8189,-3.77777,Hors intersection,Deux véhicules - par le coté,Crépuscule ou aube,Temps éblouissant,Voie Communale,,2,Plat,Partie rectiligne,,,normale,,Sur chaussée,Conducteur,2,M,82-83,Promenade - loisirs,Casque,Non,1,,09 - septembre,1 - mardi,Névez
,201700023035,2017-09-26,69,18,69283,45.6721,4.93335,Giratoire,Deux véhicules - par le coté,Crépuscule ou aube,Normale,Voie Communale,,1,Plat,,10,515,normale,,,Conducteur,1,M,29-30,Domicile - travail,Equipement réfléchissant,Oui,1,1,09 - septembre,1 - mardi,Mions
,201700026824,2017-09-26,35,14,35238,48.09421,-1.6818,Intersection en X,Deux véhicules - par le coté,Plein jour,Normale,Voie Communale,,1,Plat,Partie rectiligne,,,normale,,Sur chaussée,Conducteur,1,M,37-38,,Casque,Non déterminable,1,1,09 - septembre,1 - mardi,Rennes
,201700027406,2017-09-26,37,21,37122,47.34306,0.65843,Intersection en X,Deux véhicules - par le coté,Nuit avec éclairage public allumé,Normale,Voie Communale,,2,Plat,Partie rectiligne,,100,normale,,Sur chaussée,Conducteur,2,M,36-37,Domicile - travail,Equipement réfléchissant,Non,1,1,09 - septembre,1 - mardi,Joué-lès-Tours
,201700027409,2017-09-26,37,10,37261,47.39141,0.68826,Hors intersection,Aucune,Plein jour,Pluie légère,Voie Communale,,,Plat,Partie rectiligne,,60,mouillée,Zone piétonne,Sur trottoir,Conducteur,1,M,23-24,Domicile - travail,Autre,Non déterminable,,1,09 - septembre,1 - mardi,Tours
,201700028229,2017-09-26,44,11,44055,47.29107,-2.39542,Giratoire,Deux véhicules - par l’arrière,Plein jour,Normale,Route Départementale,,2,Plat,En courbe à droite,,60,normale,Carrefour aménagé,Sur chaussée,Conducteur,1,F,72-73,Promenade - loisirs,Casque,Non,1,1,09 - septembre,1 - mardi,Baule-Escoublac
,201700032259,2017-09-26,41,16,41068,47.48499,1.64595,Hors intersection,Deux véhicules - frontale,Plein jour,Normale,Route Départementale,,2,Plat,Partie rectiligne,,52,normale,,Sur chaussée,Conducteur,3,M,64-65,Promenade - loisirs,Casque,Oui,1,,09 - septembre,1 - mardi,Courmemin
,201700034252,2017-09-26,67,8,67482,48.59226,7.74393,Intersection en T,Deux véhicules - par le coté,Plein jour,Normale,Voie Communale,,3,Plat,En courbe à droite,,150,normale,,Sur chaussée,Conducteur,1,M,36-37,Domicile - travail,Equipement réfléchissant,Oui,1,1,09 - septembre,1 - mardi,Strasbourg
,201700034254,2017-09-26,67,17,67482,48.5677,7.76481,Hors intersection,Deux véhicules - par l’arrière,Plein jour,Normale,Voie Communale,,2,Plat,Partie rectiligne,,80,normale,,Sur chaussée,Conducteur,1,M,14-15,Promenade - loisirs,Autre,Non déterminable,1,1,09 - septembre,1 - mardi,Strasbourg
,201700035227,2017-09-26,71,13,71306,46.67377,4.37396,Hors intersection,Deux véhicules - par le coté,Plein jour,Normale,Voie Communale,,2,Plat,Partie rectiligne,,,normale,Carrefour aménagé,Sur chaussée,Conducteur,2,M,43-44,,Autre,Non déterminable,1,1,09 - septembre,1 - mardi,Montceau-les-Mines
,201700035605,2017-09-26,74,10,74093,45.8941,6.10854,Intersection en Y,Deux véhicules - par le coté,Plein jour,Normale,Voie Communale,,2,Pente,En courbe à gauche,,,normale,,Sur chaussée,Conducteur,2,M,50-51,Domicile - travail,Casque,Non,1,1,09 - septembre,1 - mardi,Cran-Gevrier
,201700041905,2017-09-26,93,20,93047,0,0,Intersection en T,Deux véhicules - par l’arrière,Nuit avec éclairage public allumé,Normale,Voie Communale,,,Plat,Partie rectiligne,,,normale,,Sur chaussée,Conducteur,1,M,33-34,Domicile - travail,Autre,Non,1,1,09 - septembre,1 - mardi,Montfermeil
,201700051055,2017-09-26,69,19,69387,45.75248,4.84975,Hors intersection,Autre,Plein jour,Normale,Voie Communale,,1,Plat,Partie rectiligne,,,normale,,Sur piste cyclable,Conducteur,1,F,12-13,,Autre,Non déterminable,,1,09 - septembre,1 - mardi,Lyon 7e  Arrondissement
,201700054890,2017-09-26,75,8,75112,48.8329,2.39594,Hors intersection,Deux véhicules - par le coté,Plein jour,Normale,Voie Communale,,2,Plat,Partie rectiligne,,60,mouillée,,Sur chaussée,Conducteur,1,F,33-34,Domicile - travail,Casque,Non,1,1,09 - septembre,1 - mardi,Paris 12e  Arrondissement
,201700055565,2017-09-26,75,11,75114,48.8278,2.32667,Place,Trois véhicules et plus - collisions multiples,Plein jour,Normale,Voie Communale,,,Plat,Partie rectiligne,30,120,normale,,Sur chaussée,Conducteur,1,M,21-22,Promenade - loisirs,Casque,Non,2,1,09 - septembre,1 - mardi,Paris 14e  Arrondissement
,201700056283,2017-09-26,75,16,75116,48.8664,2.28966,Intersection en T,Deux véhicules - par le coté,Plein jour,Normale,Voie Communale,,3,Plat,Partie rectiligne,,,normale,,Sur chaussée,Conducteur,1,M,28-29,Autre,Casque,Oui,1,1,09 - septembre,1 - mardi,Paris 16e  Arrondissement
,201700008016,2017-09-25,10,15,10362,48.29087,4.06332,Intersection en T,Autre,Plein jour,Normale,Voie Communale,,2,Plat,Partie rectiligne,,,normale,,Sur chaussée,Conducteur,1,M,21-22,Autre,Casque,Non déterminable,1,1,09 - septembre,0 - lundi,Sainte-Savine
,201700027401,2017-09-25,37,8,37261,47.405,0.69392,Intersection en T,Deux véhicules - par l’arrière,Plein jour,Normale,Voie Communale,,1,Pente,Partie rectiligne,,,normale,,Sur chaussée,Conducteur,1,F,26-27,Domicile - école,Casque,Non,1,1,09 - septembre,0 - lundi,Tours
,201700030091,2017-09-25,51,20,51454,49.2253,4.0095,Hors intersection,Deux véhicules - par le coté,Nuit avec éclairage public allumé,Normale,Voie Communale,,2,Pente,Partie rectiligne,100,70,normale,,Sur chaussée,Conducteur,1,M,10-11,Promenade - loisirs,Casque,Non,1,1,09 - septembre,0 - lundi,Reims
,201700036839,2017-09-25,78,18,78686,48.80406,2.16889,Hors intersection,Deux véhicules - par le coté,Plein jour,Normale,Route Départementale,,2,Plat,Partie rectiligne,,,normale,,Sur piste cyclable,Conducteur,1,F,51-52,Domicile - travail,Casque,Non,1,1,09 - septembre,0 - lundi,Viroflay
,201700038421,2017-09-25,90,7,90010,47.63027,6.8655,Intersection en T,Autre,Nuit avec éclairage public allumé,Normale,Voie Communale,,3,Pente,Partie rectiligne,,120,normale,,Sur chaussée,Conducteur,1,M,48-49,Domicile - travail,Casque,Oui,1,1,09 - septembre,0 - lundi,Belfort
,201700044765,2017-09-25,94,12,94073,0,0,Intersection en X,Deux véhicules - par le coté,Plein jour,Normale,Voie Communale,,,Plat,Partie rectiligne,,,normale,,Sur chaussée,Conducteur,1,F,45-46,Utilisation professionnelle,Casque,Oui,1,1,09 - septembre,0 - lundi,Thiais
,201700051050,2017-09-25,69,18,69388,45.74034,4.88128,Intersection en T,Deux véhicules - par le coté,Crépuscule ou aube,Pluie légère,Voie Communale,,1,Plat,Partie rectiligne,,,normale,,Sur chaussée,Conducteur,1,M,66-67,Domicile - travail,Autre,Non,1,1,09 - septembre,0 - lundi,Lyon 8e  Arrondissement
,201700005185,2017-09-24,77,20,77354,48.47605,2.84511,Hors intersection,Deux véhicules - par l’arrière,Nuit sans éclairage public,Normale,Route Départementale,,2,Plat,Partie rectiligne,,70,normale,,Sur chaussée,Conducteur,2,M,34-35,,Equipement réfléchissant,Non,1,,09 - septembre,6 - dimanche,Pamfou
,201700013676,2017-09-24,43,13,43028,45.1408,4.07212,Intersection en Y,Deux véhicules - par le coté,Plein jour,Normale,Route Départementale,,2,Plat,Partie rectiligne,,60,normale,,Sur chaussée,Conducteur,2,M,8-9,Promenade - loisirs,Casque,Oui,1,1,09 - septembre,6 - dimanche,Bessamorel
,201700019515,2017-09-24,80,8,80253,50.1494,2.34584,Hors intersection,Deux véhicules - par l’arrière,Plein jour,Normale,Autre,,2,Plat,Partie rectiligne,,70,normale,,Sur chaussée,Conducteur,2,M,46-47,Domicile - travail,Autre,Non déterminable,1,1,09 - septembre,6 - dimanche,Doullens
,201700025891,2017-09-24,33,5,33063,44.83881,-0.56212,Hors intersection,Trois véhicules et plus - collisions multiples,Nuit avec éclairage public allumé,Normale,Voie Communale,,4,Plat,Partie rectiligne,,,normale,,,Conducteur,1,M,21-22,,Casque,Non déterminable,2,1,09 - septembre,6 - dimanche,Bordeaux
,201700026817,2017-09-24,35,12,35238,48.11274,-1.63782,Hors intersection,Deux véhicules - par l’arrière,Plein jour,Normale,Voie Communale,,,Plat,Partie rectiligne,,,normale,,Sur chaussée,Conducteur,1,M,17-18,,Casque,Non,1,1,09 - septembre,6 - dimanche,Rennes
,201700029432,2017-09-24,49,15,49007,47.46512,-0.49432,Hors intersection,Aucune,Plein jour,Normale,Voie Communale,,3,Plat,Partie rectiligne,,49,normale,,Sur chaussée,Conducteur,1,F,29-30,,Autre,Non,,1,09 - septembre,6 - dimanche,Angers
,201700031230,2017-09-24,57,18,57480,49.10369,6.15215,Hors intersection,Autre,Plein jour,Normale,Voie Communale,,2,Plat,Partie rectiligne,,50,normale,Zone piétonne,Sur trottoir,Conducteur,0,M,40-41,Promenade - loisirs,Casque,Non,,1,09 - septembre,6 - dimanche,Montigny-lès-Metz
,201700035920,2017-09-24,76,15,76351,49.51044,0.18155,Hors intersection,Deux véhicules - par le coté,Plein jour,Normale,Voie Communale,,2,Plat,Partie rectiligne,,49,normale,,Sur chaussée,Conducteur,2,M,10-11,Promenade - loisirs,Casque,Non déterminable,1,,09 - septembre,6 - dimanche,Havre
,201700036728,2017-09-24,78,10,78517,48.64584,1.86039,Intersection en T,Deux véhicules - par le coté,Plein jour,Normale,Route Départementale,,1,,,,,normale,,Sur chaussée,Conducteur,2,M,66-67,,Casque,Oui,1,1,09 - septembre,6 - dimanche,Rambouillet
,201700041409,2017-09-24,93,19,93001,48.91641,2.36807,Hors intersection,Deux véhicules - frontale,Plein jour,Normale,Voie Communale,,1,Plat,Partie rectiligne,,50,autre,,Sur chaussée,Conducteur,1,M,13-14,Promenade - loisirs,Autre,Non,1,1,09 - septembre,6 - dimanche,Aubervilliers
,201700000058,2017-09-23,59,14,59044,50.60791,3.27096,Intersection en T,Deux véhicules - frontale,Plein jour,Normale,Route Départementale,,2,Plat,,,10,,,,Conducteur,1,M,58-59,Promenade - loisirs,Autre,Oui,1,1,09 - septembre,5 - samedi,Baisieux
,201700000917,2017-09-23,1,16,1053,46.20313,5.23367,Intersection en T,Deux véhicules - par le coté,Plein jour,Normale,Route Départementale,,4,Plat,Partie rectiligne,,59,normale,,Sur chaussée,Conducteur,3,F,50-51,Courses - achats,Autre,Non,1,1,09 - septembre,5 - samedi,Bourg-en-Bresse
,201700014323,2017-09-23,50,15,50239,49.12614,-1.17537,Intersection en T,Deux véhicules - par le coté,Plein jour,Normale,Route Départementale,,2,Plat,Partie rectiligne,4,810,normale,,Sur chaussée,Conducteur,1,M,11-12,Promenade - loisirs,Casque,Oui,1,,09 - septembre,5 - samedi,Thèreval
,201700016590,2017-09-23,29,18,29204,48.51632,-4.21237,Hors intersection,Deux véhicules - par le coté,Plein jour,Normale,Route Départementale,,2,Pente,En courbe à droite,,152,normale,,Sur chaussée,Conducteur,2,M,5-6,,Casque,Non,1,1,09 - septembre,5 - samedi,Plounéventer
,201700016700,2017-09-23,35,23,35188,48.13833,-1.96281,Intersection en X,Deux véhicules - par le coté,Nuit avec éclairage public allumé,Normale,Route Départementale,,2,Plat,,10,715,normale,,,Conducteur,2,M,16-17,Promenade - loisirs,Casque,Non,1,1,09 - septembre,5 - samedi,Montfort-sur-Meu
,201700018050,2017-09-23,12,18,12154,0,0,Hors intersection,Aucune,Plein jour,Normale,Voie Communale,,2,Plat,,4,10,normale,,,Conducteur,3,M,10-11,Promenade - loisirs,Casque,Oui,,1,09 - septembre,5 - samedi,Montlaur
,201700018221,2017-09-23,49,11,49183,47.52086,-0.89772,Hors intersection,Deux véhicules - par le coté,Plein jour,Normale,Route Départementale,,2,Plat,En courbe à droite,60,,normale,,Sur chaussée,Conducteur,2,M,73-74,Promenade - loisirs,Casque,Oui,1,,09 - septembre,5 - samedi,Louroux-Béconnais
,201700024927,2017-09-23,31,12,31555,43.6006,1.44932,Hors intersection,Deux véhicules - par le coté,Plein jour,Normale,Voie Communale,,3,Plat,Partie rectiligne,,,normale,,Sur chaussée,Conducteur,2,M,20-21,,Casque,Oui,1,1,09 - septembre,5 - samedi,Toulouse
,201700026822,2017-09-23,35,14,35051,48.1141,-1.60728,Giratoire,Deux véhicules - par le coté,Plein jour,Normale,Voie Communale,,1,Plat,Partie rectiligne,,,normale,,,Conducteur,1,F,21-22,Courses - achats,Casque,Non,1,1,09 - septembre,5 - samedi,Cesson-Sévigné
,201700027399,2017-09-23,37,8,37261,47.39177,0.6813,Hors intersection,Deux véhicules - par le coté,Plein jour,Normale,Voie Communale,,1,Plat,Partie rectiligne,300,30,normale,,Sur chaussée,Conducteur,1,F,49-50,Courses - achats,Equipement réfléchissant,Oui,1,1,09 - septembre,5 - samedi,Tours
,201700028479,2017-09-23,44,15,44114,47.25581,-1.62004,Hors intersection,Deux véhicules - par le coté,Plein jour,Normale,Voie Communale,,2,Bas de côte,En courbe à droite,,,normale,,Sur chaussée,Conducteur,2,M,56-57,Promenade - loisirs,Casque,Oui,1,1,09 - septembre,5 - samedi,Orvault
,201700031802,2017-09-23,59,,59560,50.53741,3.05125,Hors intersection,Trois véhicules et plus - en chaîne,Nuit avec éclairage public allumé,Normale,Route Départementale,,2,Sommet de côte,Partie rectiligne,,60,normale,Pont - autopont,Sur chaussée,Conducteur,0,M,15-16,Promenade - loisirs,Equipement réfléchissant,Non,1,,09 - septembre,5 - samedi,Seclin
,201700031802,2017-09-23,59,,59560,50.53741,3.05125,Hors intersection,Trois véhicules et plus - en chaîne,Nuit avec éclairage public allumé,Normale,Route Départementale,,2,Sommet de côte,Partie rectiligne,,60,normale,Pont - autopont,Sur chaussée,Conducteur,2,M,15-16,Promenade - loisirs,Equipement réfléchissant,Non,1,,09 - septembre,5 - samedi,Seclin
,201700032322,2017-09-23,22,11,22172,48.53754,-2.22424,Intersection en T,Deux véhicules - par l’arrière,Plein jour,Normale,Route Départementale,,2,Plat,,,,normale,Carrefour aménagé,Sur chaussée,Conducteur,2,M,38-39,Utilisation professionnelle,Casque,Oui,1,,09 - septembre,5 - samedi,Plancoët
,201700033967,2017-09-23,67,10,67462,48.2762,7.46316,Giratoire,Deux véhicules - par le coté,Plein jour,Normale,Route Départementale,,,Plat,,,99,normale,Carrefour aménagé,,Conducteur,2,M,81-82,Promenade - loisirs,Autre,Non,1,1,09 - septembre,5 - samedi,Sélestat
,201700035603,2017-09-23,74,16,74093,45.9088,6.10013,Hors intersection,Aucune,Plein jour,Normale,Voie Communale,,1,Plat,Partie rectiligne,10,25,normale,,Sur piste cyclable,Conducteur,2,M,19-20,,Autre,Non,1,1,09 - septembre,5 - samedi,Cran-Gevrier
,201700035603,2017-09-23,74,16,74093,45.9088,6.10013,Hors intersection,Aucune,Plein jour,Normale,Voie Communale,,1,Plat,Partie rectiligne,10,25,normale,,Sur piste cyclable,Conducteur,2,M,53-54,,Casque,Oui,1,1,09 - septembre,5 - samedi,Cran-Gevrier
,201700043694,2017-09-23,94,10,94070,48.72574,2.57813,Giratoire,Deux véhicules - par le coté,Plein jour,Normale,Voie Communale,,,Plat,Partie rectiligne,,60,normale,,Sur chaussée,Conducteur,1,M,52-53,Promenade - loisirs,Casque,Oui,1,,09 - septembre,5 - samedi,Santeny
,201700055853,2017-09-23,75,11,75115,48.8413,2.29817,Intersection en T,Deux véhicules - par le coté,Plein jour,Normale,Voie Communale,,2,Plat,Partie rectiligne,,100,normale,,Sur chaussée,Conducteur,1,M,55-56,,Casque,Non déterminable,1,1,09 - septembre,5 - samedi,Paris 15e  Arrondissement
,201700002964,2017-09-22,54,19,54397,48.62623,6.10826,Intersection en T,Deux véhicules - par le coté,Crépuscule ou aube,Normale,Autre,Avec voies d’affectation variable,1,,,,,,,,Conducteur,2,M,12-13,Promenade - loisirs,Casque,Non,1,1,09 - septembre,4 - vendredi,Neuves-Maisons
,201700017419,2017-09-22,68,9,68267,47.74952,7.22919,Intersection en T,Deux véhicules - frontale,Plein jour,Normale,Route Départementale,,2,Plat,En « S »,,80,normale,,Sur chaussée,Conducteur,2,M,49-50,Courses - achats,Casque,Non,1,1,09 - septembre,4 - vendredi,Reiningue
,201700023787,2017-09-22,29,11,29039,47.87525,-3.92075,Autre intersection,Autre,Plein jour,Normale,Voie Communale,,2,Bas de côte,Partie rectiligne,,40,normale,,Sur chaussée,Conducteur,1,F,46-47,Domicile - travail,Autre,Non déterminable,,1,09 - septembre,4 - vendredi,Concarneau
,201700024925,2017-09-22,31,18,31555,43.56971,1.40407,Hors intersection,Deux véhicules - par le coté,Plein jour,Normale,Voie Communale,,1,Plat,Partie rectiligne,,,normale,,Sur chaussée,Conducteur,1,M,19-20,Promenade - loisirs,Autre,Non déterminable,1,1,09 - septembre,4 - vendredi,Toulouse
,201700025136,2017-09-22,28,17,28389,48.01858,1.3523,Hors intersection,Aucune,Plein jour,Normale,Route Départementale,,2,Plat,Partie rectiligne,,78,normale,,Sur chaussée,Conducteur,2,M,72-73,Promenade - loisirs,Casque,Non,,,09 - septembre,4 - vendredi,Thiville
,201700026053,2017-09-22,34,17,34003,43.28221,3.49816,Giratoire,Deux véhicules - par le coté,Plein jour,Temps éblouissant,Voie Communale,,1,Plat,En courbe à droite,,93,normale,,Sur chaussée,Conducteur,2,M,68-69,,Autre,Non déterminable,1,1,09 - septembre,4 - vendredi,Agde
,201700027011,2017-09-22,36,14,36063,46.8425,1.6739,Giratoire,Deux véhicules - par le coté,Plein jour,Normale,Route Départementale,,2,Plat,Partie rectiligne,,,normale,,Sur chaussée,Conducteur,2,M,67-68,Promenade - loisirs,Casque,Oui,1,,09 - septembre,4 - vendredi,Déols
,201700027398,2017-09-22,37,15,37261,47.395,0.677,Hors intersection,Deux véhicules - par le coté,Plein jour,Normale,Voie Communale,,3,Pente,Partie rectiligne,,,normale,Pont - autopont,Sur chaussée,Conducteur,1,F,31-32,Domicile - travail,Casque,Non,1,1,09 - septembre,4 - vendredi,Tours
,201700030086,2017-09-22,51,13,51454,49.25209,4.02515,Intersection en X,Deux véhicules - par le coté,Plein jour,Normale,Voie Communale,,1,Plat,Partie rectiligne,,,normale,Zone piétonne,Sur chaussée,Conducteur,1,M,50-51,,Casque,Non,1,1,09 - septembre,4 - vendredi,Reims
,201700030575,2017-09-22,54,15,54395,48.70481,6.18332,Hors intersection,Autre,Plein jour,Normale,Voie Communale,,2,Plat,Partie rectiligne,,,normale,,Sur trottoir,Conducteur,1,M,66-67,Promenade - loisirs,Casque,Non déterminable,,1,09 - septembre,4 - vendredi,Nancy
,201700034247,2017-09-22,67,12,67482,48.55502,7.7541,Intersection en X,Deux véhicules - par le coté,Plein jour,Normale,Voie Communale,,2,Plat,Partie rectiligne,,70,normale,,Sur chaussée,Conducteur,1,M,12-13,Promenade - loisirs,Casque,Oui,1,1,09 - septembre,4 - vendredi,Strasbourg
,201700035602,2017-09-22,74,15,74010,45.89305,6.11753,Intersection en X,Deux véhicules - par le coté,Plein jour,Normale,Voie Communale,,2,Plat,Partie rectiligne,,,normale,Carrefour aménagé,Sur chaussée,Conducteur,1,M,56-57,Promenade - loisirs,Casque,Oui,1,1,09 - septembre,4 - vendredi,Annecy
,201700040227,2017-09-22,92,20,92036,48,2.2,Hors intersection,Autre,Nuit avec éclairage public allumé,Normale,Route Départementale,,4,Plat,Partie rectiligne,20,160,normale,,Sur chaussée,Conducteur,1,M,30-31,,Casque,Non,1,1,09 - septembre,4 - vendredi,Gennevilliers
,201700050276,2017-09-22,69,15,69385,45.75771,4.82459,Hors intersection,Aucune,Plein jour,Normale,Voie Communale,,1,Pente,En courbe à droite,,,normale,,Sur chaussée,Conducteur,2,M,18-19,Domicile - école,Casque,Non,,1,09 - septembre,4 - vendredi,Lyon 5e  Arrondissement
,201700054507,2017-09-22,75,8,75120,48.8666,2.38354,Hors intersection,Autre,Plein jour,Normale,Voie Communale,,1,Plat,Partie rectiligne,,,mouillée,,Sur piste cyclable,Conducteur,1,F,26-27,Domicile - travail,Casque,Non déterminable,,1,09 - septembre,4 - vendredi,Paris 20e  Arrondissement
,201700057686,2017-09-22,75,20,75120,48.8682,2.38773,Hors intersection,Autre,Nuit avec éclairage public allumé,Normale,Voie Communale,,2,,,,60,,,Sur chaussée,Conducteur,2,M,28-29,Promenade - loisirs,Casque,Non,,1,09 - septembre,4 - vendredi,Paris 20e  Arrondissement
,201700002647,2017-09-21,73,16,73013,45.19686,6.33241,Hors intersection,Deux véhicules - par le coté,Plein jour,Normale,Route Départementale,,2,Plat,Partie rectiligne,,58,normale,,Sur chaussée,Conducteur,2,F,58-59,Promenade - loisirs,Casque,Oui,1,,09 - septembre,3 - jeudi,Albiez-Montrond
,201700002647,2017-09-21,73,16,73013,45.19686,6.33241,Hors intersection,Deux véhicules - par le coté,Plein jour,Normale,Route Départementale,,2,Plat,Partie rectiligne,,58,normale,,Sur chaussée,Conducteur,0,M,66-67,Promenade - loisirs,Casque,Oui,1,,09 - septembre,3 - jeudi,Albiez-Montrond
,201700011470,2017-09-21,14,11,14301,49.17232,-0.28218,Giratoire,Deux véhicules - par le coté,Plein jour,Normale,Voie Communale,,1,Plat,Partie rectiligne,40,40,normale,Carrefour aménagé,Sur chaussée,Conducteur,2,M,63-64,Promenade - loisirs,Casque,Oui,1,1,09 - septembre,3 - jeudi,Giberville
,201700012509,2017-09-21,27,15,27545,49.24439,0.99087,Intersection en X,Deux véhicules - par l’arrière,Plein jour,Normale,Route Départementale,,2,Plat,,,10,normale,,,Conducteur,2,M,69-70,Promenade - loisirs,Casque,Oui,1,,09 - septembre,3 - jeudi,Saint-Germain-de-Pasquier
,201700016802,2017-09-21,44,10,44045,47.30149,-1.78572,Hors intersection,Aucune,Plein jour,Normale,Voie Communale,,2,Plat,Partie rectiligne,,35,normale,,Sur chaussée,Conducteur,3,M,62-63,Promenade - loisirs,Casque,Oui,1,,09 - septembre,3 - jeudi,Cordemais
,201700017739,2017-09-21,47,18,47210,44.2495,0.40009,Hors intersection,Deux véhicules - par l’arrière,Plein jour,Normale,Route Départementale,,2,Plat,Partie rectiligne,,,normale,,Sur accotement,Conducteur,2,M,70-71,Promenade - loisirs,Casque,Oui,1,,09 - septembre,3 - jeudi,Port-Sainte-Marie
,201700018704,2017-09-21,89,17,89370,48.18125,3.08694,Hors intersection,Deux véhicules - par le coté,Plein jour,Normale,Route Départementale,,2,Plat,Partie rectiligne,,70,normale,,Sur chaussée,Conducteur,2,M,13-14,Promenade - loisirs,Autre,Non,1,1,09 - septembre,3 - jeudi,Saint-Valérien
,201700020027,2017-09-21,67,9,67355,49.00485,7.10859,Hors intersection,Trois véhicules et plus - collisions multiples,Plein jour,Normale,Route Départementale,,2,Plat,Partie rectiligne,,,normale,,Sur chaussée,Conducteur,2,M,61-62,Promenade - loisirs,Casque,Oui,1,,09 - septembre,3 - jeudi,Oermingen
,201700020027,2017-09-21,67,9,67355,49.00485,7.10859,Hors intersection,Trois véhicules et plus - collisions multiples,Plein jour,Normale,Route Départementale,,2,Plat,Partie rectiligne,,,normale,,Sur chaussée,Conducteur,2,M,65-66,Promenade - loisirs,Casque,Oui,1,,09 - septembre,3 - jeudi,Oermingen
,201700020957,2017-09-21,74,17,74070,46.29116,6.27131,Hors intersection,Deux véhicules - par l’arrière,Plein jour,Normale,Route Départementale,,2,Plat,Partie rectiligne,,70,normale,,Sur chaussée,Conducteur,2,M,42-43,Domicile - travail,Casque,Oui,1,,09 - septembre,3 - jeudi,Chens-sur-Léman
,201700022688,2017-09-21,25,18,25462,46.89864,6.34905,Intersection en T,Deux véhicules - frontale,Plein jour,Normale,Voie Communale,,1,Plat,Partie rectiligne,,70,normale,Carrefour aménagé,Sur chaussée,Conducteur,2,M,57-58,Promenade - loisirs,Autre,Non déterminable,1,1,09 - septembre,3 - jeudi,Pontarlier
,201700024484,2017-09-21,69,14,69285,45.75888,5.05175,Hors intersection,Deux véhicules - frontale,Plein jour,Normale,Voie Communale,,2,Plat,,,15,normale,,,Conducteur,2,M,79-80,Promenade - loisirs,Casque,Oui,1,1,09 - septembre,3 - jeudi,Pusignan