test,identifiantAccident,date,departement,heure,commune,lat,lon,typeIntersection,typeCollision,luminosite,conditionsAtmosperiques,typeRoute,circulation,nbVoies,profilLongRoute,tracePlanRoute,largeurTPC,largeurRoute,etatSurface,amenagement,situation,categorieUsager,graviteAccident,sexe,age,motifDeplacement,existenceSecurite,usageSecurite,nombreAutresVehicules,enAgglomeration,mois,jour,NCCENR
,201700024924,2017-09-21,31,21,31555,43.58055,1.41025,Intersection en T,Deux véhicules - frontale,Nuit avec éclairage public allumé,Normale,Voie Communale,,2,Plat,Partie rectiligne,,,normale,,Sur chaussée,Conducteur,1,M,19-20,Autre,Autre,Non déterminable,1,1,09 - septembre,3 - jeudi,Toulouse
,201700027920,2017-09-21,42,17,42095,45.39746,4.29031,Place,Deux véhicules - par le coté,Plein jour,Normale,Voie Communale,,,Plat,Partie rectiligne,,60,normale,,Sur chaussée,Conducteur,2,M,5-6,Promenade - loisirs,Casque,Non,1,1,09 - septembre,3 - jeudi,Firminy
,201700029429,2017-09-21,49,4,49007,47.45819,-0.54495,Hors intersection,Aucune,Nuit avec éclairage public allumé,Normale,Voie Communale,,2,Plat,Partie rectiligne,,,normale,,Sur chaussée,Conducteur,1,M,19-20,Promenade - loisirs,Casque,Non déterminable,,1,09 - septembre,3 - jeudi,Angers
,201700034836,2017-09-21,69,6,69029,45.72472,4.915,Intersection en T,Deux véhicules - par le coté,Nuit avec éclairage public allumé,Normale,Voie Communale,,2,Plat,En « S »,,,normale,,Sur piste cyclable,Conducteur,2,M,49-50,Domicile - travail,Casque,Oui,1,1,09 - septembre,3 - jeudi,Bron
,201700035918,2017-09-21,76,22,76351,49.50005,0.13084,Intersection en T,Deux véhicules - par le coté,Nuit avec éclairage public allumé,Pluie légère,Voie Communale,,2,Plat,Partie rectiligne,,,mouillée,,Sur chaussée,Conducteur,1,F,17-18,,Casque,Non déterminable,1,1,09 - septembre,3 - jeudi,Havre
,201700044409,2017-09-21,94,7,94028,48.779,-2.443,Hors intersection,Deux véhicules - par le coté,Plein jour,Normale,Route Départementale,,2,Plat,Partie rectiligne,,70,normale,,Sur chaussée,Conducteur,1,M,21-22,Domicile - école,Casque,Non,1,1,09 - septembre,3 - jeudi,Créteil
,201700045093,2017-09-21,94,17,94046,0,0,Hors intersection,Aucune,Plein jour,Normale,Voie Communale,,2,Plat,Partie rectiligne,,,normale,,Sur chaussée,Conducteur,1,M,61-62,Promenade - loisirs,Autre,Non,1,1,09 - septembre,3 - jeudi,Maisons-Alfort
,201700054884,2017-09-21,75,15,75112,48.8371,2.40219,Intersection en Y,Deux véhicules - par le coté,Plein jour,Normale,Voie Communale,,2,,,,,,,Sur chaussée,Conducteur,1,F,11-12,Domicile - école,Casque,Non déterminable,1,1,09 - septembre,3 - jeudi,Paris 12e  Arrondissement
,201700056277,2017-09-21,75,8,75116,48.8453,2.25798,Hors intersection,Deux véhicules - par l’arrière,Plein jour,Normale,Voie Communale,,,Plat,Partie rectiligne,,,normale,,Sur chaussée,Conducteur,1,F,35-36,Domicile - travail,Casque,Non déterminable,1,1,09 - septembre,3 - jeudi,Paris 16e  Arrondissement
,201700008479,2017-09-20,12,16,12145,44.0888,3.06035,Intersection en Y,Deux véhicules - par le coté,Plein jour,Normale,Route Départementale,,2,Plat,Partie rectiligne,,120,normale,Carrefour aménagé,Sur chaussée,Conducteur,2,M,65-66,Promenade - loisirs,Casque,Oui,1,1,09 - septembre,2 - mercredi,Millau
,201700024922,2017-09-20,31,14,31555,43.62572,1.42262,Hors intersection,Deux véhicules - par le coté,Plein jour,Normale,Voie Communale,,2,Plat,Partie rectiligne,,,normale,,Sur chaussée,Conducteur,1,M,59-60,,Casque,Oui,1,1,09 - septembre,2 - mercredi,Toulouse
,201700028936,2017-09-20,45,13,45075,47.88333,1.83333,Hors intersection,Deux véhicules - par le coté,Plein jour,Normale,Voie Communale,,1,Plat,Partie rectiligne,,54,normale,,Sur trottoir,Conducteur,1,F,13-14,Promenade - loisirs,Casque,Non,1,1,09 - septembre,2 - mercredi,Chapelle-Saint-Mesmin
,201700029428,2017-09-20,49,18,49007,47.47354,-0.58611,Hors intersection,Deux véhicules - par le coté,Plein jour,Normale,Voie Communale,,3,Plat,Partie rectiligne,,,normale,,Sur chaussée,Conducteur,1,M,16-17,Promenade - loisirs,Casque,Non déterminable,1,1,09 - septembre,2 - mercredi,Angers
,201700031121,2017-09-20,40,19,40065,43.64411,-1.43284,Intersection en T,Deux véhicules - par le coté,Plein jour,Normale,Voie Communale,,2,Plat,Partie rectiligne,,,normale,,Sur chaussée,Conducteur,3,M,85-86,Promenade - loisirs,Casque,Non,1,1,09 - septembre,2 - mercredi,Capbreton
,201700034242,2017-09-20,67,16,67482,48.58261,7.73312,Hors intersection,Deux véhicules - frontale,Plein jour,Normale,Voie Communale,,3,Plat,Partie rectiligne,,,normale,,Sur chaussée,Conducteur,1,M,45-46,Domicile - école,Casque,Non,1,1,09 - septembre,2 - mercredi,Strasbourg
,201700038961,2017-09-20,91,7,91691,48.69445,2.48287,Giratoire,Deux véhicules - par le coté,Plein jour,Normale,Voie Communale,,2,Plat,Partie rectiligne,,,normale,,Sur chaussée,Conducteur,1,M,50-51,Autre,Casque,Non,1,1,09 - septembre,2 - mercredi,Yerres
,201700040570,2017-09-20,92,19,92049,48.81192,2.30079,Intersection en T,Deux véhicules - par le coté,Plein jour,Normale,Route Départementale,,2,Plat,Partie rectiligne,,,normale,,Sur chaussée,Conducteur,1,M,26-27,Domicile - travail,Autre,Non déterminable,1,1,09 - septembre,2 - mercredi,Montrouge
,201700054504,2017-09-20,75,17,75111,48.8644,2.36901,Intersection en X,Deux véhicules - par le coté,Plein jour,Normale,Voie Communale,,2,Plat,Partie rectiligne,,60,normale,,Sur chaussée,Conducteur,1,M,20-21,Promenade - loisirs,Casque,Non déterminable,1,1,09 - septembre,2 - mercredi,Paris 11e  Arrondissement
,201700057074,2017-09-20,75,,75118,48.8905,2.34958,Intersection en X,Deux véhicules - par le coté,Nuit avec éclairage public allumé,Normale,Voie Communale,,3,Plat,Partie rectiligne,,,normale,,Sur chaussée,Conducteur,2,M,27-28,Promenade - loisirs,Casque,Non déterminable,1,1,09 - septembre,2 - mercredi,Paris 18e  Arrondissement
,201700001374,2017-09-19,33,8,33362,45.02457,-0.19396,Intersection en T,Deux véhicules - par le coté,Plein jour,Normale,Route Départementale,,2,Plat,,,10,normale,,Sur chaussée,Conducteur,2,F,19-20,Domicile - travail,Autre,Non,1,1,09 - septembre,1 - mardi,Sablons
,201700003857,2017-09-19,13,10,13084,43.71753,5.30168,Hors intersection,Trois véhicules et plus - en chaîne,Plein jour,Normale,Route Départementale,,2,Plat,Partie rectiligne,,100,normale,,Sur piste cyclable,Conducteur,1,M,66-67,Promenade - loisirs,Casque,Oui,1,,09 - septembre,1 - mardi,'Roque-d''Anthéron'
,201700003857,2017-09-19,13,10,13084,43.71753,5.30168,Hors intersection,Trois véhicules et plus - en chaîne,Plein jour,Normale,Route Départementale,,2,Plat,Partie rectiligne,,100,normale,,Sur piste cyclable,Conducteur,2,M,76-77,Promenade - loisirs,Casque,Oui,1,,09 - septembre,1 - mardi,'Roque-d''Anthéron'
,201700003857,2017-09-19,13,10,13084,43.71753,5.30168,Hors intersection,Trois véhicules et plus - en chaîne,Plein jour,Normale,Route Départementale,,2,Plat,Partie rectiligne,,100,normale,,Sur piste cyclable,Conducteur,2,F,61-62,Promenade - loisirs,Casque,Oui,1,,09 - septembre,1 - mardi,'Roque-d''Anthéron'
,201700003857,2017-09-19,13,10,13084,43.71753,5.30168,Hors intersection,Trois véhicules et plus - en chaîne,Plein jour,Normale,Route Départementale,,2,Plat,Partie rectiligne,,100,normale,,Sur piste cyclable,Conducteur,2,M,69-70,Promenade - loisirs,Casque,Oui,1,,09 - septembre,1 - mardi,'Roque-d''Anthéron'
,201700003857,2017-09-19,13,10,13084,43.71753,5.30168,Hors intersection,Trois véhicules et plus - en chaîne,Plein jour,Normale,Route Départementale,,2,Plat,Partie rectiligne,,100,normale,,Sur piste cyclable,Conducteur,2,M,34-35,Promenade - loisirs,Casque,Oui,1,,09 - septembre,1 - mardi,'Roque-d''Anthéron'
,201700008013,2017-09-19,10,23,10081,48.32033,4.05266,Hors intersection,Autre,Nuit avec éclairage public allumé,Normale,Voie Communale,,2,Plat,Partie rectiligne,,,normale,Pont - autopont,Sur chaussée,Conducteur,3,M,40-41,Promenade - loisirs,Casque,Non,1,1,09 - septembre,1 - mardi,Chapelle-Saint-Luc
,201700012166,2017-09-19,23,14,23030,45.95159,1.75778,Giratoire,Deux véhicules - par l’arrière,Plein jour,Temps couvert,Route Départementale,,2,Sommet de côte,,,10,normale,,,Conducteur,1,M,40-41,Promenade - loisirs,Casque,Oui,1,1,09 - septembre,1 - mardi,Bourganeuf
,201700026776,2017-09-19,35,8,35051,48.13635,-1.62398,Giratoire,Deux véhicules - par le coté,Plein jour,Normale,Voie Communale,,,Plat,Partie rectiligne,,,normale,,Sur chaussée,Conducteur,1,M,15-16,,Casque,Non,1,1,09 - septembre,1 - mardi,Cesson-Sévigné
,201700034239,2017-09-19,67,17,67482,48.58542,7.77847,Hors intersection,Deux véhicules - par le coté,Plein jour,Normale,Voie Communale,,2,Plat,Partie rectiligne,,50,mouillée,,Sur chaussée,Conducteur,1,M,11-12,Promenade - loisirs,Autre,Non déterminable,1,1,09 - septembre,1 - mardi,Strasbourg
,201700034240,2017-09-19,67,18,67447,48.60997,7.74349,Intersection en X,Deux véhicules - par le coté,Plein jour,Pluie légère,Voie Communale,,1,Plat,Partie rectiligne,,60,mouillée,,Sur chaussée,Conducteur,1,M,19-20,Promenade - loisirs,Autre,Non déterminable,1,1,09 - septembre,1 - mardi,Schiltigheim
,201700044637,2017-09-19,94,10,94003,48.79962,2.33292,Hors intersection,Deux véhicules - par le coté,Plein jour,Pluie légère,Route Départementale,,,Plat,,,,mouillée,,Sur chaussée,Conducteur,1,M,46-47,,Casque,Oui,1,1,09 - septembre,1 - mardi,Arcueil
,201700052829,2017-09-19,75,9,75101,48.8608,2.3303,Intersection en T,Deux véhicules - par le coté,Plein jour,Pluie légère,Voie Communale,,,Plat,,,,mouillée,,Sur chaussée,Conducteur,1,F,53-54,,Casque,Non déterminable,1,1,09 - septembre,1 - mardi,Paris 1er Arrondissement
,201700055263,2017-09-19,75,8,75113,48.8327,2.36217,Intersection à plus de 4 branches,Autre,Plein jour,Pluie légère,Voie Communale,,2,Pente,Partie rectiligne,,62,mouillée,,Sur chaussée,Conducteur,0,F,27-28,Domicile - travail,Casque,Non déterminable,,1,09 - septembre,1 - mardi,Paris 13e  Arrondissement
,201700055848,2017-09-19,75,16,75115,48.8414,2.28721,Hors intersection,Deux véhicules - par le coté,Plein jour,Normale,Voie Communale,,2,Plat,Partie rectiligne,,50,normale,,Sur chaussée,Conducteur,1,F,26-27,,Casque,Non déterminable,1,1,09 - septembre,1 - mardi,Paris 15e  Arrondissement
,201700057073,2017-09-19,75,13,75118,48.8958,2.34339,Intersection à plus de 4 branches,Deux véhicules - par le coté,Plein jour,Normale,Voie Communale,,2,Plat,Partie rectiligne,,,mouillée,,Sur chaussée,Conducteur,1,F,26-27,Domicile - école,Casque,Oui,1,1,09 - septembre,1 - mardi,Paris 18e  Arrondissement
,201700057682,2017-09-19,75,8,75120,48.8535,2.41086,Hors intersection,Autre,Plein jour,Pluie légère,Voie Communale,,4,Plat,Partie rectiligne,10,100,mouillée,,Sur piste cyclable,Conducteur,0,F,26-27,Promenade - loisirs,Casque,Non déterminable,,1,09 - septembre,1 - mardi,Paris 20e  Arrondissement
,201700057683,2017-09-19,75,13,75120,48.8531,2.40594,Hors intersection,Deux véhicules - frontale,Plein jour,Normale,Voie Communale,,2,Pente,Partie rectiligne,,80,mouillée,,Sur chaussée,Conducteur,1,M,59-60,Domicile - travail,Casque,Non déterminable,1,1,09 - septembre,1 - mardi,Paris 20e  Arrondissement
,201700020391,2017-09-18,56,10,56062,47.69735,-3.34995,Intersection en X,Deux véhicules - par le coté,Plein jour,Normale,Voie Communale,Avec voies d’affectation variable,,Plat,Partie rectiligne,,,normale,,,Conducteur,2,M,91-92,Promenade - loisirs,Casque,Oui,1,1,09 - septembre,0 - lundi,Gâvres
,201700024915,2017-09-18,31,17,31555,43.62375,1.4369,Intersection en X,Deux véhicules - par le coté,Plein jour,Normale,Voie Communale,,1,Plat,Partie rectiligne,,,normale,,Sur chaussée,Conducteur,1,M,30-31,Domicile - travail,Autre,Non déterminable,1,1,09 - septembre,0 - lundi,Toulouse
,201700026027,2017-09-18,6,9,6161,43.63088,7.13489,Hors intersection,Deux véhicules - par le coté,Plein jour,Normale,Route Départementale,,2,Plat,Partie rectiligne,,,normale,,Sur chaussée,Conducteur,1,M,77-78,Promenade - loisirs,Casque,Oui,1,1,09 - septembre,0 - lundi,Villeneuve-Loubet
,201700026773,2017-09-18,35,6,35055,48.0994,-1.62074,Intersection en T,Autre,Nuit avec éclairage public allumé,Normale,Voie Communale,,2,Pente,Partie rectiligne,,,normale,,Sur chaussée,Conducteur,1,M,31-32,Promenade - loisirs,Casque,Non,1,1,09 - septembre,0 - lundi,Chantepie
,201700027392,2017-09-18,37,17,37261,47.39029,0.68958,Giratoire,Deux véhicules - par l’arrière,Plein jour,Normale,Voie Communale,,1,Plat,Partie rectiligne,,,normale,,Sur chaussée,Conducteur,1,M,44-45,Promenade - loisirs,Casque,Oui,1,1,09 - septembre,0 - lundi,Tours
,201700036410,2017-09-18,77,7,77296,48.62971,2.6125,Hors intersection,Deux véhicules - par l’arrière,Crépuscule ou aube,Normale,Voie Communale,,2,Plat,Partie rectiligne,,50,normale,,Sur chaussée,Conducteur,1,M,58-59,Domicile - travail,Equipement réfléchissant,Non,1,,09 - septembre,0 - lundi,Moissy-Cramayel
,201700037179,2017-09-18,83,7,83050,43.53065,6.50995,Hors intersection,Deux véhicules - par l’arrière,Plein jour,Normale,Voie Communale,,1,Pente,En courbe à gauche,,,normale,,Sur chaussée,Conducteur,2,F,25-26,Promenade - loisirs,Autre,Non,1,,09 - septembre,0 - lundi,Draguignan
,201700041406,2017-09-18,93,19,93001,48.91447,2.39193,Giratoire,Deux véhicules - par le coté,Crépuscule ou aube,Temps couvert,Voie Communale,,2,Plat,Partie rectiligne,20,60,normale,Carrefour aménagé,Sur chaussée,Conducteur,1,M,43-44,Domicile - travail,Autre,Non déterminable,1,1,09 - septembre,0 - lundi,Aubervilliers
,201700042569,2017-09-18,93,16,93048,0,0,Hors intersection,Deux véhicules - par le coté,Plein jour,Normale,Voie Communale,,,Plat,Partie rectiligne,,,mouillée,,Sur chaussée,Conducteur,1,M,27-28,,Casque,Non,1,1,09 - septembre,0 - lundi,Montreuil
,201700046131,2017-09-18,95,7,95585,48.9937,2.3779,Hors intersection,Deux véhicules - par le coté,Plein jour,Normale,Voie Communale,,2,Plat,Partie rectiligne,,,mouillée,,Sur chaussée,Conducteur,2,M,26-27,Domicile - travail,Casque,Oui,1,1,09 - septembre,0 - lundi,Sarcelles
,201700054502,2017-09-18,75,18,75111,48.8551,2.38712,Intersection en X,Deux véhicules - par le coté,Plein jour,Normale,Voie Communale,,1,Pente,Partie rectiligne,,60,normale,,Sur chaussée,Conducteur,1,M,30-31,,Casque,Non déterminable,1,1,09 - septembre,0 - lundi,Paris 11e  Arrondissement
,201700054879,2017-09-18,75,14,75112,48.8397,2.40886,Hors intersection,Autre,Plein jour,Normale,Voie Communale,,2,Plat,Partie rectiligne,,30,normale,,Sur piste cyclable,Conducteur,1,M,65-66,Promenade - loisirs,Casque,Non déterminable,,1,09 - septembre,0 - lundi,Paris 12e  Arrondissement
,201700056719,2017-09-18,75,20,75117,48.8942,2.32057,Intersection en X,Autre,Nuit sans éclairage public,Normale,Voie Communale,,2,Plat,Partie rectiligne,,80,normale,,Sur chaussée,Conducteur,1,M,40-41,Domicile - travail,Casque,Non déterminable,1,1,09 - septembre,0 - lundi,Paris 17e  Arrondissement
,201700057071,2017-09-18,75,,75118,48.8886,2.35457,Intersection en T,Deux véhicules - par le coté,Nuit avec éclairage public allumé,Normale,Voie Communale,,,,,,,,,Sur chaussée,Conducteur,1,M,29-30,Autre,Casque,Non déterminable,1,1,09 - septembre,0 - lundi,Paris 18e  Arrondissement
,201700060064,2017-09-18,973,6,97302,4.93711,-52.32501,Giratoire,Deux véhicules - par le coté,Plein jour,Normale,Voie Communale,,2,Plat,,,90,normale,Carrefour aménagé,Sur chaussée,Conducteur,1,M,50-51,Autre,Casque,Non,1,1,09 - septembre,0 - lundi,Cayenne
,201700000638,2017-09-17,22,8,22198,48.79341,-3.52159,Hors intersection,Deux véhicules - frontale,Plein jour,Normale,Voie Communale,,2,Plat,En « S »,,,normale,,Sur chaussée,Conducteur,3,M,79-80,Promenade - loisirs,Casque,Oui,1,1,09 - septembre,6 - dimanche,Pleumeur-Bodou
,201700015842,2017-09-17,84,18,84017,44.12491,5.26668,Hors intersection,Autre,Plein jour,Normale,Route Départementale,,2,Pente,Partie rectiligne,,,normale,,Sur accotement,Conducteur,2,M,27-28,Promenade - loisirs,Casque,Oui,,,09 - septembre,6 - dimanche,Bédoin
,201700027841,2017-09-17,41,22,41018,47.60277,1.32295,Hors intersection,Aucune,Nuit avec éclairage public non allumé,Normale,Voie Communale,,1,Plat,Partie rectiligne,,,,,Sur chaussée,Conducteur,1,M,23-24,Domicile - travail,Autre,Non,,1,09 - septembre,6 - dimanche,Blois
,201700030569,2017-09-17,54,18,54395,48.68911,6.16143,Intersection en T,Deux véhicules - par le coté,Plein jour,Normale,Voie Communale,,2,Plat,Partie rectiligne,,,normale,,,Conducteur,1,F,19-20,,Casque,Oui,1,1,09 - septembre,6 - dimanche,Nancy
,201700030745,2017-09-17,55,8,55545,49.158,5.3,Hors intersection,Aucune,Plein jour,Normale,Voie Communale,,2,Plat,Partie rectiligne,,,normale,,Sur chaussée,Conducteur,2,F,66-67,Promenade - loisirs,Casque,Non,1,1,09 - septembre,6 - dimanche,Verdun
,201700034236,2017-09-17,67,16,67482,48.5465,7.76819,Hors intersection,Deux véhicules - par le coté,Plein jour,Pluie légère,Voie Communale,,,Plat,Partie rectiligne,20,100,mouillée,,Sur chaussée,Conducteur,1,M,12-13,Promenade - loisirs,Autre,Non déterminable,1,1,09 - septembre,6 - dimanche,Strasbourg
,201700034237,2017-09-17,67,19,67482,48.60039,7.79131,Intersection en T,Deux véhicules - par le coté,Nuit avec éclairage public allumé,Normale,Voie Communale,,2,Plat,Partie rectiligne,,78,mouillée,,Sur chaussée,Conducteur,2,M,39-40,Promenade - loisirs,Autre,Non déterminable,1,1,09 - septembre,6 - dimanche,Strasbourg
,201700036781,2017-09-17,78,11,78358,48.95318,2.13891,Hors intersection,Deux véhicules - par le coté,Plein jour,Normale,Voie Communale,,1,Plat,Partie rectiligne,,65,normale,,Sur chaussée,Conducteur,1,F,51-52,Promenade - loisirs,Casque,,1,1,09 - septembre,6 - dimanche,Maisons-Laffitte
,201700043597,2017-09-17,94,9,94002,48.8146,2.41389,Intersection en X,Deux véhicules - par le coté,Plein jour,Pluie légère,Voie Communale,,,Plat,Partie rectiligne,,60,mouillée,,Sur chaussée,Conducteur,1,M,59-60,Promenade - loisirs,Casque,Non,1,1,09 - septembre,6 - dimanche,Alfortville
,201700053122,2017-09-17,75,19,75104,48.8552,2.3528,Intersection en T,Deux véhicules - par le coté,Plein jour,Temps couvert,Voie Communale,,3,Plat,Partie rectiligne,,,mouillée,,Sur chaussée,Conducteur,2,F,24-25,Autre,Casque,Non,1,1,09 - septembre,6 - dimanche,Paris 4e  Arrondissement
,201700054091,2017-09-17,75,14,75109,48.8756,2.32683,Place,Deux véhicules - par l’arrière,Plein jour,Normale,Voie Communale,,4,Plat,Partie rectiligne,,,normale,,Sur chaussée,Conducteur,1,M,48-49,Autre,Casque,Non,1,1,09 - septembre,6 - dimanche,Paris 9e  Arrondissement
,201700054500,2017-09-17,75,2,75111,48.86,2.37189,Hors intersection,Autre,Nuit avec éclairage public allumé,Normale,Voie Communale,,2,Plat,Partie rectiligne,,,mouillée,,Sur chaussée,Conducteur,1,M,29-30,,Casque,Non,1,1,09 - septembre,6 - dimanche,Paris 11e  Arrondissement
,201700054500,2017-09-17,75,2,75111,48.86,2.37189,Hors intersection,Autre,Nuit avec éclairage public allumé,Normale,Voie Communale,,2,Plat,Partie rectiligne,,,mouillée,,Sur chaussée,Passager,1,F,26-27,,Casque,Non,1,1,09 - septembre,6 - dimanche,Paris 11e  Arrondissement
,201700000719,2017-09-16,56,12,56046,47.66589,-3.02305,Giratoire,Deux véhicules - par le coté,Plein jour,Temps couvert,Route Départementale,,2,Plat,,,10,normale,Carrefour aménagé,Sur chaussée,Conducteur,2,M,40-41,Promenade - loisirs,Autre,Non déterminable,1,,09 - septembre,5 - samedi,Crach
,201700002282,2017-09-16,38,12,38382,45.24025,5.68282,Hors intersection,Deux véhicules - par l’arrière,Plein jour,Normale,Route Départementale,,2,Pente,Partie rectiligne,,,normale,,Sur chaussée,Conducteur,1,M,49-50,Promenade - loisirs,Casque,Oui,1,1,09 - septembre,5 - samedi,Saint-Égrève
,201700002930,2017-09-16,57,15,57316,49.09744,6.85144,Intersection en T,Deux véhicules - par le coté,Plein jour,Pluie légère,Route Départementale,,2,Pente,,7,20,normale,,,Conducteur,0,M,9-10,Promenade - loisirs,Autre,Non,1,1,09 - septembre,5 - samedi,Henriville
,201700002930,2017-09-16,57,15,57316,49.09744,6.85144,Intersection en T,Deux véhicules - par le coté,Plein jour,Pluie légère,Route Départementale,,2,Pente,,7,20,normale,,,Conducteur,1,F,62-63,Promenade - loisirs,Casque,Oui,1,1,09 - septembre,5 - samedi,Henriville
,201700007769,2017-09-16,6,18,6152,43.60491,7.06062,Intersection en Y,Deux véhicules - par le coté,Plein jour,Normale,Route Départementale,,4,Pente,,10,130,normale,,Sur chaussée,Conducteur,2,M,64-65,Promenade - loisirs,Casque,Oui,1,,09 - septembre,5 - samedi,Valbonne
,201700014448,2017-09-16,50,14,50523,49.3975,-1.30981,Hors intersection,Autre,Plein jour,Normale,Route Départementale,,2,Plat,Partie rectiligne,,,mouillée,,Sur chaussée,Conducteur,2,M,63-64,Promenade - loisirs,Casque,Oui,,,09 - septembre,5 - samedi,Sainte-Mère-Église
,201700017113,2017-09-16,39,16,39027,46.55306,5.49191,Hors intersection,Autre,Plein jour,Normale,Route Départementale,,2,Plat,Partie rectiligne,,46,normale,,Sur accotement,Conducteur,2,M,26-27,Autre,Casque,Oui,1,1,09 - septembre,5 - samedi,Augisey
,201700022384,2017-09-16,22,11,22113,48.75133,-3.48503,Hors intersection,Deux véhicules - par l’arrière,Plein jour,Temps couvert,Voie Communale,,2,Plat,Partie rectiligne,,,mouillée,,Sur chaussée,Conducteur,2,M,76-77,Promenade - loisirs,Casque,Oui,1,,09 - septembre,5 - samedi,Lannion
,201700029422,2017-09-16,49,17,49007,47.45779,-0.54439,Giratoire,Autre,Plein jour,Normale,Voie Communale,,2,Plat,Partie rectiligne,,,normale,,Sur chaussée,Conducteur,1,M,16-17,Promenade - loisirs,Casque,Non déterminable,1,1,09 - septembre,5 - samedi,Angers
,201700029624,2017-09-16,49,11,49328,47.2658,-0.06718,Hors intersection,Autre,Plein jour,Normale,Route Départementale,,2,Plat,Partie rectiligne,,,normale,,Sur chaussée,Conducteur,1,M,78-79,Promenade - loisirs,Casque,Non déterminable,1,1,09 - septembre,5 - samedi,Saumur
,201700034415,2017-09-16,68,16,68066,48.07784,7.33248,Hors intersection,Deux véhicules - par le coté,Plein jour,Normale,Voie Communale,,2,Plat,Partie rectiligne,,110,normale,,Sur chaussée,Conducteur,1,M,34-35,Promenade - loisirs,Autre,Non déterminable,1,1,09 - septembre,5 - samedi,Colmar
,201700050264,2017-09-16,69,15,69382,45.76639,4.83863,Hors intersection,Deux véhicules - par le coté,Plein jour,Normale,Route Départementale,,,Plat,,,,normale,Zone piétonne,Sur trottoir,Conducteur,1,F,28-29,Promenade - loisirs,Casque,Non déterminable,1,1,09 - septembre,5 - samedi,Lyon 2e  Arrondissement
,201700053121,2017-09-16,75,11,75104,48.8618,2.35086,Intersection en X,Autre,Plein jour,Normale,Voie Communale,,1,Plat,Partie rectiligne,,,normale,,Sur chaussée,Conducteur,1,M,35-36,Domicile - travail,Casque,Non,,1,09 - septembre,5 - samedi,Paris 4e  Arrondissement
,201700057070,2017-09-16,75,17,75118,48.8915,2.3517,Intersection en T,Deux véhicules - par l’arrière,Plein jour,Temps couvert,Voie Communale,,2,Plat,Partie rectiligne,,,normale,,Sur chaussée,Conducteur,1,F,40-41,,Casque,Non,1,1,09 - septembre,5 - samedi,Paris 18e  Arrondissement
,201700018777,2017-09-15,71,19,71241,46.78001,4.69039,Intersection en T,Deux véhicules - par l’arrière,Plein jour,Normale,Route Départementale,,2,Pente,,3,510,normale,,,Conducteur,3,F,59-60,Promenade - loisirs,Casque,Non,1,,09 - septembre,4 - vendredi,Jambles
,201700018777,2017-09-15,71,19,71241,46.78001,4.69039,Intersection en T,Deux véhicules - par l’arrière,Plein jour,Normale,Route Départementale,,2,Pente,,3,510,normale,,,Conducteur,1,M,16-17,Promenade - loisirs,Casque,Oui,1,,09 - septembre,4 - vendredi,Jambles
,201700019603,2017-09-15,80,13,80172,49.91886,2.77026,Hors intersection,Deux véhicules - par le coté,Plein jour,Pluie légère,Route Départementale,,2,Plat,Partie rectiligne,,62,mouillée,Voie ferrée,Sur chaussée,Conducteur,2,M,64-65,Promenade - loisirs,Casque,Oui,1,,09 - septembre,4 - vendredi,Cappy
,201700026768,2017-09-15,35,17,35238,48.09104,-1.66509,Intersection en Y,Deux véhicules - par le coté,Plein jour,Normale,Voie Communale,,1,Plat,Partie rectiligne,,,normale,,Sur chaussée,Conducteur,1,M,10-11,Promenade - loisirs,Casque,Non,1,1,09 - septembre,4 - vendredi,Rennes
,201700029423,2017-09-15,49,19,49007,47.46965,-0.54396,Hors intersection,Aucune,Plein jour,Normale,Voie Communale,,2,Plat,Partie rectiligne,,,normale,,Sur chaussée,Conducteur,1,F,38-39,Promenade - loisirs,Casque,Non déterminable,,1,09 - septembre,4 - vendredi,Angers
,201700031263,2017-09-15,57,11,57630,48.74721,7.06384,Hors intersection,Deux véhicules - par l’arrière,Plein jour,Normale,Voie Communale,,2,Plat,Partie rectiligne,,,normale,,Sur chaussée,Conducteur,2,M,44-45,Promenade - loisirs,Casque,Oui,1,1,09 - septembre,4 - vendredi,Sarrebourg
,201700034230,2017-09-15,67,6,67482,48.56892,7.76513,Hors intersection,Deux véhicules - frontale,Nuit avec éclairage public allumé,Normale,Voie Communale,,1,Plat,Partie rectiligne,,,normale,,Sur piste cyclable,Conducteur,0,M,21-22,,Casque,Non,1,1,09 - septembre,4 - vendredi,Strasbourg
,201700034230,2017-09-15,67,6,67482,48.56892,7.76513,Hors intersection,Deux véhicules - frontale,Nuit avec éclairage public allumé,Normale,Voie Communale,,1,Plat,Partie rectiligne,,,normale,,Sur piste cyclable,Conducteur,1,F,49-50,,Casque,Non,1,1,09 - septembre,4 - vendredi,Strasbourg
,201700034232,2017-09-15,67,14,67447,48.5022,7.73835,Hors intersection,Deux véhicules - par l’arrière,Plein jour,Pluie forte,Voie Communale,,2,Plat,Partie rectiligne,,87,mouillée,,Sur chaussée,Conducteur,2,M,13-14,Autre,Autre,Oui,1,1,09 - septembre,4 - vendredi,Schiltigheim
,201700034388,2017-09-15,91,18,91340,48.60136,2.44118,Intersection en T,Deux véhicules - frontale,Plein jour,Normale,Route Départementale,,3,Plat,,,15,normale,,Sur chaussée,Conducteur,2,M,14-15,Promenade - loisirs,Autre,Non,1,1,09 - septembre,4 - vendredi,Lisses