test,identifiantAccident,date,departement,heure,commune,lat,lon,typeIntersection,typeCollision,luminosite,conditionsAtmosperiques,typeRoute,circulation,nbVoies,profilLongRoute,tracePlanRoute,largeurTPC,largeurRoute,etatSurface,amenagement,situation,categorieUsager,graviteAccident,sexe,age,motifDeplacement,existenceSecurite,usageSecurite,nombreAutresVehicules,enAgglomeration,mois,jour,NCCENR
,201700035242,2017-09-15,12,14,12300,44.3611,2.05158,Hors intersection,Deux véhicules - par l’arrière,Plein jour,Normale,Route Départementale,,2,Plat,Partie rectiligne,,,normale,,Sur chaussée,Conducteur,1,M,70-71,Promenade - loisirs,Casque,Non déterminable,1,,09 - septembre,4 - vendredi,Villefranche-de-Rouergue
,201700035314,2017-09-15,72,12,72181,48.01824,0.18092,Intersection en X,Deux véhicules - par le coté,Plein jour,Normale,Voie Communale,,2,Plat,Partie rectiligne,,,normale,,,Conducteur,1,M,49-50,,Autre,Non déterminable,1,1,09 - septembre,4 - vendredi,Mans
,201700037034,2017-09-15,80,2,80021,49.89027,2.29093,Hors intersection,Deux véhicules - par l’arrière,Nuit avec éclairage public allumé,Pluie légère,Voie Communale,,6,Plat,Partie rectiligne,,,mouillée,,Sur chaussée,Conducteur,3,M,20-21,Promenade - loisirs,Autre,Non,1,1,09 - septembre,4 - vendredi,Amiens
,201700044761,2017-09-15,94,9,94021,0,0,Hors intersection,Aucune,Plein jour,Normale,Route Départementale,,3,Plat,Partie rectiligne,,,normale,,Sur chaussée,Conducteur,1,M,28-29,Domicile - travail,Autre,Non déterminable,,1,09 - septembre,4 - vendredi,Chevilly-Larue
,201700051028,2017-09-15,69,14,69386,45.76911,4.84602,Hors intersection,Autre,Plein jour,Normale,Voie Communale,,1,Plat,Partie rectiligne,,,normale,,Sur chaussée,Conducteur,0,M,16-17,Promenade - loisirs,Casque,Non,,1,09 - septembre,4 - vendredi,Lyon 6e  Arrondissement
,201700056715,2017-09-15,75,23,75117,48.8846,2.30616,Hors intersection,Aucune,Nuit avec éclairage public allumé,Normale,Voie Communale,,2,Plat,Partie rectiligne,,,normale,,Sur chaussée,Conducteur,1,M,36-37,,Casque,Non déterminable,,1,09 - septembre,4 - vendredi,Paris 17e  Arrondissement
,201700057397,2017-09-15,75,20,75119,48.8739,2.38529,Intersection à plus de 4 branches,Autre,Nuit avec éclairage public allumé,Normale,Voie Communale,,2,Pente,Partie rectiligne,,,normale,,Sur chaussée,Conducteur,1,M,26-27,Promenade - loisirs,Casque,Non déterminable,1,1,09 - septembre,4 - vendredi,Paris 19e  Arrondissement
,201700058968,2017-09-15,974,14,97415,-21.00808,55.27485,Intersection en X,Deux véhicules - par le coté,Plein jour,Normale,Voie Communale,,2,Plat,,6,710,normale,,,Conducteur,2,M,14-15,Promenade - loisirs,Casque,Non,1,1,09 - septembre,4 - vendredi,Saint-Paul
,201700001928,2017-09-14,69,18,69057,45.76961,4.59785,Hors intersection,Autre,Plein jour,Normale,Route Départementale,,2,Pente,En « S »,,,autre,,Sur chaussée,Conducteur,3,M,62-63,,Casque,Oui,1,,09 - septembre,3 - jeudi,Chevinay
,201700007789,2017-09-14,34,10,34255,43.68348,3.79545,Hors intersection,Deux véhicules - par le coté,Plein jour,Normale,Route Départementale,,2,Plat,Partie rectiligne,,50,normale,,Sur chaussée,Conducteur,3,M,67-68,Promenade - loisirs,Casque,Oui,1,,09 - septembre,3 - jeudi,Saint-Gély-du-Fesc
,201700008598,2017-09-14,13,17,13001,0,0,Autre intersection,Deux véhicules - par l’arrière,Plein jour,Normale,Route Départementale,,2,Plat,Partie rectiligne,,60,normale,,Sur chaussée,Conducteur,2,M,69-70,Promenade - loisirs,Casque,Oui,1,,09 - septembre,3 - jeudi,Aix-en-Provence
,201700019684,2017-09-14,2B,9,2B291,42.37196,9.37319,Hors intersection,Autre,Plein jour,Normale,Route Départementale,,2,Pente,En courbe à droite,,50,normale,,Sur chaussée,Conducteur,2,M,69-70,Promenade - loisirs,Casque,Oui,1,,09 - septembre,3 - jeudi,Stazzona
,201700019684,2017-09-14,2B,9,2B291,42.37196,9.37319,Hors intersection,Autre,Plein jour,Normale,Route Départementale,,2,Pente,En courbe à droite,,50,normale,,Sur chaussée,Conducteur,3,M,55-56,Promenade - loisirs,Casque,Oui,1,,09 - septembre,3 - jeudi,Stazzona
,201700023786,2017-09-14,29,17,29039,47.88082,-3.93128,Hors intersection,Deux véhicules - par le coté,Plein jour,Normale,Voie Communale,,2,Pente,Partie rectiligne,,70,normale,,Sur piste cyclable,Conducteur,1,M,44-45,Promenade - loisirs,Casque,Non,1,1,09 - septembre,3 - jeudi,Concarneau
,201700024209,2017-09-14,30,18,30189,43.83886,4.36891,Intersection en T,Deux véhicules - par le coté,Plein jour,Normale,Voie Communale,,2,Plat,Partie rectiligne,,60,normale,,Sur chaussée,Conducteur,1,F,60-61,Utilisation professionnelle,Casque,Non,1,1,09 - septembre,3 - jeudi,Nîmes
,201700027006,2017-09-14,36,9,36044,46.8086,1.70527,Intersection en X,Deux véhicules - par l’arrière,Plein jour,Normale,Voie Communale,,4,Plat,Partie rectiligne,30,100,normale,,Sur chaussée,Conducteur,1,M,28-29,Promenade - loisirs,Casque,Oui,1,1,09 - septembre,3 - jeudi,Châteauroux
,201700027840,2017-09-14,41,15,41018,47.58235,1.32364,Hors intersection,Deux véhicules - par le coté,Plein jour,Normale,Voie Communale,,2,Plat,En courbe à droite,,,normale,,Sur chaussée,Conducteur,1,M,70-71,Promenade - loisirs,Autre,Oui,1,1,09 - septembre,3 - jeudi,Blois
,201700030083,2017-09-14,51,13,51454,49.2341,4.00723,Hors intersection,Deux véhicules - frontale,Plein jour,Temps couvert,Autre,,,Plat,Partie rectiligne,,40,normale,,,Conducteur,2,M,35-36,,Casque,Non,1,1,09 - septembre,3 - jeudi,Reims
,201700034830,2017-09-14,69,7,69290,45.69809,4.92558,Intersection en T,Deux véhicules - par le coté,Crépuscule ou aube,Temps éblouissant,Voie Communale,,2,Plat,Partie rectiligne,,30,normale,Carrefour aménagé,Sur chaussée,Conducteur,1,M,14-15,Domicile - école,Casque,Non déterminable,1,1,09 - septembre,3 - jeudi,Saint-Priest
,201700034831,2017-09-14,69,17,69266,45.77278,4.86632,Hors intersection,Deux véhicules - par le coté,Plein jour,Normale,Voie Communale,,2,Plat,Partie rectiligne,,,normale,,Sur chaussée,Conducteur,2,F,21-22,Domicile - travail,Casque,Non,1,1,09 - septembre,3 - jeudi,Villeurbanne
,201700049459,2017-09-14,91,20,91549,48.62586,2.3382,Hors intersection,Deux véhicules - par le coté,Nuit sans éclairage public,Pluie légère,Route Nationale,,1,Sommet de côte,Partie rectiligne,15,35,normale,,Sur chaussée,Conducteur,1,M,11-12,Autre,Casque,Oui,1,,09 - septembre,3 - jeudi,Sainte-Geneviève-des-Bois
,201700050258,2017-09-14,69,11,69382,45.75055,4.8319,Intersection en X,Deux véhicules - par le coté,Plein jour,Pluie légère,Voie Communale,,1,Plat,Partie rectiligne,,116,mouillée,,Sur chaussée,Conducteur,1,F,21-22,Promenade - loisirs,Casque,Non,1,1,09 - septembre,3 - jeudi,Lyon 2e  Arrondissement
,201700057069,2017-09-14,75,13,75118,48.8987,2.37027,Intersection en X,Autre,Plein jour,Normale,Voie Communale,,4,Plat,Partie rectiligne,10,80,normale,,Sur chaussée,Conducteur,1,M,45-46,Utilisation professionnelle,Casque,Oui,1,1,09 - septembre,3 - jeudi,Paris 18e  Arrondissement
,201700011786,2017-09-13,30,18,30160,44.00569,4.1318,Intersection en X,Deux véhicules - par le coté,Crépuscule ou aube,Temps éblouissant,Route Départementale,,2,Plat,,5,610,normale,,,Conducteur,2,M,47-48,Promenade - loisirs,Casque,Oui,1,1,09 - septembre,2 - mercredi,Maruéjols-lès-Gardon
,201700014636,2017-09-13,14,16,14300,49.20178,-0.00872,Hors intersection,Deux véhicules - par le coté,Plein jour,Pluie légère,Route Départementale,,2,Pente,Partie rectiligne,,51,mouillée,,Sur chaussée,Conducteur,1,M,13-14,Promenade - loisirs,Casque,Non,1,,09 - septembre,2 - mercredi,Gerrots
,201700019759,2017-09-13,31,7,31150,43.6451,1.33475,Intersection en X,Deux véhicules - par le coté,Crépuscule ou aube,Normale,Route Départementale,,2,Pente,,7,10,normale,,Sur chaussée,Conducteur,2,M,43-44,Domicile - travail,Autre,Non déterminable,1,1,09 - septembre,2 - mercredi,Cornebarrieu
,201700020255,2017-09-13,56,9,56003,47.62639,-2.82914,Giratoire,Deux véhicules - frontale,Plein jour,Pluie légère,Route Départementale,,2,Plat,,6,20,normale,Carrefour aménagé,Sur chaussée,Conducteur,2,F,48-49,Promenade - loisirs,Equipement réfléchissant,Non,1,1,09 - septembre,2 - mercredi,Arradon
,201700021037,2017-09-13,66,13,66189,42.65845,2.95399,Autre intersection,Deux véhicules - par le coté,Plein jour,Normale,Voie Communale,,2,Plat,,,15,normale,,,Conducteur,2,M,65-66,Promenade - loisirs,Casque,Oui,1,1,09 - septembre,2 - mercredi,Saleilles
,201700024898,2017-09-13,31,8,31557,43.5945,1.31828,Hors intersection,Deux véhicules - frontale,Plein jour,Normale,Voie Communale,,1,Plat,Partie rectiligne,,,normale,,Sur chaussée,Conducteur,1,M,48-49,Utilisation professionnelle,Casque,Oui,1,1,09 - septembre,2 - mercredi,Tournefeuille
,201700024900,2017-09-13,31,4,31149,43.60466,1.30726,Intersection en T,Deux véhicules - par le coté,Nuit avec éclairage public allumé,Normale,Route Départementale,,2,Plat,Partie rectiligne,,,normale,,Sur chaussée,Conducteur,1,M,32-33,,Equipement réfléchissant,Oui,1,1,09 - septembre,2 - mercredi,Colomiers
,201700029416,2017-09-13,49,19,49007,47.47195,-0.56688,Giratoire,Autre,Plein jour,Pluie légère,Voie Communale,,1,Plat,Partie rectiligne,,110,mouillée,,Sur chaussée,Conducteur,1,F,50-51,Promenade - loisirs,Casque,Non déterminable,1,1,09 - septembre,2 - mercredi,Angers
,201700031636,2017-09-13,59,12,59185,50.33663,3.209,Hors intersection,Deux véhicules - par le coté,Plein jour,Normale,Voie Communale,,2,Plat,Partie rectiligne,,50,normale,,Sur chaussée,Conducteur,1,M,13-14,Domicile - école,Autre,Non,1,1,09 - septembre,2 - mercredi,Écaillon
,201700033259,2017-09-13,64,11,64445,43.31817,-0.35637,Hors intersection,Deux véhicules - par le coté,Plein jour,Normale,Voie Communale,,2,Plat,,,,normale,,Sur chaussée,Conducteur,1,F,60-61,,Autre,Non déterminable,1,1,09 - septembre,2 - mercredi,Pau
,201700034581,2017-09-13,69,17,69091,45.58918,4.771,Autre intersection,Deux véhicules - par le coté,Plein jour,Normale,Route Départementale,,1,Pente,Partie rectiligne,,,normale,Carrefour aménagé,Sur trottoir,Conducteur,2,M,17-18,Autre,Casque,Oui,1,1,09 - septembre,2 - mercredi,Givors
,201700035401,2017-09-13,73,12,73011,45.66637,6.39074,Hors intersection,Autre,Plein jour,Normale,Voie Communale,,2,Plat,Partie rectiligne,,,normale,Souterrain - tunnel,Sur piste cyclable,Conducteur,0,M,17-18,Autre,Casque,Non déterminable,,1,09 - septembre,2 - mercredi,Albertville
,201700035401,2017-09-13,73,12,73011,45.66637,6.39074,Hors intersection,Autre,Plein jour,Normale,Voie Communale,,2,Plat,Partie rectiligne,,,normale,Souterrain - tunnel,Sur piste cyclable,Piéton,1,F,32-33,Promenade - loisirs,,,,1,09 - septembre,2 - mercredi,Albertville
,201700037392,2017-09-13,83,19,83126,43.10933,5.85028,Hors intersection,Deux véhicules - par le coté,Plein jour,Normale,Route Départementale,,1,Plat,En courbe à droite,125,42,normale,,Sur chaussée,Conducteur,2,M,70-71,Promenade - loisirs,Autre,Oui,1,1,09 - septembre,2 - mercredi,Seyne-sur-Mer
,201700040224,2017-09-13,92,14,92036,48,2.2,Intersection en T,Deux véhicules - par le coté,Plein jour,Pluie forte,Voie Communale,,2,Plat,Partie rectiligne,,70,mouillée,,Sur chaussée,Conducteur,1,M,21-22,Domicile - travail,Casque,Non,1,1,09 - septembre,2 - mercredi,Gennevilliers
,201700013997,2017-09-12,45,15,45019,47.88461,1.62366,Hors intersection,Aucune,Plein jour,Normale,Voie Communale,,2,Plat,Partie rectiligne,,,normale,,Sur chaussée,Conducteur,2,M,67-68,Promenade - loisirs,Casque,Oui,,,09 - septembre,1 - mardi,Baccon
,201700024896,2017-09-12,31,7,31555,43.55765,1.40172,Hors intersection,Autre,Plein jour,Normale,Route Départementale,,2,Plat,Partie rectiligne,,,normale,,Sur chaussée,Conducteur,1,M,39-40,,Casque,Non déterminable,1,1,09 - septembre,1 - mardi,Toulouse
,201700027381,2017-09-12,37,16,37261,47.38493,0.69607,Intersection en T,Deux véhicules - par le coté,Plein jour,Normale,Voie Communale,,1,Plat,Partie rectiligne,,,normale,,Sur chaussée,Conducteur,1,M,14-15,Promenade - loisirs,Casque,Non,1,1,09 - septembre,1 - mardi,Tours
,201700028468,2017-09-12,44,11,44190,47.19612,-1.52362,Hors intersection,Aucune,Plein jour,Normale,Voie Communale,,2,Plat,Partie rectiligne,,,normale,,Sur chaussée,Conducteur,1,F,31-32,,Casque,Non déterminable,1,1,09 - septembre,1 - mardi,Saint-Sébastien-sur-Loire
,201700028933,2017-09-12,45,19,45234,47.908,1.90815,Hors intersection,Deux véhicules - par le coté,Plein jour,Normale,Voie Communale,,2,Plat,Partie rectiligne,,70,normale,,Sur chaussée,Conducteur,2,F,31-32,Domicile - travail,Autre,Oui,1,1,09 - septembre,1 - mardi,Orléans
,201700030081,2017-09-12,51,12,51454,49.25945,4.06306,Intersection en X,Deux véhicules - par le coté,Plein jour,Normale,Voie Communale,,1,Pente,Partie rectiligne,,,normale,Carrefour aménagé,Sur chaussée,Conducteur,2,M,31-32,,Autre,Non,1,1,09 - septembre,1 - mardi,Reims
,201700035313,2017-09-12,72,19,72181,48.00714,0.19761,Hors intersection,Deux véhicules - par le coté,Crépuscule ou aube,Normale,Voie Communale,,2,Plat,Partie rectiligne,,,normale,,Sur piste cyclable,Conducteur,2,M,18-19,,Autre,Non déterminable,1,1,09 - septembre,1 - mardi,Mans
,201700036834,2017-09-12,78,11,78646,48.80667,2.15561,Intersection en X,Deux véhicules - par le coté,Plein jour,Normale,Voie Communale,,2,Plat,Partie rectiligne,,,normale,Carrefour aménagé,Sur chaussée,Conducteur,2,M,12-13,,Autre,Non déterminable,1,1,09 - septembre,1 - mardi,Versailles
,201700041113,2017-09-12,92,19,92077,48.827,2.18739,Hors intersection,Deux véhicules - frontale,Crépuscule ou aube,Normale,Hors réseau public,,1,Pente,Partie rectiligne,,50,normale,,Sur chaussée,Conducteur,1,M,44-45,Promenade - loisirs,Casque,Non déterminable,1,1,09 - septembre,1 - mardi,'Ville-d''Avray'
,201700051026,2017-09-12,69,7,69276,45.67553,4.86937,Intersection en T,Deux véhicules - par le coté,Nuit avec éclairage public allumé,Normale,Voie Communale,,1,Plat,Partie rectiligne,,,normale,,Sur chaussée,Conducteur,1,M,11-12,Domicile - école,Casque,Non,1,1,09 - septembre,1 - mardi,Feyzin
,201700054266,2017-09-12,75,9,75110,48.878,2.35211,Place,Autre,Plein jour,Normale,Voie Communale,,3,Pente,Partie rectiligne,,90,normale,,Sur chaussée,Conducteur,0,M,38-39,Autre,Casque,Non déterminable,,1,09 - septembre,1 - mardi,Paris 10e  Arrondissement
,201700054267,2017-09-12,75,22,75110,48.8809,2.3678,Hors intersection,Autre,Nuit avec éclairage public allumé,Normale,Voie Communale,,1,Plat,Partie rectiligne,,30,mouillée,,Sur piste cyclable,Conducteur,0,M,17-18,,Casque,Non déterminable,,1,09 - septembre,1 - mardi,Paris 10e  Arrondissement
,201700057979,2017-09-12,75,17,75116,48.8384,2.25701,Place,Deux véhicules - par l’arrière,Plein jour,Normale,Voie Communale,,1,Plat,En courbe à gauche,,281,normale,Carrefour aménagé,Sur chaussée,Conducteur,1,M,22-23,Utilisation professionnelle,Casque,Oui,1,1,09 - septembre,1 - mardi,Paris 16e  Arrondissement
,201700004465,2017-09-11,34,8,34299,43.26949,3.28438,Giratoire,Deux véhicules - par l’arrière,Plein jour,Normale,Route Départementale,,2,Plat,,,15,normale,,,Conducteur,2,M,73-74,Promenade - loisirs,Casque,Oui,1,1,09 - septembre,0 - lundi,Sérignan
,201700024208,2017-09-11,30,19,30189,43.82231,4.36232,Intersection en T,Deux véhicules - par le coté,Plein jour,Normale,Voie Communale,,3,Plat,Partie rectiligne,,,normale,,Sur chaussée,Conducteur,1,M,52-53,,Casque,Non,1,1,09 - septembre,0 - lundi,Nîmes
,201700024892,2017-09-11,31,8,31555,43.64167,1.44892,Hors intersection,Deux véhicules - par le coté,Plein jour,Normale,Route Départementale,,5,Plat,En courbe à droite,,,normale,,Sur chaussée,Conducteur,1,M,33-34,,Autre,Non déterminable,1,1,09 - septembre,0 - lundi,Toulouse
,201700029413,2017-09-11,49,17,49353,47.44081,-0.49854,Giratoire,Deux véhicules - par le coté,Plein jour,Normale,Voie Communale,,2,Plat,Partie rectiligne,,60,normale,,Sur chaussée,Conducteur,1,M,14-15,Domicile - école,Casque,Non déterminable,1,1,09 - septembre,0 - lundi,Trélazé
,201700036697,2017-09-11,78,11,78638,49.0191,1.9819,Hors intersection,Deux véhicules - par le coté,Plein jour,Normale,Route Départementale,,2,Plat,Partie rectiligne,,70,mouillée,,Sur chaussée,Conducteur,2,M,67-68,Promenade - loisirs,Casque,Oui,1,,09 - septembre,0 - lundi,Vaux-sur-Seine
,201700039539,2017-09-11,92,18,92012,48.83158,2.22525,Hors intersection,Deux véhicules - par le coté,Plein jour,Normale,Route Départementale,,1,Plat,Partie rectiligne,,,normale,,Sur piste cyclable,Conducteur,1,M,43-44,Domicile - travail,Autre,Non déterminable,1,1,09 - septembre,0 - lundi,Boulogne-Billancourt
,201700042350,2017-09-11,93,22,93006,0,0,Intersection en X,Deux véhicules - frontale,Nuit avec éclairage public allumé,Pluie légère,Route Départementale,,2,Plat,Partie rectiligne,,,mouillée,Carrefour aménagé,Sur chaussée,Conducteur,1,M,20-21,,Autre,Non,1,1,09 - septembre,0 - lundi,Bagnolet
,201700055552,2017-09-11,75,18,75114,48.833,2.33597,Intersection à plus de 4 branches,Autre,Plein jour,Normale,Voie Communale,,2,Plat,Partie rectiligne,,80,normale,,Sur chaussée,Conducteur,1,F,55-56,Domicile - travail,Casque,Oui,,1,09 - septembre,0 - lundi,Paris 14e  Arrondissement
,201700000197,2017-09-10,62,9,62201,50.56414,1.61329,Hors intersection,Autre,Plein jour,Normale,Voie Communale,,2,Plat,Partie rectiligne,,,normale,,Sur chaussée,Conducteur,2,M,65-66,Promenade - loisirs,Casque,Oui,,1,09 - septembre,6 - dimanche,Camiers
,201700001739,2017-09-10,65,10,65059,43.05914,0.14759,Hors intersection,Aucune,Plein jour,Normale,Voie Communale,,2,Plat,Partie rectiligne,,,mouillée,,Sur chaussée,Conducteur,1,M,12-13,Promenade - loisirs,Casque,Non,,1,09 - septembre,6 - dimanche,Bagnères-de-Bigorre
,201700004715,2017-09-10,2B,2,2B298,42.67831,9.31021,Hors intersection,Deux véhicules - par l’arrière,Nuit sans éclairage public,Pluie légère,Route Départementale,,2,Plat,Partie rectiligne,,55,mouillée,,Sur chaussée,Conducteur,2,M,48-49,Promenade - loisirs,Autre,Non déterminable,1,1,09 - septembre,6 - dimanche,Saint-Florent
,201700017796,2017-09-10,47,9,47328,44.4316,0.90615,Hors intersection,Deux véhicules - frontale,Plein jour,Temps couvert,Route Départementale,,2,Bas de côte,En « S »,,,mouillée,Pont - autopont,Sur chaussée,Conducteur,2,M,51-52,Promenade - loisirs,Casque,Oui,1,,09 - septembre,6 - dimanche,Saint-Georges
,201700017796,2017-09-10,47,9,47328,44.4316,0.90615,Hors intersection,Deux véhicules - frontale,Plein jour,Temps couvert,Route Départementale,,2,Bas de côte,En « S »,,,mouillée,Pont - autopont,Sur chaussée,Conducteur,2,M,56-57,Promenade - loisirs,Casque,Oui,1,,09 - septembre,6 - dimanche,Saint-Georges
,201700024368,2017-09-10,27,11,27230,48.86908,1.4205,Hors intersection,Deux véhicules - par le coté,Plein jour,Normale,Autre,,2,Sommet de côte,,,35,normale,,Sur chaussée,Conducteur,3,M,78-79,Promenade - loisirs,Casque,Oui,1,,09 - septembre,6 - dimanche,Ézy-sur-Eure
,201700040564,2017-09-10,92,21,92049,48.81903,2.32296,Hors intersection,Autre,Nuit avec éclairage public allumé,Normale,Route Départementale,,2,Plat,Partie rectiligne,,,normale,,Sur chaussée,Conducteur,1,M,22-23,Promenade - loisirs,Autre,Non déterminable,1,1,09 - septembre,6 - dimanche,Montrouge
,201700041400,2017-09-10,93,17,93001,0,0,Hors intersection,Trois véhicules et plus - collisions multiples,Plein jour,Normale,Voie Communale,,2,Plat,Partie rectiligne,,120,normale,,Sur chaussée,Conducteur,1,M,37-38,,Autre,Non,2,1,09 - septembre,6 - dimanche,Aubervilliers
,201700054497,2017-09-10,75,3,75104,48.8529,2.36834,Place,Deux véhicules - par le coté,Nuit avec éclairage public allumé,Pluie légère,Voie Communale,,,,,,,,,,Conducteur,1,M,24-25,,Casque,Non déterminable,1,1,09 - septembre,6 - dimanche,Paris 4e  Arrondissement
,201700057976,2017-09-10,75,20,75106,48.846,2.31811,Hors intersection,Autre,Nuit avec éclairage public allumé,Normale,Voie Communale,,2,Bas de côte,Partie rectiligne,10,187,normale,,Sur chaussée,Conducteur,0,M,45-46,Utilisation professionnelle,Casque,Oui,,1,09 - septembre,6 - dimanche,Paris 6e  Arrondissement
,201700002247,2017-09-09,26,9,26038,0,0,Hors intersection,Deux véhicules - par le coté,Plein jour,Pluie légère,Route Départementale,,2,Plat,,,,mouillée,,Sur chaussée,Conducteur,0,F,30-31,Promenade - loisirs,Casque,Non,1,,09 - septembre,5 - samedi,Beaumont-Monteux
,201700020505,2017-09-09,19,16,19194,45.331,1.68716,Hors intersection,Deux véhicules - par le coté,Plein jour,Normale,Route Départementale,,2,Pente,Partie rectiligne,,,mouillée,,Sur chaussée,Conducteur,2,M,16-17,Promenade - loisirs,Casque,Oui,1,,09 - septembre,5 - samedi,Saint-Clément
,201700027371,2017-09-09,37,18,37122,47.35074,0.67775,Giratoire,Deux véhicules - par le coté,Plein jour,Pluie légère,Voie Communale,,1,Plat,En courbe à gauche,,40,mouillée,Carrefour aménagé,Sur chaussée,Conducteur,1,M,21-22,,Autre,Non déterminable,1,1,09 - septembre,5 - samedi,Joué-lès-Tours
,201700029411,2017-09-09,49,9,49007,47.45403,-0.55345,Hors intersection,Aucune,Plein jour,Normale,Voie Communale,,2,Plat,Partie rectiligne,,80,normale,,Sur chaussée,Conducteur,1,M,54-55,Promenade - loisirs,Casque,Non déterminable,,1,09 - septembre,5 - samedi,Angers
,201700030076,2017-09-09,51,12,51454,49.26495,4.03944,Hors intersection,Deux véhicules - par le coté,Plein jour,Pluie légère,Voie Communale,,3,Plat,Partie rectiligne,,90,mouillée,,Sur chaussée,Conducteur,1,M,10-11,Promenade - loisirs,Casque,Non,1,1,09 - septembre,5 - samedi,Reims
,201700030908,2017-09-09,56,16,56098,47.77096,-3.34594,Intersection en T,Deux véhicules - par le coté,Plein jour,Normale,Voie Communale,,2,Bas de côte,Partie rectiligne,,,,,,Conducteur,1,M,15-16,Promenade - loisirs,Casque,Oui,1,1,09 - septembre,5 - samedi,Lanester
,201700035913,2017-09-09,76,20,76351,49.49301,0.12148,Intersection en X,Deux véhicules - par le coté,Nuit avec éclairage public allumé,Pluie légère,Voie Communale,,1,Plat,Partie rectiligne,,70,mouillée,,Sur chaussée,Conducteur,1,F,22-23,Promenade - loisirs,Autre,Non déterminable,1,1,09 - septembre,5 - samedi,Havre
,201700053860,2017-09-09,75,15,75108,48.8749,2.31846,Intersection en X,Deux véhicules - par l’arrière,Plein jour,Temps couvert,Voie Communale,,3,Pente,Partie rectiligne,,120,mouillée,,Sur chaussée,Conducteur,1,M,23-24,Promenade - loisirs,Casque,Non déterminable,1,1,09 - septembre,5 - samedi,Paris 8e  Arrondissement
,201700002869,2017-09-08,3,17,3190,46.56114,3.32679,Hors intersection,Deux véhicules - par le coté,Plein jour,Normale,Voie Communale,,4,Plat,Partie rectiligne,,41,normale,,Sur chaussée,Conducteur,3,F,45-46,Autre,Casque,Non,1,1,09 - septembre,4 - vendredi,Moulins
,201700010349,2017-09-08,13,13,13055,43.30517,5.47101,Hors intersection,Deux véhicules - par l’arrière,Plein jour,Normale,Route Départementale,,4,Plat,Partie rectiligne,10,120,normale,,Sur chaussée,Conducteur,1,M,24-25,Domicile - travail,Casque,Non,1,1,09 - septembre,4 - vendredi,Marseille
,201700024886,2017-09-08,31,14,31555,43.61338,1.40152,Hors intersection,Deux véhicules - par le coté,Plein jour,Normale,Route Départementale,,2,Plat,En courbe à gauche,,,normale,,Sur chaussée,Conducteur,1,M,32-33,,Casque,Non déterminable,1,1,09 - septembre,4 - vendredi,Toulouse
,201700027368,2017-09-08,37,8,37261,47.39222,0.68095,Intersection en T,Aucune,Plein jour,Pluie légère,Voie Communale,,1,Plat,Partie rectiligne,,40,mouillée,,Sur chaussée,Conducteur,2,F,56-57,Domicile - travail,Casque,Non,,1,09 - septembre,4 - vendredi,Tours
,201700027408,2017-09-08,37,9,37261,47.37404,0.66362,Hors intersection,Aucune,Plein jour,Temps couvert,Voie Communale,,2,Plat,Partie rectiligne,,70,mouillée,,Sur chaussée,Conducteur,1,F,39-40,Promenade - loisirs,Casque,Oui,,1,09 - septembre,4 - vendredi,Tours
,201700028471,2017-09-08,44,17,44109,47.26587,-1.52335,Hors intersection,Deux véhicules - par l’arrière,Plein jour,Normale,Voie Communale,,,Plat,Partie rectiligne,,,normale,,Sur chaussée,Conducteur,1,M,39-40,,Casque,Non déterminable,1,1,09 - septembre,4 - vendredi,Nantes
,201700028929,2017-09-08,45,9,45234,47.91476,1.92364,Intersection en X,Deux véhicules - par le coté,Plein jour,Normale,Voie Communale,,2,Plat,Partie rectiligne,30,57,normale,,Sur chaussée,Conducteur,1,M,53-54,Domicile - travail,Autre,Non,1,1,09 - septembre,4 - vendredi,Orléans
,201700031120,2017-09-08,40,11,40304,43.66927,-1.43949,Giratoire,Deux véhicules - par le coté,Plein jour,Normale,Voie Communale,,1,Plat,,,15,normale,,,Conducteur,2,F,56-57,Promenade - loisirs,Casque,Non,1,1,09 - septembre,4 - vendredi,Soorts-Hossegor
,201700051021,2017-09-08,69,8,69387,45.75,4.84,Intersection en X,Deux véhicules - par le coté,Plein jour,Normale,Voie Communale,,2,Plat,,,,normale,,Sur chaussée,Conducteur,2,M,12-13,,Autre,Non déterminable,1,1,09 - septembre,4 - vendredi,Lyon 7e  Arrondissement
,201700051040,2017-09-08,69,23,69387,45.75401,4.83863,Hors intersection,Deux véhicules - frontale,Nuit avec éclairage public allumé,Normale,Voie Communale,,,Plat,Partie rectiligne,,,normale,,Sur chaussée,Conducteur,1,M,25-26,,Casque,Non,1,1,09 - septembre,4 - vendredi,Lyon 7e  Arrondissement
,201700055550,2017-09-08,75,9,75106,48.8422,2.32898,Hors intersection,Deux véhicules - par le coté,Plein jour,Normale,Voie Communale,,6,Plat,Partie rectiligne,,210,normale,,Sur chaussée,Conducteur,1,M,30-31,Domicile - travail,Casque,Oui,1,1,09 - septembre,4 - vendredi,Paris 6e  Arrondissement
,201700058843,2017-09-08,971,18,97116,0,0,Hors intersection,Deux véhicules - frontale,Nuit avec éclairage public allumé,Normale,Route Départementale,,2,Plat,Partie rectiligne,,,normale,,Sur chaussée,Conducteur,2,M,18-19,,Casque,Non,1,,09 - septembre,4 - vendredi,'Morne-à-l''Eau'