test,identifiantAccident,date,departement,heure,commune,lat,lon,typeIntersection,typeCollision,luminosite,conditionsAtmosperiques,typeRoute,circulation,nbVoies,profilLongRoute,tracePlanRoute,largeurTPC,largeurRoute,etatSurface,amenagement,situation,categorieUsager,graviteAccident,sexe,age,motifDeplacement,existenceSecurite,usageSecurite,nombreAutresVehicules,enAgglomeration,mois,jour,NCCENR
,201700008015,2017-09-07,10,18,10387,48.28871,4.08038,Hors intersection,Deux véhicules - par le coté,Plein jour,Normale,Voie Communale,,1,Plat,Partie rectiligne,,50,normale,,Sur piste cyclable,Conducteur,2,F,66-67,,Casque,Non,1,1,09 - septembre,3 - jeudi,Troyes
,201700014777,2017-09-07,6,10,6010,43.69427,6.97095,Hors intersection,Aucune,Plein jour,Normale,Route Départementale,,2,Pente,En courbe à droite,15,31,autre,,Sur accotement,Conducteur,2,M,71-72,Promenade - loisirs,Casque,Oui,,,09 - septembre,3 - jeudi,Bar-sur-Loup
,201700016128,2017-09-07,38,13,38074,45.24427,5.45156,Hors intersection,Deux véhicules - par l’arrière,Plein jour,Temps couvert,Route Départementale,,2,Plat,Partie rectiligne,,74,normale,,Sur chaussée,Conducteur,2,M,63-64,Promenade - loisirs,Autre,Non déterminable,1,,09 - septembre,3 - jeudi,Chantesse
,201700020315,2017-09-07,56,10,56234,47.52751,-3.14368,Hors intersection,Deux véhicules - par le coté,Plein jour,Normale,Voie Communale,,2,Plat,En « S »,,56,normale,,Sur chaussée,Conducteur,1,M,69-70,Promenade - loisirs,Casque,Oui,1,1,09 - septembre,3 - jeudi,Saint-Pierre-Quiberon
,201700026761,2017-09-07,35,7,35238,48.1081,-1.68943,Intersection en T,Aucune,Crépuscule ou aube,Normale,Voie Communale,,1,Plat,,,,normale,Carrefour aménagé,Sur chaussée,Conducteur,2,M,32-33,Promenade - loisirs,Casque,Non,,1,09 - septembre,3 - jeudi,Rennes
,201700035361,2017-09-07,11,14,11130,42.82135,2.02108,Intersection en X,Trois véhicules et plus - collisions multiples,Plein jour,Normale,Route Départementale,,2,Pente,,5,810,normale,,,Conducteur,0,M,53-54,Promenade - loisirs,Casque,Oui,1,1,09 - septembre,3 - jeudi,Espezel
,201700035361,2017-09-07,11,14,11130,42.82135,2.02108,Intersection en X,Trois véhicules et plus - collisions multiples,Plein jour,Normale,Route Départementale,,2,Pente,,5,810,normale,,,Conducteur,2,M,44-45,Promenade - loisirs,Casque,Oui,1,1,09 - septembre,3 - jeudi,Espezel
,201700042565,2017-09-07,93,16,93048,0,0,Intersection en T,Deux véhicules - par le coté,Plein jour,Normale,Voie Communale,,1,Plat,Partie rectiligne,,50,normale,,Sur chaussée,Conducteur,2,M,18-19,,Autre,Oui,1,1,09 - septembre,3 - jeudi,Montreuil
,201700044940,2017-09-07,94,1,94041,48.80757,2.38072,Intersection en T,Deux véhicules - frontale,Nuit sans éclairage public,Normale,Voie Communale,,,Plat,Partie rectiligne,,,normale,,Sur chaussée,Conducteur,1,M,30-31,Autre,Casque,Non,1,1,09 - septembre,3 - jeudi,Ivry-sur-Seine
,201700044940,2017-09-07,94,1,94041,48.80757,2.38072,Intersection en T,Deux véhicules - frontale,Nuit sans éclairage public,Normale,Voie Communale,,,Plat,Partie rectiligne,,,normale,,Sur chaussée,Passager,1,M,28-29,Autre,Casque,Non,1,1,09 - septembre,3 - jeudi,Ivry-sur-Seine
,201700050247,2017-09-07,69,8,69385,45.7653,4.82916,Hors intersection,Deux véhicules - par le coté,Plein jour,Normale,Voie Communale,,3,Plat,Partie rectiligne,,99,normale,,Sur piste cyclable,Conducteur,1,M,35-36,Utilisation professionnelle,Casque,Oui,1,1,09 - septembre,3 - jeudi,Lyon 5e  Arrondissement
,201700052821,2017-09-07,75,16,75101,48.8605,2.34442,Hors intersection,Deux véhicules - par le coté,Plein jour,Normale,Voie Communale,,1,Plat,Partie rectiligne,,40,normale,,Sur chaussée,Conducteur,1,F,46-47,Autre,Casque,Non déterminable,1,1,09 - septembre,3 - jeudi,Paris 1er Arrondissement
,201700053858,2017-09-07,75,20,75108,48.8713,2.30088,Hors intersection,Autre,Nuit avec éclairage public allumé,Normale,Voie Communale,,2,Plat,Partie rectiligne,,90,normale,,Sur chaussée,Conducteur,1,F,35-36,Utilisation professionnelle,Casque,Non déterminable,1,1,09 - septembre,3 - jeudi,Paris 8e  Arrondissement
,201700053858,2017-09-07,75,20,75108,48.8713,2.30088,Hors intersection,Autre,Nuit avec éclairage public allumé,Normale,Voie Communale,,2,Plat,Partie rectiligne,,90,normale,,Sur chaussée,Passager,1,M,36-37,Promenade - loisirs,Casque,Non déterminable,1,1,09 - septembre,3 - jeudi,Paris 8e  Arrondissement
,201700057974,2017-09-07,75,12,75104,48.8517,2.36442,Hors intersection,Autre,Plein jour,Normale,Voie Communale,,3,Plat,Partie rectiligne,,142,normale,,Sur chaussée,Conducteur,1,M,57-58,Domicile - travail,Casque,Non déterminable,,1,09 - septembre,3 - jeudi,Paris 4e  Arrondissement
,201700060051,2017-09-07,973,14,97302,4.92953,-52.30751,Hors intersection,Deux véhicules - par le coté,Plein jour,Normale,Voie Communale,,2,Plat,Partie rectiligne,,30,,,Sur chaussée,Conducteur,2,M,46-47,,Equipement réfléchissant,Non déterminable,1,,09 - septembre,3 - jeudi,Cayenne
,201700002385,2017-09-06,38,16,38562,45.0685,5.7622,Autre intersection,Deux véhicules - par le coté,Plein jour,Normale,Route Départementale,,4,Plat,,,13,normale,,,Conducteur,1,M,55-56,Promenade - loisirs,Casque,Oui,1,,09 - septembre,2 - mercredi,Vizille
,201700002862,2017-09-06,3,15,3211,46.31472,2.53546,Hors intersection,Autre,Plein jour,Normale,Voie Communale,,2,Plat,,,,normale,,Sur chaussée,Conducteur,1,M,15-16,Promenade - loisirs,Casque,Oui,1,1,09 - septembre,2 - mercredi,Prémilhat
,201700003957,2017-09-06,6,16,6019,43.79212,7.37285,Hors intersection,Deux véhicules - par le coté,Plein jour,Normale,Voie Communale,,2,Pente,En courbe à droite,,68,autre,,Sur chaussée,Conducteur,3,M,16-17,,Casque,Oui,1,1,09 - septembre,2 - mercredi,Blausasc
,201700015948,2017-09-06,2,15,2441,0,0,Hors intersection,Deux véhicules - par l’arrière,Plein jour,Normale,Route Départementale,,2,Plat,Partie rectiligne,,58,normale,,Sur chaussée,Conducteur,2,M,64-65,Promenade - loisirs,Casque,Oui,1,,09 - septembre,2 - mercredi,Louâtre
,201700017143,2017-09-06,39,18,39501,47.12635,5.46128,Intersection en T,Deux véhicules - par le coté,Plein jour,Normale,Voie Communale,,2,Plat,Partie rectiligne,,,normale,,,Conducteur,2,M,4-5,Promenade - loisirs,Casque,Oui,1,1,09 - septembre,2 - mercredi,Sampans
,201700017357,2017-09-06,68,10,68284,47.53647,7.33585,Hors intersection,Deux véhicules - par l’arrière,Plein jour,Temps éblouissant,Route Départementale,,2,Plat,Partie rectiligne,,61,normale,,Sur chaussée,Conducteur,1,M,62-63,Courses - achats,Casque,Non,1,1,09 - septembre,2 - mercredi,Roppentzwiller
,201700017588,2017-09-06,15,13,15014,44.9217,2.44639,Hors intersection,Autre,Plein jour,Normale,Voie Communale,,2,Pente,Partie rectiligne,,,normale,,Sur chaussée,Conducteur,2,M,24-25,Promenade - loisirs,Casque,Non,1,1,09 - septembre,2 - mercredi,Aurillac
,201700017588,2017-09-06,15,13,15014,44.9217,2.44639,Hors intersection,Autre,Plein jour,Normale,Voie Communale,,2,Pente,Partie rectiligne,,,normale,,Sur chaussée,Conducteur,1,M,34-35,Promenade - loisirs,Casque,Non,1,1,09 - septembre,2 - mercredi,Aurillac
,201700026255,2017-09-06,34,12,34172,43.61443,3.88378,Hors intersection,Deux véhicules - frontale,Plein jour,Normale,Voie Communale,,2,Plat,Partie rectiligne,,60,normale,,Sur piste cyclable,Conducteur,1,M,31-32,,Casque,Oui,1,1,09 - septembre,2 - mercredi,Montpellier
,201700028563,2017-09-06,44,6,44184,47.2707,-2.25695,Intersection en T,Deux véhicules - par le coté,Nuit sans éclairage public,Normale,Voie Communale,,2,Plat,Partie rectiligne,,,mouillée,,Sur chaussée,Conducteur,1,M,44-45,Domicile - travail,Autre,Oui,1,,09 - septembre,2 - mercredi,Saint-Nazaire
,201700031524,2017-09-06,59,7,59017,50.69288,2.869,Hors intersection,Deux véhicules - par le coté,Plein jour,Temps éblouissant,Voie Communale,,1,Plat,Partie rectiligne,,,normale,Zone piétonne,Sur chaussée,Conducteur,2,F,46-47,Domicile - travail,Casque,Non,1,1,09 - septembre,2 - mercredi,Armentières
,201700043435,2017-09-06,93,15,93059,48.96598,2.36568,Hors intersection,Autre,Plein jour,Normale,Parc de stationnement ouvert à la circulation publique,,,Plat,Partie rectiligne,,,normale,,Sur chaussée,Conducteur,0,M,10-11,Promenade - loisirs,Autre,Non déterminable,,1,09 - septembre,2 - mercredi,Pierrefitte-sur-Seine
,201700054866,2017-09-06,75,8,75112,48.8447,2.40572,Intersection à plus de 4 branches,Deux véhicules - par le coté,Plein jour,Normale,Voie Communale,,2,Plat,Partie rectiligne,,100,normale,,Sur piste cyclable,Conducteur,1,F,20-21,Domicile - école,Casque,Non déterminable,1,1,09 - septembre,2 - mercredi,Paris 12e  Arrondissement
,201700054867,2017-09-06,75,20,75112,48.8359,2.40564,Intersection en X,Deux véhicules - par le coté,Plein jour,Normale,Voie Communale,,,Plat,Partie rectiligne,,,normale,,Sur piste cyclable,Conducteur,1,F,32-33,,Casque,Non déterminable,1,1,09 - septembre,2 - mercredi,Paris 12e  Arrondissement
,201700057063,2017-09-06,75,8,75118,48.8857,2.33121,Intersection en Y,Autre,Plein jour,Normale,Voie Communale,,,Pente,Partie rectiligne,,,normale,,Sur chaussée,Conducteur,1,M,29-30,Domicile - travail,Casque,Oui,1,1,09 - septembre,2 - mercredi,Paris 18e  Arrondissement
,201700057670,2017-09-06,75,9,75120,48.8558,2.41019,Hors intersection,Deux véhicules - par le coté,Plein jour,Normale,Voie Communale,,2,Plat,Partie rectiligne,50,30,normale,,Sur chaussée,Conducteur,1,M,32-33,Domicile - travail,Casque,Non déterminable,1,1,09 - septembre,2 - mercredi,Paris 20e  Arrondissement
,201700059244,2017-09-06,974,21,97414,-21.28171,55.40711,Intersection en Y,Deux véhicules - par le coté,Nuit sans éclairage public,Normale,Voie Communale,,2,Bas de côte,,7,10,normale,,,Conducteur,2,M,18-19,Promenade - loisirs,Equipement réfléchissant,Non,1,1,09 - septembre,2 - mercredi,Saint-Louis
,201700000469,2017-09-05,27,1,27394,49.2961,1.0642,Hors intersection,Deux véhicules - par l’arrière,Nuit sans éclairage public,Normale,Route Départementale,,1,Plat,Partie rectiligne,,70,normale,,Sur chaussée,Conducteur,1,M,49-50,Promenade - loisirs,Casque,Non,1,,09 - septembre,1 - mardi,Martot
,201700004283,2017-09-05,84,15,84026,43.73677,5.36611,Hors intersection,Aucune,Plein jour,Normale,Route Départementale,,2,Pente,Partie rectiligne,,,normale,,Sur trottoir,Conducteur,2,M,13-14,Promenade - loisirs,Casque,Non,,1,09 - septembre,1 - mardi,Cadenet
,201700004683,2017-09-05,2A,9,2A247,41.56385,9.26006,Hors intersection,Deux véhicules - frontale,Plein jour,Normale,Voie Communale,,2,Pente,Partie rectiligne,,,normale,,Sur chaussée,Conducteur,2,M,56-57,Promenade - loisirs,Casque,Oui,1,1,09 - septembre,1 - mardi,Porto-Vecchio
,201700008329,2017-09-05,11,16,11262,43.1929,2.98069,Giratoire,Aucune,Plein jour,Normale,Route Départementale,,4,Plat,En courbe à gauche,,,normale,,Sur chaussée,Conducteur,1,M,28-29,Domicile - travail,Autre,Non déterminable,1,,09 - septembre,1 - mardi,Narbonne
,201700013950,2017-09-05,64,17,64547,43.41319,-1.49211,Hors intersection,Autre,Plein jour,Normale,Route Départementale,,2,Pente,Partie rectiligne,,,normale,,,Conducteur,2,M,78-79,Promenade - loisirs,Casque,Oui,1,1,09 - septembre,1 - mardi,Ustaritz
,201700015513,2017-09-05,1,11,1025,46.35371,4.94182,Hors intersection,Deux véhicules - par le coté,Plein jour,Normale,Route Départementale,,2,Pente,,6,710,,,Sur chaussée,Conducteur,2,M,54-55,,Casque,Oui,1,1,09 - septembre,1 - mardi,Bâgé-la-Ville
,201700024459,2017-09-05,31,7,31483,43.11286,0.72089,Giratoire,Deux véhicules - par le coté,Plein jour,Normale,Route Départementale,,2,Plat,En courbe à droite,,70,normale,Carrefour aménagé,Sur chaussée,Conducteur,1,F,50-51,Domicile - travail,Casque,Oui,1,1,09 - septembre,1 - mardi,Saint-Gaudens
,201700028227,2017-09-05,44,12,44132,47.25935,-2.34064,Giratoire,Deux véhicules - par l’arrière,Plein jour,Normale,Voie Communale,,1,Plat,,10,10,normale,,Sur piste cyclable,Conducteur,2,F,68-69,Promenade - loisirs,Casque,Non,1,1,09 - septembre,1 - mardi,Pornichet
,201700028227,2017-09-05,44,12,44132,47.25935,-2.34064,Giratoire,Deux véhicules - par l’arrière,Plein jour,Normale,Voie Communale,,1,Plat,,10,10,normale,,Sur piste cyclable,Conducteur,0,M,51-52,Promenade - loisirs,Casque,Non,1,1,09 - septembre,1 - mardi,Pornichet
,201700029408,2017-09-05,49,19,49007,47.47317,-0.57773,Hors intersection,Aucune,Plein jour,Normale,Voie Communale,,2,Plat,Partie rectiligne,,60,normale,,Sur chaussée,Conducteur,1,M,22-23,Promenade - loisirs,Casque,Non déterminable,,1,09 - septembre,1 - mardi,Angers
,201700029587,2017-09-05,49,16,49099,47.07128,-0.84898,Hors intersection,Autre,Plein jour,Temps couvert,Voie Communale,,2,Plat,Partie rectiligne,24,43,normale,,Sur chaussée,Conducteur,2,M,62-63,,Casque,Non,1,1,09 - septembre,1 - mardi,Cholet
,201700033249,2017-09-05,64,17,64445,43.30803,-0.33934,Hors intersection,Deux véhicules - par le coté,Plein jour,Normale,Voie Communale,,2,Plat,,,,normale,Carrefour aménagé,Sur chaussée,Conducteur,1,F,19-20,Domicile - école,Casque,Non,1,1,09 - septembre,1 - mardi,Pau
,201700034223,2017-09-05,67,17,67365,48.54974,7.71006,Hors intersection,Autre,Plein jour,Normale,Voie Communale,,2,Plat,Partie rectiligne,,60,normale,,Sur chaussée,Conducteur,1,M,10-11,Promenade - loisirs,Casque,Non,1,1,09 - septembre,1 - mardi,Ostwald
,201700036365,2017-09-05,77,21,77518,48.50125,2.62265,Hors intersection,Deux véhicules - par l’arrière,Nuit sans éclairage public,Normale,Route Départementale,,2,Plat,Partie rectiligne,,65,normale,,Sur chaussée,Conducteur,2,M,64-65,Courses - achats,Equipement réfléchissant,Oui,1,,09 - septembre,1 - mardi,Villiers-en-Bière
,201700050267,2017-09-05,69,19,69202,0,0,Hors intersection,Deux véhicules - frontale,Plein jour,Normale,Parc de stationnement ouvert à la circulation publique,,1,Plat,En courbe à gauche,,,normale,,Sur chaussée,Conducteur,1,M,9-10,,Autre,Non déterminable,1,1,09 - septembre,1 - mardi,Sainte-Foy-lès-Lyon
,201700053013,2017-09-05,75,9,75102,48.8701,2.33375,Intersection en X,Autre,Plein jour,Normale,Voie Communale,,1,Pente,En courbe à gauche,,48,normale,Carrefour aménagé,Sur chaussée,Conducteur,0,M,27-28,Domicile - travail,Casque,Non déterminable,,1,09 - septembre,1 - mardi,Paris 2e  Arrondissement
,201700060044,2017-09-05,973,21,97302,4.92617,-52.31361,Hors intersection,Deux véhicules - par le coté,Nuit avec éclairage public allumé,Normale,Voie Communale,,1,Plat,,,80,normale,,Sur chaussée,Conducteur,2,F,30-31,,Equipement réfléchissant,Non,1,,09 - septembre,1 - mardi,Cayenne
,201700003371,2017-09-04,68,16,68344,47.87798,6.93471,Hors intersection,Aucune,Plein jour,Normale,Route Nationale,,2,Pente,En courbe à droite,,70,normale,,Sur chaussée,Conducteur,2,M,34-35,Promenade - loisirs,Casque,Oui,,,09 - septembre,0 - lundi,Urbès
,201700007451,2017-09-04,74,9,74081,46.06915,6.56771,Giratoire,Deux véhicules - par le coté,Plein jour,Normale,Voie Communale,,1,Plat,,5,10,normale,Carrefour aménagé,Sur chaussée,Conducteur,1,M,22-23,Domicile - travail,Casque,Non,1,1,09 - septembre,0 - lundi,Cluses
,201700021236,2017-09-04,17,9,17291,46.17762,-1.11656,Giratoire,Deux véhicules - par le coté,Plein jour,Normale,Voie Communale,,2,Plat,Partie rectiligne,,25,normale,,Sur chaussée,Conducteur,1,M,33-34,Promenade - loisirs,Casque,Oui,1,1,09 - septembre,0 - lundi,Puilboreau
,201700021776,2017-09-04,22,16,22175,48.47137,-2.34134,Hors intersection,Aucune,Plein jour,Normale,Parc de stationnement ouvert à la circulation publique,,,Pente,Partie rectiligne,,,normale,,,Conducteur,3,M,76-77,Promenade - loisirs,Casque,Oui,,,09 - septembre,0 - lundi,Plédéliac
,201700022828,2017-09-04,26,19,26198,44.5833,4.7525,Hors intersection,Autre,Plein jour,Normale,Route Nationale,,2,Plat,Partie rectiligne,,,normale,,Sur chaussée,Conducteur,1,M,63-64,Promenade - loisirs,Casque,Non déterminable,1,,09 - septembre,0 - lundi,Montélimar
,201700033246,2017-09-04,64,14,64348,43.30699,-0.40516,Intersection en T,Deux véhicules - par le coté,Plein jour,Normale,Voie Communale,,2,Plat,Partie rectiligne,,104,normale,,Sur chaussée,Conducteur,1,M,34-35,Domicile - travail,Casque,Non,1,1,09 - septembre,0 - lundi,Lons
,201700034221,2017-09-04,67,10,67482,48.58305,7.74804,Intersection en X,Deux véhicules - par le coté,Plein jour,Normale,Voie Communale,,1,Plat,Partie rectiligne,,58,normale,,Sur chaussée,Conducteur,1,M,79-80,Promenade - loisirs,Casque,Non,1,1,09 - septembre,0 - lundi,Strasbourg
,201700039313,2017-09-04,92,19,92004,0,0,Hors intersection,Autre,Plein jour,Normale,Voie Communale,,1,Plat,Partie rectiligne,,,normale,,Sur chaussée,Conducteur,0,M,46-47,Domicile - travail,Autre,Non,,1,09 - septembre,0 - lundi,Asnières-sur-Seine
,201700052818,2017-09-04,75,8,75101,48.8615,2.33907,Intersection en T,Deux véhicules - par le coté,Plein jour,Normale,Voie Communale,,,Plat,Partie rectiligne,,,normale,,Sur chaussée,Conducteur,1,F,33-34,Domicile - travail,Casque,Oui,1,1,09 - septembre,0 - lundi,Paris 1er Arrondissement
,201700052819,2017-09-04,75,19,75101,48.8658,2.33359,Intersection en X,Deux véhicules - par le coté,Nuit avec éclairage public allumé,Normale,Voie Communale,,1,Plat,,,,normale,,Sur chaussée,Conducteur,1,M,44-45,,Casque,Oui,1,1,09 - septembre,0 - lundi,Paris 1er Arrondissement
,201700059185,2017-09-04,973,10,97307,0,0,Hors intersection,Deux véhicules - frontale,Plein jour,Normale,Voie Communale,,2,Plat,Partie rectiligne,,,normale,,Sur chaussée,Conducteur,2,M,26-27,Promenade - loisirs,Autre,Non,1,1,09 - septembre,0 - lundi,Matoury
,201700060040,2017-09-04,973,14,97302,4.91726,-52.29922,Intersection en T,Aucune,Plein jour,Normale,Voie Communale,,2,Plat,Partie rectiligne,,60,normale,,Sur chaussée,Conducteur,2,M,36-37,,Autre,Non déterminable,1,1,09 - septembre,0 - lundi,Cayenne
,201700003319,2017-09-03,68,11,68163,47.69793,7.50548,Hors intersection,Aucune,Plein jour,Normale,Autre,,2,Sommet de côte,En courbe à droite,,30,normale,,Sur chaussée,Conducteur,2,M,30-31,Promenade - loisirs,Casque,Non,,,09 - septembre,6 - dimanche,Kembs
,201700004309,2017-09-03,84,8,84063,44.26428,4.67523,Hors intersection,Trois véhicules et plus - en chaîne,Plein jour,Normale,Route Départementale,,2,Plat,Partie rectiligne,,57,normale,Pont - autopont,Sur chaussée,Conducteur,3,F,52-53,Promenade - loisirs,Casque,Oui,1,,09 - septembre,6 - dimanche,Lamotte-du-Rhône
,201700004309,2017-09-03,84,8,84063,44.26428,4.67523,Hors intersection,Trois véhicules et plus - en chaîne,Plein jour,Normale,Route Départementale,,2,Plat,Partie rectiligne,,57,normale,Pont - autopont,Sur chaussée,Conducteur,1,M,54-55,Promenade - loisirs,Casque,Oui,1,,09 - septembre,6 - dimanche,Lamotte-du-Rhône
,201700006546,2017-09-03,7,16,7186,44.7337,4.607,Hors intersection,Autre,Plein jour,Normale,Route Départementale,,2,Pente,En courbe à gauche,,82,normale,,Sur chaussée,Conducteur,2,M,34-35,Courses - achats,Casque,Oui,,,09 - septembre,6 - dimanche,Privas
,201700010309,2017-09-03,13,16,13055,43.29015,5.38197,Intersection en T,Deux véhicules - par le coté,Plein jour,Normale,Voie Communale,,,Pente,Partie rectiligne,,,normale,,,Conducteur,1,M,10-11,Promenade - loisirs,Casque,Oui,1,1,09 - septembre,6 - dimanche,Marseille
,201700015462,2017-09-03,1,17,1254,46.1743,5.2872,Hors intersection,Deux véhicules - par l’arrière,Plein jour,Normale,Route Départementale,,2,Pente,Partie rectiligne,,,normale,,Sur chaussée,Conducteur,1,M,78-79,Promenade - loisirs,Casque,Oui,1,,09 - septembre,6 - dimanche,Montagnat
,201700017859,2017-09-03,42,17,42280,45.31476,4.46353,Hors intersection,Autre,Plein jour,Normale,Voie Communale,,2,Pente,,,,normale,,Sur chaussée,Conducteur,2,M,67-68,Promenade - loisirs,Autre,Oui,,,09 - septembre,6 - dimanche,Saint-Régis-du-Coin
,201700017905,2017-09-03,42,14,42109,45.77287,3.9355,Hors intersection,Aucune,Plein jour,Normale,Voie Communale,,2,Pente,,,60,normale,,Sur chaussée,Conducteur,2,M,16-17,,Autre,Non déterminable,,1,09 - septembre,6 - dimanche,Hôpital-sous-Rochefort
,201700020599,2017-09-03,51,12,51149,48.91536,4.47216,Intersection en X,Deux véhicules - par le coté,Plein jour,Normale,Route Départementale,,2,Plat,,,80,normale,,Sur chaussée,Conducteur,2,M,63-64,Promenade - loisirs,Casque,Oui,1,1,09 - septembre,6 - dimanche,Chepy
,201700022224,2017-09-03,19,15,19031,45.15557,1.48029,Giratoire,Deux véhicules - par l’arrière,Plein jour,Normale,Voie Communale,,2,Plat,Partie rectiligne,,,normale,,Sur chaussée,Conducteur,1,M,41-42,Promenade - loisirs,Casque,Non déterminable,1,1,09 - septembre,6 - dimanche,Brive-la-Gaillarde
,201700032491,2017-09-03,60,10,60454,49.38911,2.32848,Hors intersection,Aucune,Plein jour,Normale,Autre,,1,Pente,Partie rectiligne,,18,normale,,Sur piste cyclable,Conducteur,2,M,49-50,Promenade - loisirs,Casque,Oui,,,09 - septembre,6 - dimanche,Neuville-en-Hez
,201700034477,2017-09-03,68,16,68224,47.75297,7.35564,Intersection en X,Deux véhicules - par le coté,Plein jour,Normale,Route Départementale,,3,Plat,Partie rectiligne,,95,normale,Carrefour aménagé,Sur chaussée,Conducteur,2,M,32-33,Promenade - loisirs,Autre,Non déterminable,1,1,09 - septembre,6 - dimanche,Mulhouse
,201700034827,2017-09-03,69,12,69275,45.76362,4.96313,Hors intersection,Deux véhicules - par le coté,Plein jour,Normale,Voie Communale,,1,Pente,,,,normale,,Sur chaussée,Conducteur,1,M,54-55,Promenade - loisirs,Autre,Non déterminable,1,1,09 - septembre,6 - dimanche,Décines-Charpieu
,201700054865,2017-09-03,75,16,75112,48.8366,2.38249,Intersection en T,Autre,Plein jour,Normale,Voie Communale,,,Plat,Partie rectiligne,,,normale,,Sur chaussée,Conducteur,1,M,44-45,Promenade - loisirs,Casque,Non déterminable,1,1,09 - septembre,6 - dimanche,Paris 12e  Arrondissement
,201700000529,2017-09-02,35,16,35335,47.85653,-1.47871,Intersection en Y,Deux véhicules - frontale,Plein jour,Normale,Route Départementale,,2,Pente,,,,normale,Carrefour aménagé,Sur chaussée,Conducteur,2,M,7-8,Promenade - loisirs,Casque,Non,1,1,09 - septembre,5 - samedi,Thourie
,201700000684,2017-09-02,29,17,29091,48.637,-4.397,Intersection en T,Deux véhicules - par le coté,Plein jour,Normale,Route Départementale,,2,Pente,,,10,normale,,,Conducteur,2,M,69-70,Promenade - loisirs,Casque,Oui,1,,09 - septembre,5 - samedi,Kerlouan
,201700005561,2017-09-02,6,18,6004,43.59619,7.08967,Giratoire,Deux véhicules - par le coté,Plein jour,Pluie légère,Route Départementale,,2,Plat,Partie rectiligne,30,30,mouillée,Carrefour aménagé,Sur chaussée,Conducteur,2,M,22-23,Domicile - école,Autre,Non,1,1,09 - septembre,5 - samedi,Antibes
,201700007888,2017-09-02,34,12,34333,43.47163,3.78196,Hors intersection,Deux véhicules - par l’arrière,Plein jour,Normale,Route Départementale,,2,Plat,Partie rectiligne,,37,normale,,Sur chaussée,Conducteur,2,M,23-24,Promenade - loisirs,Casque,Oui,1,,09 - septembre,5 - samedi,Vic-la-Gardiole
,201700008014,2017-09-02,10,18,10387,48.28758,4.08138,Hors intersection,Deux véhicules - frontale,Plein jour,Normale,Voie Communale,,2,Plat,Partie rectiligne,,,normale,,Sur chaussée,Conducteur,2,M,75-76,Courses - achats,Casque,Non,1,1,09 - septembre,5 - samedi,Troyes
,201700015840,2017-09-02,84,14,84017,44.12852,5.28408,Hors intersection,Aucune,Plein jour,Normale,Route Départementale,,2,Pente,En « S »,,,normale,,Sur chaussée,Conducteur,2,M,41-42,Promenade - loisirs,Casque,Oui,,,09 - septembre,5 - samedi,Bédoin
,201700016046,2017-09-02,38,11,38126,45.22829,5.76858,Hors intersection,Deux véhicules - frontale,Plein jour,Pluie légère,Route Départementale,,2,Pente,En courbe à gauche,,53,mouillée,,Sur chaussée,Conducteur,2,M,51-52,Promenade - loisirs,Casque,Oui,1,,09 - septembre,5 - samedi,Corenc
,201700018176,2017-09-02,49,11,49149,47.34381,-0.23157,Hors intersection,Deux véhicules - par le coté,Plein jour,Normale,Route Départementale,,2,Plat,Partie rectiligne,,40,normale,,Sur chaussée,Conducteur,2,M,65-66,Promenade - loisirs,Casque,Oui,1,1,09 - septembre,5 - samedi,Gennes-Val de Loire
,201700029410,2017-09-02,49,9,49007,47.48421,-0.51815,Hors intersection,Autre,Plein jour,Normale,Voie Communale,,4,Plat,Partie rectiligne,,191,normale,,Sur chaussée,Conducteur,1,M,23-24,Domicile - travail,Casque,Non déterminable,,1,09 - septembre,5 - samedi,Angers
,201700035748,2017-09-02,76,12,76217,49.91306,1.09055,Hors intersection,Deux véhicules - par l’arrière,Plein jour,Normale,Route Départementale,,5,Plat,Partie rectiligne,,105,normale,,Sur chaussée,Conducteur,2,M,49-50,Promenade - loisirs,Casque,Non,1,1,09 - septembre,5 - samedi,Dieppe
,201700045846,2017-09-02,95,19,95018,48.9404,2.2237,Intersection en X,Deux véhicules - par l’arrière,Crépuscule ou aube,Normale,Voie Communale,,2,Plat,Partie rectiligne,,,normale,,Sur chaussée,Conducteur,1,M,36-37,Domicile - travail,Autre,Non déterminable,1,1,09 - septembre,5 - samedi,Argenteuil
,201700001220,2017-09-01,33,10,33100,45.13459,-0.63782,Intersection en X,Autre,Plein jour,Temps couvert,Route Départementale,,2,Plat,,,15,normale,,Sur chaussée,Conducteur,2,M,54-55,Promenade - loisirs,Casque,Oui,1,,09 - septembre,4 - vendredi,Cars
,201700003092,2017-09-01,67,16,67131,48.48154,7.72499,Hors intersection,Deux véhicules - par le coté,Plein jour,Normale,Voie Communale,,2,Plat,,,10,enneigée,,,Conducteur,2,M,66-67,Promenade - loisirs,Autre,Non déterminable,1,1,09 - septembre,4 - vendredi,Eschau
,201700003768,2017-09-01,13,8,13097,43.63828,4.82348,Giratoire,Deux véhicules - par le coté,Plein jour,Normale,Voie Communale,,2,Plat,,,15,normale,,,Conducteur,1,M,85-86,Promenade - loisirs,Autre,Non déterminable,1,1,09 - septembre,4 - vendredi,Saint-Martin-de-Crau
,201700004847,2017-09-01,5,18,5061,44.5578,6.06864,Giratoire,Deux véhicules - par le coté,Plein jour,Temps éblouissant,Route Départementale,,2,Pente,Partie rectiligne,,67,normale,Carrefour aménagé,Sur chaussée,Conducteur,2,M,47-48,Domicile - travail,Autre,Non déterminable,1,1,09 - septembre,4 - vendredi,Gap