test,identifiantAccident,date,departement,heure,commune,lat,lon,typeIntersection,typeCollision,luminosite,conditionsAtmosperiques,typeRoute,circulation,nbVoies,profilLongRoute,tracePlanRoute,largeurTPC,largeurRoute,etatSurface,amenagement,situation,categorieUsager,graviteAccident,sexe,age,motifDeplacement,existenceSecurite,usageSecurite,nombreAutresVehicules,enAgglomeration,mois,jour,NCCENR
,201700012673,2017-09-01,85,16,85029,46.97749,-1.98636,Hors intersection,Deux véhicules - frontale,Plein jour,Normale,Route Départementale,,2,Plat,Partie rectiligne,,,normale,,Sur chaussée,Conducteur,2,M,48-49,Promenade - loisirs,Casque,Oui,1,,09 - septembre,4 - vendredi,Bouin
,201700016648,2017-09-01,29,18,29293,47.84212,-3.8652,Hors intersection,Autre,Plein jour,Normale,Voie Communale,,2,Pente,Partie rectiligne,,,normale,,Sur chaussée,Conducteur,1,M,54-55,Promenade - loisirs,Casque,Non déterminable,1,,09 - septembre,4 - vendredi,Trégunc
,201700034218,2017-09-01,67,11,67482,48.61123,7.778,Hors intersection,Deux véhicules - par le coté,Plein jour,Normale,Voie Communale,,,Plat,Partie rectiligne,,70,normale,,Sur chaussée,Conducteur,1,F,37-38,Domicile - travail,Equipement réfléchissant,Non déterminable,1,1,09 - septembre,4 - vendredi,Strasbourg
,201700051009,2017-09-01,69,20,69387,45.74133,4.84082,Intersection en T,Deux véhicules - par le coté,Plein jour,Normale,Voie Communale,,2,Plat,Partie rectiligne,,,normale,,Sur chaussée,Conducteur,1,M,29-30,Promenade - loisirs,Casque,Oui,1,1,09 - septembre,4 - vendredi,Lyon 7e  Arrondissement
,201700060039,2017-09-01,973,,97302,4.93359,-52.31237,Hors intersection,Deux véhicules - par l’arrière,Nuit avec éclairage public non allumé,Normale,Voie Communale,,1,Plat,,,,normale,,Sur chaussée,Conducteur,2,M,23-24,Promenade - loisirs,Casque,Non déterminable,1,1,09 - septembre,4 - vendredi,Cayenne
,201700000107,2017-08-31,59,14,59249,50.01885,4.04452,Intersection en X,Deux véhicules - par le coté,Plein jour,Normale,Voie Communale,Avec voies d’affectation variable,,,,,,,,,Conducteur,2,M,38-39,,Casque,Non,1,1,08 - aout,3 - jeudi,Fourmies
,201700012314,2017-08-31,17,16,17347,45.94287,-0.51534,Hors intersection,Deux véhicules - par l’arrière,Plein jour,Normale,Route Départementale,,3,Plat,Partie rectiligne,,120,normale,,Sur chaussée,Conducteur,2,F,56-57,Courses - achats,Autre,Non,1,1,08 - aout,3 - jeudi,'Saint-Jean-d''Angély'
,201700024875,2017-08-31,31,18,31555,43.60678,1.45079,Hors intersection,Autre,Plein jour,Temps couvert,Autre,,2,Pente,Partie rectiligne,,,normale,,Sur trottoir,Conducteur,0,M,14-15,Promenade - loisirs,Autre,Non déterminable,,1,08 - aout,3 - jeudi,Toulouse
,201700025899,2017-08-31,33,,33063,44.84205,-0.55189,Hors intersection,Autre,Nuit avec éclairage public allumé,Normale,Voie Communale,,1,Plat,Partie rectiligne,,59,normale,,Sur chaussée,Conducteur,1,M,17-18,,Casque,Non déterminable,,1,08 - aout,3 - jeudi,Bordeaux
,201700028912,2017-08-31,45,16,45147,47.94792,1.92142,Hors intersection,Deux véhicules - par l’arrière,Plein jour,Temps couvert,Route Départementale,,1,Pente,Partie rectiligne,,35,normale,,Sur trottoir,Conducteur,1,M,20-21,Utilisation professionnelle,Casque,Non,1,1,08 - aout,3 - jeudi,Fleury-les-Aubrais
,201700028927,2017-08-31,45,16,45284,47.9,1.94,Hors intersection,Deux véhicules - par l’arrière,Plein jour,Normale,Route Départementale,,2,Pente,Partie rectiligne,,90,normale,,Sur chaussée,Conducteur,2,F,24-25,Domicile - travail,Casque,Oui,1,1,08 - aout,3 - jeudi,Saint-Jean-de-Braye
,201700029402,2017-08-31,49,19,49007,47.48192,-0.5669,Hors intersection,Autre,Plein jour,Normale,Voie Communale,,2,Plat,Partie rectiligne,,70,normale,,Sur chaussée,Conducteur,1,F,42-43,Promenade - loisirs,Casque,Oui,1,1,08 - aout,3 - jeudi,Angers
,201700035586,2017-08-31,74,19,74010,45.90446,6.12999,Intersection en X,Aucune,Plein jour,Pluie légère,Voie Communale,,2,Plat,Partie rectiligne,,88,mouillée,,Sur chaussée,Conducteur,2,M,70-71,,Autre,Non,1,1,08 - aout,3 - jeudi,Annecy
,201700035657,2017-08-31,74,14,74133,46.19211,6.20705,Hors intersection,Autre,Plein jour,Pluie légère,Voie Communale,,2,Plat,Partie rectiligne,,,mouillée,Carrefour aménagé,Sur chaussée,Conducteur,0,M,46-47,Promenade - loisirs,Casque,Oui,,1,08 - aout,3 - jeudi,Gaillard
,201700053264,2017-08-31,75,18,75105,48.8393,2.35978,Hors intersection,Deux véhicules - par le coté,Plein jour,Temps couvert,Voie Communale,,4,Plat,,,145,normale,,Sur chaussée,Conducteur,2,M,16-17,Promenade - loisirs,Casque,Non,1,1,08 - aout,3 - jeudi,Paris 5e  Arrondissement
,201700054490,2017-08-31,75,13,75111,48.8586,2.37991,Place,Autre,Plein jour,Normale,Voie Communale,,2,Plat,Partie rectiligne,,70,normale,,Sur chaussée,Conducteur,1,M,61-62,Domicile - travail,Casque,Non,1,1,08 - aout,3 - jeudi,Paris 11e  Arrondissement
,201700057667,2017-08-31,75,14,75120,48.8583,2.40317,Hors intersection,Autre,Plein jour,Normale,Voie Communale,,2,Pente,Partie rectiligne,,40,normale,,Sur chaussée,Conducteur,1,F,43-44,Domicile - travail,Casque,Non,,1,08 - aout,3 - jeudi,Paris 20e  Arrondissement
,201700002722,2017-08-30,74,15,74040,46.1682,6.3207,Intersection en T,Deux véhicules - frontale,Plein jour,Temps couvert,Route Départementale,,2,Bas de côte,,,10,normale,,Sur chaussée,Conducteur,2,M,74-75,Promenade - loisirs,Casque,Oui,1,1,08 - aout,2 - mercredi,Bonne
,201700011564,2017-08-30,88,18,88319,48.39413,6.8577,Intersection en Y,Deux véhicules - par l’arrière,Plein jour,Normale,Route Départementale,,2,Plat,Partie rectiligne,5,515,normale,,,Conducteur,1,M,66-67,Promenade - loisirs,Casque,Oui,1,,08 - aout,2 - mercredi,Moyenmoutier
,201700012672,2017-08-30,85,10,85164,46.83763,-2.12644,Intersection en T,Deux véhicules - par l’arrière,Plein jour,Temps couvert,Route Départementale,,2,Plat,,,10,normale,,,Conducteur,2,M,70-71,Promenade - loisirs,Casque,Non,1,1,08 - aout,2 - mercredi,Notre-Dame-de-Monts
,201700012978,2017-08-30,40,17,40046,44.40811,-1.16052,Autre intersection,Deux véhicules - par le coté,Plein jour,Normale,Route Départementale,,2,Plat,,,10,enneigée,,,Conducteur,2,M,66-67,Promenade - loisirs,Casque,Non,1,1,08 - aout,2 - mercredi,Biscarrosse
,201700013856,2017-08-30,73,16,73308,45.68976,6.41136,Hors intersection,Deux véhicules - par le coté,Plein jour,Normale,Route Départementale,,2,Pente,En courbe à droite,,70,normale,,Sur chaussée,Conducteur,3,M,75-76,Promenade - loisirs,Casque,Oui,1,,08 - aout,2 - mercredi,Venthon
,201700020773,2017-08-30,57,17,57552,49.04825,6.18446,Intersection en Y,Deux véhicules - par le coté,Plein jour,Normale,Voie Communale,,2,Pente,,,,normale,Carrefour aménagé,,Conducteur,3,M,15-16,Promenade - loisirs,Casque,Non,1,1,08 - aout,2 - mercredi,Pouilly
,201700031146,2017-08-30,57,19,57283,49.25006,6.17002,Hors intersection,Deux véhicules - par l’arrière,Plein jour,Normale,Route Départementale,,,Plat,En courbe à gauche,,,normale,,Sur chaussée,Conducteur,2,M,26-27,Promenade - loisirs,Autre,Non déterminable,1,1,08 - aout,2 - mercredi,Hagondange
,201700031679,2017-08-30,59,12,59271,51.01024,2.29051,Intersection en T,Deux véhicules - par le coté,Plein jour,Pluie légère,Voie Communale,,2,Plat,Partie rectiligne,,,mouillée,,Sur chaussée,Conducteur,2,M,7-8,Promenade - loisirs,Casque,Oui,1,1,08 - aout,2 - mercredi,Grande-Synthe
,201700033750,2017-08-30,85,17,85110,46.51805,-0.89771,Hors intersection,Deux véhicules - par l’arrière,Plein jour,Normale,Route Départementale,,2,Pente,Partie rectiligne,,,normale,,Sur chaussée,Conducteur,2,M,10-11,Promenade - loisirs,Casque,Non,1,1,08 - aout,2 - mercredi,Hermenault
,201700034498,2017-08-30,68,18,68149,47.60056,7.58424,Giratoire,Deux véhicules - par le coté,Plein jour,Normale,Route Départementale,,1,Plat,En courbe à gauche,,95,normale,Carrefour aménagé,Sur chaussée,Conducteur,1,F,59-60,Domicile - travail,Casque,Non déterminable,1,1,08 - aout,2 - mercredi,Huningue
,201700042197,2017-08-30,93,12,93031,0,0,Hors intersection,Deux véhicules - par l’arrière,Plein jour,Normale,Voie Communale,,1,Plat,Partie rectiligne,,,normale,,Sur chaussée,Conducteur,2,M,22-23,,Autre,Non déterminable,1,1,08 - aout,2 - mercredi,Épinay-sur-Seine
,201700046032,2017-08-30,95,17,95060,49.0448,2.1819,Hors intersection,Deux véhicules - par le coté,Plein jour,Pluie légère,Voie Communale,,2,Plat,En courbe à droite,,,mouillée,,Sur chaussée,Conducteur,1,M,51-52,Promenade - loisirs,Casque,Oui,1,,08 - aout,2 - mercredi,Bessancourt
,201700050233,2017-08-30,69,18,69382,45.7653,4.83639,Hors intersection,Autre,Plein jour,Normale,Voie Communale,,1,Plat,Partie rectiligne,,60,normale,,Sur chaussée,Conducteur,0,M,27-28,Domicile - travail,Casque,Non,,1,08 - aout,2 - mercredi,Lyon 2e  Arrondissement
,201700053011,2017-08-30,75,18,75103,48.8631,2.36672,Intersection en T,Autre,Plein jour,Pluie forte,Voie Communale,,4,Plat,Partie rectiligne,,81,mouillée,,Sur chaussée,Conducteur,1,F,25-26,Domicile - travail,Casque,Non,1,1,08 - aout,2 - mercredi,Paris 3e  Arrondissement
,201700053558,2017-08-30,75,9,75107,48.859,2.29328,Intersection en X,Trois véhicules et plus - collisions multiples,Plein jour,Normale,Voie Communale,,,Plat,En courbe à gauche,,,normale,Carrefour aménagé,Sur chaussée,Conducteur,1,M,46-47,Autre,Autre,Oui,2,1,08 - aout,2 - mercredi,Paris 7e  Arrondissement
,201700057666,2017-08-30,75,21,75120,48.864,2.39186,Hors intersection,Aucune,Nuit avec éclairage public allumé,Temps couvert,Voie Communale,,2,Bas de côte,Partie rectiligne,,90,mouillée,,Sur piste cyclable,Conducteur,1,M,23-24,Utilisation professionnelle,Casque,Oui,,1,08 - aout,2 - mercredi,Paris 20e  Arrondissement
,201700000159,2017-08-29,59,21,59283,50.25543,3.84937,Hors intersection,Deux véhicules - frontale,Nuit sans éclairage public,Normale,Route Départementale,,2,Plat,En courbe à gauche,,,normale,,Sur chaussée,Conducteur,2,M,45-46,,Equipement réfléchissant,Non,1,,08 - aout,1 - mardi,Hargnies
,201700001283,2017-08-29,33,11,33238,44.71787,-0.57838,Hors intersection,Autre,Plein jour,Normale,Route Départementale,,2,Plat,Partie rectiligne,61,,normale,,Sur chaussée,Conducteur,2,M,64-65,Promenade - loisirs,Casque,Oui,1,,08 - aout,1 - mardi,Léognan
,201700001738,2017-08-29,65,18,65059,42.91379,0.18662,Autre intersection,Autre,Plein jour,Brouillard - fumée,Route Départementale,,2,Pente,,6,11,normale,,,Conducteur,1,M,15-16,Promenade - loisirs,Casque,Oui,,,08 - aout,1 - mardi,Bagnères-de-Bigorre
,201700003099,2017-08-29,67,9,67130,48.42147,7.65363,Hors intersection,Deux véhicules - par le coté,Plein jour,Temps éblouissant,Voie Communale,,2,Plat,,,15,normale,,,Conducteur,2,M,82-83,Promenade - loisirs,Autre,Non déterminable,1,1,08 - aout,1 - mardi,Erstein
,201700016384,2017-08-29,29,13,29216,47.96852,-4.18148,Giratoire,Deux véhicules - par le coté,Plein jour,Normale,Route Départementale,,1,Plat,En courbe à droite,908,415,normale,,Sur chaussée,Conducteur,1,M,42-43,Promenade - loisirs,Casque,Oui,1,,08 - aout,1 - mardi,Pluguffan
,201700030556,2017-08-29,54,16,54339,48.71678,6.1842,Intersection en T,Deux véhicules - par le coté,Plein jour,Normale,Voie Communale,,2,Plat,Partie rectiligne,,,normale,,Sur chaussée,Conducteur,2,M,21-22,Promenade - loisirs,Autre,Non déterminable,1,1,08 - aout,1 - mardi,Malzéville
,201700031317,2017-08-29,57,16,57647,49.31872,6.10234,Intersection en T,Deux véhicules - par le coté,Plein jour,Normale,Route Départementale,,3,Plat,Partie rectiligne,,120,normale,,Sur chaussée,Conducteur,2,M,71-72,Promenade - loisirs,Casque,Oui,1,1,08 - aout,1 - mardi,Serémange-Erzange
,201700034214,2017-08-29,67,18,67482,48.56369,7.7681,Hors intersection,Deux véhicules - par le coté,Plein jour,Normale,Voie Communale,,3,Plat,Partie rectiligne,90,90,normale,Voie ferrée,Sur chaussée,Conducteur,1,F,48-49,,Autre,Non déterminable,1,1,08 - aout,1 - mardi,Strasbourg
,201700036869,2017-08-29,79,22,79191,46.31967,-0.48599,Intersection en X,Deux véhicules - par le coté,Nuit avec éclairage public allumé,Normale,Voie Communale,,2,Plat,Partie rectiligne,,100,normale,,Sur chaussée,Conducteur,2,M,28-29,Domicile - travail,Equipement réfléchissant,Non,1,1,08 - aout,1 - mardi,Niort
,201700037027,2017-08-29,80,9,80021,49.89672,2.30042,Intersection en X,Autre,Plein jour,Normale,Voie Communale,,2,Plat,Partie rectiligne,,,normale,,Sur chaussée,Conducteur,1,F,27-28,,Casque,Oui,1,1,08 - aout,1 - mardi,Amiens
,201700040422,2017-08-29,92,12,92048,48.8221,2.22626,Intersection en T,Deux véhicules - par le coté,Plein jour,Normale,Voie Communale,,1,Plat,Partie rectiligne,,50,normale,,Sur chaussée,Conducteur,1,M,36-37,Promenade - loisirs,Autre,Non déterminable,1,1,08 - aout,1 - mardi,Meudon
,201700050231,2017-08-29,69,6,69389,45.80315,4.83942,Hors intersection,Aucune,Crépuscule ou aube,Normale,Voie Communale,,1,Pente,Partie rectiligne,,74,normale,,Sur chaussée,Conducteur,2,M,79-80,Promenade - loisirs,Casque,Non déterminable,,1,08 - aout,1 - mardi,Lyon 9e  Arrondissement
,201700051003,2017-08-29,69,13,69383,45.76143,4.86955,Hors intersection,Autre,Plein jour,Normale,Voie Communale,,2,Plat,Partie rectiligne,,,normale,,Sur chaussée,Conducteur,1,F,56-57,Domicile - travail,Casque,Non,1,1,08 - aout,1 - mardi,Lyon 3e  Arrondissement
,201700057381,2017-08-29,75,9,75119,48.8777,2.37054,Place,Deux véhicules - par le coté,Plein jour,Normale,Voie Communale,,2,Plat,Partie rectiligne,,,normale,,,Conducteur,1,F,33-34,Domicile - travail,Casque,Non,1,1,08 - aout,1 - mardi,Paris 19e  Arrondissement
,201700057382,2017-08-29,75,19,75119,48.8894,2.37045,Hors intersection,Autre,Plein jour,Normale,Voie Communale,,2,Plat,Partie rectiligne,,200,normale,Zone piétonne,Sur trottoir,Conducteur,0,M,33-34,Promenade - loisirs,Casque,Non déterminable,,1,08 - aout,1 - mardi,Paris 19e  Arrondissement
,201700002898,2017-08-28,57,13,57433,49.20619,6.16038,Hors intersection,Deux véhicules - par le coté,Plein jour,Normale,Voie Communale,,1,Plat,Partie rectiligne,,,normale,,Sur chaussée,Conducteur,1,F,19-20,Utilisation professionnelle,Casque,Oui,1,1,08 - aout,0 - lundi,Maizières-lès-Metz
,201700003814,2017-08-28,13,18,13086,43.33318,5.60645,Autre intersection,Deux véhicules - par le coté,Plein jour,Normale,Route Départementale,,2,Pente,,,10,normale,,,Conducteur,2,M,11-12,Promenade - loisirs,Casque,Non,1,,08 - aout,0 - lundi,Roquevaire
,201700008784,2017-08-28,13,20,13028,43.19899,5.61666,Giratoire,Deux véhicules - par l’arrière,Plein jour,Normale,Route Départementale,,2,Plat,Partie rectiligne,,90,normale,,Sur chaussée,Conducteur,2,F,46-47,,Casque,Non déterminable,1,1,08 - aout,0 - lundi,Ciotat
,201700014207,2017-08-28,60,12,60238,49.26215,2.59244,Hors intersection,Deux véhicules - par le coté,Plein jour,Normale,Route Départementale,,2,Plat,Partie rectiligne,,,normale,,Sur chaussée,Conducteur,3,M,47-48,Domicile - travail,Casque,Non,1,,08 - aout,0 - lundi,Fleurines
,201700025475,2017-08-28,84,13,84015,44.17271,5.22443,Hors intersection,Deux véhicules - par le coté,Plein jour,Normale,Route Départementale,,2,Pente,En courbe à droite,,,normale,,Sur chaussée,Conducteur,2,M,55-56,Promenade - loisirs,Casque,Oui,1,,08 - aout,0 - lundi,Beaumont-du-Ventoux
,201700028456,2017-08-28,44,16,44109,47.25361,-1.57612,Intersection en X,Autre,Plein jour,Normale,Voie Communale,,2,Plat,Partie rectiligne,,,normale,,Sur chaussée,Conducteur,2,M,54-55,,Casque,Oui,1,1,08 - aout,0 - lundi,Nantes
,201700043197,2017-08-28,93,9,93066,48.929,2.36651,Intersection en X,Deux véhicules - par le coté,Plein jour,Normale,Autre,,2,Plat,Partie rectiligne,,,normale,,Sur chaussée,Conducteur,1,M,24-25,Utilisation professionnelle,Autre,Non déterminable,1,1,08 - aout,0 - lundi,Saint-Denis
,201700044753,2017-08-28,94,13,94021,0,0,Hors intersection,Deux véhicules - par le coté,Plein jour,Normale,Voie Communale,,2,Plat,Partie rectiligne,,60,normale,,Sur chaussée,Conducteur,2,F,18-19,Courses - achats,Casque,Non,1,1,08 - aout,0 - lundi,Chevilly-Larue
,201700057378,2017-08-28,75,17,75119,48.888,2.37377,Hors intersection,Autre,Plein jour,Normale,Voie Communale,,2,Plat,Partie rectiligne,,50,normale,,Sur chaussée,Conducteur,0,M,31-32,Domicile - travail,Casque,Non,,1,08 - aout,0 - lundi,Paris 19e  Arrondissement
,201700057379,2017-08-28,75,19,75119,48.8833,2.37221,Hors intersection,Autre,Plein jour,Normale,Voie Communale,,2,Plat,Partie rectiligne,,,normale,,Sur piste cyclable,Conducteur,1,M,21-22,Promenade - loisirs,Casque,Non déterminable,1,1,08 - aout,0 - lundi,Paris 19e  Arrondissement
,201700002155,2017-08-27,26,9,26196,0,0,Intersection en T,Deux véhicules - par le coté,Plein jour,Temps éblouissant,Route Départementale,,2,Bas de côte,,6,510,normale,,Sur chaussée,Conducteur,1,M,73-74,Promenade - loisirs,Casque,Oui,1,1,08 - aout,6 - dimanche,Montéléger
,201700003203,2017-08-27,67,11,67404,48.90246,7.95822,Hors intersection,Autre,Plein jour,Normale,Route Départementale,,2,Plat,Partie rectiligne,,,normale,,Sur chaussée,Conducteur,2,M,57-58,Promenade - loisirs,Casque,Oui,,1,08 - aout,6 - dimanche,Rittershoffen
,201700003370,2017-08-27,68,10,68247,47.93292,7.01055,Hors intersection,Deux véhicules - par le coté,Plein jour,Normale,Route Départementale,,2,Pente,En courbe à droite,,70,normale,,Sur chaussée,Conducteur,2,M,43-44,Promenade - loisirs,Casque,Oui,1,,08 - aout,6 - dimanche,Oderen
,201700014602,2017-08-27,14,18,14702,49.10034,-0.58604,Intersection en T,Deux véhicules - par le coté,Plein jour,Normale,Route Départementale,,2,Plat,,4,10,normale,,,Conducteur,1,M,20-21,Promenade - loisirs,Casque,Oui,1,,08 - aout,6 - dimanche,Tournay-sur-Odon
,201700015461,2017-08-27,1,,1072,46.1856,5.30049,Intersection en T,Deux véhicules - par le coté,Nuit sans éclairage public,Normale,Route Départementale,,2,Plat,,207,215,normale,,,Conducteur,2,M,21-22,Promenade - loisirs,Equipement réfléchissant,Non,1,,08 - aout,6 - dimanche,Ceyzériat
,201700016083,2017-08-27,38,11,38075,45.47726,5.92329,Hors intersection,Aucune,Plein jour,Normale,Route Départementale,,2,Pente,Partie rectiligne,,60,normale,,Sur accotement,Conducteur,2,M,62-63,Promenade - loisirs,Casque,Oui,,,08 - aout,6 - dimanche,Chapareillan
,201700020124,2017-08-27,74,10,74148,45.77465,6.1187,Hors intersection,Deux véhicules - frontale,Plein jour,Normale,Route Départementale,,2,Pente,En courbe à gauche,,,normale,,Sur chaussée,Conducteur,2,M,37-38,Promenade - loisirs,Casque,Oui,1,,08 - aout,6 - dimanche,Leschaux
,201700031795,2017-08-27,59,10,59350,50.64861,3.06861,Hors intersection,Deux véhicules - par le coté,Plein jour,Normale,Route Départementale,,,Plat,En courbe à droite,,,normale,,Sur chaussée,Conducteur,1,M,31-32,Promenade - loisirs,Casque,Oui,1,,08 - aout,6 - dimanche,Lille
,201700034476,2017-08-27,68,16,68224,47.77318,7.33391,Intersection en T,Deux véhicules - par le coté,Plein jour,Normale,Voie Communale,,2,Plat,Partie rectiligne,,114,normale,,Sur chaussée,Conducteur,2,M,5-6,Promenade - loisirs,Autre,Non,1,1,08 - aout,6 - dimanche,Mulhouse
,201700036329,2017-08-27,77,19,77335,48.9699,2.82975,Intersection en X,Deux véhicules - par le coté,Plein jour,Normale,Route Départementale,,2,Pente,Partie rectiligne,,,normale,,Sur chaussée,Conducteur,2,M,43-44,Promenade - loisirs,Casque,Non,1,,08 - aout,6 - dimanche,Chauconin-Neufmontiers
,201700054859,2017-08-27,75,19,75112,48.8523,2.37215,Hors intersection,Deux véhicules - par l’arrière,Plein jour,Normale,Voie Communale,,2,Plat,En courbe à gauche,,,normale,,Sur chaussée,Conducteur,1,M,23-24,,Casque,Non déterminable,1,1,08 - aout,6 - dimanche,Paris 12e  Arrondissement
,201700000388,2017-08-26,76,17,76568,49.601,0.7862,Hors intersection,Deux véhicules - par l’arrière,Plein jour,Normale,Route Départementale,,2,Sommet de côte,En courbe à gauche,,60,normale,,Sur chaussée,Conducteur,2,M,30-31,Promenade - loisirs,Casque,Oui,1,,08 - aout,5 - samedi,Saint-Clair-sur-les-Monts
,201700001448,2017-08-26,64,10,64422,43.19162,-0.62075,Autre intersection,Autre,Plein jour,Normale,Voie Communale,,2,Plat,,,10,normale,,Sur chaussée,Conducteur,1,F,73-74,Courses - achats,Casque,Non,1,1,08 - aout,5 - samedi,Oloron-Sainte-Marie
,201700004841,2017-08-26,5,12,5061,44.56389,6.09988,Intersection en T,Deux véhicules - frontale,Plein jour,Normale,Voie Communale,,2,Plat,Partie rectiligne,13,79,normale,,Sur trottoir,Conducteur,1,M,67-68,Promenade - loisirs,Casque,Non,1,1,08 - aout,5 - samedi,Gap
,201700007203,2017-08-26,38,21,38052,45.06814,6.03924,Hors intersection,Aucune,Nuit sans éclairage public,Normale,Route Départementale,,2,Pente,Partie rectiligne,,,normale,,Sur chaussée,Conducteur,1,M,21-22,Promenade - loisirs,Casque,Oui,,,08 - aout,5 - samedi,'Bourg-d''Oisans'
,201700013444,2017-08-26,36,11,36045,46.99209,1.16643,Hors intersection,Deux véhicules - par le coté,Plein jour,Normale,Route Départementale,,2,Plat,Partie rectiligne,,,normale,,Sur chaussée,Conducteur,3,M,91-92,Promenade - loisirs,Autre,Non déterminable,1,1,08 - aout,5 - samedi,Châtillon-sur-Indre
,201700015490,2017-08-26,1,10,1147,46.4018,5.2914,Hors intersection,Aucune,Plein jour,Normale,Route Départementale,,2,Pente,Partie rectiligne,,,normale,,Sur chaussée,Conducteur,2,M,64-65,Promenade - loisirs,Casque,Oui,,1,08 - aout,5 - samedi,Domsure
,201700015838,2017-08-26,84,15,84041,44.10472,5.15327,Hors intersection,Deux véhicules - par le coté,Plein jour,Normale,Route Départementale,,2,Plat,Partie rectiligne,,,normale,,Sur chaussée,Conducteur,2,M,44-45,Promenade - loisirs,Casque,Oui,1,,08 - aout,5 - samedi,Crillon-le-Brave
,201700015839,2017-08-26,84,17,84072,44.05453,5.1216,Hors intersection,Deux véhicules - frontale,Plein jour,Normale,Autre,,2,Plat,En courbe à gauche,,,normale,,Sur chaussée,Conducteur,2,M,15-16,Promenade - loisirs,Casque,Oui,1,1,08 - aout,5 - samedi,Mazan
,201700019966,2017-08-26,76,13,76728,49.48194,0.99411,Hors intersection,Trois véhicules et plus - collisions multiples,Plein jour,Normale,Route Départementale,,2,Plat,Partie rectiligne,,65,normale,,Sur chaussée,Conducteur,2,M,60-61,Promenade - loisirs,Casque,Oui,1,,08 - aout,5 - samedi,Vaupalière
,201700019966,2017-08-26,76,13,76728,49.48194,0.99411,Hors intersection,Trois véhicules et plus - collisions multiples,Plein jour,Normale,Route Départementale,,2,Plat,Partie rectiligne,,65,normale,,Sur chaussée,Conducteur,1,M,59-60,Promenade - loisirs,Casque,Oui,1,,08 - aout,5 - samedi,Vaupalière
,201700020237,2017-08-26,59,11,59580,50.81968,2.53383,Intersection en Y,Trois véhicules et plus - collisions multiples,Plein jour,Normale,Voie Communale,Avec voies d’affectation variable,,,,,,,,,Conducteur,1,M,35-36,Promenade - loisirs,Casque,Oui,1,,08 - aout,5 - samedi,Steenvoorde
,201700020237,2017-08-26,59,11,59580,50.81968,2.53383,Intersection en Y,Trois véhicules et plus - collisions multiples,Plein jour,Normale,Voie Communale,Avec voies d’affectation variable,,,,,,,,,Conducteur,2,M,43-44,Promenade - loisirs,Casque,Oui,1,,08 - aout,5 - samedi,Steenvoorde
,201700025870,2017-08-26,33,19,33063,44.8319,-0.57727,Intersection en X,Deux véhicules - par le coté,Plein jour,Normale,Voie Communale,,2,Plat,Partie rectiligne,,,normale,,Sur chaussée,Conducteur,1,M,19-20,,Casque,Non déterminable,1,1,08 - aout,5 - samedi,Bordeaux
,201700028925,2017-08-26,45,18,45234,47.91791,1.90074,Giratoire,Deux véhicules - par le coté,Plein jour,Normale,Voie Communale,,1,Plat,En courbe à gauche,,35,normale,Carrefour aménagé,Sur chaussée,Conducteur,1,M,29-30,,Casque,Non,1,1,08 - aout,5 - samedi,Orléans
,201700029399,2017-08-26,49,10,49007,47.45694,-0.52332,Hors intersection,Deux véhicules - par l’arrière,Plein jour,Normale,Voie Communale,,3,Plat,Partie rectiligne,,64,normale,,Sur chaussée,Conducteur,1,M,76-77,Promenade - loisirs,Casque,Non,1,1,08 - aout,5 - samedi,Angers
,201700030207,2017-08-26,52,9,52045,48.65673,4.96845,Giratoire,Autre,Plein jour,Normale,Voie Communale,,1,Plat,,,,normale,Carrefour aménagé,Sur chaussée,Conducteur,1,M,62-63,Promenade - loisirs,Casque,Oui,1,1,08 - aout,5 - samedi,Bettancourt-la-Ferrée
,201700039158,2017-08-26,92,19,92002,0,0,Intersection en T,Autre,Plein jour,Normale,Voie Communale,,2,Pente,Partie rectiligne,,63,normale,,Sur chaussée,Conducteur,1,M,4-5,Promenade - loisirs,Casque,Non déterminable,1,1,08 - aout,5 - samedi,Antony
,201700002455,2017-08-25,38,16,38507,45.75179,5.19578,Hors intersection,Deux véhicules - par le coté,Plein jour,Temps éblouissant,Route Départementale,,2,Plat,Partie rectiligne,,,normale,Carrefour aménagé,Sur chaussée,Conducteur,2,M,8-9,Promenade - loisirs,Casque,Oui,1,1,08 - aout,4 - vendredi,Tignieu-Jameyzieu
,201700013753,2017-08-25,18,11,18197,46.71609,2.54196,Hors intersection,Autre,Plein jour,Normale,Voie Communale,,2,Plat,Partie rectiligne,,39,normale,,Sur chaussée,Conducteur,0,M,63-64,Promenade - loisirs,Casque,Oui,1,,08 - aout,4 - vendredi,Saint-Amand-Montrond
,201700013753,2017-08-25,18,11,18197,46.71609,2.54196,Hors intersection,Autre,Plein jour,Normale,Voie Communale,,2,Plat,Partie rectiligne,,39,normale,,Sur chaussée,Conducteur,3,M,71-72,Promenade - loisirs,Casque,Oui,1,,08 - aout,4 - vendredi,Saint-Amand-Montrond
,201700016045,2017-08-25,38,8,38126,45.21276,5.76044,Hors intersection,Deux véhicules - par le coté,Plein jour,Normale,Route Départementale,,2,Plat,Partie rectiligne,,59,normale,,Sur chaussée,Conducteur,2,M,54-55,Promenade - loisirs,Casque,Oui,1,1,08 - aout,4 - vendredi,Corenc