test,identifiantAccident,date,departement,heure,commune,lat,lon,typeIntersection,typeCollision,luminosite,conditionsAtmosperiques,typeRoute,circulation,nbVoies,profilLongRoute,tracePlanRoute,largeurTPC,largeurRoute,etatSurface,amenagement,situation,categorieUsager,graviteAccident,sexe,age,motifDeplacement,existenceSecurite,usageSecurite,nombreAutresVehicules,enAgglomeration,mois,jour,NCCENR
,201700018191,2017-08-25,49,9,49219,47.2231,0.04726,Giratoire,Deux véhicules - par le coté,Plein jour,Normale,Route Départementale,,2,Plat,,,15,normale,,,Conducteur,2,M,66-67,Promenade - loisirs,Casque,Oui,1,,08 - aout,4 - vendredi,Montsoreau
,201700018670,2017-08-25,89,15,89321,47.73086,4.22451,Hors intersection,Deux véhicules - frontale,Plein jour,Normale,Voie Communale,,2,Plat,Partie rectiligne,,,normale,,Sur chaussée,Conducteur,2,M,8-9,Promenade - loisirs,Casque,Oui,1,1,08 - aout,4 - vendredi,Ravières
,201700023020,2017-08-25,38,8,38432,45.4004,5.60234,Hors intersection,Deux véhicules - frontale,Plein jour,Normale,Route Départementale,,2,Plat,En courbe à droite,,60,normale,,Sur chaussée,Conducteur,2,F,76-77,Promenade - loisirs,Casque,Non,1,1,08 - aout,4 - vendredi,Saint-Nicolas-de-Macherin
,201700026748,2017-08-25,35,10,35238,48.10465,-1.65038,Hors intersection,Autre,Plein jour,Normale,Voie Communale,,1,Plat,Partie rectiligne,,,normale,,Sur chaussée,Conducteur,1,F,25-26,,Casque,Oui,1,1,08 - aout,4 - vendredi,Rennes
,201700026749,2017-08-25,35,19,35238,48.109,-1.70595,Intersection en X,Autre,Plein jour,Normale,Voie Communale,,1,Plat,Partie rectiligne,,,normale,,Sur chaussée,Conducteur,1,M,9-10,Promenade - loisirs,Casque,Non déterminable,1,1,08 - aout,4 - vendredi,Rennes
,201700031058,2017-08-25,56,17,56260,47.66559,-2.78741,Hors intersection,Deux véhicules - par l’arrière,Plein jour,Normale,Voie Communale,,2,Plat,Partie rectiligne,,,normale,,Sur chaussée,Conducteur,2,M,47-48,Courses - achats,Casque,Oui,1,1,08 - aout,4 - vendredi,Vannes
,201700033243,2017-08-25,64,9,64269,43.30041,-0.31117,Hors intersection,Deux véhicules - par l’arrière,Plein jour,Normale,Voie Communale,,2,Plat,Partie rectiligne,25,33,normale,,Sur piste cyclable,Conducteur,1,M,35-36,,Autre,Non déterminable,1,1,08 - aout,4 - vendredi,Idron
,201700049836,2017-08-25,2B,14,2B033,0,0,Hors intersection,Deux véhicules - par le coté,Plein jour,Normale,Voie Communale,,1,Plat,En courbe à gauche,,,normale,Carrefour aménagé,Sur chaussée,Conducteur,2,M,41-42,Utilisation professionnelle,Casque,Oui,1,1,08 - aout,4 - vendredi,Bastia
,201700054858,2017-08-25,75,9,75112,48.839,2.38921,Intersection en X,Deux véhicules - par le coté,Plein jour,Pluie légère,Voie Communale,,2,Plat,Partie rectiligne,,120,mouillée,,Sur chaussée,Conducteur,1,F,32-33,Utilisation professionnelle,Casque,Oui,1,1,08 - aout,4 - vendredi,Paris 12e  Arrondissement
,201700003129,2017-08-24,67,18,67492,48.5899,7.44867,Hors intersection,Deux véhicules - frontale,Plein jour,Normale,Route Départementale,,2,Sommet de côte,,,15,normale,,,Conducteur,1,M,52-53,Promenade - loisirs,Casque,Oui,1,,08 - aout,3 - jeudi,Traenheim
,201700007766,2017-08-24,6,8,6152,43.64238,7.03512,Giratoire,Deux véhicules - par le coté,Plein jour,Normale,Route Départementale,,2,Plat,,8,10,normale,,,Conducteur,2,M,45-46,Domicile - travail,Casque,Oui,1,1,08 - aout,3 - jeudi,Valbonne
,201700017320,2017-08-24,68,18,68374,48.08545,7.31995,Intersection en Y,Deux véhicules - frontale,Plein jour,Normale,Voie Communale,,2,Plat,Partie rectiligne,,73,normale,,Sur chaussée,Conducteur,1,M,16-17,Promenade - loisirs,Casque,Non,1,1,08 - aout,3 - jeudi,Wintzenheim
,201700020873,2017-08-24,31,17,31588,43.52626,1.33517,Intersection en X,Deux véhicules - frontale,Plein jour,Normale,Voie Communale,,2,Plat,,17,815,enneigée,,,Conducteur,2,M,66-67,,Casque,Non,1,1,08 - aout,3 - jeudi,Villeneuve-Tolosane
,201700021229,2017-08-24,17,8,17300,46.16768,-1.14027,Hors intersection,Deux véhicules - par le coté,Plein jour,Normale,Voie Communale,,1,Plat,Partie rectiligne,,46,normale,,Sur piste cyclable,Conducteur,2,M,30-31,Domicile - travail,Casque,Non,1,1,08 - aout,3 - jeudi,Rochelle
,201700030547,2017-08-24,54,19,54274,48.6703,6.20901,Hors intersection,Deux véhicules - par le coté,Plein jour,Normale,Voie Communale,,1,Plat,Partie rectiligne,,,normale,,Sur chaussée,Conducteur,1,F,29-30,Promenade - loisirs,Casque,Non déterminable,1,1,08 - aout,3 - jeudi,Jarville-la-Malgrange
,201700030547,2017-08-24,54,19,54274,48.6703,6.20901,Hors intersection,Deux véhicules - par le coté,Plein jour,Normale,Voie Communale,,1,Plat,Partie rectiligne,,,normale,,Sur chaussée,Conducteur,0,F,20-21,Promenade - loisirs,Casque,Non déterminable,1,1,08 - aout,3 - jeudi,Jarville-la-Malgrange
,201700034209,2017-08-24,67,15,67204,48.62402,7.76344,Intersection en X,Deux véhicules - par le coté,Plein jour,Normale,Voie Communale,,2,Plat,Partie rectiligne,,70,normale,,,Conducteur,1,M,24-25,Autre,Autre,Non déterminable,1,1,08 - aout,3 - jeudi,Hnheim
,201700050227,2017-08-24,69,22,69382,45.7429,4.82125,Hors intersection,Aucune,Nuit avec éclairage public allumé,Normale,Route Départementale,,2,Plat,Partie rectiligne,,,normale,,Sur piste cyclable,Conducteur,2,F,23-24,Promenade - loisirs,Autre,Non déterminable,,1,08 - aout,3 - jeudi,Lyon 2e  Arrondissement
,201700055241,2017-08-24,75,15,75113,48.8284,2.35662,Intersection en T,Autre,Plein jour,Normale,Voie Communale,,1,Pente,Partie rectiligne,,60,normale,,Sur piste cyclable,Conducteur,0,M,26-27,Domicile - travail,Casque,Non déterminable,,1,08 - aout,3 - jeudi,Paris 13e  Arrondissement
,201700056241,2017-08-24,75,16,75116,48.8623,2.23822,Intersection en X,Deux véhicules - par le coté,Plein jour,Normale,Voie Communale,,1,Plat,En courbe à droite,,,normale,,Sur piste cyclable,Conducteur,1,M,61-62,Promenade - loisirs,Casque,Oui,1,1,08 - aout,3 - jeudi,Paris 16e  Arrondissement
,201700057664,2017-08-24,75,17,75120,48.8579,2.40364,Hors intersection,Deux véhicules - par le coté,Plein jour,Normale,Voie Communale,,3,Pente,Partie rectiligne,,90,normale,,Sur chaussée,Conducteur,1,M,17-18,Promenade - loisirs,Casque,Non déterminable,1,1,08 - aout,3 - jeudi,Paris 20e  Arrondissement
,201700060258,2017-08-24,974,15,97407,-20.94856,55.29382,Hors intersection,Deux véhicules - par l’arrière,Plein jour,Normale,Voie Communale,,1,Plat,Partie rectiligne,100,50,normale,,Sur chaussée,Conducteur,1,M,8-9,Promenade - loisirs,Casque,Non,1,1,08 - aout,3 - jeudi,Port
,201700002994,2017-08-23,3,22,3095,46.12787,3,Intersection en T,Deux véhicules - frontale,Nuit avec éclairage public allumé,Normale,Voie Communale,,1,Pente,Partie rectiligne,,80,normale,,Sur chaussée,Conducteur,1,M,33-34,Promenade - loisirs,Casque,Non,1,1,08 - aout,2 - mercredi,Cusset
,201700005149,2017-08-23,95,9,95142,49.1566,1.9496,Hors intersection,Deux véhicules - par le coté,Plein jour,Normale,Route Départementale,,2,Pente,Partie rectiligne,,,normale,,Sur chaussée,Conducteur,2,M,69-70,Promenade - loisirs,Casque,Oui,1,,08 - aout,2 - mercredi,Chars
,201700020752,2017-08-23,89,8,89291,48.10841,3.28506,Hors intersection,Deux véhicules - par le coté,Plein jour,Normale,Route Départementale,,2,Sommet de côte,En courbe à droite,,,normale,,Sur chaussée,Conducteur,2,M,57-58,Promenade - loisirs,Equipement réfléchissant,Oui,1,,08 - aout,2 - mercredi,Passy
,201700025363,2017-08-23,32,19,32013,43.657,0.58897,Hors intersection,Autre,Plein jour,Normale,Voie Communale,,2,Plat,Partie rectiligne,,59,normale,,Sur chaussée,Conducteur,2,M,39-40,Promenade - loisirs,Casque,Non déterminable,,1,08 - aout,2 - mercredi,Auch
,201700035583,2017-08-23,74,17,74010,45.92317,6.12369,Intersection en Y,Deux véhicules - par le coté,Plein jour,Normale,Voie Communale,,2,Plat,En courbe à droite,40,48,normale,Carrefour aménagé,Sur piste cyclable,Conducteur,2,F,31-32,Promenade - loisirs,Casque,Non déterminable,1,1,08 - aout,2 - mercredi,Annecy
,201700038343,2017-08-23,88,14,88413,48.28483,6.95631,Hors intersection,Aucune,Plein jour,Normale,Voie Communale,,2,Plat,Partie rectiligne,,,normale,,Sur chaussée,Conducteur,1,M,14-15,Promenade - loisirs,Casque,Oui,,1,08 - aout,2 - mercredi,Saint-Dié-des-Vosges
,201700040421,2017-08-23,92,10,92048,48.81006,2.2277,Hors intersection,Aucune,Plein jour,Normale,Hors réseau public,,2,Plat,Partie rectiligne,,50,normale,,Sur chaussée,Conducteur,1,M,33-34,Autre,Autre,Non,,1,08 - aout,2 - mercredi,Meudon
,201700057375,2017-08-23,75,14,75119,48.8889,2.37479,Hors intersection,Aucune,Plein jour,Normale,Voie Communale,,2,Plat,,,,normale,,Sur chaussée,Conducteur,1,M,28-29,,Casque,Oui,,1,08 - aout,2 - mercredi,Paris 19e  Arrondissement
,201700058841,2017-08-23,971,15,97116,0,0,Intersection en Y,Deux véhicules - par le coté,Plein jour,Normale,Route Départementale,,2,Plat,,,10,normale,,,Conducteur,2,M,68-69,Promenade - loisirs,Casque,Non,1,1,08 - aout,2 - mercredi,'Morne-à-l''Eau'
,201700060653,2017-08-23,976,18,97611,-12.77543,45.23121,Hors intersection,Deux véhicules - par l’arrière,Crépuscule ou aube,Normale,Route Nationale,,,Plat,Partie rectiligne,,,normale,,Sur chaussée,Conducteur,1,M,17-18,Autre,Autre,Non déterminable,1,,08 - aout,2 - mercredi,Mamoudzou
,201700003369,2017-08-22,68,16,68247,47.91738,6.94885,Hors intersection,Autre,Plein jour,Normale,Route Départementale,,2,Pente,En courbe à gauche,,63,normale,,Sur accotement,Conducteur,2,M,70-71,Promenade - loisirs,Casque,Oui,,,08 - aout,1 - mardi,Oderen
,201700006498,2017-08-22,7,18,7116,44.63917,4.37172,Hors intersection,Trois véhicules et plus - collisions multiples,Plein jour,Normale,Route Départementale,,2,Plat,Partie rectiligne,,73,normale,,Sur chaussée,Conducteur,1,F,13-14,Promenade - loisirs,Casque,Non,2,1,08 - aout,1 - mardi,Labégude
,201700011708,2017-08-22,48,13,48061,44.34348,3.58273,Hors intersection,Deux véhicules - par le coté,Plein jour,Normale,Route Nationale,,2,Plat,Partie rectiligne,20,80,normale,,Sur chaussée,Conducteur,2,M,55-56,,Casque,Non,1,,08 - aout,1 - mardi,Florac Trois Rivières
,201700012588,2017-08-22,85,7,85128,46.45832,-1.14716,Hors intersection,Deux véhicules - par l’arrière,Plein jour,Normale,Route Départementale,,2,Plat,,,65,normale,,Sur chaussée,Conducteur,3,M,93-94,Promenade - loisirs,Casque,Non,1,1,08 - aout,1 - mardi,Luçon
,201700017383,2017-08-22,68,16,68068,47.63238,7.12146,Intersection en T,Deux véhicules - par le coté,Plein jour,Normale,Route Départementale,,2,Plat,Partie rectiligne,,61,normale,,Sur chaussée,Conducteur,1,M,11-12,Promenade - loisirs,Casque,Oui,1,1,08 - aout,1 - mardi,Dannemarie
,201700019758,2017-08-22,31,8,31150,43.64688,1.33592,Giratoire,Deux véhicules - par le coté,Plein jour,Normale,Route Départementale,,2,Plat,,,15,normale,,,Conducteur,2,M,52-53,Domicile - travail,Casque,Oui,1,1,08 - aout,1 - mardi,Cornebarrieu
,201700021227,2017-08-22,17,8,17300,46.16224,-1.14225,Intersection en T,Deux véhicules - par le coté,Plein jour,Normale,Voie Communale,,2,Plat,Partie rectiligne,,84,normale,,Sur chaussée,Conducteur,1,M,40-41,Domicile - travail,Casque,Non,1,1,08 - aout,1 - mardi,Rochelle
,201700021228,2017-08-22,17,14,17300,46.16169,-1.20276,Giratoire,Deux véhicules - par le coté,Plein jour,Normale,Voie Communale,,2,Plat,Partie rectiligne,,80,normale,,Sur chaussée,Conducteur,1,M,45-46,Utilisation professionnelle,Casque,Non,1,1,08 - aout,1 - mardi,Rochelle
,201700024006,2017-08-22,88,18,88349,48.16989,7.01348,Intersection en T,Deux véhicules - par le coté,Plein jour,Normale,Route Départementale,,2,Pente,Partie rectiligne,,64,normale,,Sur chaussée,Conducteur,2,F,4-5,Promenade - loisirs,Casque,Oui,1,1,08 - aout,1 - mardi,Plainfaing
,201700025981,2017-08-22,49,11,49195,47.0558,-0.80712,Hors intersection,Deux véhicules - par l’arrière,Plein jour,Normale,Route Départementale,,2,Pente,En courbe à gauche,,68,normale,,Sur chaussée,Conducteur,1,M,64-65,Promenade - loisirs,Casque,Oui,1,,08 - aout,1 - mardi,Mazières-en-Mauges
,201700034578,2017-08-22,69,13,69091,45.56821,4.77844,Hors intersection,Autre,Plein jour,Normale,Route Départementale,,2,Pente,En courbe à gauche,,,normale,,Sur chaussée,Conducteur,2,M,15-16,Promenade - loisirs,Casque,Oui,,1,08 - aout,1 - mardi,Givors
,201700036901,2017-08-22,79,9,79329,46.97931,-0.19893,Hors intersection,Deux véhicules - par l’arrière,Plein jour,Normale,Voie Communale,,2,Plat,Partie rectiligne,,60,normale,,Sur chaussée,Conducteur,1,F,46-47,,Autre,Non déterminable,1,1,08 - aout,1 - mardi,Thouars
,201700037131,2017-08-22,82,13,82033,44.05247,1.10109,Intersection en X,Deux véhicules - par le coté,Plein jour,Temps éblouissant,Route Départementale,,2,Plat,Partie rectiligne,,105,normale,Carrefour aménagé,Sur chaussée,Conducteur,2,F,46-47,Promenade - loisirs,Casque,Oui,1,1,08 - aout,1 - mardi,Castelsarrasin
,201700054251,2017-08-22,75,12,75110,48.8753,2.36333,Intersection en T,Deux véhicules - par le coté,Plein jour,Normale,Voie Communale,,1,Pente,Partie rectiligne,,,normale,,,Conducteur,1,F,42-43,Promenade - loisirs,Casque,Non déterminable,1,1,08 - aout,1 - mardi,Paris 10e  Arrondissement
,201700057964,2017-08-22,75,23,75115,48.8494,2.28155,Intersection en X,Deux véhicules - par le coté,Nuit avec éclairage public allumé,Normale,Voie Communale,,6,Plat,Partie rectiligne,10,214,normale,Carrefour aménagé,Sur chaussée,Conducteur,3,M,49-50,,Casque,Non déterminable,1,1,08 - aout,1 - mardi,Paris 15e  Arrondissement
,201700001995,2017-08-21,69,10,69121,45.85685,4.66918,Hors intersection,Deux véhicules - par le coté,Plein jour,Temps éblouissant,Route Départementale,,2,Pente,,,10,normale,,,Conducteur,2,M,58-59,Promenade - loisirs,Casque,Oui,1,1,08 - aout,0 - lundi,Lozanne
,201700002856,2017-08-21,3,13,3185,46.34054,2.59328,Autre intersection,Deux véhicules - par le coté,Plein jour,Normale,Voie Communale,,2,Plat,Partie rectiligne,,100,normale,,Sur chaussée,Conducteur,1,M,47-48,Domicile - travail,Casque,Oui,1,1,08 - aout,0 - lundi,Montluçon
,201700003161,2017-08-21,67,17,67205,48.69776,7.78633,Hors intersection,Deux véhicules - par le coté,Plein jour,Normale,Route Départementale,,2,Plat,,5,10,normale,,,Conducteur,2,F,81-82,Courses - achats,Casque,Non,1,1,08 - aout,0 - lundi,Hrdt
,201700004842,2017-08-21,5,19,5061,44.55786,6.06876,Giratoire,Deux véhicules - par le coté,Plein jour,Normale,Route Départementale,,2,Pente,,,67,normale,Carrefour aménagé,Sur chaussée,Conducteur,2,M,33-34,Promenade - loisirs,Equipement réfléchissant,Non déterminable,1,1,08 - aout,0 - lundi,Gap
,201700007919,2017-08-21,13,18,13029,43.58544,5.04975,Hors intersection,Deux véhicules - par le coté,Plein jour,Normale,Route Départementale,,2,Pente,Partie rectiligne,,43,normale,,Sur chaussée,Conducteur,2,M,41-42,Promenade - loisirs,Casque,Oui,1,,08 - aout,0 - lundi,Cornillon-Confoux
,201700013827,2017-08-21,73,15,73059,45.73276,5.8893,Intersection en T,Deux véhicules - par le coté,Plein jour,Normale,Route Départementale,,2,,,,,,,Sur chaussée,Conducteur,2,M,41-42,Promenade - loisirs,Casque,Oui,1,,08 - aout,0 - lundi,Brison-Saint-Innocent
,201700014068,2017-08-21,45,11,45224,48.0707,2.06185,Hors intersection,Deux véhicules - par l’arrière,Plein jour,Normale,Route Départementale,,2,Plat,Partie rectiligne,,69,normale,,Sur chaussée,Conducteur,3,M,71-72,Courses - achats,Autre,Non,1,1,08 - aout,0 - lundi,Neuville-aux-Bois
,201700016996,2017-08-21,25,8,25258,47.22983,5.9382,Intersection en Y,Deux véhicules - frontale,Plein jour,Normale,Voie Communale,Avec voies d’affectation variable,,,,,,,,,Conducteur,2,M,24-25,Domicile - travail,Equipement réfléchissant,Oui,1,1,08 - aout,0 - lundi,Franois
,201700021226,2017-08-21,17,8,17300,46.15939,-1.16364,Hors intersection,Deux véhicules - par le coté,Plein jour,Temps éblouissant,Voie Communale,,2,Plat,Partie rectiligne,,74,normale,,Sur piste cyclable,Conducteur,1,M,19-20,Domicile - travail,Casque,Non,1,1,08 - aout,0 - lundi,Rochelle
,201700022770,2017-08-21,59,10,59056,50.60464,2.9169,Hors intersection,Deux véhicules - par le coté,Plein jour,Normale,Route Départementale,,2,Plat,Partie rectiligne,,,normale,,Sur chaussée,Conducteur,2,F,46-47,Promenade - loisirs,Casque,Oui,1,1,08 - aout,0 - lundi,Beaucamps-Ligny
,201700029394,2017-08-21,49,9,49007,47.47494,-0.52911,Hors intersection,Aucune,Plein jour,Normale,Voie Communale,,2,Plat,Partie rectiligne,,,normale,,Sur chaussée,Conducteur,1,F,56-57,Domicile - travail,Casque,Oui,,1,08 - aout,0 - lundi,Angers
,201700041106,2017-08-21,92,15,92072,48.82485,2.21444,Hors intersection,Autre,Plein jour,Normale,Route Départementale,,4,Plat,Partie rectiligne,,168,normale,,Sur chaussée,Conducteur,2,M,45-46,Domicile - travail,Casque,Oui,1,1,08 - aout,0 - lundi,Sèvres
,201700055239,2017-08-21,75,20,75113,48.8259,2.35207,Hors intersection,Deux véhicules - par le coté,Crépuscule ou aube,Normale,Voie Communale,,3,Plat,Partie rectiligne,,110,normale,,Sur chaussée,Conducteur,1,M,38-39,Promenade - loisirs,Casque,Non déterminable,1,1,08 - aout,0 - lundi,Paris 13e  Arrondissement
,201700057050,2017-08-21,75,14,75118,48.9005,2.34411,Intersection en Y,Deux véhicules - par l’arrière,Plein jour,Normale,Voie Communale,,3,Plat,Partie rectiligne,10,150,normale,,,Conducteur,1,M,24-25,,Casque,Non déterminable,1,1,08 - aout,0 - lundi,Paris 18e  Arrondissement
,201700057962,2017-08-21,75,16,75114,48.8357,2.31847,Hors intersection,Autre,Plein jour,Normale,Voie Communale,,1,Plat,Partie rectiligne,,47,normale,,Sur chaussée,Conducteur,0,M,58-59,Promenade - loisirs,Casque,Non déterminable,,1,08 - aout,0 - lundi,Paris 14e  Arrondissement
,201700011548,2017-08-20,88,5,88447,47.95733,6.74364,Hors intersection,Deux véhicules - par l’arrière,Crépuscule ou aube,Normale,Route Départementale,,2,Plat,Partie rectiligne,,75,normale,,Sur chaussée,Conducteur,2,F,52-53,Domicile - travail,Casque,Non,1,,08 - aout,6 - dimanche,Saulxures-sur-Moselotte
,201700015632,2017-08-20,15,19,15261,45.21247,2.37455,Hors intersection,Deux véhicules - frontale,Plein jour,Normale,Route Départementale,,2,Plat,Partie rectiligne,,54,normale,,Sur chaussée,Conducteur,3,M,44-45,Promenade - loisirs,Casque,Oui,1,,08 - aout,6 - dimanche,Vigean
,201700016609,2017-08-20,29,9,29185,48.6559,-4.1788,Intersection en X,Deux véhicules - par le coté,Plein jour,Normale,Voie Communale,,,,,,,,,,Conducteur,2,M,67-68,Promenade - loisirs,Casque,Oui,1,1,08 - aout,6 - dimanche,Plouescat
,201700020313,2017-08-20,56,17,56186,47.48283,-3.09724,Hors intersection,Autre,Plein jour,Normale,Voie Communale,,2,Plat,,,,normale,,Sur piste cyclable,Conducteur,0,M,72-73,Promenade - loisirs,Casque,Non,,,08 - aout,6 - dimanche,Quiberon
,201700020313,2017-08-20,56,17,56186,47.48283,-3.09724,Hors intersection,Autre,Plein jour,Normale,Voie Communale,,2,Plat,,,,normale,,Sur piste cyclable,Piéton,2,F,53-54,Promenade - loisirs,Autre,Non,,,08 - aout,6 - dimanche,Quiberon
,201700020738,2017-08-20,95,11,95365,49.0686,2.4348,Intersection en T,Deux véhicules - frontale,Plein jour,Normale,Route Départementale,,2,Plat,Partie rectiligne,,,normale,Carrefour aménagé,Sur chaussée,Conducteur,3,M,70-71,Promenade - loisirs,Casque,Oui,1,,08 - aout,6 - dimanche,Mareil-en-France
,201700022474,2017-08-20,22,5,22278,48.51011,-2.74636,Hors intersection,Deux véhicules - par l’arrière,Nuit avec éclairage public allumé,Normale,Voie Communale,,2,Plat,Partie rectiligne,,50,normale,,Sur chaussée,Conducteur,1,M,26-27,,Casque,Oui,1,1,08 - aout,6 - dimanche,Saint-Brieuc
,201700029393,2017-08-20,49,15,49007,47.47793,-0.54612,Hors intersection,Deux véhicules - par le coté,Plein jour,Normale,Voie Communale,,3,Plat,Partie rectiligne,,80,normale,,Sur chaussée,Conducteur,1,M,16-17,,Casque,Oui,1,1,08 - aout,6 - dimanche,Angers
,201700054852,2017-08-20,75,18,75112,48.8337,2.4451,Intersection en X,Aucune,Plein jour,Normale,Voie Communale,,1,Plat,Partie rectiligne,,50,normale,,Sur piste cyclable,Conducteur,2,M,48-49,Promenade - loisirs,Casque,Oui,,1,08 - aout,6 - dimanche,Paris 12e  Arrondissement
,201700057373,2017-08-20,75,17,75119,48.8871,2.37548,Intersection en T,Autre,Plein jour,Normale,Voie Communale,,,Plat,Partie rectiligne,,,normale,Zone piétonne,Sur piste cyclable,Conducteur,0,F,28-29,Domicile - travail,Casque,Oui,,1,08 - aout,6 - dimanche,Paris 19e  Arrondissement
,201700004381,2017-08-19,34,16,34272,43.65809,4.11294,Hors intersection,Deux véhicules - par le coté,Plein jour,Normale,Route Départementale,,2,Plat,Partie rectiligne,,,normale,,Sur chaussée,Conducteur,2,M,59-60,Promenade - loisirs,Casque,Oui,1,,08 - aout,5 - samedi,Saint-Just
,201700012872,2017-08-19,24,9,24482,45.314,0.2776,Intersection en X,Deux véhicules - frontale,Plein jour,Normale,Route Départementale,,2,Plat,,,10,normale,,,Conducteur,2,M,39-40,Promenade - loisirs,Casque,Oui,1,,08 - aout,5 - samedi,Saint-Paul-Lizonne
,201700013855,2017-08-19,73,13,73153,45.73225,6.41361,Hors intersection,Aucune,Plein jour,Temps éblouissant,Voie Communale,,2,Pente,En courbe à droite,,,normale,,Sur chaussée,Conducteur,2,F,17-18,Promenade - loisirs,Casque,Non,,,08 - aout,5 - samedi,Marthod
,201700026741,2017-08-19,35,20,35238,48.1172,-1.68083,Intersection en X,Deux véhicules - frontale,Plein jour,Normale,Voie Communale,,1,Sommet de côte,Partie rectiligne,,,normale,,Sur chaussée,Conducteur,1,M,25-26,,Autre,Oui,1,1,08 - aout,5 - samedi,Rennes
,201700027344,2017-08-19,37,11,37208,47.34209,0.73746,Giratoire,Deux véhicules - par le coté,Plein jour,Normale,Voie Communale,,2,Plat,Partie rectiligne,,,normale,,Sur chaussée,Conducteur,1,M,18-19,Domicile - travail,Casque,Non,1,1,08 - aout,5 - samedi,Saint-Avertin
,201700034814,2017-08-19,69,9,69029,45.72977,4.91675,Intersection en T,Deux véhicules - par le coté,Plein jour,Normale,Route Départementale,,2,Plat,Partie rectiligne,,60,normale,,Sur chaussée,Conducteur,2,F,73-74,,Casque,Non,1,1,08 - aout,5 - samedi,Bron
,201700035240,2017-08-19,12,18,12300,0,0,Hors intersection,Deux véhicules - par le coté,Plein jour,Normale,Route Départementale,,3,Pente,,,10,normale,,,Conducteur,2,M,14-15,,Casque,Oui,1,1,08 - aout,5 - samedi,Villefranche-de-Rouergue
,201700037516,2017-08-19,83,16,83144,43.1418,6.00209,Intersection en T,Deux véhicules - par le coté,Plein jour,Normale,Route Départementale,,2,Pente,En courbe à droite,,150,normale,Carrefour aménagé,Sur chaussée,Conducteur,2,M,51-52,Promenade - loisirs,Casque,Oui,1,1,08 - aout,5 - samedi,Valette-du-Var
,201700038191,2017-08-19,87,16,87085,45.9129,1.30257,Hors intersection,Autre,Plein jour,Normale,Voie Communale,,2,,Partie rectiligne,,60,normale,,Sur chaussée,Conducteur,2,M,8-9,Promenade - loisirs,Casque,Non,1,1,08 - aout,5 - samedi,Limoges
,201700056238,2017-08-19,75,10,75116,48.863,2.26851,Intersection en X,Deux véhicules - par le coté,Plein jour,Normale,Voie Communale,,2,Plat,Partie rectiligne,,,normale,,Sur chaussée,Conducteur,1,M,58-59,,Casque,Non déterminable,1,1,08 - aout,5 - samedi,Paris 16e  Arrondissement
,201700060268,2017-08-19,974,1,97407,-20.93865,55.29672,Hors intersection,Deux véhicules - par l’arrière,Nuit avec éclairage public allumé,Normale,Voie Communale,,2,Plat,Partie rectiligne,,60,normale,,Sur chaussée,Conducteur,1,M,23-24,Promenade - loisirs,Autre,Oui,1,1,08 - aout,5 - samedi,Port
,201700001158,2017-08-18,85,19,85035,46.62238,-1.87269,Hors intersection,Deux véhicules - par l’arrière,Plein jour,Normale,Voie Communale,,2,Plat,Partie rectiligne,,50,normale,,Sur chaussée,Conducteur,0,M,14-15,Promenade - loisirs,Autre,Non déterminable,1,1,08 - aout,4 - vendredi,Bretignolles-sur-Mer
,201700007200,2017-08-18,38,16,38177,45.07014,6.04602,Hors intersection,Aucune,Plein jour,Normale,Route Départementale,,2,Pente,En courbe à droite,,93,normale,,Sur chaussée,Conducteur,2,M,34-35,Promenade - loisirs,Casque,Oui,,,08 - aout,4 - vendredi,Garde
,201700013332,2017-08-18,7,10,7085,45.03288,4.62156,Hors intersection,Deux véhicules - par le coté,Plein jour,Normale,Route Départementale,,2,Plat,,6,510,normale,,,Conducteur,2,M,70-71,Promenade - loisirs,Casque,Oui,1,,08 - aout,4 - vendredi,Empurany
,201700014545,2017-08-18,5,16,5046,44.55778,6.46818,Hors intersection,Aucune,Plein jour,Normale,Route Départementale,,2,Pente,Partie rectiligne,,53,normale,,Sur accotement,Conducteur,2,M,66-67,Promenade - loisirs,Casque,Oui,,,08 - aout,4 - vendredi,Embrun
,201700019680,2017-08-18,2B,18,2B318,42.4345,9.47707,Hors intersection,Aucune,Plein jour,Normale,Route Départementale,,2,Pente,En courbe à gauche,,32,normale,,Sur chaussée,Conducteur,2,M,50-51,Promenade - loisirs,Casque,Non,,,08 - aout,4 - vendredi,Taglio-Isolaccio
,201700029722,2017-08-18,50,13,50129,49.62977,-1.65068,Hors intersection,Deux véhicules - par le coté,Plein jour,Normale,Voie Communale,,2,Pente,Partie rectiligne,,,normale,,Sur chaussée,Conducteur,1,M,18-19,Promenade - loisirs,Casque,Non,1,1,08 - aout,4 - vendredi,Cherbourg-en-Cotentin
,201700030896,2017-08-18,56,18,56121,47.74994,-3.3664,Giratoire,Deux véhicules - par le coté,Plein jour,Normale,Voie Communale,,2,Plat,Partie rectiligne,,,normale,,Sur chaussée,Conducteur,1,F,22-23,Utilisation professionnelle,Casque,Oui,1,1,08 - aout,4 - vendredi,Lorient
,201700032356,2017-08-18,60,14,60382,49.42438,2.81559,Intersection en T,Deux véhicules - par le coté,Plein jour,Normale,Voie Communale,,2,Plat,Partie rectiligne,,54,normale,,Sur chaussée,Conducteur,2,M,18-19,Promenade - loisirs,Autre,Non déterminable,1,1,08 - aout,4 - vendredi,Margny-lès-Compiègne
,201700032479,2017-08-18,17,18,17010,46.10704,-1.11581,Hors intersection,Deux véhicules - frontale,Plein jour,Normale,Autre,,2,Plat,En courbe à gauche,,30,normale,,Sur piste cyclable,Conducteur,1,M,19-20,Domicile - travail,Casque,Non,1,1,08 - aout,4 - vendredi,Angoulins