test,identifiantAccident,date,departement,heure,commune,lat,lon,typeIntersection,typeCollision,luminosite,conditionsAtmosperiques,typeRoute,circulation,nbVoies,profilLongRoute,tracePlanRoute,largeurTPC,largeurRoute,etatSurface,amenagement,situation,categorieUsager,graviteAccident,sexe,age,motifDeplacement,existenceSecurite,usageSecurite,nombreAutresVehicules,enAgglomeration,mois,jour,NCCENR
,201700032479,2017-08-18,17,18,17010,46.10704,-1.11581,Hors intersection,Deux véhicules - frontale,Plein jour,Normale,Autre,,2,Plat,En courbe à gauche,,30,normale,,Sur piste cyclable,Conducteur,3,F,76-77,Promenade - loisirs,Casque,Non,1,1,08 - aout,4 - vendredi,Angoulins
,201700032950,2017-08-18,64,11,64024,43.52044,-1.50238,Hors intersection,Aucune,Plein jour,Normale,Voie Communale,,4,Plat,Partie rectiligne,,80,normale,,Sur piste cyclable,Conducteur,2,F,56-57,Promenade - loisirs,Casque,Oui,1,1,08 - aout,4 - vendredi,Anglet
,201700033043,2017-08-18,64,19,64122,43.46114,-1.54933,Hors intersection,Deux véhicules - par le coté,Plein jour,Temps couvert,Voie Communale,,2,Pente,Partie rectiligne,,80,normale,,Sur chaussée,Conducteur,1,M,19-20,Domicile - travail,Casque,Non,1,1,08 - aout,4 - vendredi,Biarritz
,201700044746,2017-08-18,94,8,94021,0,0,Hors intersection,Deux véhicules - par le coté,Plein jour,Pluie légère,Route Nationale,,2,Plat,Partie rectiligne,,,mouillée,,Sur chaussée,Conducteur,1,M,26-27,,Casque,Non déterminable,1,1,08 - aout,4 - vendredi,Chevilly-Larue
,201700059242,2017-08-18,974,18,97414,-21.33321,55.47368,Intersection en T,Deux véhicules - frontale,Nuit sans éclairage public,Normale,Route Départementale,,2,Pente,,,10,normale,,,Conducteur,2,M,12-13,Promenade - loisirs,Casque,Non,1,1,08 - aout,4 - vendredi,Saint-Louis
,201700059242,2017-08-18,974,18,97414,-21.33321,55.47368,Intersection en T,Deux véhicules - frontale,Nuit sans éclairage public,Normale,Route Départementale,,2,Pente,,,10,normale,,,Passager,1,M,12-13,Promenade - loisirs,Casque,Non,1,1,08 - aout,4 - vendredi,Saint-Louis
,201700002316,2017-08-17,38,9,38545,45.04841,5.66844,Hors intersection,Autre,Plein jour,Normale,Route Départementale,,2,Bas de côte,En courbe à droite,,,normale,,Sur chaussée,Conducteur,1,M,40-41,Promenade - loisirs,Casque,Oui,,1,08 - aout,3 - jeudi,Vif
,201700011685,2017-08-17,52,17,52550,48.49679,4.93719,Autre intersection,Deux véhicules - par le coté,Plein jour,Normale,Route Départementale,,2,Pente,,,10,normale,,,Conducteur,2,F,22-23,Promenade - loisirs,Casque,Oui,1,1,08 - aout,3 - jeudi,Wassy
,201700015418,2017-08-17,70,14,70413,47.75147,6.72643,Hors intersection,Deux véhicules - frontale,Plein jour,Normale,Route Départementale,,2,Pente,,,62,normale,,Sur chaussée,Conducteur,2,M,59-60,Promenade - loisirs,Casque,Oui,1,,08 - aout,3 - jeudi,Plancher-Bas
,201700024334,2017-08-17,11,8,11164,43.28986,2.86841,Hors intersection,Deux véhicules - par l’arrière,Plein jour,Normale,Route Départementale,,2,Plat,Partie rectiligne,,60,normale,,Sur chaussée,Conducteur,2,M,72-73,Promenade - loisirs,Casque,Oui,1,,08 - aout,3 - jeudi,Ginestas
,201700024861,2017-08-17,31,9,31555,43.60954,1.45449,Intersection en X,Deux véhicules - par le coté,Plein jour,Normale,Voie Communale,,4,Plat,Partie rectiligne,,,normale,Pont - autopont,Sur chaussée,Conducteur,1,F,33-34,Domicile - travail,Autre,Non,1,1,08 - aout,3 - jeudi,Toulouse
,201700038190,2017-08-17,87,18,87085,45.8376,1.24,Hors intersection,Autre,Plein jour,Normale,Voie Communale,,5,Plat,Partie rectiligne,,130,normale,,Sur chaussée,Conducteur,1,M,45-46,Promenade - loisirs,Casque,Oui,1,1,08 - aout,3 - jeudi,Limoges
,201700039055,2017-08-17,91,14,91692,48.67779,2.17103,Hors intersection,Deux véhicules - par le coté,Plein jour,Normale,Voie Communale,,2,Plat,Partie rectiligne,,70,normale,,Sur chaussée,Conducteur,1,F,45-46,Autre,Autre,Non déterminable,1,1,08 - aout,3 - jeudi,Ulis
,201700000813,2017-08-16,50,21,50099,49.30179,-1.2623,Hors intersection,Aucune,Crépuscule ou aube,Normale,Autre,,2,Plat,Partie rectiligne,,70,normale,,Sur accotement,Conducteur,2,M,50-51,Promenade - loisirs,Casque,Non,,1,08 - aout,2 - mercredi,Carentan les Marais
,201700014086,2017-08-16,60,15,60542,49.40492,2.1824,Intersection en X,Autre,Plein jour,Normale,Route Départementale,,2,Plat,,,10,enneigée,,Sur piste cyclable,Conducteur,3,M,63-64,Promenade - loisirs,Casque,Oui,,1,08 - aout,2 - mercredi,Rochy-Condé
,201700017287,2017-08-16,22,15,22247,48.74223,-3.24497,Hors intersection,Aucune,Plein jour,Normale,Voie Communale,,2,Pente,Partie rectiligne,,49,normale,,,Conducteur,2,F,10-11,Promenade - loisirs,Casque,Oui,,,08 - aout,2 - mercredi,Pommerit-Jaudy
,201700018368,2017-08-16,61,14,61380,48.5209,-0.55278,Hors intersection,Deux véhicules - par le coté,Plein jour,Normale,Route Départementale,,2,Plat,Partie rectiligne,,,normale,,Sur chaussée,Conducteur,2,M,7-8,Promenade - loisirs,Casque,Non,1,,08 - aout,2 - mercredi,Saint-Denis-de-Villenette
,201700020026,2017-08-16,67,15,67191,49.02568,7.09757,Hors intersection,Aucune,Plein jour,Temps éblouissant,Route Départementale,,2,Plat,Partie rectiligne,,50,normale,,Sur chaussée,Conducteur,2,M,52-53,Promenade - loisirs,Casque,Oui,,,08 - aout,2 - mercredi,Herbitzheim
,201700028200,2017-08-16,43,16,43046,0,0,Hors intersection,Autre,Plein jour,Normale,Voie Communale,,2,Plat,Partie rectiligne,,25,normale,,Sur chaussée,Conducteur,0,M,13-14,Promenade - loisirs,Casque,Oui,,1,08 - aout,2 - mercredi,Chadrac
,201700031963,2017-08-16,59,14,59512,50.69297,3.19739,Hors intersection,Deux véhicules - par le coté,Plein jour,Normale,Voie Communale,,2,Plat,Partie rectiligne,,60,normale,,Sur chaussée,Conducteur,2,F,12-13,Promenade - loisirs,Autre,Non,1,1,08 - aout,2 - mercredi,Roubaix
,201700032299,2017-08-16,60,20,60057,49.45335,2.07325,Hors intersection,Deux véhicules - par le coté,Crépuscule ou aube,Normale,Voie Communale,,1,Sommet de côte,En courbe à gauche,,,,,Sur chaussée,Conducteur,2,F,9-10,Promenade - loisirs,Casque,Non,1,1,08 - aout,2 - mercredi,Beauvais
,201700033651,2017-08-16,66,18,66136,42.68111,2.89388,Giratoire,Deux véhicules - par le coté,Plein jour,Normale,Voie Communale,,2,Plat,Partie rectiligne,,100,normale,Carrefour aménagé,Sur chaussée,Conducteur,1,F,18-19,Domicile - travail,Equipement réfléchissant,Oui,1,1,08 - aout,2 - mercredi,Perpignan
,201700034203,2017-08-16,67,11,67482,48.59497,7.71845,Hors intersection,Deux véhicules - par l’arrière,Plein jour,Normale,Voie Communale,,2,Plat,Partie rectiligne,,57,normale,,Sur chaussée,Conducteur,1,M,12-13,,Casque,Non déterminable,1,1,08 - aout,2 - mercredi,Strasbourg
,201700034809,2017-08-16,69,11,69256,45.77134,4.90844,Hors intersection,Deux véhicules - par le coté,Plein jour,Normale,Voie Communale,,2,Plat,Partie rectiligne,10,59,normale,,Sur chaussée,Conducteur,2,M,45-46,Domicile - travail,Casque,Non,1,1,08 - aout,2 - mercredi,Vaulx-en-Velin
,201700035747,2017-08-16,76,16,76217,49.90807,1.0727,Intersection en X,Deux véhicules - par l’arrière,Plein jour,Normale,Voie Communale,,2,Plat,Partie rectiligne,,70,normale,,,Conducteur,1,M,63-64,Promenade - loisirs,Casque,Non déterminable,1,,08 - aout,2 - mercredi,Dieppe
,201700035903,2017-08-16,76,15,76351,49.50532,0.11816,Intersection en T,Deux véhicules - par le coté,Plein jour,Normale,Voie Communale,,2,Pente,Partie rectiligne,,99,normale,,Sur chaussée,Conducteur,1,M,10-11,Promenade - loisirs,Casque,Non,1,1,08 - aout,2 - mercredi,Havre
,201700039156,2017-08-16,92,12,92002,0,0,Intersection en X,Autre,Plein jour,Normale,Route Départementale,,2,Plat,Partie rectiligne,,151,normale,Carrefour aménagé,Sur chaussée,Conducteur,1,M,46-47,Promenade - loisirs,Autre,Oui,1,1,08 - aout,2 - mercredi,Antony
,201700039156,2017-08-16,92,12,92002,0,0,Intersection en X,Autre,Plein jour,Normale,Route Départementale,,2,Plat,Partie rectiligne,,151,normale,Carrefour aménagé,Sur chaussée,Conducteur,1,F,12-13,Promenade - loisirs,Autre,Oui,1,1,08 - aout,2 - mercredi,Antony
,201700042743,2017-08-16,93,10,93051,48.84971,2.55289,Hors intersection,Deux véhicules - par le coté,Plein jour,Normale,Voie Communale,,2,Pente,Partie rectiligne,,50,normale,,Sur chaussée,Conducteur,1,M,56-57,Utilisation professionnelle,Casque,Non déterminable,1,1,08 - aout,2 - mercredi,Noisy-le-Grand
,201700053110,2017-08-16,75,14,75104,48.8542,2.364,Hors intersection,Autre,Plein jour,Normale,Voie Communale,,4,Plat,Partie rectiligne,,,normale,,Sur chaussée,Conducteur,1,F,28-29,Promenade - loisirs,Casque,Non déterminable,1,1,08 - aout,2 - mercredi,Paris 4e  Arrondissement
,201700054249,2017-08-16,75,7,75110,48.8762,2.35611,Intersection en Y,Deux véhicules - par le coté,Plein jour,Normale,Voie Communale,,,Plat,Partie rectiligne,,,normale,,Sur piste cyclable,Conducteur,1,M,37-38,Domicile - travail,Casque,Non déterminable,1,1,08 - aout,2 - mercredi,Paris 10e  Arrondissement
,201700054851,2017-08-16,75,6,75112,48.8432,2.37439,Hors intersection,Deux véhicules - par le coté,Nuit avec éclairage public allumé,Normale,Voie Communale,,4,Plat,Partie rectiligne,,,normale,,Sur chaussée,Conducteur,1,M,41-42,Domicile - travail,Casque,Non déterminable,1,1,08 - aout,2 - mercredi,Paris 12e  Arrondissement
,201700060031,2017-08-16,973,17,97302,4.92771,-52.29175,Hors intersection,Deux véhicules - frontale,Plein jour,Normale,Voie Communale,,2,Plat,Partie rectiligne,,,normale,,Sur piste cyclable,Conducteur,2,M,26-27,Autre,Autre,Non déterminable,1,1,08 - aout,2 - mercredi,Cayenne
,201700001508,2017-08-15,17,17,17121,46.19677,-1.42684,Hors intersection,Aucune,Plein jour,Normale,Voie Communale,,2,Plat,Partie rectiligne,,49,normale,,Sur accotement,Conducteur,2,F,48-49,Promenade - loisirs,Casque,Non,,,08 - aout,1 - mardi,Couarde-sur-Mer
,201700006483,2017-08-15,13,11,13040,43.44576,5.5774,Hors intersection,Deux véhicules - par le coté,Plein jour,Normale,Route Départementale,,2,Pente,Partie rectiligne,,65,normale,,Sur chaussée,Conducteur,1,M,61-62,Promenade - loisirs,Casque,Oui,1,,08 - aout,1 - mardi,Fuveau
,201700014476,2017-08-15,50,18,50605,48.97344,-1.40762,Hors intersection,Deux véhicules - par l’arrière,Plein jour,Normale,Route Départementale,,2,Pente,Partie rectiligne,,,normale,,Sur chaussée,Conducteur,2,F,13-14,Promenade - loisirs,Autre,Non,1,,08 - aout,1 - mardi,Trelly
,201700015510,2017-08-15,1,10,1123,46.24183,4.81964,Hors intersection,Deux véhicules - par le coté,Plein jour,Normale,Route Départementale,,2,Plat,Partie rectiligne,,,normale,,Sur chaussée,Conducteur,2,M,67-68,Promenade - loisirs,Casque,Oui,1,,08 - aout,1 - mardi,Cormoranche-sur-Saône
,201700027337,2017-08-15,37,17,37122,47.356,0.698,Intersection en T,Deux véhicules - par le coté,Plein jour,Normale,Route Départementale,,5,Plat,Partie rectiligne,,,normale,,,Conducteur,1,M,10-11,Promenade - loisirs,Casque,Non,1,1,08 - aout,1 - mardi,Joué-lès-Tours
,201700031355,2017-08-15,2A,9,2A362,41.74982,9.17061,Hors intersection,Aucune,Plein jour,Normale,Route Départementale,,2,Sommet de côte,Partie rectiligne,,78,normale,,Sur chaussée,Conducteur,3,M,57-58,Promenade - loisirs,Casque,Non,,1,08 - aout,1 - mardi,Zonza
,201700039935,2017-08-15,92,17,92025,48.91632,2.2341,Hors intersection,Autre,Plein jour,Normale,Voie Communale,,,,,,,,,Sur chaussée,Conducteur,1,M,19-20,Promenade - loisirs,Autre,Non déterminable,1,1,08 - aout,1 - mardi,Colombes
,201700053840,2017-08-15,75,18,75108,48.8822,2.32171,Intersection en T,Autre,Plein jour,Normale,Voie Communale,,2,Plat,Partie rectiligne,,80,normale,,,Conducteur,0,M,22-23,Promenade - loisirs,Casque,Oui,,1,08 - aout,1 - mardi,Paris 8e  Arrondissement
,201700000636,2017-08-14,22,18,22353,48.82321,-3.50301,Intersection en T,Deux véhicules - par le coté,Plein jour,Normale,Route Départementale,,2,Plat,,,10,normale,Carrefour aménagé,Sur chaussée,Conducteur,1,M,50-51,Promenade - loisirs,Casque,Oui,1,1,08 - aout,0 - lundi,Trégastel
,201700002993,2017-08-14,3,9,3310,46.12183,3.41452,Intersection en T,Deux véhicules - par le coté,Plein jour,Normale,Voie Communale,,2,Plat,Partie rectiligne,,80,normale,,Sur chaussée,Conducteur,2,F,67-68,Promenade - loisirs,Casque,Oui,1,1,08 - aout,0 - lundi,Vichy
,201700003317,2017-08-14,68,18,68163,47.68567,7.50179,Intersection en T,Deux véhicules - par le coté,Crépuscule ou aube,Normale,Voie Communale,,2,Plat,,6,10,normale,,,Conducteur,2,M,16-17,Promenade - loisirs,Casque,Non,1,1,08 - aout,0 - lundi,Kembs
,201700008782,2017-08-14,13,15,13028,43.18887,5.62876,Intersection en T,Deux véhicules - par le coté,Plein jour,Normale,Voie Communale,,2,Plat,Partie rectiligne,,,normale,,,Conducteur,2,M,13-14,Promenade - loisirs,Autre,Non déterminable,1,1,08 - aout,0 - lundi,Ciotat
,201700014987,2017-08-14,72,10,72154,47.68926,-0.06464,Hors intersection,Deux véhicules - par le coté,Plein jour,Normale,Voie Communale,,2,Plat,,,10,normale,,,Conducteur,1,M,68-69,Promenade - loisirs,Casque,Oui,1,,08 - aout,0 - lundi,Flèche
,201700015139,2017-08-14,14,19,14557,49.33596,0.09183,Intersection en X,Aucune,Plein jour,Normale,Route Départementale,,2,Plat,Partie rectiligne,,,normale,,Sur chaussée,Conducteur,1,M,47-48,Promenade - loisirs,Casque,Oui,1,1,08 - aout,0 - lundi,Saint-Arnoult
,201700015878,2017-08-14,2,15,2645,49.05864,3.55994,Intersection en T,Autre,Plein jour,Normale,Voie Communale,,2,,,,,,,Sur accotement,Conducteur,2,M,8-9,Promenade - loisirs,Casque,Non,,1,08 - aout,0 - lundi,Reuilly-Sauvigny
,201700017546,2017-08-14,34,11,34283,43.78518,3.4153,Hors intersection,Aucune,Plein jour,Normale,Route Départementale,,2,Sommet de côte,En « S »,,,normale,,Sur accotement,Conducteur,2,M,58-59,Promenade - loisirs,Casque,Oui,,,08 - aout,0 - lundi,Saint-Pierre-de-la-Fage
,201700020123,2017-08-14,74,11,74267,45.85551,6.13807,Hors intersection,Autre,Plein jour,Normale,Autre,,2,Plat,Partie rectiligne,,,normale,,Sur piste cyclable,Conducteur,2,M,64-65,Promenade - loisirs,Casque,Oui,1,,08 - aout,0 - lundi,Sévrier
,201700020312,2017-08-14,56,9,56186,47.47767,-3.12874,Giratoire,Deux véhicules - par le coté,Plein jour,Normale,Route Départementale,,2,Plat,En courbe à gauche,,15,normale,Carrefour aménagé,Sur chaussée,Conducteur,2,F,74-75,Courses - achats,Autre,Non,1,1,08 - aout,0 - lundi,Quiberon
,201700021221,2017-08-14,17,13,17300,46.14998,-1.20608,Hors intersection,Deux véhicules - par le coté,Plein jour,Normale,Voie Communale,,2,Plat,Partie rectiligne,,70,normale,,Sur chaussée,Conducteur,1,M,86-87,Promenade - loisirs,Casque,Non,1,1,08 - aout,0 - lundi,Rochelle
,201700034201,2017-08-14,67,14,67482,48.58138,7.76896,Hors intersection,Autre,Plein jour,Normale,Voie Communale,,2,Plat,Partie rectiligne,158,52,normale,,Sur piste cyclable,Conducteur,0,M,24-25,,Equipement réfléchissant,Oui,,1,08 - aout,0 - lundi,Strasbourg
,201700036149,2017-08-14,76,13,76681,49.40357,1.08527,Intersection en X,Deux véhicules - par le coté,Plein jour,Normale,Voie Communale,Avec voies d’affectation variable,,,,,,,,,Conducteur,1,M,71-72,Promenade - loisirs,Casque,Non déterminable,1,1,08 - aout,0 - lundi,Sotteville-lès-Rouen
,201700054848,2017-08-14,75,12,75112,48.8356,2.3925,Hors intersection,Trois véhicules et plus - en chaîne,Plein jour,Normale,Voie Communale,,2,Pente,Partie rectiligne,,60,normale,,Sur chaussée,Conducteur,1,M,38-39,Promenade - loisirs,Casque,Non déterminable,2,1,08 - aout,0 - lundi,Paris 12e  Arrondissement
,201700055828,2017-08-14,75,17,75115,48.8468,2.28568,Place,Autre,Plein jour,Normale,Voie Communale,,,Plat,Partie rectiligne,20,90,normale,Carrefour aménagé,Sur chaussée,Conducteur,0,M,25-26,Domicile - travail,Casque,Non déterminable,,1,08 - aout,0 - lundi,Paris 15e  Arrondissement
,201700010187,2017-08-13,13,2,13055,43.29298,5.37049,Hors intersection,Deux véhicules - par l’arrière,Nuit avec éclairage public allumé,Normale,Voie Communale,,3,Plat,Partie rectiligne,,90,normale,,Sur chaussée,Conducteur,1,M,31-32,Promenade - loisirs,Autre,Non,1,1,08 - aout,6 - dimanche,Marseille
,201700011784,2017-08-13,30,9,30109,44.0711,4.23027,Hors intersection,Aucune,Plein jour,Normale,Route Départementale,,2,Pente,Partie rectiligne,,58,normale,,Sur chaussée,Conducteur,2,M,57-58,Promenade - loisirs,Casque,Non,,,08 - aout,6 - dimanche,Euzet
,201700016272,2017-08-13,31,14,31349,43.26043,1.02441,Hors intersection,Aucune,Plein jour,Normale,Route Départementale,,2,Pente,En courbe à gauche,,34,autre,,Sur accotement,Conducteur,2,M,64-65,Promenade - loisirs,Casque,Oui,,,08 - aout,6 - dimanche,Mondavezan
,201700018746,2017-08-13,71,17,71162,47.00267,4.40378,Hors intersection,Deux véhicules - frontale,Plein jour,Normale,Voie Communale,,2,Plat,,,31,normale,,Sur chaussée,Conducteur,3,F,76-77,Promenade - loisirs,Casque,Oui,1,,08 - aout,6 - dimanche,Curgy
,201700019363,2017-08-13,82,9,82155,44.15032,1.7702,Hors intersection,Deux véhicules - par le coté,Plein jour,Normale,Voie Communale,,2,Plat,Partie rectiligne,,40,normale,,Sur chaussée,Conducteur,1,F,48-49,Promenade - loisirs,Casque,Non déterminable,1,,08 - aout,6 - dimanche,Saint-Antonin-Noble-Val
,201700020122,2017-08-13,74,11,74275,45.82844,6.22103,Intersection en T,Deux véhicules - par l’arrière,Plein jour,Normale,Route Départementale,,2,Pente,,11,10,normale,,Sur chaussée,Conducteur,2,F,49-50,Promenade - loisirs,Casque,Oui,1,1,08 - aout,6 - dimanche,Talloires-Montmin
,201700020302,2017-08-13,56,12,56005,47.54124,-2.87866,Autre intersection,Deux véhicules - par le coté,Plein jour,Normale,Route Départementale,,2,Plat,,,10,normale,,,Conducteur,2,M,70-71,Promenade - loisirs,Casque,Non,1,1,08 - aout,6 - dimanche,Arzon
,201700025859,2017-08-13,33,1,33063,44.83292,-0.58413,Intersection en X,Deux véhicules - par le coté,Nuit avec éclairage public allumé,Normale,Voie Communale,,1,Plat,Partie rectiligne,,49,normale,,,Conducteur,1,F,18-19,Promenade - loisirs,Casque,Non déterminable,1,1,08 - aout,6 - dimanche,Bordeaux
,201700028560,2017-08-13,44,15,44184,47.2596,-2.259,Intersection en X,Autre,Plein jour,Normale,Voie Communale,,2,Plat,Partie rectiligne,,,normale,,Sur chaussée,Conducteur,1,M,34-35,Domicile - travail,Casque,Oui,1,1,08 - aout,6 - dimanche,Saint-Nazaire
,201700031975,2017-08-13,59,13,59512,50.7047,3.18031,Hors intersection,Deux véhicules - par le coté,Plein jour,Normale,Voie Communale,,2,Plat,Partie rectiligne,,,normale,,Sur chaussée,Conducteur,2,F,16-17,Promenade - loisirs,Casque,Non déterminable,1,1,08 - aout,6 - dimanche,Roubaix
,201700034200,2017-08-13,67,18,67482,48.57877,7.74502,Hors intersection,Deux véhicules - par le coté,Plein jour,Normale,Voie Communale,,2,Plat,Partie rectiligne,,60,normale,,Sur chaussée,Conducteur,1,F,60-61,Domicile - travail,Autre,Non déterminable,1,1,08 - aout,6 - dimanche,Strasbourg
,201700054845,2017-08-13,75,12,75112,48.8367,2.42391,Hors intersection,Deux véhicules - par le coté,Plein jour,Normale,Voie Communale,,2,Plat,Partie rectiligne,,,normale,,Sur chaussée,Conducteur,1,M,30-31,,Casque,Non déterminable,1,1,08 - aout,6 - dimanche,Paris 12e  Arrondissement
,201700054846,2017-08-13,75,13,75112,48.8289,2.45206,Hors intersection,Deux véhicules - par le coté,Plein jour,Normale,Voie Communale,,2,Plat,Partie rectiligne,,100,normale,,Sur chaussée,Conducteur,1,M,10-11,Promenade - loisirs,Casque,Non déterminable,1,1,08 - aout,6 - dimanche,Paris 12e  Arrondissement
,201700002138,2017-08-12,7,11,7324,45.05433,4.83891,Hors intersection,Deux véhicules - par le coté,Plein jour,Normale,Voie Communale,,2,Plat,,507,15,normale,,,Conducteur,2,M,19-20,Courses - achats,Autre,Non,1,1,08 - aout,5 - samedi,Tournon-sur-Rhône
,201700004571,2017-08-12,66,20,66037,42.70392,3.02168,Hors intersection,Deux véhicules - frontale,Plein jour,Normale,Voie Communale,,1,Plat,Partie rectiligne,,35,normale,,Sur chaussée,Conducteur,2,M,53-54,Promenade - loisirs,Casque,Non,1,1,08 - aout,5 - samedi,Canet-en-Roussillon
,201700004712,2017-08-12,2B,16,2B314,42.61378,9.27258,Hors intersection,Deux véhicules - par le coté,Plein jour,Normale,Route Départementale,,2,Pente,En courbe à gauche,,39,normale,,Sur chaussée,Conducteur,2,M,33-34,Promenade - loisirs,Casque,Oui,1,,08 - aout,5 - samedi,Santo-Pietro-di-Tenda
,201700007198,2017-08-12,38,15,38375,44.9629,6.16434,Hors intersection,Deux véhicules - par le coté,Plein jour,Normale,Route Départementale,,2,Pente,En courbe à droite,,50,normale,,Sur chaussée,Conducteur,1,M,50-51,Promenade - loisirs,Casque,Oui,1,,08 - aout,5 - samedi,Saint-Christophe-en-Oisans
,201700012075,2017-08-12,37,10,37277,47.13508,1.2362,Hors intersection,Deux véhicules - par le coté,Plein jour,Normale,Route Départementale,,2,Plat,Partie rectiligne,,,normale,,Sur chaussée,Conducteur,2,M,72-73,Promenade - loisirs,Casque,Oui,1,,08 - aout,5 - samedi,Villeloin-Coulangé
,201700016303,2017-08-12,31,18,31031,43.09503,0.58927,Hors intersection,Deux véhicules - par l’arrière,Plein jour,Normale,Route Départementale,,2,Sommet de côte,Partie rectiligne,,35,normale,,Sur chaussée,Conducteur,2,M,56-57,Promenade - loisirs,Casque,Oui,1,1,08 - aout,5 - samedi,Ausson
,201700021397,2017-08-12,17,14,17306,45.61957,-1.03309,Hors intersection,Deux véhicules - par le coté,Plein jour,Normale,Voie Communale,,2,Plat,Partie rectiligne,,87,normale,,Sur chaussée,Conducteur,2,F,18-19,Domicile - travail,Casque,Non,1,1,08 - aout,5 - samedi,Royan
,201700028455,2017-08-12,44,11,44109,47.22055,-1.60323,Hors intersection,Autre,Plein jour,Pluie légère,Voie Communale,,,Plat,Partie rectiligne,,,normale,,,Conducteur,2,M,26-27,,Casque,Oui,1,1,08 - aout,5 - samedi,Nantes
,201700034988,2017-08-12,2A,11,2A212,42.21877,8.64275,Hors intersection,Aucune,Plein jour,Normale,Route Départementale,,2,Pente,,,,normale,,Sur chaussée,Conducteur,2,M,42-43,Promenade - loisirs,Casque,Non,1,1,08 - aout,5 - samedi,Piana
,201700057955,2017-08-12,75,16,75119,48.8925,2.38818,Hors intersection,Deux véhicules - frontale,Plein jour,Pluie légère,Voie Communale,,1,Plat,Partie rectiligne,,25,mouillée,Pont - autopont,Sur piste cyclable,Conducteur,0,M,50-51,Promenade - loisirs,Casque,Non déterminable,1,1,08 - aout,5 - samedi,Paris 19e  Arrondissement
,201700057955,2017-08-12,75,16,75119,48.8925,2.38818,Hors intersection,Deux véhicules - frontale,Plein jour,Pluie légère,Voie Communale,,1,Plat,Partie rectiligne,,25,mouillée,Pont - autopont,Sur piste cyclable,Conducteur,2,F,27-28,Promenade - loisirs,Casque,Non déterminable,1,1,08 - aout,5 - samedi,Paris 19e  Arrondissement
,201700007002,2017-08-11,8,16,8105,49.77001,4.7121,Intersection en T,Deux véhicules - par l’arrière,Plein jour,Normale,Route Départementale,,,Pente,Partie rectiligne,,,normale,,Sur chaussée,Conducteur,1,M,31-32,Promenade - loisirs,Autre,Non,1,1,08 - aout,4 - vendredi,Charleville-Mézières
,201700012742,2017-08-11,4,14,4173,43.9451,6.51547,Intersection en T,Deux véhicules - par le coté,Plein jour,Normale,Route Nationale,,2,Plat,Partie rectiligne,,,normale,,Sur chaussée,Conducteur,1,M,20-21,Promenade - loisirs,Autre,Non,1,,08 - aout,4 - vendredi,Saint-André-les-Alpes
,201700021395,2017-08-11,17,17,17306,45.62058,-1.01859,Hors intersection,Deux véhicules - par le coté,Plein jour,Normale,Voie Communale,,2,Plat,Partie rectiligne,,70,normale,,Sur chaussée,Conducteur,1,M,11-12,Promenade - loisirs,Autre,Non,1,1,08 - aout,4 - vendredi,Royan
,201700050214,2017-08-11,69,2,69382,45.7635,4.8382,Intersection en X,Deux véhicules - par le coté,Nuit avec éclairage public allumé,Pluie légère,Route Départementale,,4,Plat,Partie rectiligne,,180,mouillée,,,Conducteur,1,F,25-26,,Autre,Non déterminable,1,1,08 - aout,4 - vendredi,Lyon 2e  Arrondissement
,201700053109,2017-08-11,75,13,75104,48.8512,2.36265,Place,Deux véhicules - par le coté,Plein jour,Normale,Voie Communale,,1,Plat,Partie rectiligne,,80,normale,,Sur chaussée,Conducteur,1,M,48-49,Promenade - loisirs,Casque,Oui,1,1,08 - aout,4 - vendredi,Paris 4e  Arrondissement
,201700057370,2017-08-11,75,14,75119,48.8753,2.37862,Intersection en T,Autre,Plein jour,Normale,Voie Communale,,1,Plat,Partie rectiligne,,,normale,,Sur piste cyclable,Conducteur,1,M,57-58,,Casque,Non déterminable,,1,08 - aout,4 - vendredi,Paris 19e  Arrondissement
,201700003925,2017-08-10,5,18,5180,44.82237,6.53489,Intersection en Y,Deux véhicules - frontale,Plein jour,Normale,Route Départementale,,2,Pente,En courbe à gauche,,,,Carrefour aménagé,Sur chaussée,Conducteur,2,M,55-56,Promenade - loisirs,Casque,Oui,1,1,08 - aout,3 - jeudi,Vigneaux
,201700007197,2017-08-10,38,16,38285,45.03131,5.97493,Hors intersection,Autre,Plein jour,Normale,Route Départementale,,2,Pente,Partie rectiligne,,60,normale,,Sur chaussée,Conducteur,1,M,63-64,Promenade - loisirs,Casque,Oui,,,08 - aout,3 - jeudi,Ornon
,201700010175,2017-08-10,13,11,13055,43.23549,5.40161,Hors intersection,Deux véhicules - par le coté,Plein jour,Normale,Voie Communale,,2,Plat,Partie rectiligne,,50,normale,,Sur chaussée,Conducteur,1,M,19-20,Utilisation professionnelle,Casque,Oui,1,1,08 - aout,3 - jeudi,Marseille
,201700016709,2017-08-10,35,8,35021,48.34293,-1.17027,Giratoire,Deux véhicules - par le coté,Plein jour,Temps couvert,Route Départementale,,2,Plat,,510,20,normale,,,Conducteur,3,M,78-79,Promenade - loisirs,Casque,Non,1,,08 - aout,3 - jeudi,Beaucé
,201700017319,2017-08-10,68,6,68155,48.08986,7.31709,Giratoire,Deux véhicules - par l’arrière,Crépuscule ou aube,Pluie légère,Route Départementale,,2,Plat,En courbe à gauche,,88,mouillée,Carrefour aménagé,Sur chaussée,Conducteur,1,M,17-18,Domicile - travail,Autre,Non déterminable,1,1,08 - aout,3 - jeudi,Ingersheim
,201700017612,2017-08-10,34,17,34332,43.29942,3.40371,Hors intersection,Deux véhicules - frontale,Plein jour,Normale,Voie Communale,,2,Plat,Partie rectiligne,,41,normale,,Sur chaussée,Conducteur,2,M,45-46,Promenade - loisirs,Casque,Non,1,1,08 - aout,3 - jeudi,Vias