test,identifiantAccident,date,departement,heure,commune,lat,lon,typeIntersection,typeCollision,luminosite,conditionsAtmosperiques,typeRoute,circulation,nbVoies,profilLongRoute,tracePlanRoute,largeurTPC,largeurRoute,etatSurface,amenagement,situation,categorieUsager,graviteAccident,sexe,age,motifDeplacement,existenceSecurite,usageSecurite,nombreAutresVehicules,enAgglomeration,mois,jour,NCCENR
,201700011376,2017-08-04,78,15,78356,48.75051,2.05142,Hors intersection,Deux véhicules - par le coté,Plein jour,Normale,Voie Communale,,2,Pente,En courbe à droite,,70,normale,,Sur chaussée,Conducteur,2,M,12-13,Promenade - loisirs,Casque,Non,1,1,08 - aout,4 - vendredi,Magny-les-Hameaux
,201700017494,2017-08-04,34,11,34126,43.58964,3.08309,Giratoire,Deux véhicules - par le coté,Plein jour,Normale,Route Départementale,,1,Plat,,4,15,normale,,,Conducteur,2,M,67-68,Courses - achats,Casque,Oui,1,1,08 - aout,4 - vendredi,Lamalou-les-Bains
,201700018420,2017-08-04,61,15,61043,48.35286,0.74389,Intersection en T,Deux véhicules - par le coté,Plein jour,Normale,Route Départementale,,2,Plat,Partie rectiligne,,,normale,,Sur chaussée,Conducteur,2,M,12-13,Promenade - loisirs,Casque,Non,1,1,08 - aout,4 - vendredi,'Berd''huis'
,201700021387,2017-08-04,17,,17380,45.64352,-1.08963,Hors intersection,Deux véhicules - frontale,Nuit avec éclairage public allumé,Normale,Voie Communale,,2,Plat,Partie rectiligne,,50,normale,,Sur chaussée,Conducteur,1,M,22-23,Promenade - loisirs,Casque,Oui,1,1,08 - aout,4 - vendredi,Saint-Palais-sur-Mer
,201700024847,2017-08-04,31,16,31555,43.60025,1.45178,Hors intersection,Autre,Plein jour,Normale,Voie Communale,,,Plat,Partie rectiligne,,,normale,,Sur chaussée,Conducteur,1,F,39-40,Autre,Autre,Non déterminable,1,1,08 - aout,4 - vendredi,Toulouse
,201700027914,2017-08-04,42,7,42044,45.39893,4.33917,Hors intersection,Deux véhicules - par le coté,Plein jour,Temps éblouissant,Route Départementale,,2,Plat,Partie rectiligne,,90,normale,,Sur chaussée,Conducteur,1,M,52-53,Promenade - loisirs,Casque,Oui,1,1,08 - aout,4 - vendredi,Chambon-Feugerolles
,201700034797,2017-08-04,69,21,69266,45.75687,4.89973,Intersection en Y,Deux véhicules - par le coté,Crépuscule ou aube,Normale,Voie Communale,,1,Plat,Partie rectiligne,,80,,,Sur chaussée,Conducteur,1,M,45-46,,Casque,Non,1,1,08 - aout,4 - vendredi,Villeurbanne
,201700041102,2017-08-04,92,19,92022,48.80574,2.18457,Hors intersection,Deux véhicules - par le coté,Plein jour,Normale,Route Départementale,,2,Plat,Partie rectiligne,,176,normale,,Sur chaussée,Conducteur,1,M,28-29,Promenade - loisirs,Casque,Non déterminable,1,1,08 - aout,4 - vendredi,Chaville
,201700050206,2017-08-04,69,12,69389,45.7866,4.7939,Hors intersection,Deux véhicules - par le coté,Plein jour,Normale,Voie Communale,,2,Pente,Partie rectiligne,,64,normale,,Sur chaussée,Conducteur,2,M,6-7,Promenade - loisirs,Casque,Non,1,1,08 - aout,4 - vendredi,Lyon 9e  Arrondissement
,201700060020,2017-08-04,973,21,97302,4.9342,-52.31685,Hors intersection,Deux véhicules - par l’arrière,Nuit sans éclairage public,Normale,Voie Communale,,1,Plat,Partie rectiligne,,80,normale,,Sur chaussée,Conducteur,1,M,53-54,Autre,Equipement réfléchissant,Non,1,1,08 - aout,4 - vendredi,Cayenne
,201700002645,2017-08-03,73,13,73306,45.09919,6.42894,Hors intersection,Autre,Plein jour,Normale,Route Départementale,,2,Pente,En « S »,,,normale,,Sur chaussée,Conducteur,2,M,19-20,Promenade - loisirs,Casque,Oui,1,,08 - aout,3 - jeudi,Valloire
,201700003128,2017-08-03,67,14,67313,48.53816,7.45768,Hors intersection,Deux véhicules - par le coté,Plein jour,Normale,Route Départementale,,2,Plat,,7,10,normale,,,Conducteur,2,M,19-20,Promenade - loisirs,Autre,Non,1,1,08 - aout,3 - jeudi,Mutzig
,201700004835,2017-08-03,5,7,5061,44.56651,6.10616,Intersection en T,Deux véhicules - par le coté,Plein jour,Normale,Voie Communale,,2,Plat,Partie rectiligne,,69,normale,,Sur chaussée,Conducteur,1,M,75-76,Promenade - loisirs,Casque,Oui,1,1,08 - aout,3 - jeudi,Gap
,201700012585,2017-08-03,85,15,85105,46.36906,-0.91836,Intersection en T,Deux véhicules - par le coté,Plein jour,Normale,Voie Communale,,2,Plat,,,10,normale,,,Conducteur,2,M,6-7,Promenade - loisirs,Casque,Oui,1,1,08 - aout,3 - jeudi,Gué-de-Velluire
,201700012957,2017-08-03,40,17,40187,43.84131,-1.38186,Intersection en T,Deux véhicules - par le coté,Plein jour,Normale,Voie Communale,,2,Bas de côte,,6,15,normale,,,Conducteur,2,M,16-17,Promenade - loisirs,Casque,Non,1,1,08 - aout,3 - jeudi,Moliets-et-Maa
,201700019198,2017-08-03,33,11,33395,45.26463,-0.79064,Intersection en X,Deux véhicules - par le coté,Plein jour,Normale,Route Départementale,,2,Bas de côte,Partie rectiligne,,10,normale,,Sur chaussée,Conducteur,2,M,64-65,Promenade - loisirs,Casque,Oui,1,,08 - aout,3 - jeudi,Saint-Estèphe
,201700020513,2017-08-03,19,20,19229,45.14288,1.45461,Hors intersection,Aucune,Plein jour,Normale,Voie Communale,,2,Pente,Partie rectiligne,,,normale,,Sur chaussée,Conducteur,2,M,14-15,Promenade - loisirs,Casque,Non,,1,08 - aout,3 - jeudi,Saint-Pantaléon-de-Larche
,201700021058,2017-08-03,17,7,17299,45.94337,-0.96031,Giratoire,Deux véhicules - par le coté,Crépuscule ou aube,Normale,Voie Communale,,1,Plat,En courbe à gauche,,49,normale,,Sur chaussée,Conducteur,1,M,41-42,Domicile - travail,Autre,Oui,1,1,08 - aout,3 - jeudi,Rochefort
,201700022462,2017-08-03,22,16,22278,48.50128,-2.73432,Autre intersection,Autre,Plein jour,Normale,Route Départementale,,2,Bas de côte,Partie rectiligne,,40,normale,Carrefour aménagé,Sur chaussée,Conducteur,2,M,47-48,Domicile - travail,Casque,Oui,1,,08 - aout,3 - jeudi,Saint-Brieuc
,201700022997,2017-08-03,6,10,6033,43.78895,7.18489,Hors intersection,Deux véhicules - frontale,Plein jour,Normale,Route Départementale,,2,Pente,En courbe à gauche,,68,normale,,Sur chaussée,Conducteur,2,M,17-18,Promenade - loisirs,Casque,Oui,1,1,08 - aout,3 - jeudi,Carros
,201700023685,2017-08-03,29,11,29019,48.40422,-4.46476,Intersection en T,Deux véhicules - frontale,Plein jour,Normale,Voie Communale,Avec voies d’affectation variable,,,,,,,,,Conducteur,1,F,28-29,,Casque,Oui,1,1,08 - aout,3 - jeudi,Brest
,201700025851,2017-08-03,33,17,33063,44.84303,-0.55513,Hors intersection,Deux véhicules - par le coté,Plein jour,Normale,Voie Communale,,8,Plat,Partie rectiligne,,,normale,,Sur chaussée,Conducteur,2,M,24-25,,Casque,Non déterminable,1,1,08 - aout,3 - jeudi,Bordeaux
,201700029714,2017-08-03,50,14,50602,49.65268,1.55236,Hors intersection,Aucune,Plein jour,Normale,Route Départementale,,1,Bas de côte,Partie rectiligne,,,normale,,Sur chaussée,Conducteur,1,F,15-16,Promenade - loisirs,Casque,Oui,,1,08 - aout,3 - jeudi,Tourlaville
,201700033419,2017-08-03,64,15,64260,43.36176,-1.77299,Hors intersection,Autre,Plein jour,Normale,Voie Communale,,,Plat,Partie rectiligne,,,normale,Zone piétonne,Sur piste cyclable,Conducteur,1,M,40-41,Promenade - loisirs,Autre,Non déterminable,1,1,08 - aout,3 - jeudi,Hendaye
,201700034795,2017-08-03,69,17,69266,45.78029,4.883,Intersection en X,Deux véhicules - par le coté,Plein jour,Pluie forte,Voie Communale,,2,Plat,Partie rectiligne,,60,mouillée,,Sur chaussée,Conducteur,1,F,19-20,Promenade - loisirs,Autre,Non déterminable,1,1,08 - aout,3 - jeudi,Villeurbanne
,201700038949,2017-08-03,91,10,91691,48.6992,2.48653,Intersection en X,Deux véhicules - par le coté,Plein jour,Normale,Voie Communale,,2,Plat,Partie rectiligne,,60,normale,,Sur chaussée,Conducteur,2,M,39-40,Utilisation professionnelle,Casque,Non,1,1,08 - aout,3 - jeudi,Yerres
,201700050201,2017-08-03,69,9,69142,45.70659,4.80504,Passage à niveau,Deux véhicules - par le coté,Plein jour,Normale,Route Départementale,,2,Pente,En courbe à gauche,16,122,normale,,,Conducteur,2,M,33-34,Domicile - travail,Casque,Non,1,1,08 - aout,3 - jeudi,Mulatière
,201700056228,2017-08-03,75,8,75116,48.8573,2.27299,Intersection en X,Deux véhicules - frontale,Plein jour,Pluie légère,Voie Communale,,3,Pente,Partie rectiligne,,,mouillée,,Sur chaussée,Conducteur,1,M,26-27,Autre,Casque,Oui,1,1,08 - aout,3 - jeudi,Paris 16e  Arrondissement
,201700056230,2017-08-03,75,13,75116,48.8453,2.25751,Intersection en X,Deux véhicules - par le coté,Plein jour,Normale,Voie Communale,,4,Plat,,,,normale,,Sur chaussée,Conducteur,1,M,32-33,Promenade - loisirs,Casque,Oui,1,1,08 - aout,3 - jeudi,Paris 16e  Arrondissement
,201700003748,2017-08-02,13,21,13027,43.88285,4.86269,Giratoire,Deux véhicules - par le coté,Nuit avec éclairage public allumé,Normale,Route Départementale,,2,Plat,,,10,normale,,,Conducteur,2,M,13-14,Promenade - loisirs,Equipement réfléchissant,Non,1,1,08 - aout,2 - mercredi,Châteaurenard
,201700003748,2017-08-02,13,21,13027,43.88285,4.86269,Giratoire,Deux véhicules - par le coté,Nuit avec éclairage public allumé,Normale,Route Départementale,,2,Plat,,,10,normale,,,Passager,0,M,12-13,Promenade - loisirs,Equipement réfléchissant,Non,1,1,08 - aout,2 - mercredi,Châteaurenard
,201700004788,2017-08-02,5,20,5023,44.90032,6.63785,Hors intersection,Autre,Plein jour,Normale,Voie Communale,,1,Pente,Partie rectiligne,,,normale,,Sur chaussée,Conducteur,0,M,15-16,Promenade - loisirs,Casque,Non,,1,08 - aout,2 - mercredi,Briançon
,201700016964,2017-08-02,44,13,44072,47.43255,-2.31204,Hors intersection,Autre,Plein jour,Normale,Route Départementale,,2,Plat,Partie rectiligne,,60,normale,,Sur chaussée,Conducteur,1,M,12-13,Promenade - loisirs,Equipement réfléchissant,Non,1,,08 - aout,2 - mercredi,Herbignac
,201700019729,2017-08-02,2B,9,2B126,42.19226,9.36304,Hors intersection,Aucune,Plein jour,Autre,Route Nationale,,2,Plat,Partie rectiligne,,80,normale,Souterrain - tunnel,Sur chaussée,Conducteur,2,M,71-72,Promenade - loisirs,Casque,Oui,1,,08 - aout,2 - mercredi,Giuncaggio
,201700021002,2017-08-02,16,16,16102,45.68779,-0.31444,Intersection en X,Deux véhicules - par le coté,Plein jour,Normale,Voie Communale,,2,Plat,Partie rectiligne,,52,normale,,Sur chaussée,Conducteur,3,F,61-62,Domicile - travail,Casque,Non,1,1,08 - aout,2 - mercredi,Cognac
,201700033233,2017-08-02,64,14,64445,43.30304,-0.36874,Intersection en T,Deux véhicules - frontale,Plein jour,Normale,Voie Communale,,1,Plat,Partie rectiligne,,81,normale,,Sur chaussée,Conducteur,1,F,55-56,Promenade - loisirs,Casque,Non,1,1,08 - aout,2 - mercredi,Pau
,201700036269,2017-08-02,77,16,77186,48.38535,2.76552,Hors intersection,Deux véhicules - par l’arrière,Plein jour,Normale,Route Départementale,,4,Plat,Partie rectiligne,28,73,normale,,Sur chaussée,Conducteur,3,M,42-43,,Autre,Non déterminable,1,,08 - aout,2 - mercredi,Fontainebleau
,201700053107,2017-08-02,75,2,75103,48.8649,2.35989,Hors intersection,Deux véhicules - frontale,Nuit avec éclairage public allumé,Normale,Voie Communale,,2,Plat,Partie rectiligne,,100,normale,,Sur chaussée,Conducteur,1,M,25-26,Promenade - loisirs,Casque,Non déterminable,1,1,08 - aout,2 - mercredi,Paris 3e  Arrondissement
,201700057950,2017-08-02,75,15,75107,48.8582,2.29226,Intersection en T,Trois véhicules et plus - en chaîne,Plein jour,Normale,Voie Communale,,4,Plat,Partie rectiligne,34,202,normale,,Sur chaussée,Conducteur,1,M,41-42,Utilisation professionnelle,Casque,Oui,2,1,08 - aout,2 - mercredi,Paris 7e  Arrondissement
,201700058701,2017-08-02,971,11,97114,0,0,Hors intersection,Deux véhicules - frontale,Plein jour,Temps couvert,Route Départementale,,2,Pente,En courbe à gauche,,60,normale,,Sur chaussée,Conducteur,2,M,19-20,Utilisation professionnelle,Casque,Oui,1,1,08 - aout,2 - mercredi,Goyave
,201700059211,2017-08-02,974,6,97415,-21.04214,55.25371,Intersection en T,Deux véhicules - par le coté,Crépuscule ou aube,Normale,Route Départementale,,2,Pente,,3,510,normale,,,Conducteur,2,M,48-49,Promenade - loisirs,Casque,Oui,1,1,08 - aout,2 - mercredi,Saint-Paul
,201700001100,2017-08-01,85,20,85048,46.91909,-0.95931,Giratoire,Deux véhicules - par le coté,Plein jour,Normale,Voie Communale,,2,Plat,,5,210,normale,,,Conducteur,1,M,9-10,Promenade - loisirs,Casque,Non,1,1,08 - aout,1 - mardi,Chambretaud
,201700002137,2017-08-01,7,11,7323,44.89074,4.78648,Hors intersection,Aucune,Plein jour,Normale,Route Départementale,,2,Pente,En courbe à droite,,50,normale,,Sur chaussée,Conducteur,2,M,60-61,Promenade - loisirs,Casque,Oui,,,08 - aout,1 - mardi,Toulaud
,201700007916,2017-08-01,13,9,13069,43.62653,5.14843,Giratoire,Deux véhicules - par le coté,Plein jour,Normale,Route Départementale,,2,Plat,,7,15,normale,,,Conducteur,2,M,71-72,Promenade - loisirs,Casque,Non,1,,08 - aout,1 - mardi,Pélissanne
,201700018383,2017-08-01,61,10,61450,48.48221,0.41503,Hors intersection,Aucune,Plein jour,Normale,Route Départementale,,2,Pente,En courbe à gauche,,43,autre,,Sur accotement,Conducteur,2,M,65-66,Promenade - loisirs,Casque,Non,1,,08 - aout,1 - mardi,Saint-Quentin-de-Blavou
,201700018383,2017-08-01,61,10,61450,48.48221,0.41503,Hors intersection,Aucune,Plein jour,Normale,Route Départementale,,2,Pente,En courbe à gauche,,43,autre,,Sur accotement,Conducteur,2,M,70-71,Promenade - loisirs,Casque,Oui,1,,08 - aout,1 - mardi,Saint-Quentin-de-Blavou
,201700018384,2017-08-01,61,14,61293,48.50943,0.55777,Hors intersection,Deux véhicules - par le coté,Plein jour,Normale,Route Départementale,,2,Plat,Partie rectiligne,,50,normale,,Sur chaussée,Conducteur,1,M,70-71,Courses - achats,Casque,Non,1,1,08 - aout,1 - mardi,Mortagne-au-Perche
,201700020816,2017-08-01,57,17,57064,48.80181,7.24241,Intersection en T,Deux véhicules - par le coté,Plein jour,Normale,Route Départementale,,2,Pente,,,79,normale,,Sur chaussée,Conducteur,2,M,10-11,Promenade - loisirs,Casque,Oui,1,1,08 - aout,1 - mardi,Berling
,201700024482,2017-08-01,69,19,69280,45.80003,5.079,Autre intersection,Deux véhicules - frontale,Plein jour,Normale,Voie Communale,,2,Plat,,5,10,normale,,,Conducteur,1,M,10-11,Promenade - loisirs,Casque,Non,1,1,08 - aout,1 - mardi,Jons
,201700026728,2017-08-01,35,7,35238,48.09374,-1.67455,Intersection en X,Autre,Plein jour,Normale,Voie Communale,,2,Plat,Partie rectiligne,,,normale,,Sur chaussée,Conducteur,2,M,74-75,Promenade - loisirs,Casque,Non déterminable,1,1,08 - aout,1 - mardi,Rennes
,201700028909,2017-08-01,45,17,45234,47.91285,1.91319,Hors intersection,Deux véhicules - par le coté,Plein jour,Normale,Voie Communale,,2,Plat,Partie rectiligne,,60,normale,,Sur piste cyclable,Conducteur,2,F,22-23,,Autre,Oui,1,1,08 - aout,1 - mardi,Orléans
,201700032764,2017-08-01,62,11,62907,50.47685,3.01506,Hors intersection,Aucune,Plein jour,Normale,Voie Communale,,2,Plat,Partie rectiligne,,,normale,,Sur chaussée,Conducteur,2,F,60-61,,Casque,Non,1,1,08 - aout,1 - mardi,Libercourt
,201700034472,2017-08-01,68,14,68224,47.75509,7.34474,Intersection en Y,Deux véhicules - par le coté,Plein jour,Normale,Voie Communale,,2,Plat,En courbe à droite,,110,normale,,Sur piste cyclable,Conducteur,2,M,62-63,Autre,Casque,Non,1,1,08 - aout,1 - mardi,Mulhouse
,201700039616,2017-08-01,92,18,92032,0,0,Intersection en X,Deux véhicules - frontale,Plein jour,Normale,Voie Communale,,2,Plat,Partie rectiligne,,60,normale,,Sur chaussée,Conducteur,2,M,16-17,Promenade - loisirs,Casque,Non,1,1,08 - aout,1 - mardi,Fontenay-aux-Roses
,201700045326,2017-08-01,94,10,94068,48.79341,2.49767,Intersection en X,Deux véhicules - par le coté,Plein jour,Pluie légère,Voie Communale,,2,Plat,Partie rectiligne,,128,mouillée,,Sur chaussée,Conducteur,1,M,27-28,Domicile - travail,Autre,Non,1,1,08 - aout,1 - mardi,Saint-Maur-des-Fossés
,201700050959,2017-08-01,69,14,69386,45.76634,4.84777,Intersection en X,Deux véhicules - par le coté,Plein jour,Normale,Voie Communale,,1,Plat,Partie rectiligne,,,normale,,Sur chaussée,Conducteur,1,M,21-22,Utilisation professionnelle,Casque,Oui,1,1,08 - aout,1 - mardi,Lyon 6e  Arrondissement
,201700053255,2017-08-01,75,17,75105,48.8514,2.34314,Intersection en X,Deux véhicules - par le coté,Plein jour,Normale,Voie Communale,,3,Plat,Partie rectiligne,,160,normale,,Sur chaussée,Conducteur,1,M,27-28,Promenade - loisirs,Casque,Non déterminable,1,1,08 - aout,1 - mardi,Paris 5e  Arrondissement
,201700002666,2017-07-31,74,12,74080,45.90606,6.42742,Hors intersection,Trois véhicules et plus - collisions multiples,Plein jour,Normale,Route Départementale,,2,Pente,Partie rectiligne,,76,normale,,Sur chaussée,Conducteur,2,M,31-32,Promenade - loisirs,Casque,Oui,1,1,07 - juillet,0 - lundi,Clusaz
,201700002666,2017-07-31,74,12,74080,45.90606,6.42742,Hors intersection,Trois véhicules et plus - collisions multiples,Plein jour,Normale,Route Départementale,,2,Pente,Partie rectiligne,,76,normale,,Sur chaussée,Conducteur,2,M,66-67,Promenade - loisirs,Casque,Oui,1,1,07 - juillet,0 - lundi,Clusaz
,201700010123,2017-07-31,13,12,13055,43.29467,5.37446,Passage à niveau,Deux véhicules - par le coté,Plein jour,Normale,Voie Communale,,2,Plat,,10,10,normale,,Sur chaussée,Conducteur,1,F,31-32,,Autre,Non déterminable,1,1,07 - juillet,0 - lundi,Marseille
,201700015586,2017-07-31,1,8,1263,46.06791,4.77147,Hors intersection,Deux véhicules - par l’arrière,Plein jour,Normale,Route Départementale,,2,Plat,,,,normale,,Sur chaussée,Conducteur,2,M,60-61,Promenade - loisirs,Casque,Oui,1,,07 - juillet,0 - lundi,Montmerle-sur-Saône
,201700019809,2017-07-31,79,17,79263,46.52556,-0.58295,Intersection à plus de 4 branches,Deux véhicules - par le coté,Plein jour,Normale,Route Départementale,,2,Plat,Partie rectiligne,,10,normale,,Sur chaussée,Conducteur,2,M,13-14,Promenade - loisirs,Autre,Non déterminable,1,,07 - juillet,0 - lundi,Saint-Laurs
,201700024839,2017-07-31,31,18,31555,43.61241,1.45851,Intersection en T,Deux véhicules - par le coté,Plein jour,Normale,Voie Communale,,2,Pente,Partie rectiligne,,,normale,,Sur chaussée,Conducteur,1,F,24-25,Promenade - loisirs,Casque,Non déterminable,1,1,07 - juillet,0 - lundi,Toulouse
,201700026237,2017-07-31,34,12,34129,43.5719,3.89512,Hors intersection,Deux véhicules - frontale,Plein jour,Normale,Route Départementale,,1,Pente,En courbe à droite,,40,normale,,Sur chaussée,Conducteur,2,M,47-48,Promenade - loisirs,Casque,Oui,1,1,07 - juillet,0 - lundi,Lattes
,201700027324,2017-07-31,37,13,37261,47.36414,0.68521,Hors intersection,Deux véhicules - par le coté,Plein jour,Normale,Voie Communale,,2,Plat,Partie rectiligne,,,normale,,Sur piste cyclable,Conducteur,1,M,68-69,Promenade - loisirs,Casque,Oui,1,1,07 - juillet,0 - lundi,Tours
,201700036401,2017-07-31,77,17,77067,48.57587,2.60904,Hors intersection,Deux véhicules - par le coté,Plein jour,Normale,Voie Communale,,2,Plat,,,,normale,,Sur chaussée,Conducteur,1,M,7-8,Promenade - loisirs,Casque,Non,1,1,07 - juillet,0 - lundi,Cesson
,201700037610,2017-07-31,84,5,84007,43.93817,4.84976,Hors intersection,Deux véhicules - frontale,Nuit sans éclairage public,Normale,Voie Communale,,2,Plat,Partie rectiligne,,300,normale,,Sur chaussée,Conducteur,2,M,27-28,,Casque,Non,1,,07 - juillet,0 - lundi,Avignon
,201700044174,2017-07-31,94,15,94054,48.74165,2.40249,Hors intersection,Deux véhicules - par le coté,Plein jour,Normale,Voie Communale,,2,Plat,Partie rectiligne,,640,normale,,Sur chaussée,Conducteur,2,M,24-25,Promenade - loisirs,Casque,Non,1,1,07 - juillet,0 - lundi,Orly
,201700007196,2017-07-30,38,10,38173,45.04651,6.12743,Hors intersection,Aucune,Plein jour,Normale,Route Départementale,,2,Pente,Partie rectiligne,,,mouillée,,Sur chaussée,Conducteur,2,M,74-75,Promenade - loisirs,Casque,Oui,,1,07 - juillet,6 - dimanche,'Freney-d''Oisans'
,201700012238,2017-07-30,17,15,17075,45.91249,-0.83273,Hors intersection,Autre,Plein jour,Normale,Route Départementale,,2,Plat,Partie rectiligne,,56,normale,,Sur chaussée,Conducteur,1,F,47-48,Promenade - loisirs,Autre,Non,1,,07 - juillet,6 - dimanche,Cabariot
,201700012936,2017-07-30,40,17,40102,43.96894,0.00552,Intersection en T,Deux véhicules - par le coté,Plein jour,Normale,Route Nationale,,2,Pente,,,10,normale,,Sur chaussée,Conducteur,2,M,78-79,,Casque,Oui,1,,07 - juillet,6 - dimanche,Gabarret
,201700014677,2017-07-30,14,18,14478,49.02155,0.40535,Intersection en X,Deux véhicules - par le coté,Plein jour,Normale,Voie Communale,,1,Plat,,,10,normale,,,Conducteur,2,F,14-15,Promenade - loisirs,Casque,Non,1,1,07 - juillet,6 - dimanche,Orbec
,201700015903,2017-07-30,2,8,2095,50.0097,3.4945,Hors intersection,Deux véhicules - par l’arrière,Plein jour,Normale,Route Départementale,,2,Plat,Partie rectiligne,,58,normale,,Sur chaussée,Conducteur,1,M,49-50,Promenade - loisirs,Casque,Oui,1,,07 - juillet,6 - dimanche,Bohain-en-Vermandois
,201700022996,2017-07-30,6,11,6046,43.76587,7.20723,Hors intersection,Aucune,Plein jour,Normale,Route Départementale,,3,Plat,Partie rectiligne,,111,normale,,Sur chaussée,Conducteur,2,M,67-68,Promenade - loisirs,Casque,Oui,,,07 - juillet,6 - dimanche,Colomars
,201700034184,2017-07-30,67,18,67482,48.58102,7.74909,Hors intersection,Autre,Plein jour,Normale,Voie Communale,,,Pente,Partie rectiligne,,35,normale,,Sur chaussée,Conducteur,0,F,22-23,Promenade - loisirs,Autre,Non déterminable,,1,07 - juillet,6 - dimanche,Strasbourg
,201700037751,2017-07-30,85,18,85194,46.49597,-1.77524,Hors intersection,Deux véhicules - par l’arrière,Plein jour,Normale,Voie Communale,,,Plat,Partie rectiligne,,,normale,,Sur chaussée,Conducteur,2,M,70-71,Promenade - loisirs,Autre,Non déterminable,1,1,07 - juillet,6 - dimanche,'Sables-d''Olonne'
,201700037927,2017-07-30,86,22,86194,46.57694,0.34694,Hors intersection,Deux véhicules - par le coté,Nuit avec éclairage public allumé,Normale,Voie Communale,,2,Plat,Partie rectiligne,,60,normale,,Sur chaussée,Conducteur,2,F,52-53,Domicile - travail,Autre,Oui,1,1,07 - juillet,6 - dimanche,Poitiers
,201700039615,2017-07-30,92,11,92071,0,0,Hors intersection,Trois véhicules et plus - collisions multiples,Plein jour,Normale,Voie Communale,,2,Pente,Partie rectiligne,,,normale,,Sur chaussée,Conducteur,1,F,52-53,Promenade - loisirs,Casque,Non,2,1,07 - juillet,6 - dimanche,Sceaux
,201700002510,2017-07-29,42,11,42328,45.57162,3.98199,Hors intersection,Deux véhicules - par l’arrière,Plein jour,Temps éblouissant,Route Départementale,,2,Pente,En « S »,,64,normale,,Sur chaussée,Conducteur,1,M,66-67,Promenade - loisirs,Casque,Non,1,,07 - juillet,5 - samedi,Verrières-en-Forez
,201700004346,2017-07-29,34,8,34249,43.73552,3.99037,Hors intersection,Deux véhicules - par le coté,Plein jour,Normale,Route Départementale,,2,Plat,Partie rectiligne,,,normale,,Sur chaussée,Conducteur,2,M,55-56,Promenade - loisirs,Casque,Oui,1,,07 - juillet,5 - samedi,Saint-Drézéry
,201700005488,2017-07-29,33,18,33199,44.6382,-1.11249,Giratoire,Deux véhicules - par l’arrière,Plein jour,Normale,Route Départementale,,2,,,,,,Carrefour aménagé,Sur chaussée,Conducteur,1,M,54-55,Promenade - loisirs,Casque,Non,1,1,07 - juillet,5 - samedi,Gujan-Mestras
,201700008021,2017-07-29,10,18,10081,48.30509,4.02689,Autre intersection,Deux véhicules - par le coté,Plein jour,Normale,Voie Communale,,2,Plat,Partie rectiligne,,50,normale,,Sur piste cyclable,Conducteur,2,M,53-54,,Casque,Non,1,1,07 - juillet,5 - samedi,Chapelle-Saint-Luc
,201700016043,2017-07-29,38,11,38140,45.27945,5.87568,Hors intersection,Deux véhicules - par le coté,Plein jour,Normale,Route Départementale,,2,Plat,,,60,normale,,Sur chaussée,Conducteur,1,M,69-70,Promenade - loisirs,Casque,Oui,1,1,07 - juillet,5 - samedi,Crolles
,201700016406,2017-07-29,29,16,29292,47.8877,-4.34554,Hors intersection,Deux véhicules - par le coté,Plein jour,Normale,Route Départementale,,2,Plat,Partie rectiligne,,50,normale,,Sur chaussée,Conducteur,2,F,58-59,Promenade - loisirs,Casque,Non,1,,07 - juillet,5 - samedi,Tréguennec
,201700019676,2017-07-29,2B,9,2B246,42.43248,9.36287,Hors intersection,Deux véhicules - frontale,Plein jour,Normale,Route Départementale,,2,Plat,,,,normale,,Sur chaussée,Conducteur,1,M,47-48,Promenade - loisirs,Casque,Non déterminable,1,,07 - juillet,5 - samedi,Porta
,201700026236,2017-07-29,34,19,34172,43.61236,3.86831,Hors intersection,Trois véhicules et plus - collisions multiples,Plein jour,Normale,Voie Communale,,1,Pente,,,40,normale,,Sur chaussée,Conducteur,0,M,33-34,,Casque,Non,5,1,07 - juillet,5 - samedi,Montpellier
,201700028001,2017-07-29,42,16,42187,46.02656,4.07001,Intersection en X,Deux véhicules - par le coté,Plein jour,Normale,Voie Communale,Avec voies d’affectation variable,,,,,,,,,Conducteur,1,M,12-13,,Casque,Oui,1,1,07 - juillet,5 - samedi,Roanne
,201700031958,2017-07-29,59,16,59650,50.70555,3.19812,Hors intersection,Deux véhicules - par le coté,Plein jour,Normale,Voie Communale,,1,Plat,Partie rectiligne,,,normale,,Sur chaussée,Conducteur,1,M,12-13,Promenade - loisirs,Casque,Non,1,1,07 - juillet,5 - samedi,Wattrelos
,201700032441,2017-07-29,61,15,61001,48.43503,0.08624,Hors intersection,Deux véhicules - par le coté,Plein jour,Normale,Voie Communale,,2,Plat,Partie rectiligne,,,normale,,Sur chaussée,Conducteur,1,M,12-13,Promenade - loisirs,Autre,Non,1,1,07 - juillet,5 - samedi,Alençon
,201700033730,2017-07-29,6,9,6149,43.73932,7.3102,Hors intersection,Deux véhicules - frontale,Plein jour,Normale,Route Départementale,,2,Plat,Partie rectiligne,,,normale,,Sur chaussée,Conducteur,1,M,48-49,Promenade - loisirs,Casque,Oui,1,1,07 - juillet,5 - samedi,Trinité
,201700039933,2017-07-29,92,13,92025,48.92323,2.24646,Hors intersection,Deux véhicules - par le coté,Plein jour,Normale,Route Départementale,,2,Plat,Partie rectiligne,,,normale,,Sur chaussée,Conducteur,1,M,32-33,,Autre,Non déterminable,1,1,07 - juillet,5 - samedi,Colombes
,201700059528,2017-07-29,971,22,97101,16.26423,-61.51266,Hors intersection,Deux véhicules - par l’arrière,Nuit avec éclairage public allumé,Normale,Route Nationale,,2,,,,144,normale,,,Conducteur,2,M,40-41,,Equipement réfléchissant,Non,1,1,07 - juillet,5 - samedi,Abymes