test,identifiantAccident,date,departement,heure,commune,lat,lon,typeIntersection,typeCollision,luminosite,conditionsAtmosperiques,typeRoute,circulation,nbVoies,profilLongRoute,tracePlanRoute,largeurTPC,largeurRoute,etatSurface,amenagement,situation,categorieUsager,graviteAccident,sexe,age,motifDeplacement,existenceSecurite,usageSecurite,nombreAutresVehicules,enAgglomeration,mois,jour,NCCENR
,201700001507,2017-07-28,17,10,17360,46.15611,-1.3304,Intersection en X,Deux véhicules - par le coté,Plein jour,Normale,Voie Communale,,1,,,,30,,,Sur chaussée,Conducteur,2,M,57-58,Promenade - loisirs,Autre,Oui,1,1,07 - juillet,4 - vendredi,Sainte-Marie-de-Ré
,201700015007,2017-07-28,72,15,72189,48.25082,0.31446,Hors intersection,Deux véhicules - par le coté,Plein jour,Normale,Route Départementale,,2,Plat,,,10,normale,,,Conducteur,2,M,57-58,Domicile - travail,Casque,Non,1,1,07 - juillet,4 - vendredi,Marolles-les-Braults
,201700016082,2017-07-28,38,19,38075,45.46381,5.98855,Intersection en Y,Deux véhicules - par le coté,Plein jour,Normale,Voie Communale,,2,Plat,,,,normale,,Sur chaussée,Conducteur,2,M,43-44,Promenade - loisirs,Casque,Oui,1,1,07 - juillet,4 - vendredi,Chapareillan
,201700020254,2017-07-28,56,16,56206,47.71377,-2.75273,Intersection en T,Deux véhicules - par le coté,Plein jour,Normale,Voie Communale,,,Pente,Partie rectiligne,,,normale,,,Conducteur,1,M,14-15,Promenade - loisirs,Autre,Non,1,1,07 - juillet,4 - vendredi,Saint-Avé
,201700045325,2017-07-28,94,20,94068,48.80072,2.47032,Intersection en Y,Deux véhicules - par le coté,Plein jour,Normale,Route Départementale,,2,Plat,En courbe à droite,,,normale,,Sur chaussée,Conducteur,1,M,58-59,Promenade - loisirs,Casque,Non déterminable,1,1,07 - juillet,4 - vendredi,Saint-Maur-des-Fossés
,201700045423,2017-07-28,94,11,94078,48.7465,2.4564,Hors intersection,Aucune,Plein jour,Normale,Voie Communale,,1,Plat,Partie rectiligne,,,normale,,Sur chaussée,Conducteur,2,M,75-76,,Autre,Non,,1,07 - juillet,4 - vendredi,Villeneuve-Saint-Georges
,201700000539,2017-07-27,22,8,22246,48.4776,-2.60427,Intersection en X,Deux véhicules - par le coté,Plein jour,Normale,Route Départementale,,2,Plat,,7,15,normale,Carrefour aménagé,Sur chaussée,Conducteur,2,M,66-67,Promenade - loisirs,Casque,Oui,1,,07 - juillet,3 - jeudi,Pommeret
,201700001735,2017-07-27,65,19,65059,43.06662,0.14895,Hors intersection,Deux véhicules - par l’arrière,Plein jour,Normale,Voie Communale,,2,Plat,,6,415,normale,,,Conducteur,1,M,33-34,Promenade - loisirs,Casque,Oui,1,1,07 - juillet,3 - jeudi,Bagnères-de-Bigorre
,201700002120,2017-07-27,7,11,7203,44.7892,4.22567,Hors intersection,Aucune,Plein jour,Normale,Voie Communale,,2,Pente,,,,normale,,Sur chaussée,Conducteur,3,M,72-73,Promenade - loisirs,Casque,Non déterminable,,1,07 - juillet,3 - jeudi,Sagnes-et-Goudoulet
,201700004786,2017-07-27,5,12,5023,44.91446,6.62307,Hors intersection,Deux véhicules - par l’arrière,Plein jour,Normale,Route Départementale,,2,Pente,Partie rectiligne,,70,normale,,Sur chaussée,Conducteur,2,M,69-70,Promenade - loisirs,Casque,Oui,1,1,07 - juillet,3 - jeudi,Briançon
,201700007059,2017-07-27,69,12,69268,45.65017,4.75127,Hors intersection,Deux véhicules - par le coté,Plein jour,Normale,Route Départementale,,2,Plat,Partie rectiligne,,,normale,,Sur chaussée,Conducteur,2,M,30-31,Promenade - loisirs,Autre,Non,1,,07 - juillet,3 - jeudi,Vourles
,201700008583,2017-07-27,13,10,13001,43.50809,5.40644,Intersection en X,Deux véhicules - frontale,Plein jour,Normale,Route Départementale,,2,Plat,Partie rectiligne,,44,normale,Zone piétonne,Sur chaussée,Conducteur,2,F,59-60,Promenade - loisirs,Autre,Non,1,1,07 - juillet,3 - jeudi,Aix-en-Provence
,201700012650,2017-07-27,85,12,85294,46.35425,-1.42481,Giratoire,Deux véhicules - par le coté,Plein jour,Normale,Route Départementale,,1,Plat,,4,14,normale,,,Conducteur,2,M,83-84,Promenade - loisirs,Autre,Non déterminable,1,1,07 - juillet,3 - jeudi,Tranche-sur-Mer
,201700016405,2017-07-27,29,14,29158,47.82494,-4.3106,Intersection en X,Deux véhicules - par l’arrière,Plein jour,Normale,Route Départementale,,2,Plat,,9,610,normale,,,Conducteur,2,M,49-50,Promenade - loisirs,Casque,Non,1,,07 - juillet,3 - jeudi,Penmarch
,201700016898,2017-07-27,44,8,44154,47.20613,-2.14002,Autre intersection,Deux véhicules - par le coté,Plein jour,Temps couvert,Voie Communale,,2,Plat,,5,60,normale,,,Conducteur,1,M,47-48,Promenade - loisirs,Casque,Oui,1,,07 - juillet,3 - jeudi,Saint-Brevin-les-Pins
,201700022827,2017-07-27,26,21,26198,44.56745,4.75536,Giratoire,Deux véhicules - par le coté,Plein jour,Normale,Route Départementale,,2,Plat,Partie rectiligne,,88,normale,,Sur chaussée,Conducteur,1,M,39-40,Promenade - loisirs,Autre,Non déterminable,1,1,07 - juillet,3 - jeudi,Montélimar
,201700031630,2017-07-27,59,19,59569,50.34368,3.10525,Hors intersection,Autre,Plein jour,Normale,Voie Communale,,2,Plat,En courbe à droite,,50,normale,,Sur chaussée,Conducteur,2,F,13-14,Promenade - loisirs,Casque,Non,1,1,07 - juillet,3 - jeudi,Sin-le-Noble
,201700034182,2017-07-27,67,9,67482,48.57368,7.71855,Intersection en X,Deux véhicules - par le coté,Plein jour,Normale,Voie Communale,,2,Plat,Partie rectiligne,,40,normale,,Sur chaussée,Conducteur,2,M,27-28,Promenade - loisirs,Casque,Oui,1,1,07 - juillet,3 - jeudi,Strasbourg
,201700037743,2017-07-27,85,11,85194,46.50089,-1.78556,Intersection en T,Deux véhicules - par le coté,Plein jour,Normale,Voie Communale,,2,Plat,Partie rectiligne,,,normale,Carrefour aménagé,Sur piste cyclable,Conducteur,1,F,28-29,Courses - achats,Autre,Non,1,1,07 - juillet,3 - jeudi,'Sables-d''Olonne'
,201700050953,2017-07-27,69,19,69383,45.75804,4.86159,Autre intersection,Deux véhicules - par le coté,Plein jour,Normale,Hors réseau public,,,Plat,Partie rectiligne,,,normale,Voie ferrée,,Conducteur,1,F,18-19,Promenade - loisirs,Casque,Non,1,1,07 - juillet,3 - jeudi,Lyon 3e  Arrondissement
,201700053373,2017-07-27,75,19,75106,48.8524,2.33182,Intersection à plus de 4 branches,Autre,Plein jour,Normale,Voie Communale,,2,Plat,Partie rectiligne,,,normale,,Sur chaussée,Conducteur,0,M,25-26,Promenade - loisirs,Casque,Non déterminable,,1,07 - juillet,3 - jeudi,Paris 6e  Arrondissement
,201700055818,2017-07-27,75,8,75115,48.8393,2.30489,Intersection en X,Aucune,Plein jour,Pluie légère,Voie Communale,,1,Plat,Partie rectiligne,,40,mouillée,,Sur chaussée,Conducteur,1,F,50-51,Domicile - travail,Casque,Oui,,1,07 - juillet,3 - jeudi,Paris 15e  Arrondissement
,201700002119,2017-07-26,7,20,7322,44.6749,4.2124,Hors intersection,Autre,Crépuscule ou aube,Normale,Voie Communale,,2,Pente,En courbe à droite,,,normale,,Sur chaussée,Conducteur,2,F,40-41,Promenade - loisirs,Autre,Non déterminable,,,07 - juillet,2 - mercredi,Thueyts
,201700005910,2017-07-26,6,8,6069,43.654,6.93084,Hors intersection,Deux véhicules - par le coté,Plein jour,Normale,Route Départementale,,2,Pente,Partie rectiligne,,85,normale,,Sur chaussée,Conducteur,1,M,38-39,Promenade - loisirs,Casque,Oui,1,1,07 - juillet,2 - mercredi,Grasse
,201700013925,2017-07-26,64,10,64495,43.35622,-1.56131,Intersection en T,Deux véhicules - par le coté,Plein jour,Normale,Route Départementale,,2,Plat,,6,10,normale,,,Conducteur,1,M,44-45,,Casque,Oui,1,1,07 - juillet,2 - mercredi,Saint-Pée-sur-Nivelle
,201700015631,2017-07-26,15,11,15153,45.13517,2.22528,Autre intersection,Deux véhicules - par le coté,Plein jour,Normale,Voie Communale,,2,Plat,,,10,normale,,,Conducteur,2,M,65-66,Courses - achats,Casque,Non,1,1,07 - juillet,2 - mercredi,Pleaux
,201700018233,2017-07-26,49,20,49170,47.65538,-0.50194,Hors intersection,Deux véhicules - par le coté,Plein jour,Normale,Voie Communale,,2,Plat,,,10,normale,,,Conducteur,1,F,12-13,Promenade - loisirs,Casque,Non,1,1,07 - juillet,2 - mercredi,Juvardeil
,201700019279,2017-07-26,65,12,65051,43.06832,0.51971,Intersection en T,Deux véhicules - frontale,Plein jour,Normale,Route Départementale,,2,Pente,,,10,normale,,,Conducteur,1,M,56-57,Promenade - loisirs,Casque,Oui,1,1,07 - juillet,2 - mercredi,Aventignan
,201700024833,2017-07-26,31,18,31555,43.59461,1.44892,Hors intersection,Trois véhicules et plus - collisions multiples,Plein jour,Normale,Voie Communale,,2,Plat,Partie rectiligne,,,normale,,Sur chaussée,Conducteur,1,F,41-42,Promenade - loisirs,Autre,Non déterminable,2,1,07 - juillet,2 - mercredi,Toulouse
,201700032328,2017-07-26,22,16,22188,48.52175,-2.87337,Hors intersection,Aucune,Plein jour,Normale,Route Départementale,,2,Plat,En courbe à gauche,,,normale,,Sur chaussée,Conducteur,3,M,68-69,Promenade - loisirs,Casque,Oui,,,07 - juillet,2 - mercredi,Plerneuf
,201700043306,2017-07-26,93,12,93070,0,0,Hors intersection,Deux véhicules - frontale,Plein jour,Normale,Voie Communale,,2,Plat,Partie rectiligne,,,normale,,Sur chaussée,Conducteur,2,M,34-35,Domicile - travail,Casque,Non,1,1,07 - juillet,2 - mercredi,Saint-Ouen
,201700052911,2017-07-26,75,9,75101,48.8624,2.34157,Intersection en Y,Deux véhicules - par le coté,Plein jour,Normale,Voie Communale,,3,Plat,Partie rectiligne,,100,normale,,Sur chaussée,Conducteur,1,F,22-23,Promenade - loisirs,Casque,Non déterminable,1,1,07 - juillet,2 - mercredi,Paris 1er Arrondissement
,201700054244,2017-07-26,75,21,75110,48.8762,2.35611,Intersection en T,Deux véhicules - par le coté,Crépuscule ou aube,Pluie légère,Voie Communale,,1,Pente,Partie rectiligne,,,mouillée,,,Conducteur,1,M,31-32,,Casque,Oui,1,1,07 - juillet,2 - mercredi,Paris 10e  Arrondissement
,201700005468,2017-07-25,33,9,33214,45.00187,-1.19327,Autre intersection,Deux véhicules - par le coté,Plein jour,Normale,Route Départementale,,2,Plat,,,15,normale,,Sur chaussée,Conducteur,2,M,83-84,Promenade - loisirs,Casque,Non déterminable,1,1,07 - juillet,1 - mardi,Lacanau
,201700005555,2017-07-25,6,13,6004,43.61184,7.12758,Hors intersection,Deux véhicules - par l’arrière,Plein jour,Normale,Route Départementale,,,Plat,Partie rectiligne,,60,normale,,Sur piste cyclable,Conducteur,2,M,32-33,,Casque,Oui,1,1,07 - juillet,1 - mardi,Antibes
,201700005556,2017-07-25,6,19,6004,43.60298,7.12552,Hors intersection,Deux véhicules - frontale,Plein jour,Normale,Route Départementale,,2,Plat,Partie rectiligne,,12,normale,,Sur piste cyclable,Conducteur,2,M,21-22,Promenade - loisirs,Casque,Non,1,1,07 - juillet,1 - mardi,Antibes
,201700010089,2017-07-25,13,18,13055,43.27756,5.39931,Place,Deux véhicules - par l’arrière,Plein jour,Normale,Voie Communale,,4,Plat,Partie rectiligne,35,220,normale,,Sur chaussée,Conducteur,1,F,27-28,,Equipement réfléchissant,Oui,1,1,07 - juillet,1 - mardi,Marseille
,201700015704,2017-07-25,3,11,3019,46.6033,3.67975,Intersection en Y,Deux véhicules - frontale,Plein jour,Normale,Route Départementale,,2,Plat,,,15,normale,,,Conducteur,2,F,65-66,Courses - achats,Autre,Non,1,1,07 - juillet,1 - mardi,Beaulon
,201700018765,2017-07-25,71,17,71122,46.89782,4.66614,Hors intersection,Deux véhicules - par l’arrière,Plein jour,Normale,Route Départementale,,2,Plat,Partie rectiligne,,,normale,,Sur chaussée,Conducteur,1,M,16-17,Promenade - loisirs,Casque,Non,1,1,07 - juillet,1 - mardi,Cheilly-lès-Maranges
,201700023930,2017-07-25,29,10,29232,47.97689,-4.06923,Hors intersection,Deux véhicules - par le coté,Plein jour,Normale,Route Départementale,,4,Plat,Partie rectiligne,,,normale,,Sur piste cyclable,Conducteur,1,M,63-64,,Autre,Non déterminable,1,1,07 - juillet,1 - mardi,Quimper
,201700028902,2017-07-25,45,19,45234,47.8317,1.92892,Hors intersection,Deux véhicules - par le coté,Plein jour,Normale,Voie Communale,,2,Plat,Partie rectiligne,5,30,normale,,Sur piste cyclable,Conducteur,1,F,21-22,Promenade - loisirs,Casque,Non,1,1,07 - juillet,1 - mardi,Orléans
,201700030885,2017-07-25,56,15,56121,47.74358,-3.3682,Hors intersection,Deux véhicules - par l’arrière,Plein jour,Normale,Autre,,,,,,,normale,,Sur chaussée,Conducteur,1,M,12-13,,Autre,Non déterminable,1,1,07 - juillet,1 - mardi,Lorient
,201700038170,2017-07-25,87,14,87075,45.809,1.22592,Hors intersection,Autre,Plein jour,Normale,Voie Communale,,2,Plat,Partie rectiligne,,60,normale,,Sur chaussée,Conducteur,2,M,63-64,Promenade - loisirs,Autre,Non déterminable,,1,07 - juillet,1 - mardi,Isle
,201700039806,2017-07-25,92,10,92024,48.90299,2.31279,Giratoire,Deux véhicules - par le coté,Plein jour,Normale,Route Départementale,,2,Plat,Partie rectiligne,,,normale,,,Conducteur,1,F,59-60,,Casque,Non déterminable,1,1,07 - juillet,1 - mardi,Clichy
,201700054243,2017-07-25,75,19,75110,48.871,2.36592,Intersection en X,Deux véhicules - par le coté,Crépuscule ou aube,Normale,Voie Communale,,1,Pente,Partie rectiligne,,,normale,,Sur chaussée,Conducteur,1,F,23-24,Promenade - loisirs,Casque,Non déterminable,1,1,07 - juillet,1 - mardi,Paris 10e  Arrondissement
,201700001965,2017-07-24,69,17,69296,45.64312,4.81807,Hors intersection,Deux véhicules - par le coté,Plein jour,Normale,Route Départementale,,2,Pente,,7,15,normale,,,Conducteur,1,M,50-51,Promenade - loisirs,Casque,Oui,1,1,07 - juillet,0 - lundi,Solaize
,201700004833,2017-07-24,5,11,5061,44.55794,6.08227,Hors intersection,Autre,Plein jour,Normale,Voie Communale,,3,Plat,Partie rectiligne,,100,normale,,Sur chaussée,Conducteur,1,M,55-56,Domicile - travail,Casque,Non,,1,07 - juillet,0 - lundi,Gap
,201700021212,2017-07-24,17,11,17300,46.14094,-1.15754,Hors intersection,Deux véhicules - par le coté,Plein jour,Normale,Voie Communale,,2,Plat,Partie rectiligne,,65,normale,,Sur piste cyclable,Conducteur,1,F,53-54,Promenade - loisirs,Casque,Non,1,1,07 - juillet,0 - lundi,Rochelle
,201700022538,2017-07-24,24,15,24322,45.18104,0.7152,Intersection en T,Autre,Plein jour,Normale,Voie Communale,Avec voies d’affectation variable,,,,,,,,,Conducteur,2,M,49-50,Autre,Autre,Non,1,1,07 - juillet,0 - lundi,Périgueux
,201700024829,2017-07-24,31,20,31555,43.59792,1.43069,Hors intersection,Deux véhicules - par le coté,Plein jour,Normale,Voie Communale,,4,Plat,Partie rectiligne,,,normale,,Sur chaussée,Conducteur,1,M,35-36,Autre,Autre,Non déterminable,1,1,07 - juillet,0 - lundi,Toulouse
,201700025847,2017-07-24,33,22,33063,44.8658,-0.56059,Hors intersection,Deux véhicules - par l’arrière,Nuit avec éclairage public allumé,Normale,Voie Communale,,6,Plat,Partie rectiligne,,,normale,,Sur chaussée,Conducteur,1,M,23-24,Autre,Casque,Non déterminable,1,1,07 - juillet,0 - lundi,Bordeaux
,201700026018,2017-07-24,6,7,6044,43.68615,7.10263,Hors intersection,,Plein jour,Normale,Voie Communale,,2,Pente,Partie rectiligne,,,normale,,Sur trottoir,Conducteur,2,M,46-47,Promenade - loisirs,Casque,Oui,,1,07 - juillet,0 - lundi,Colle-sur-Loup
,201700030884,2017-07-24,56,17,56121,47.74802,-3.3749,Hors intersection,Autre,Plein jour,Normale,Autre,,2,,Partie rectiligne,,,normale,,Sur chaussée,Conducteur,1,M,36-37,,Autre,Non déterminable,,1,07 - juillet,0 - lundi,Lorient
,201700031430,2017-07-24,58,5,58194,46.9861,3.1495,Intersection en T,Deux véhicules - frontale,Nuit avec éclairage public allumé,Normale,Voie Communale,,2,Plat,Partie rectiligne,,62,normale,,Sur chaussée,Conducteur,2,M,16-17,Autre,Autre,Non déterminable,1,1,07 - juillet,0 - lundi,Nevers
,201700031955,2017-07-24,59,21,59512,50.6,3.1,Hors intersection,Deux véhicules - par le coté,Plein jour,Normale,Voie Communale,,,Plat,En courbe à droite,,,normale,,Sur chaussée,Conducteur,2,M,68-69,,Autre,Oui,1,,07 - juillet,0 - lundi,Roubaix
,201700033038,2017-07-24,64,13,64122,43.48089,-1.54104,Hors intersection,Deux véhicules - par le coté,Plein jour,Normale,Voie Communale,,,Plat,Partie rectiligne,,,normale,,Sur chaussée,Conducteur,1,M,55-56,Utilisation professionnelle,Autre,Oui,1,1,07 - juillet,0 - lundi,Biarritz
,201700033875,2017-07-24,67,14,67180,48.81758,7.79583,Intersection en T,Deux véhicules - par le coté,Plein jour,Pluie légère,Voie Communale,,1,Plat,Partie rectiligne,,,mouillée,,Sur chaussée,Conducteur,1,M,18-19,Promenade - loisirs,Casque,Non,1,1,07 - juillet,0 - lundi,Haguenau
,201700035571,2017-07-24,74,9,74010,45.9104,6.1238,Hors intersection,Deux véhicules - par le coté,Plein jour,Pluie légère,Voie Communale,,,Plat,Partie rectiligne,,,mouillée,,Sur trottoir,Conducteur,2,F,48-49,Domicile - travail,Autre,Non déterminable,1,1,07 - juillet,0 - lundi,Annecy
,201700040983,2017-07-24,92,13,92063,48.88825,2.16448,Intersection en T,Autre,Plein jour,Normale,Voie Communale,,1,Plat,Partie rectiligne,,150,normale,Zone piétonne,Sur chaussée,Conducteur,1,M,34-35,Domicile - travail,Autre,Non,1,1,07 - juillet,0 - lundi,Rueil-Malmaison
,201700041385,2017-07-24,93,16,93001,0,0,Hors intersection,Deux véhicules - par le coté,Plein jour,Normale,Voie Communale,,2,Plat,En courbe à gauche,100,60,normale,,Sur chaussée,Conducteur,1,M,44-45,,Autre,Non,1,1,07 - juillet,0 - lundi,Aubervilliers
,201700052803,2017-07-24,75,13,75109,48.874,2.34606,Hors intersection,Deux véhicules - par le coté,Plein jour,Pluie légère,Voie Communale,,1,Plat,Partie rectiligne,,53,mouillée,,Sur chaussée,Conducteur,1,F,23-24,Autre,Casque,Non déterminable,1,1,07 - juillet,0 - lundi,Paris 9e  Arrondissement
,201700059427,2017-07-24,974,16,97422,-21.26246,55.5197,Hors intersection,Deux véhicules - frontale,Plein jour,Normale,Voie Communale,,2,Pente,Partie rectiligne,,70,normale,,Sur chaussée,Conducteur,2,M,53-54,Promenade - loisirs,Casque,Oui,1,1,07 - juillet,0 - lundi,Tampon
,201700000568,2017-07-23,22,9,22081,48.52374,-2.65627,Intersection en T,Deux véhicules - par le coté,Plein jour,Normale,Voie Communale,,2,Pente,Partie rectiligne,,30,normale,,,Conducteur,2,F,47-48,Promenade - loisirs,Casque,Oui,1,,07 - juillet,6 - dimanche,Hillion
,201700000656,2017-07-23,29,5,29006,47.88044,-4.0444,Intersection en T,Deux véhicules - frontale,Nuit sans éclairage public,Normale,Route Départementale,,2,Plat,,6,510,normale,,,Conducteur,2,F,15-16,Promenade - loisirs,Casque,Non,1,,07 - juillet,6 - dimanche,Bénodet
,201700015167,2017-07-23,66,11,66053,42.52328,3.09767,Hors intersection,Deux véhicules - frontale,Plein jour,Normale,Route Départementale,,2,Pente,,,10,enneigée,,,Conducteur,2,M,53-54,Promenade - loisirs,Casque,Oui,1,,07 - juillet,6 - dimanche,Collioure
,201700016671,2017-07-23,34,8,34192,43.53427,3.91922,Hors intersection,Deux véhicules - frontale,Plein jour,Normale,Autre,,2,Bas de côte,Partie rectiligne,,40,normale,,Sur piste cyclable,Conducteur,2,M,43-44,Promenade - loisirs,Casque,Non,1,,07 - juillet,6 - dimanche,Palavas-les-Flots
,201700016671,2017-07-23,34,8,34192,43.53427,3.91922,Hors intersection,Deux véhicules - frontale,Plein jour,Normale,Autre,,2,Bas de côte,Partie rectiligne,,40,normale,,Sur piste cyclable,Conducteur,2,M,86-87,Promenade - loisirs,Casque,Oui,1,,07 - juillet,6 - dimanche,Palavas-les-Flots
,201700021210,2017-07-23,17,11,17300,46.16722,-1.17773,Intersection en X,Deux véhicules - par le coté,Plein jour,Normale,Voie Communale,,2,Plat,En courbe à droite,,66,normale,,Sur chaussée,Conducteur,2,F,52-53,Promenade - loisirs,Autre,Non déterminable,1,1,07 - juillet,6 - dimanche,Rochelle
,201700021211,2017-07-23,17,14,17300,46.15187,-1.14056,Hors intersection,Deux véhicules - frontale,Plein jour,Normale,Voie Communale,,2,Plat,En courbe à droite,,40,normale,,Sur chaussée,Conducteur,2,M,14-15,Promenade - loisirs,Casque,Non,1,1,07 - juillet,6 - dimanche,Rochelle
,201700029370,2017-07-23,49,14,49007,47.47303,-0.57752,Autre intersection,Deux véhicules - par le coté,Plein jour,Normale,Voie Communale,,3,Plat,Partie rectiligne,,70,normale,Carrefour aménagé,Sur chaussée,Conducteur,2,F,39-40,Autre,Casque,Oui,1,1,07 - juillet,6 - dimanche,Angers
,201700050951,2017-07-23,69,16,69386,45.7082,4.83566,Hors intersection,Autre,Plein jour,Normale,Voie Communale,,1,Pente,Partie rectiligne,,,normale,,,Conducteur,0,M,14-15,Promenade - loisirs,Autre,Non déterminable,,1,07 - juillet,6 - dimanche,Lyon 6e  Arrondissement
,201700060248,2017-07-23,974,19,97407,-20.93958,55.30324,Giratoire,Deux véhicules - par le coté,Nuit avec éclairage public allumé,Normale,Voie Communale,,1,,,,,,,Sur chaussée,Conducteur,1,M,32-33,Promenade - loisirs,Autre,Non déterminable,1,1,07 - juillet,6 - dimanche,Port
,201700004280,2017-07-22,84,21,84026,43.73007,5.38621,Hors intersection,Deux véhicules - par l’arrière,Nuit sans éclairage public,Normale,Route Départementale,,2,Plat,Partie rectiligne,,35,normale,,Sur chaussée,Conducteur,2,M,30-31,Promenade - loisirs,Casque,Oui,1,,07 - juillet,5 - samedi,Cadenet
,201700012267,2017-07-22,17,16,17093,45.86599,-1.22166,Hors intersection,Deux véhicules - par le coté,Plein jour,Normale,Voie Communale,,2,Plat,,5,54,normale,,Sur chaussée,Conducteur,2,F,58-59,Promenade - loisirs,Casque,Non,1,,07 - juillet,5 - samedi,'Château-d''Oléron'
,201700012782,2017-07-22,4,18,4209,44.2075,5.93187,Intersection en T,Deux véhicules - par le coté,Plein jour,Normale,Route Départementale,,2,Plat,Partie rectiligne,,15,normale,Carrefour aménagé,Sur chaussée,Conducteur,2,M,52-53,Promenade - loisirs,Casque,Non,1,,07 - juillet,5 - samedi,Sisteron
,201700015556,2017-07-22,1,9,1204,46.1553,5.71924,Intersection en X,Deux véhicules - par le coté,Plein jour,Normale,Route Départementale,,2,Pente,,8,10,normale,,,Conducteur,2,M,47-48,Promenade - loisirs,Casque,Oui,1,1,07 - juillet,5 - samedi,Poizat-Lalleyriat
,201700032199,2017-07-22,68,16,68112,47.91428,7.20904,Intersection en X,Deux véhicules - frontale,Plein jour,Normale,Route Départementale,,2,Plat,Partie rectiligne,,70,normale,,Sur chaussée,Conducteur,1,M,28-29,Promenade - loisirs,Equipement réfléchissant,Non,1,1,07 - juillet,5 - samedi,Guebwiller
,201700035111,2017-07-22,54,7,54407,48.47516,6.06667,Hors intersection,Deux véhicules - par l’arrière,Plein jour,Normale,Route Départementale,,2,Plat,Partie rectiligne,,,normale,,Sur chaussée,Conducteur,2,M,17-18,Domicile - travail,Casque,Oui,1,1,07 - juillet,5 - samedi,Ognéville
,201700037505,2017-07-22,83,19,83137,43.11215,5.93518,Hors intersection,Deux véhicules - par le coté,Plein jour,Normale,Voie Communale,,2,Plat,Partie rectiligne,,120,normale,,Sur chaussée,Conducteur,2,F,36-37,Autre,Autre,Non,1,1,07 - juillet,5 - samedi,Toulon
,201700042551,2017-07-22,93,19,93048,0,0,Hors intersection,Deux véhicules - par le coté,Plein jour,Pluie légère,Voie Communale,,2,Plat,Partie rectiligne,,,mouillée,,Sur chaussée,Conducteur,2,M,10-11,Promenade - loisirs,Autre,Non déterminable,1,1,07 - juillet,5 - samedi,Montreuil
,201700054074,2017-07-22,75,17,75109,48.8748,2.34136,Intersection en Y,Deux véhicules - par le coté,Plein jour,Normale,Voie Communale,,2,Plat,En courbe à droite,,,normale,,Sur piste cyclable,Conducteur,1,F,29-30,Autre,Casque,Non déterminable,1,1,07 - juillet,5 - samedi,Paris 9e  Arrondissement
,201700002169,2017-07-21,26,22,26085,0,0,Hors intersection,Deux véhicules - par l’arrière,Nuit sans éclairage public,Normale,Route Départementale,,2,Plat,Partie rectiligne,,,normale,,Sur accotement,Conducteur,2,M,63-64,Promenade - loisirs,Autre,Oui,1,,07 - juillet,4 - vendredi,Châteauneuf-du-Rhône
,201700041382,2017-07-21,93,9,93001,0,0,Intersection en X,Deux véhicules - par le coté,Plein jour,Normale,Voie Communale,,2,Plat,Partie rectiligne,,70,normale,,Sur piste cyclable,Conducteur,2,M,65-66,Domicile - travail,Casque,Non,1,1,07 - juillet,4 - vendredi,Aubervilliers
,201700042414,2017-07-21,93,20,93046,48.91136,2.51682,Intersection à plus de 4 branches,Deux véhicules - par le coté,Plein jour,Normale,Voie Communale,,1,Plat,,,40,normale,Carrefour aménagé,Sur chaussée,Conducteur,1,F,22-23,,Autre,Non,1,1,07 - juillet,4 - vendredi,Livry-Gargan
,201700046281,2017-07-21,2A,19,2A004,41.94327,8.75722,Hors intersection,Deux véhicules - par l’arrière,Plein jour,Normale,Route Départementale,,2,Plat,Partie rectiligne,,74,normale,,,Conducteur,1,M,72-73,,Autre,Non déterminable,1,1,07 - juillet,4 - vendredi,Ajaccio
,201700050946,2017-07-21,69,8,69387,45.74794,4.83379,Hors intersection,Deux véhicules - par le coté,Plein jour,Normale,Route Départementale,,2,Plat,Partie rectiligne,,,normale,Pont - autopont,Sur chaussée,Conducteur,1,F,49-50,Utilisation professionnelle,Casque,Non,1,1,07 - juillet,4 - vendredi,Lyon 7e  Arrondissement
,201700050947,2017-07-21,69,8,69383,45.75463,4.86665,Hors intersection,Deux véhicules - par le coté,Plein jour,Normale,Voie Communale,,,Plat,Partie rectiligne,,,normale,,Sur chaussée,Conducteur,1,M,19-20,Domicile - travail,Casque,Non,1,1,07 - juillet,4 - vendredi,Lyon 3e  Arrondissement
,201700054476,2017-07-21,75,14,75111,48.865,2.37052,Hors intersection,Autre,Plein jour,Normale,Voie Communale,,2,Plat,Partie rectiligne,250,80,normale,,Sur chaussée,Conducteur,0,M,21-22,Utilisation professionnelle,Casque,Non déterminable,,1,07 - juillet,4 - vendredi,Paris 11e  Arrondissement
,201700054477,2017-07-21,75,19,75111,48.8625,2.36688,Intersection en X,Deux véhicules - par le coté,Plein jour,Normale,Voie Communale,,1,Plat,Partie rectiligne,,70,normale,,Sur chaussée,Conducteur,1,F,26-27,Autre,Casque,Non déterminable,1,1,07 - juillet,4 - vendredi,Paris 11e  Arrondissement
,201700056218,2017-07-21,75,14,75116,48.8546,2.2422,Hors intersection,Autre,Plein jour,Normale,Voie Communale,,4,Plat,Partie rectiligne,,,normale,,,Conducteur,1,M,29-30,Promenade - loisirs,Casque,Oui,,1,07 - juillet,4 - vendredi,Paris 16e  Arrondissement
,201700059178,2017-07-21,973,20,97307,0,0,Hors intersection,Autre,Nuit sans éclairage public,Normale,Route Départementale,,2,Plat,Partie rectiligne,,86,normale,,Sur chaussée,Conducteur,2,M,21-22,Promenade - loisirs,Casque,Non déterminable,,,07 - juillet,4 - vendredi,Matoury