test,identifiantAccident,date,departement,heure,commune,lat,lon,typeIntersection,typeCollision,luminosite,conditionsAtmosperiques,typeRoute,circulation,nbVoies,profilLongRoute,tracePlanRoute,largeurTPC,largeurRoute,etatSurface,amenagement,situation,categorieUsager,graviteAccident,sexe,age,motifDeplacement,existenceSecurite,usageSecurite,nombreAutresVehicules,enAgglomeration,mois,jour,NCCENR
,201700003560,2017-07-20,89,7,89337,47.75261,3.674,Hors intersection,Deux véhicules - par l’arrière,Plein jour,Normale,Route Départementale,,2,Plat,Partie rectiligne,,56,normale,,Sur accotement,Conducteur,2,M,73-74,Promenade - loisirs,Casque,Non,1,,07 - juillet,3 - jeudi,Saint-Bris-le-Vineux
,201700008005,2017-07-20,10,12,10387,48.2774,4.07601,Hors intersection,Deux véhicules - frontale,Plein jour,Temps couvert,Voie Communale,,2,Plat,Partie rectiligne,,,normale,,Sur piste cyclable,Conducteur,1,M,11-12,Promenade - loisirs,Casque,Non,1,1,07 - juillet,3 - jeudi,Troyes
,201700020215,2017-07-20,59,13,59358,50.92412,2.24653,Hors intersection,Deux véhicules - frontale,Plein jour,Normale,Voie Communale,,2,Pente,Partie rectiligne,,32,mouillée,,Sur chaussée,Conducteur,2,M,38-39,Promenade - loisirs,Casque,Non déterminable,1,,07 - juillet,3 - jeudi,Looberghe
,201700022728,2017-07-20,84,16,84062,43.89027,5.11698,Hors intersection,Deux véhicules - par l’arrière,Plein jour,Normale,Route Départementale,,2,Pente,Partie rectiligne,,35,normale,,Sur chaussée,Conducteur,2,M,58-59,Promenade - loisirs,Casque,Oui,1,1,07 - juillet,3 - jeudi,Lagnes
,201700028651,2017-07-20,45,11,45208,47.99068,2.73223,Hors intersection,Deux véhicules - par le coté,Plein jour,Normale,Route Départementale,,1,Bas de côte,Partie rectiligne,,50,normale,,Sur trottoir,Conducteur,1,M,18-19,Domicile - travail,Autre,Non,1,1,07 - juillet,3 - jeudi,Montargis
,201700030051,2017-07-20,51,11,51454,49.24215,4.02458,Giratoire,Deux véhicules - par le coté,Plein jour,Normale,Autre,,2,Plat,Partie rectiligne,,,normale,Carrefour aménagé,Sur chaussée,Conducteur,2,M,64-65,,Casque,Oui,1,1,07 - juillet,3 - jeudi,Reims
,201700031055,2017-07-20,56,20,56260,47.6332,-2.7456,Hors intersection,Deux véhicules - par l’arrière,Crépuscule ou aube,Normale,Route Départementale,,2,Plat,Partie rectiligne,,,normale,,Sur piste cyclable,Conducteur,2,M,27-28,Promenade - loisirs,Casque,Oui,1,,07 - juillet,3 - jeudi,Vannes
,201700037644,2017-07-20,84,13,84031,44.02382,5.03677,Hors intersection,Deux véhicules - par l’arrière,Plein jour,Normale,Route Départementale,,2,Plat,,,,normale,,Sur piste cyclable,Conducteur,2,M,51-52,Promenade - loisirs,Autre,Non déterminable,1,,07 - juillet,3 - jeudi,Carpentras
,201700040281,2017-07-20,92,18,92040,48.82774,2.27509,Hors intersection,Autre,Plein jour,Normale,Route Départementale,,2,Plat,Partie rectiligne,,100,normale,,Sur chaussée,Conducteur,0,F,24-25,,Autre,Non déterminable,,1,07 - juillet,3 - jeudi,Issy-les-Moulineaux
,201700040281,2017-07-20,92,18,92040,48.82774,2.27509,Hors intersection,Autre,Plein jour,Normale,Route Départementale,,2,Plat,Partie rectiligne,,100,normale,,Sur chaussée,Piéton,1,F,74-75,,,,,1,07 - juillet,3 - jeudi,Issy-les-Moulineaux
,201700044735,2017-07-20,94,10,94021,48.76617,2.33562,Intersection en Y,Autre,Plein jour,Temps couvert,Route Départementale,,4,Plat,Partie rectiligne,,,normale,,Sur trottoir,Conducteur,0,M,27-28,Utilisation professionnelle,Casque,Oui,,1,07 - juillet,3 - jeudi,Chevilly-Larue
,201700053251,2017-07-20,75,21,75105,48.8468,2.36095,Place,Deux véhicules - par le coté,Crépuscule ou aube,Normale,Voie Communale,,,Plat,Partie rectiligne,,170,normale,,,Conducteur,1,M,18-19,,Casque,Non déterminable,1,1,07 - juillet,3 - jeudi,Paris 5e  Arrondissement
,201700000728,2017-07-19,56,11,56114,47.32027,-3.11904,Hors intersection,Aucune,Plein jour,Normale,Route Départementale,,2,Pente,Partie rectiligne,,70,normale,,Sur chaussée,Conducteur,3,F,77-78,Courses - achats,Casque,Non,,,07 - juillet,2 - mercredi,Locmaria
,201700000812,2017-07-19,50,12,50099,49.29915,-1.24551,Hors intersection,Deux véhicules - frontale,Plein jour,Normale,Voie Communale,,2,Pente,En courbe à gauche,,49,normale,,Sur chaussée,Conducteur,2,M,12-13,Promenade - loisirs,Casque,Oui,1,1,07 - juillet,2 - mercredi,Carentan les Marais
,201700006999,2017-07-19,8,18,8497,49.77091,4.65872,Autre intersection,Deux véhicules - par le coté,Plein jour,Normale,Route Départementale,,,Plat,En courbe à gauche,,,normale,,Sur chaussée,Conducteur,2,M,47-48,Promenade - loisirs,Casque,Oui,1,,07 - juillet,2 - mercredi,Warcq
,201700016096,2017-07-19,38,14,38195,45.15212,5.36909,Intersection en X,Deux véhicules - par le coté,Plein jour,Normale,Route Départementale,,2,Plat,,5,10,normale,,,Conducteur,2,M,19-20,Promenade - loisirs,Casque,Non,1,,07 - juillet,2 - mercredi,Izeron
,201700020309,2017-07-19,56,12,56116,47.56005,-2.93726,Intersection en Y,Deux véhicules - par le coté,Plein jour,Normale,Voie Communale,,1,Plat,Partie rectiligne,,,normale,,,Conducteur,2,M,62-63,Promenade - loisirs,Casque,Non,1,1,07 - juillet,2 - mercredi,Locmariaquer
,201700024417,2017-07-19,5,10,5085,44.92888,6.71503,Hors intersection,Deux véhicules - par le coté,Plein jour,Normale,Route Nationale,,2,Pente,Partie rectiligne,,73,normale,,Sur chaussée,Conducteur,2,M,42-43,Promenade - loisirs,Casque,Oui,1,1,07 - juillet,2 - mercredi,Montgenèvre
,201700025550,2017-07-19,33,10,33529,44.56703,-1.22881,Hors intersection,Autre,Plein jour,Normale,Route Départementale,,2,Bas de côte,Partie rectiligne,,70,normale,,Sur piste cyclable,Conducteur,2,M,66-67,Promenade - loisirs,Casque,Oui,,,07 - juillet,2 - mercredi,Teste-de-Buch
,201700026049,2017-07-19,34,8,34003,43.29745,3.47484,Hors intersection,Deux véhicules - par le coté,Crépuscule ou aube,Normale,Route Départementale,,2,Plat,Partie rectiligne,,72,normale,,Sur chaussée,Conducteur,2,M,74-75,Courses - achats,Autre,Non,1,,07 - juillet,2 - mercredi,Agde
,201700027300,2017-07-19,37,13,37208,47.36593,0.71816,Hors intersection,Deux véhicules - par le coté,Plein jour,Normale,Voie Communale,,1,Pente,Partie rectiligne,,,normale,,Sur chaussée,Conducteur,1,M,43-44,Promenade - loisirs,Casque,Non,1,1,07 - juillet,2 - mercredi,Saint-Avertin
,201700028898,2017-07-19,45,11,45234,47.91376,1.9238,Hors intersection,Deux véhicules - par le coté,Plein jour,Normale,Voie Communale,,2,Plat,Partie rectiligne,,56,normale,,Sur piste cyclable,Conducteur,2,M,78-79,Promenade - loisirs,Casque,Oui,1,1,07 - juillet,2 - mercredi,Orléans
,201700029364,2017-07-19,49,18,49007,47.46959,-0.5296,Hors intersection,Aucune,Plein jour,Pluie légère,Voie Communale,,1,Plat,,,,mouillée,,Sur piste cyclable,Conducteur,1,F,27-28,,Autre,Non déterminable,,,07 - juillet,2 - mercredi,Angers
,201700031888,2017-07-19,59,17,59339,50.68945,3.2353,Hors intersection,Aucune,Plein jour,Normale,Hors réseau public,,,Plat,,,,boue,Zone piétonne,Sur accotement,Conducteur,3,M,55-56,,Autre,Non déterminable,,,07 - juillet,2 - mercredi,Leers
,201700032752,2017-07-19,62,20,62498,50.4466,2.81464,Intersection en T,Deux véhicules - par le coté,Plein jour,Normale,Voie Communale,,1,Plat,Partie rectiligne,,,normale,,Sur chaussée,Conducteur,2,M,11-12,Promenade - loisirs,Autre,Non,1,1,07 - juillet,2 - mercredi,Lens
,201700034174,2017-07-19,67,21,67482,48.57847,7.70846,Hors intersection,Deux véhicules - par le coté,Crépuscule ou aube,Normale,Voie Communale,,2,Plat,Partie rectiligne,,50,normale,,Sur piste cyclable,Conducteur,2,F,34-35,Promenade - loisirs,Autre,Non,1,1,07 - juillet,2 - mercredi,Strasbourg
,201700035888,2017-07-19,76,17,76351,49.50015,0.1346,Intersection en T,Deux véhicules - par l’arrière,Plein jour,Normale,Voie Communale,,1,Plat,Partie rectiligne,,25,normale,,,Conducteur,2,M,27-28,Promenade - loisirs,Casque,Non déterminable,1,1,07 - juillet,2 - mercredi,Havre
,201700050940,2017-07-19,69,9,69383,45.75129,4.88322,Intersection en X,Deux véhicules - par le coté,Plein jour,Normale,Voie Communale,,1,Plat,Partie rectiligne,,,normale,,Sur chaussée,Conducteur,1,M,11-12,,Autre,Non,1,1,07 - juillet,2 - mercredi,Lyon 3e  Arrondissement
,201700054823,2017-07-19,75,23,75112,48.8524,2.36941,Intersection en Y,Deux véhicules - par le coté,Nuit avec éclairage public allumé,Normale,Voie Communale,,5,Plat,En courbe à droite,10,125,normale,Carrefour aménagé,Sur chaussée,Conducteur,1,M,34-35,Promenade - loisirs,Casque,Non déterminable,1,1,07 - juillet,2 - mercredi,Paris 12e  Arrondissement
,201700055525,2017-07-19,75,14,75114,48.8372,2.3178,Place,Deux véhicules - par le coté,Plein jour,Normale,Voie Communale,,1,,,,180,normale,,Sur piste cyclable,Conducteur,1,M,65-66,,Casque,Non déterminable,1,1,07 - juillet,2 - mercredi,Paris 14e  Arrondissement
,201700056215,2017-07-19,75,12,75116,48.8529,2.28104,Intersection en T,Deux véhicules - par le coté,Plein jour,Pluie légère,Voie Communale,,3,Plat,Partie rectiligne,,,mouillée,,Sur chaussée,Conducteur,1,F,58-59,Promenade - loisirs,Casque,Non déterminable,1,1,07 - juillet,2 - mercredi,Paris 16e  Arrondissement
,201700060000,2017-07-19,973,10,97302,4.93869,-52.33216,Intersection en T,Deux véhicules - par le coté,Plein jour,Normale,Voie Communale,,1,Plat,Partie rectiligne,60,60,normale,,,Conducteur,2,M,28-29,Autre,Autre,Non déterminable,1,1,07 - juillet,2 - mercredi,Cayenne
,201700002243,2017-07-18,26,18,26038,0,0,Hors intersection,Deux véhicules - frontale,Plein jour,Normale,Route Départementale,,2,Plat,Partie rectiligne,,73,normale,,Sur accotement,Conducteur,2,M,56-57,Promenade - loisirs,Casque,Oui,1,,07 - juillet,1 - mardi,Beaumont-Monteux
,201700008006,2017-07-18,10,18,10362,48.29286,4.04627,Hors intersection,Autre,Plein jour,Normale,Voie Communale,,2,Plat,Partie rectiligne,,70,normale,,Sur chaussée,Conducteur,2,F,45-46,,Casque,Non,1,1,07 - juillet,1 - mardi,Sainte-Savine
,201700008171,2017-07-18,11,9,11069,43.19632,2.32182,Giratoire,Deux véhicules - par le coté,Plein jour,Normale,Route Départementale,,1,Plat,,,,normale,,Sur chaussée,Conducteur,1,M,57-58,Promenade - loisirs,Casque,Oui,1,,07 - juillet,1 - mardi,Carcassonne
,201700014473,2017-07-18,50,17,50349,48.9912,-1.54613,Hors intersection,Aucune,Plein jour,Normale,Route Départementale,,2,Pente,En courbe à gauche,,,normale,,Sur chaussée,Conducteur,3,M,47-48,Promenade - loisirs,Casque,Non,,,07 - juillet,1 - mardi,Montmartin-sur-Mer
,201700014917,2017-07-18,72,10,72300,48.02826,0.3804,Hors intersection,Trois véhicules et plus - collisions multiples,Plein jour,Temps éblouissant,Route Départementale,,2,Plat,,7,10,normale,,,Conducteur,2,M,68-69,Promenade - loisirs,Casque,Oui,1,1,07 - juillet,1 - mardi,Saint-Mars-la-Brière
,201700014917,2017-07-18,72,10,72300,48.02826,0.3804,Hors intersection,Trois véhicules et plus - collisions multiples,Plein jour,Temps éblouissant,Route Départementale,,2,Plat,,7,10,normale,,,Conducteur,2,M,68-69,Promenade - loisirs,Casque,Oui,1,1,07 - juillet,1 - mardi,Saint-Mars-la-Brière
,201700016403,2017-07-18,29,17,29158,47.81365,-4.33781,Hors intersection,Deux véhicules - par l’arrière,Plein jour,Normale,Route Départementale,,2,Plat,Partie rectiligne,,,normale,,Sur chaussée,Conducteur,2,M,74-75,Promenade - loisirs,Autre,Non,1,1,07 - juillet,1 - mardi,Penmarch
,201700017056,2017-07-18,25,18,25063,47.38301,6.82602,Hors intersection,Deux véhicules - par le coté,Plein jour,Normale,Route Départementale,,2,Pente,Partie rectiligne,,60,normale,,Sur chaussée,Conducteur,2,M,62-63,Promenade - loisirs,Casque,Oui,1,,07 - juillet,1 - mardi,Blamont
,201700022210,2017-07-18,19,16,19031,45.14986,1.49792,Hors intersection,Deux véhicules - par le coté,Plein jour,Normale,Voie Communale,,2,Plat,Partie rectiligne,,,normale,,Sur chaussée,Conducteur,1,M,44-45,Courses - achats,Casque,Non,1,1,07 - juillet,1 - mardi,Brive-la-Gaillarde
,201700029362,2017-07-18,49,8,49007,47.46362,-0.5553,Hors intersection,Aucune,Plein jour,Normale,Voie Communale,,1,Plat,Partie rectiligne,60,20,normale,,Sur chaussée,Conducteur,1,F,50-51,Domicile - travail,Autre,Oui,,1,07 - juillet,1 - mardi,Angers
,201700029710,2017-07-18,50,16,50602,49.64405,-1.58113,Intersection en X,Deux véhicules - par le coté,Plein jour,Normale,Voie Communale,,2,Plat,Partie rectiligne,,,normale,Carrefour aménagé,Sur chaussée,Conducteur,1,M,72-73,Promenade - loisirs,Casque,Non déterminable,1,1,07 - juillet,1 - mardi,Tourlaville
,201700030521,2017-07-18,54,19,54547,48.66292,6.17249,Hors intersection,Deux véhicules - par le coté,Plein jour,Normale,Voie Communale,,2,Plat,,,,normale,,Sur chaussée,Conducteur,1,M,21-22,Domicile - travail,Casque,Non déterminable,1,1,07 - juillet,1 - mardi,Vanduvre-lès-Nancy
,201700034172,2017-07-18,67,9,67482,48.58472,7.77359,Hors intersection,Deux véhicules - par le coté,Plein jour,Normale,Voie Communale,,2,Plat,Partie rectiligne,,135,normale,,Sur chaussée,Conducteur,1,F,20-21,Promenade - loisirs,Autre,Non déterminable,1,1,07 - juillet,1 - mardi,Strasbourg
,201700035454,2017-07-18,73,9,73065,45.58113,5.88976,Intersection en X,Deux véhicules - par l’arrière,Plein jour,Normale,Route Départementale,,2,Plat,Partie rectiligne,,,normale,,Sur chaussée,Conducteur,2,F,73-74,Promenade - loisirs,Casque,Oui,1,1,07 - juillet,1 - mardi,Chambéry
,201700037258,2017-07-18,83,9,83034,43.09243,6.07645,Hors intersection,Deux véhicules - par le coté,Plein jour,Temps éblouissant,Route Départementale,,1,Plat,En courbe à droite,,84,normale,,Sur chaussée,Conducteur,2,F,57-58,,Autre,Non déterminable,1,1,07 - juillet,1 - mardi,Carqueiranne
,201700053824,2017-07-18,75,8,75116,48.8727,2.28452,Intersection à plus de 4 branches,Deux véhicules - par le coté,Plein jour,Normale,Voie Communale,,1,Plat,Partie rectiligne,,25,normale,,Sur chaussée,Conducteur,1,M,43-44,,Casque,Non déterminable,1,1,07 - juillet,1 - mardi,Paris 16e  Arrondissement
,201700054473,2017-07-18,75,15,75111,48.8683,2.3673,Hors intersection,Deux véhicules - par le coté,Plein jour,Normale,Voie Communale,,2,Plat,Partie rectiligne,,120,normale,,Sur chaussée,Conducteur,1,M,38-39,Autre,Casque,Non déterminable,1,1,07 - juillet,1 - mardi,Paris 11e  Arrondissement
,201700000611,2017-07-17,22,11,22143,48.59088,-2.29834,Hors intersection,Trois véhicules et plus - en chaîne,Plein jour,Normale,Route Départementale,,2,Pente,En courbe à gauche,,68,normale,,Sur chaussée,Conducteur,2,M,61-62,Promenade - loisirs,Casque,Non,3,,07 - juillet,0 - lundi,Matignon
,201700002657,2017-07-17,73,10,73223,45.20488,6.62982,Hors intersection,Aucune,Plein jour,Normale,Route Départementale,,2,Pente,En courbe à gauche,,69,normale,,Sur accotement,Conducteur,3,M,67-68,Promenade - loisirs,Casque,Oui,,,07 - juillet,0 - lundi,Saint-André
,201700003126,2017-07-17,67,16,67300,48.53217,7.50286,Hors intersection,Deux véhicules - par le coté,Plein jour,Normale,Voie Communale,,2,Plat,,6,510,enneigée,,,Conducteur,2,M,78-79,Promenade - loisirs,Casque,Oui,1,1,07 - juillet,0 - lundi,Molsheim
,201700023776,2017-07-17,29,8,29039,47.87723,-3.91152,Hors intersection,Deux véhicules - par le coté,Plein jour,Normale,Voie Communale,,1,Plat,,97,85,normale,Carrefour aménagé,Sur chaussée,Conducteur,1,F,47-48,Promenade - loisirs,Autre,Oui,1,1,07 - juillet,0 - lundi,Concarneau
,201700023829,2017-07-17,76,17,76238,49.55286,0.24666,Hors intersection,Aucune,Plein jour,Normale,Route Départementale,,2,Plat,Partie rectiligne,,,normale,,Sur chaussée,Conducteur,1,M,28-29,,Casque,Oui,,,07 - juillet,0 - lundi,Épouville
,201700028434,2017-07-17,44,18,44109,47.2227,-1.59737,Hors intersection,Autre,Plein jour,Normale,Voie Communale,,,,,,,,,,Conducteur,2,M,69-70,,Casque,Oui,1,1,07 - juillet,0 - lundi,Nantes
,201700030050,2017-07-17,51,21,51454,49.23891,4.02069,Hors intersection,Autre,Crépuscule ou aube,Normale,Voie Communale,,1,Plat,Partie rectiligne,40,30,normale,,Sur chaussée,Conducteur,1,M,44-45,,Autre,Oui,,1,07 - juillet,0 - lundi,Reims
,201700034168,2017-07-17,67,,67482,48.57841,7.78296,Intersection en X,Deux véhicules - par le coté,Nuit avec éclairage public allumé,Pluie légère,Voie Communale,,2,Pente,Partie rectiligne,,75,mouillée,,Sur chaussée,Conducteur,1,M,41-42,Promenade - loisirs,Casque,Non,1,1,07 - juillet,0 - lundi,Strasbourg
,201700039337,2017-07-17,92,10,92004,48.92456,2.27741,Intersection en X,Deux véhicules - par le coté,Plein jour,Normale,Voie Communale,,2,Plat,Partie rectiligne,,,normale,,Sur chaussée,Conducteur,1,M,68-69,Promenade - loisirs,Casque,Non déterminable,1,1,07 - juillet,0 - lundi,Asnières-sur-Seine
,201700042336,2017-07-17,93,12,93063,0,0,Hors intersection,Deux véhicules - par le coté,Plein jour,Normale,Voie Communale,,2,Plat,Partie rectiligne,,,normale,,Sur chaussée,Conducteur,1,F,26-27,Utilisation professionnelle,Autre,Non déterminable,1,1,07 - juillet,0 - lundi,Romainville
,201700045182,2017-07-17,94,10,94042,48.81495,2.4633,Intersection en X,Deux véhicules - par l’arrière,Plein jour,Normale,Route Départementale,,4,Plat,Partie rectiligne,,100,normale,Carrefour aménagé,Sur chaussée,Conducteur,1,M,34-35,Promenade - loisirs,Casque,Oui,1,1,07 - juillet,0 - lundi,Joinville-le-Pont
,201700045182,2017-07-17,94,10,94042,48.81495,2.4633,Intersection en X,Deux véhicules - par l’arrière,Plein jour,Normale,Route Départementale,,4,Plat,Partie rectiligne,,100,normale,Carrefour aménagé,Sur chaussée,Passager,2,F,2-3,Promenade - loisirs,Dispositif enfants,Oui,1,1,07 - juillet,0 - lundi,Joinville-le-Pont
,201700050184,2017-07-17,69,17,69384,45.77596,4.82105,Intersection en T,Deux véhicules - par le coté,Plein jour,Normale,Voie Communale,,1,Plat,Partie rectiligne,,110,normale,,Sur chaussée,Conducteur,2,F,23-24,,Casque,Non,1,1,07 - juillet,0 - lundi,Lyon 4e  Arrondissement
,201700052801,2017-07-17,75,16,75101,48.8647,2.32896,Hors intersection,Deux véhicules - par le coté,Plein jour,Normale,Voie Communale,,,Plat,Partie rectiligne,,,normale,,Sur chaussée,Conducteur,1,M,23-24,,Casque,Non déterminable,1,1,07 - juillet,0 - lundi,Paris 1er Arrondissement
,201700054821,2017-07-17,75,18,75112,48.8474,2.38714,Hors intersection,Aucune,Plein jour,Normale,Voie Communale,,,Plat,Partie rectiligne,,,normale,,Sur chaussée,Conducteur,1,M,46-47,Domicile - travail,Casque,Non déterminable,,1,07 - juillet,0 - lundi,Paris 12e  Arrondissement
,201700057351,2017-07-17,75,19,75119,48.8798,2.37041,Hors intersection,Deux véhicules - par le coté,Plein jour,Normale,Voie Communale,,2,,,,,,,Sur piste cyclable,Conducteur,1,M,71-72,Promenade - loisirs,Casque,Non déterminable,1,1,07 - juillet,0 - lundi,Paris 19e  Arrondissement
,201700005071,2017-07-16,91,11,91662,48.51426,2.12371,Hors intersection,Aucune,Plein jour,Normale,Route Départementale,,2,Plat,Partie rectiligne,,60,normale,,Sur chaussée,Conducteur,3,M,76-77,Promenade - loisirs,Casque,Oui,,1,07 - juillet,6 - dimanche,Villeconin
,201700007828,2017-07-16,95,10,95042,49.0579,2.2814,Hors intersection,Aucune,Plein jour,Normale,Route Départementale,,1,Plat,Partie rectiligne,,,normale,,Sur chaussée,Conducteur,2,M,68-69,Promenade - loisirs,Casque,Oui,,,07 - juillet,6 - dimanche,Baillet-en-France
,201700012376,2017-07-16,28,11,28003,48.72274,1.29985,Intersection en X,Deux véhicules - par le coté,Plein jour,Normale,Route Départementale,,2,Plat,,,,normale,,Sur accotement,Conducteur,2,M,49-50,Promenade - loisirs,Casque,Oui,1,1,07 - juillet,6 - dimanche,Allainville
,201700016006,2017-07-16,38,7,38296,45.51821,5.51827,Hors intersection,Aucune,Plein jour,Normale,Voie Communale,,2,Pente,Partie rectiligne,,40,autre,,Sur chaussée,Conducteur,2,M,56-57,Promenade - loisirs,Casque,Non,,1,07 - juillet,6 - dimanche,Passage
,201700016404,2017-07-16,29,14,29037,47.88427,-4.16872,Giratoire,Deux véhicules - par l’arrière,Plein jour,Normale,Route Départementale,,2,Plat,,,10,normale,,,Conducteur,1,M,18-19,Promenade - loisirs,Casque,Oui,1,,07 - juillet,6 - dimanche,Combrit
,201700017476,2017-07-16,68,22,68304,47.75635,7.04938,Intersection en T,Deux véhicules - par le coté,Nuit avec éclairage public allumé,Normale,Route Départementale,,2,Plat,Partie rectiligne,,88,normale,,Sur chaussée,Conducteur,2,M,18-19,Promenade - loisirs,Casque,Non,1,1,07 - juillet,6 - dimanche,Sentheim
,201700019272,2017-07-16,65,10,65077,42.97329,-0.02756,Hors intersection,Deux véhicules - par le coté,Plein jour,Normale,Route Départementale,,2,Pente,En courbe à gauche,,60,normale,,Sur chaussée,Conducteur,2,M,67-68,Promenade - loisirs,Casque,Oui,1,,07 - juillet,6 - dimanche,Beaucens
,201700028444,2017-07-16,44,7,44114,47.25253,-1.61572,Hors intersection,Autre,Crépuscule ou aube,Temps éblouissant,Voie Communale,,,Plat,En courbe à droite,,,normale,,Sur chaussée,Conducteur,2,M,40-41,,Autre,Oui,1,1,07 - juillet,6 - dimanche,Orvault
,201700029358,2017-07-16,49,1,49007,47.47218,-0.55702,Hors intersection,Aucune,Nuit avec éclairage public allumé,Normale,Voie Communale,,1,Bas de côte,Partie rectiligne,,30,normale,,Sur chaussée,Conducteur,1,M,33-34,Promenade - loisirs,Casque,Non,,1,07 - juillet,6 - dimanche,Angers
,201700031306,2017-07-16,57,19,57672,49.36452,6.17218,Hors intersection,Deux véhicules - par le coté,Plein jour,Normale,Voie Communale,,1,Plat,Partie rectiligne,,60,normale,,Sur chaussée,Conducteur,2,F,21-22,Promenade - loisirs,Casque,Non,1,1,07 - juillet,6 - dimanche,Thionville
,201700034170,2017-07-16,67,19,67482,48.5753,7.75797,Hors intersection,Autre,Plein jour,Normale,Voie Communale,,2,Plat,Partie rectiligne,,50,normale,,Sur piste cyclable,Conducteur,0,M,20-21,Promenade - loisirs,Casque,Non déterminable,,1,07 - juillet,6 - dimanche,Strasbourg
,201700034171,2017-07-16,67,20,67482,48.58557,7.73605,Hors intersection,Deux véhicules - par le coté,Plein jour,Normale,Voie Communale,,2,Plat,Partie rectiligne,,100,normale,,Sur chaussée,Conducteur,1,M,43-44,Promenade - loisirs,Autre,Non déterminable,1,1,07 - juillet,6 - dimanche,Strasbourg
,201700034613,2017-07-16,69,19,69264,45.98885,4.72407,Hors intersection,Deux véhicules - frontale,Plein jour,Normale,Voie Communale,,1,Plat,Partie rectiligne,10,30,normale,,Sur chaussée,Conducteur,2,M,7-8,Promenade - loisirs,Autre,Non déterminable,1,1,07 - juillet,6 - dimanche,Villefranche-sur-Saône
,201700035886,2017-07-16,76,18,76351,49.49795,0.11463,Hors intersection,Autre,Plein jour,Normale,Voie Communale,,2,Plat,Partie rectiligne,,,normale,,Sur trottoir,Conducteur,1,M,28-29,Promenade - loisirs,Casque,Non déterminable,,1,07 - juillet,6 - dimanche,Havre
,201700045180,2017-07-16,94,18,94015,48.84073,2.51323,Hors intersection,Deux véhicules - frontale,Plein jour,Normale,Voie Communale,,2,Plat,En courbe à gauche,,37,normale,,Sur piste cyclable,Conducteur,0,M,44-45,Promenade - loisirs,Casque,Non déterminable,1,1,07 - juillet,6 - dimanche,Bry-sur-Marne
,201700045180,2017-07-16,94,18,94015,48.84073,2.51323,Hors intersection,Deux véhicules - frontale,Plein jour,Normale,Voie Communale,,2,Plat,En courbe à gauche,,37,normale,,Sur piste cyclable,Conducteur,2,M,26-27,Promenade - loisirs,Autre,Non déterminable,1,1,07 - juillet,6 - dimanche,Bry-sur-Marne
,201700045322,2017-07-16,94,16,94068,48.79959,2.52204,Hors intersection,Aucune,Plein jour,Normale,Voie Communale,,1,Plat,,,40,normale,,Sur chaussée,Conducteur,1,M,81-82,Promenade - loisirs,Casque,Oui,,1,07 - juillet,6 - dimanche,Saint-Maur-des-Fossés
,201700055215,2017-07-16,75,18,75113,48.838,2.37325,Intersection en Y,Autre,Plein jour,Normale,Voie Communale,,3,Plat,Partie rectiligne,,40,normale,,Sur piste cyclable,Conducteur,1,M,16-17,Promenade - loisirs,Casque,Non déterminable,1,1,07 - juillet,6 - dimanche,Paris 13e  Arrondissement
,201700007730,2017-07-15,42,11,42042,45.45281,4.23009,Hors intersection,Aucune,Plein jour,Normale,Route Départementale,,2,Bas de côte,En courbe à droite,,67,normale,,Sur accotement,Conducteur,3,M,58-59,Promenade - loisirs,Casque,Oui,,,07 - juillet,5 - samedi,Chambles
,201700019278,2017-07-15,65,15,65389,43.079,0.48181,Hors intersection,Aucune,Plein jour,Normale,Route Départementale,,2,Pente,Partie rectiligne,,,normale,,,Conducteur,2,M,26-27,Promenade - loisirs,Casque,Oui,,1,07 - juillet,5 - samedi,Saint-Laurent-de-Neste
,201700034469,2017-07-15,68,23,68224,47.75,7.32,Hors intersection,Autre,Nuit avec éclairage public allumé,Normale,Voie Communale,,2,Plat,Partie rectiligne,,75,normale,,Sur chaussée,Conducteur,1,M,32-33,Promenade - loisirs,Autre,Non,1,1,07 - juillet,5 - samedi,Mulhouse
,201700035575,2017-07-15,74,15,74010,45.90134,6.1282,Hors intersection,Autre,Plein jour,Normale,Voie Communale,,2,Plat,Partie rectiligne,,61,normale,,Sur chaussée,Conducteur,1,M,24-25,Autre,Autre,Non déterminable,1,1,07 - juillet,5 - samedi,Annecy
,201700053545,2017-07-15,75,2,75107,48.8585,2.33243,Intersection en X,Autre,Nuit avec éclairage public allumé,Normale,Voie Communale,,1,Plat,Partie rectiligne,200,200,normale,Pont - autopont,Sur piste cyclable,Conducteur,1,M,42-43,Domicile - travail,Casque,Non déterminable,,1,07 - juillet,5 - samedi,Paris 7e  Arrondissement
,201700014280,2017-07-14,83,3,83056,43.55589,6.51633,Hors intersection,Aucune,Nuit avec éclairage public allumé,Normale,Route Départementale,,2,Pente,En courbe à gauche,,56,normale,,Sur accotement,Conducteur,2,M,48-49,Promenade - loisirs,Autre,Non,,1,07 - juillet,4 - vendredi,Figanières
,201700024416,2017-07-14,5,12,5027,44.85389,6.7257,Hors intersection,Deux véhicules - frontale,Plein jour,Normale,Route Départementale,,2,Pente,,,56,normale,,Sur chaussée,Conducteur,2,M,56-57,Promenade - loisirs,Casque,Oui,1,,07 - juillet,4 - vendredi,Cervières
,201700024819,2017-07-14,31,15,31149,43.60602,1.34684,Hors intersection,Deux véhicules - par l’arrière,Plein jour,Normale,Voie Communale,,2,Plat,Partie rectiligne,,,normale,,Sur chaussée,Conducteur,1,M,22-23,,Casque,Oui,1,1,07 - juillet,4 - vendredi,Colomiers