test,identifiantAccident,date,departement,heure,commune,lat,lon,typeIntersection,typeCollision,luminosite,conditionsAtmosperiques,typeRoute,circulation,nbVoies,profilLongRoute,tracePlanRoute,largeurTPC,largeurRoute,etatSurface,amenagement,situation,categorieUsager,graviteAccident,sexe,age,motifDeplacement,existenceSecurite,usageSecurite,nombreAutresVehicules,enAgglomeration,mois,jour,NCCENR
,201700025977,2017-07-14,49,11,49192,47.00675,-0.74525,Giratoire,Deux véhicules - par le coté,Plein jour,Normale,Route Départementale,,2,Plat,,,15,normale,,,Conducteur,2,M,65-66,Promenade - loisirs,Casque,Oui,1,1,07 - juillet,4 - vendredi,Maulévrier
,201700027293,2017-07-14,37,17,37261,47.40029,0.6789,Hors intersection,Deux véhicules - par l’arrière,Plein jour,Normale,Route Départementale,,2,Plat,En courbe à gauche,,,normale,Pont - autopont,Sur chaussée,Conducteur,2,M,32-33,Promenade - loisirs,Casque,Non,1,1,07 - juillet,4 - vendredi,Tours
,201700028436,2017-07-14,44,20,44109,47.20446,-1.55329,Hors intersection,Autre,Crépuscule ou aube,Normale,Voie Communale,,,,,,,,,Sur chaussée,Conducteur,2,M,59-60,,Casque,Oui,1,1,07 - juillet,4 - vendredi,Nantes
,201700031101,2017-07-14,33,9,33002,44.50332,-0.05213,Hors intersection,Autre,Plein jour,Normale,Voie Communale,,2,Plat,En courbe à droite,,48,normale,,Sur accotement,Conducteur,3,M,70-71,Promenade - loisirs,Casque,Oui,,,07 - juillet,4 - vendredi,Aillas
,201700003595,2017-07-13,4,11,4070,44.0861,6.21243,Hors intersection,Deux véhicules - par le coté,Plein jour,Normale,Voie Communale,,2,Plat,Partie rectiligne,,61,normale,,Sur piste cyclable,Conducteur,2,M,68-69,Promenade - loisirs,Casque,Oui,1,1,07 - juillet,3 - jeudi,Digne-les-Bains
,201700010026,2017-07-13,13,21,13055,43.28333,5.41285,Intersection en T,Deux véhicules - par le coté,Crépuscule ou aube,Normale,Voie Communale,,2,Plat,Partie rectiligne,,,normale,,Sur chaussée,Conducteur,1,M,20-21,,Equipement réfléchissant,Non,1,1,07 - juillet,3 - jeudi,Marseille
,201700027830,2017-07-13,41,18,41018,47.59967,1.34071,Hors intersection,Deux véhicules - frontale,Plein jour,Normale,Voie Communale,,2,Plat,Partie rectiligne,,,normale,,Sur chaussée,Conducteur,1,F,16-17,,Autre,Non déterminable,1,1,07 - juillet,3 - jeudi,Blois
,201700029356,2017-07-13,49,13,49007,47.45475,-0.5536,Hors intersection,Aucune,Plein jour,Normale,Voie Communale,,2,Plat,Partie rectiligne,,53,normale,,Sur chaussée,Conducteur,1,M,59-60,Promenade - loisirs,Casque,Non déterminable,,1,07 - juillet,3 - jeudi,Angers
,201700032449,2017-07-13,61,15,61006,48.74006,-0.00901,Giratoire,Deux véhicules - par le coté,Plein jour,Normale,Route Départementale,,2,Plat,En courbe à droite,,,normale,Carrefour aménagé,Sur chaussée,Conducteur,1,M,21-22,Promenade - loisirs,Casque,Oui,1,1,07 - juillet,3 - jeudi,Argentan
,201700033410,2017-07-13,64,13,64260,43.3702,-1.7797,Hors intersection,Deux véhicules - par le coté,Plein jour,Normale,Voie Communale,,2,Plat,,,,normale,,Sur chaussée,Conducteur,1,F,71-72,,Casque,Non déterminable,1,1,07 - juillet,3 - jeudi,Hendaye
,201700034167,2017-07-13,67,11,67482,48.60833,7.77917,Hors intersection,Autre,Plein jour,Normale,Voie Communale,,2,Plat,Partie rectiligne,,50,normale,,Sur chaussée,Conducteur,1,F,49-50,Promenade - loisirs,Autre,Non déterminable,1,1,07 - juillet,3 - jeudi,Strasbourg
,201700038418,2017-07-13,90,12,90032,47.61,6.86,Hors intersection,Deux véhicules - frontale,Plein jour,Normale,Parc de stationnement ouvert à la circulation publique,,1,Plat,Partie rectiligne,,41,normale,,,Conducteur,2,M,8-9,Promenade - loisirs,Casque,Oui,1,1,07 - juillet,3 - jeudi,Danjoutin
,201700040543,2017-07-13,92,6,92049,48.8098,2.32234,Hors intersection,Autre,Plein jour,Normale,Route Départementale,,2,Plat,Partie rectiligne,,,normale,,Sur chaussée,Conducteur,1,M,62-63,Domicile - travail,Autre,Non,1,1,07 - juillet,3 - jeudi,Montrouge
,201700040544,2017-07-13,92,6,92049,48.8141,2.32617,Hors intersection,Deux véhicules - par l’arrière,Plein jour,Normale,Route Départementale,,8,Plat,Partie rectiligne,,,normale,,Sur chaussée,Conducteur,1,M,33-34,Domicile - travail,Casque,Non déterminable,1,1,07 - juillet,3 - jeudi,Montrouge
,201700043424,2017-07-13,93,16,93059,0,0,Hors intersection,Autre,Plein jour,Normale,Voie Communale,,,Plat,Partie rectiligne,,,normale,,Sur piste cyclable,Conducteur,2,M,68-69,,Autre,Non,,1,07 - juillet,3 - jeudi,Pierrefitte-sur-Seine
,201700045320,2017-07-13,94,14,94068,48.78825,2.4853,Intersection en X,Deux véhicules - par le coté,Plein jour,Normale,Voie Communale,,2,Plat,Partie rectiligne,,59,normale,,Sur chaussée,Conducteur,1,M,20-21,Promenade - loisirs,Casque,Non déterminable,1,1,07 - juillet,3 - jeudi,Saint-Maur-des-Fossés
,201700054817,2017-07-13,75,17,75112,48.8222,2.44231,Place,Deux véhicules - frontale,Plein jour,Normale,Voie Communale,,1,,,,,,,Sur chaussée,Conducteur,0,F,52-53,Promenade - loisirs,Casque,Oui,1,1,07 - juillet,3 - jeudi,Paris 12e  Arrondissement
,201700054817,2017-07-13,75,17,75112,48.8222,2.44231,Place,Deux véhicules - frontale,Plein jour,Normale,Voie Communale,,1,,,,,,,Sur chaussée,Conducteur,1,M,44-45,Promenade - loisirs,Casque,Oui,1,1,07 - juillet,3 - jeudi,Paris 12e  Arrondissement
,201700059995,2017-07-13,973,23,97302,4.92236,-52.32127,Hors intersection,Deux véhicules - frontale,Nuit avec éclairage public allumé,Normale,Voie Communale,,1,Plat,Partie rectiligne,,63,normale,,Sur chaussée,Conducteur,2,M,36-37,Autre,Equipement réfléchissant,Non,1,1,07 - juillet,3 - jeudi,Cayenne
,201700003746,2017-07-12,13,13,13027,43.86203,4.8396,Intersection en X,Deux véhicules - par le coté,Plein jour,Normale,Route Départementale,,2,Plat,,,,normale,,Sur chaussée,Conducteur,1,M,50-51,Promenade - loisirs,Casque,Oui,1,,07 - juillet,2 - mercredi,Châteaurenard
,201700011864,2017-07-12,30,10,30133,43.56,4.15322,Giratoire,Deux véhicules - par le coté,Plein jour,Normale,Route Départementale,,2,Plat,,6,10,normale,,,Conducteur,1,M,74-75,Promenade - loisirs,Casque,Oui,1,,07 - juillet,2 - mercredi,Grau-du-Roi
,201700013840,2017-07-12,73,11,73151,45.50508,6.00249,Intersection en X,Deux véhicules - frontale,Plein jour,Normale,Route Départementale,,2,Plat,,7,10,normale,,,Conducteur,2,M,55-56,Promenade - loisirs,Casque,Non,1,,07 - juillet,2 - mercredi,Marches
,201700015649,2017-07-12,15,16,15037,45.3533,2.41232,Hors intersection,Trois véhicules et plus - collisions multiples,Plein jour,Normale,Route Départementale,,2,Pente,En courbe à gauche,,66,normale,,Sur chaussée,Conducteur,2,M,28-29,Promenade - loisirs,Casque,Non,1,,07 - juillet,2 - mercredi,Champagnac
,201700015649,2017-07-12,15,16,15037,45.3533,2.41232,Hors intersection,Trois véhicules et plus - collisions multiples,Plein jour,Normale,Route Départementale,,2,Pente,En courbe à gauche,,66,normale,,Sur chaussée,Conducteur,1,M,23-24,Promenade - loisirs,Casque,Non,1,,07 - juillet,2 - mercredi,Champagnac
,201700018922,2017-07-12,11,7,11262,43.17342,3.06461,Giratoire,Deux véhicules - par l’arrière,Plein jour,Normale,Route Départementale,,1,Sommet de côte,,,10,normale,,,Conducteur,2,M,72-73,Promenade - loisirs,Casque,Oui,1,,07 - juillet,2 - mercredi,Narbonne
,201700022320,2017-07-12,74,9,74263,46.33338,6.3875,Hors intersection,Deux véhicules - par le coté,Plein jour,Normale,Route Départementale,,2,Plat,Partie rectiligne,,,normale,,Sur chaussée,Conducteur,2,F,59-60,Promenade - loisirs,Casque,Oui,1,1,07 - juillet,2 - mercredi,Sciez
,201700023367,2017-07-12,1,19,1354,46.24526,6.02339,Hors intersection,Deux véhicules - par l’arrière,Plein jour,Normale,Voie Communale,,2,Plat,Partie rectiligne,,70,normale,,Sur chaussée,Conducteur,2,M,38-39,Domicile - travail,Casque,Non,1,1,07 - juillet,2 - mercredi,Saint-Genis-Pouilly
,201700024814,2017-07-12,31,9,31069,43.62183,1.39693,Hors intersection,Deux véhicules - par l’arrière,Plein jour,Normale,Voie Communale,,,Plat,Partie rectiligne,,,normale,,Sur chaussée,Conducteur,1,M,28-29,,Casque,Non déterminable,1,1,07 - juillet,2 - mercredi,Blagnac
,201700027289,2017-07-12,37,8,37261,47.42359,0.63171,Intersection en X,Deux véhicules - par le coté,Plein jour,Normale,Autre,,,Plat,Partie rectiligne,,65,normale,,Sur chaussée,Conducteur,2,M,14-15,Domicile - école,Equipement réfléchissant,Non,1,1,07 - juillet,2 - mercredi,Tours
,201700031777,2017-07-12,59,20,59350,50.63695,3.07265,Hors intersection,Autre,Plein jour,Normale,Voie Communale,,2,Plat,En courbe à droite,50,50,normale,,,Conducteur,1,M,53-54,,Casque,Non déterminable,1,1,07 - juillet,2 - mercredi,Lille
,201700042191,2017-07-12,93,15,93079,0,0,Hors intersection,Trois véhicules et plus - collisions multiples,Plein jour,Temps couvert,Route Départementale,,2,Plat,Partie rectiligne,,,normale,,Sur chaussée,Conducteur,2,M,19-20,Domicile - école,Autre,Non déterminable,2,1,07 - juillet,2 - mercredi,Villetaneuse
,201700052999,2017-07-12,75,9,75103,48.8627,2.35426,Intersection en X,Deux véhicules - par l’arrière,Plein jour,Pluie forte,Voie Communale,,2,Plat,Partie rectiligne,,75,mouillée,Carrefour aménagé,Sur chaussée,Conducteur,1,M,54-55,Domicile - travail,Casque,Oui,1,1,07 - juillet,2 - mercredi,Paris 3e  Arrondissement
,201700054471,2017-07-12,75,18,75111,48.866,2.37396,Hors intersection,Autre,Plein jour,Temps couvert,Voie Communale,,2,Plat,Partie rectiligne,,60,normale,,Sur chaussée,Conducteur,1,M,36-37,Promenade - loisirs,Casque,Non déterminable,,1,07 - juillet,2 - mercredi,Paris 11e  Arrondissement
,201700058657,2017-07-12,971,17,97134,0,0,Hors intersection,Deux véhicules - par le coté,Plein jour,Normale,Parc de stationnement ouvert à la circulation publique,,2,Bas de côte,En courbe à droite,,55,normale,,Sur chaussée,Conducteur,1,M,10-11,Promenade - loisirs,Casque,Non,1,1,07 - juillet,2 - mercredi,Vieux-Habitants
,201700060336,2017-07-12,974,6,97411,-20.90389,55.49506,Hors intersection,Autre,Plein jour,Normale,Voie Communale,,1,Pente,Partie rectiligne,,40,normale,,Sur chaussée,Conducteur,0,M,27-28,Domicile - travail,Autre,Non déterminable,,1,07 - juillet,2 - mercredi,Saint-Denis
,201700000246,2017-07-11,2,16,2684,49.89602,4.1111,Intersection en X,Deux véhicules - par le coté,Plein jour,Normale,Route Départementale,,2,Plat,,13,315,normale,,Sur chaussée,Conducteur,3,F,73-74,Promenade - loisirs,Casque,Non,1,,07 - juillet,1 - mardi,Saint-Michel
,201700007151,2017-07-11,8,9,8409,49.7,4.95,Hors intersection,Deux véhicules - par le coté,Plein jour,Normale,Voie Communale,,2,Plat,Partie rectiligne,,,normale,,Sur chaussée,Conducteur,3,M,77-78,Courses - achats,Casque,Non,1,1,07 - juillet,1 - mardi,Sedan
,201700013392,2017-07-11,16,17,16028,45.50869,-0.17378,Hors intersection,Deux véhicules - par le coté,Plein jour,Normale,Route Départementale,,2,Plat,En courbe à droite,,35,normale,Pont - autopont,Sur chaussée,Conducteur,1,M,65-66,Promenade - loisirs,Casque,Oui,1,,07 - juillet,1 - mardi,Barbezieux-Saint-Hilaire
,201700020932,2017-07-11,83,11,83092,43.29969,6.22829,Hors intersection,Deux véhicules - par le coté,Plein jour,Normale,Route Départementale,,2,Plat,,11,10,normale,,,Conducteur,2,M,66-67,Promenade - loisirs,Autre,Non déterminable,1,1,07 - juillet,1 - mardi,Pignans
,201700025829,2017-07-11,33,9,33281,44.83876,-0.62593,Intersection en X,Deux véhicules - par le coté,Plein jour,Normale,Voie Communale,,4,Pente,Partie rectiligne,,,normale,,Sur chaussée,Conducteur,1,M,16-17,,Casque,Non déterminable,1,1,07 - juillet,1 - mardi,Mérignac
,201700026715,2017-07-11,35,8,35051,48.1143,-1.61539,Giratoire,Autre,Plein jour,Normale,Voie Communale,,1,Plat,Partie rectiligne,,,normale,,Sur chaussée,Conducteur,1,M,70-71,Autre,Casque,Non déterminable,1,1,07 - juillet,1 - mardi,Cesson-Sévigné
,201700026997,2017-07-11,36,12,36159,46.73865,1.72766,Giratoire,Aucune,Plein jour,Normale,Voie Communale,,1,Plat,Partie rectiligne,,,normale,,Sur chaussée,Conducteur,1,M,19-20,Promenade - loisirs,Casque,Oui,,,07 - juillet,1 - mardi,Poinçonnet
,201700030503,2017-07-11,54,18,54395,48.69671,6.17463,Intersection en X,Deux véhicules - par le coté,Plein jour,Normale,Voie Communale,,2,Plat,Partie rectiligne,,,normale,,Sur chaussée,Conducteur,1,M,18-19,Promenade - loisirs,Autre,Non déterminable,1,1,07 - juillet,1 - mardi,Nancy
,201700031780,2017-07-11,59,18,59350,50.61793,3.10403,Intersection en Y,Deux véhicules - frontale,Plein jour,Normale,Route Départementale,,2,Bas de côte,Partie rectiligne,,50,normale,,Sur chaussée,Conducteur,2,M,25-26,Domicile - travail,Casque,Non,1,1,07 - juillet,1 - mardi,Lille
,201700034166,2017-07-11,67,19,67482,48.5481,7.74113,Hors intersection,Deux véhicules - par le coté,Plein jour,Normale,Voie Communale,,2,Plat,Partie rectiligne,40,50,normale,,Sur chaussée,Conducteur,1,F,45-46,Promenade - loisirs,Autre,Non déterminable,1,1,07 - juillet,1 - mardi,Strasbourg
,201700041189,2017-07-11,92,10,92073,48.86864,2.22448,Hors intersection,Deux véhicules - par le coté,Plein jour,Normale,Autre,,6,Pente,Partie rectiligne,,,normale,,Sur chaussée,Conducteur,2,F,27-28,Promenade - loisirs,Autre,Non déterminable,1,1,07 - juillet,1 - mardi,Suresnes
,201700044386,2017-07-11,94,12,94028,48.774,2.4691,Intersection en T,Deux véhicules - par le coté,Plein jour,Normale,Voie Communale,,2,Plat,Partie rectiligne,,,normale,,Sur chaussée,Conducteur,2,M,46-47,Domicile - travail,Casque,Oui,1,1,07 - juillet,1 - mardi,Créteil
,201700052798,2017-07-11,75,13,75101,48.8584,2.34199,Hors intersection,Autre,Plein jour,Normale,Voie Communale,,,Plat,Partie rectiligne,,45,normale,Zone piétonne,Sur chaussée,Conducteur,0,M,16-17,Promenade - loisirs,Casque,Oui,,1,07 - juillet,1 - mardi,Paris 1er Arrondissement
,201700056661,2017-07-11,75,12,75117,48.8848,2.29838,Intersection en Y,Deux véhicules - par le coté,Plein jour,Normale,Voie Communale,,2,Plat,Partie rectiligne,,,normale,,Sur chaussée,Conducteur,1,M,35-36,,Casque,Non déterminable,1,1,07 - juillet,1 - mardi,Paris 17e  Arrondissement
,201700005551,2017-07-10,6,17,6004,43.61254,7.12621,Giratoire,Deux véhicules - par le coté,Plein jour,Normale,Route Départementale,,,Plat,En courbe à gauche,,,normale,,Sur chaussée,Conducteur,2,M,70-71,Promenade - loisirs,Casque,Non,1,1,07 - juillet,0 - lundi,Antibes
,201700005900,2017-07-10,6,15,6069,43.65621,6.9304,Hors intersection,Deux véhicules - par le coté,Plein jour,Normale,Route Départementale,,2,Pente,En courbe à gauche,,,normale,,Sur chaussée,Conducteur,2,M,14-15,Promenade - loisirs,Casque,Non,1,1,07 - juillet,0 - lundi,Grasse
,201700006496,2017-07-10,7,12,7019,44.6157,4.40427,Giratoire,Deux véhicules - par l’arrière,Plein jour,Normale,Route Nationale,,1,Plat,,,,normale,,Sur chaussée,Conducteur,1,M,44-45,Promenade - loisirs,Autre,Oui,1,,07 - juillet,0 - lundi,Aubenas
,201700012803,2017-07-10,24,12,24156,45.08163,0.86282,Hors intersection,Trois véhicules et plus - collisions multiples,Plein jour,Temps couvert,Route Départementale,,2,Plat,Partie rectiligne,,,normale,,Sur chaussée,Conducteur,3,M,51-52,Promenade - loisirs,Casque,Oui,2,,07 - juillet,0 - lundi,Douze
,201700024415,2017-07-10,5,11,5027,44.83814,6.7234,Hors intersection,Deux véhicules - frontale,Plein jour,Normale,Route Départementale,,2,Pente,En « S »,,71,normale,,Sur chaussée,Conducteur,3,M,48-49,Promenade - loisirs,Casque,Oui,1,,07 - juillet,0 - lundi,Cervières
,201700025992,2017-07-10,18,13,18168,47.37005,2.65535,Hors intersection,Deux véhicules - par l’arrière,Plein jour,Normale,Route Départementale,,2,Plat,Partie rectiligne,,50,normale,,Sur chaussée,Conducteur,2,M,56-57,Promenade - loisirs,Casque,Non,1,,07 - juillet,0 - lundi,Noyer
,201700026714,2017-07-10,35,18,35238,48.0936,-1.74594,Hors intersection,Autre,Plein jour,Temps éblouissant,Voie Communale,,2,Pente,Partie rectiligne,,,normale,,Sur chaussée,Conducteur,1,M,22-23,,Casque,Non déterminable,1,,07 - juillet,0 - lundi,Rennes
,201700029891,2017-07-10,51,14,51230,49.03814,3.95231,Hors intersection,Deux véhicules - par le coté,Plein jour,Normale,Voie Communale,,2,Plat,Partie rectiligne,,,normale,,Sur chaussée,Conducteur,2,M,47-48,Domicile - travail,Autre,Non,1,1,07 - juillet,0 - lundi,Épernay
,201700035567,2017-07-10,74,19,74093,45.90783,6.09923,Intersection en T,Deux véhicules - par le coté,Plein jour,Pluie forte,Voie Communale,,2,Pente,En courbe à gauche,,109,mouillée,,Sur chaussée,Conducteur,1,M,21-22,,Casque,Oui,1,1,07 - juillet,0 - lundi,Cran-Gevrier
,201700038945,2017-07-10,91,16,91421,48.70223,2.45489,Intersection en Y,Deux véhicules - par le coté,Plein jour,Normale,Voie Communale,,2,Plat,Partie rectiligne,,60,normale,,Sur chaussée,Conducteur,3,M,16-17,Autre,Casque,Non,1,1,07 - juillet,0 - lundi,Montgeron
,201700057349,2017-07-10,75,10,75119,48.8876,2.38032,Intersection en T,Deux véhicules - par le coté,Plein jour,Pluie légère,Voie Communale,,1,Plat,Partie rectiligne,,,mouillée,,Sur piste cyclable,Conducteur,1,F,27-28,Domicile - travail,Casque,Non déterminable,1,1,07 - juillet,0 - lundi,Paris 19e  Arrondissement
,201700003105,2017-07-09,67,11,67348,48.46891,7.48742,Hors intersection,Deux véhicules - frontale,Plein jour,Normale,Hors réseau public,,2,Plat,Partie rectiligne,,50,normale,,Sur chaussée,Conducteur,2,M,62-63,Promenade - loisirs,Casque,Oui,1,1,07 - juillet,6 - dimanche,Obernai
,201700003350,2017-07-09,68,19,68063,47.81043,7.17881,Intersection en T,Deux véhicules - frontale,Plein jour,Pluie forte,Route Départementale,,2,Plat,Partie rectiligne,,60,normale,,Sur chaussée,Conducteur,1,M,35-36,Promenade - loisirs,Casque,Non,1,1,07 - juillet,6 - dimanche,Cernay
,201700005365,2017-07-09,45,16,45042,47.81084,2.40055,Hors intersection,Deux véhicules - frontale,Plein jour,Normale,Route Départementale,,2,Pente,Partie rectiligne,,60,normale,,Sur chaussée,Conducteur,2,M,25-26,Promenade - loisirs,Casque,Oui,1,1,07 - juillet,6 - dimanche,Bordes
,201700012266,2017-07-09,17,16,17337,45.9781,-1.35439,Autre intersection,Autre,Plein jour,Normale,Route Départementale,,2,Plat,,6,210,normale,,,Conducteur,2,F,47-48,Promenade - loisirs,Casque,Non,1,1,07 - juillet,6 - dimanche,'Saint-Georges-d''Oléron'
,201700032289,2017-07-09,60,13,60057,49.44286,2.09236,Autre intersection,Deux véhicules - par le coté,Plein jour,Normale,Parc de stationnement ouvert à la circulation publique,,,Plat,Partie rectiligne,,,normale,,Sur chaussée,Conducteur,1,M,10-11,Promenade - loisirs,Casque,Non,1,1,07 - juillet,6 - dimanche,Beauvais
,201700034162,2017-07-09,67,19,67482,48.58438,7.6929,Hors intersection,Deux véhicules - par le coté,Plein jour,Pluie légère,Voie Communale,,2,Plat,Partie rectiligne,,61,mouillée,,Sur trottoir,Conducteur,1,M,7-8,Promenade - loisirs,Casque,Non,1,1,07 - juillet,6 - dimanche,Strasbourg
,201700043889,2017-07-09,94,10,94017,48.81477,2.52454,Hors intersection,Deux véhicules - par l’arrière,Plein jour,Normale,Route Départementale,,3,Pente,Partie rectiligne,,,normale,,Sur chaussée,Conducteur,1,M,53-54,Promenade - loisirs,Autre,Non,1,1,07 - juillet,6 - dimanche,Champigny-sur-Marne
,201700053368,2017-07-09,75,1,75106,48.8525,2.33881,Place,Autre,Nuit avec éclairage public allumé,Normale,Voie Communale,,4,Plat,Partie rectiligne,,,normale,,Sur piste cyclable,Conducteur,0,M,28-29,Promenade - loisirs,Casque,Non déterminable,,1,07 - juillet,6 - dimanche,Paris 6e  Arrondissement
,201700054469,2017-07-09,75,4,75111,48.864,2.37068,Intersection en X,Deux véhicules - par le coté,Nuit avec éclairage public allumé,Normale,Voie Communale,,2,Plat,Partie rectiligne,120,80,normale,,Sur chaussée,Conducteur,1,M,25-26,Promenade - loisirs,Casque,Non déterminable,1,1,07 - juillet,6 - dimanche,Paris 11e  Arrondissement
,201700057347,2017-07-09,75,2,75119,48.8784,2.37423,Intersection en X,Deux véhicules - par le coté,Nuit avec éclairage public allumé,Normale,Voie Communale,,2,,,,,,,Sur chaussée,Conducteur,1,M,25-26,Autre,Casque,Non déterminable,1,1,07 - juillet,6 - dimanche,Paris 19e  Arrondissement
,201700000809,2017-07-08,50,16,50631,49.30865,-1.14055,Hors intersection,Autre,Plein jour,Temps éblouissant,Route Départementale,,2,Plat,Partie rectiligne,,68,normale,Pont - autopont,Sur trottoir,Conducteur,3,M,64-65,Promenade - loisirs,Casque,Oui,,,07 - juillet,5 - samedi,Veys
,201700002331,2017-07-08,38,9,38548,45.07485,5.49174,Hors intersection,Autre,Plein jour,Normale,Route Départementale,,2,Pente,Partie rectiligne,,,normale,,Sur accotement,Conducteur,2,M,53-54,Promenade - loisirs,Casque,Oui,,,07 - juillet,5 - samedi,Villard-de-Lans
,201700016142,2017-07-08,38,9,38034,45.34133,5.04108,Intersection en T,Deux véhicules - par le coté,Plein jour,Normale,Route Départementale,,2,Plat,,,10,normale,,,Conducteur,2,M,72-73,Promenade - loisirs,Casque,Oui,1,,07 - juillet,5 - samedi,Beaurepaire
,201700018295,2017-07-08,61,15,61202,48.46902,0.19461,Hors intersection,Deux véhicules - par le coté,Plein jour,Normale,Route Départementale,,2,Pente,Partie rectiligne,,42,normale,,Sur chaussée,Conducteur,2,M,60-61,Promenade - loisirs,Casque,Oui,1,1,07 - juillet,5 - samedi,Hauterive
,201700018496,2017-07-08,63,11,63003,45.55083,3.79346,Autre intersection,Deux véhicules - par l’arrière,Plein jour,Normale,Route Départementale,,2,Pente,,5,10,normale,,,Conducteur,2,M,69-70,Promenade - loisirs,Casque,Oui,1,,07 - juillet,5 - samedi,Ambert
,201700029581,2017-07-08,49,11,49099,47.05084,-0.85013,Giratoire,Deux véhicules - par le coté,Plein jour,Normale,Voie Communale,,2,Plat,En courbe à gauche,,104,normale,,Sur chaussée,Conducteur,2,M,43-44,Promenade - loisirs,Autre,Non déterminable,1,1,07 - juillet,5 - samedi,Cholet
,201700034158,2017-07-08,67,10,67482,48.58145,7.73743,Hors intersection,Deux véhicules - frontale,Plein jour,Normale,Voie Communale,,2,Plat,Partie rectiligne,,730,normale,Pont - autopont,Sur piste cyclable,Conducteur,1,M,28-29,Promenade - loisirs,Equipement réfléchissant,Oui,1,1,07 - juillet,5 - samedi,Strasbourg
,201700034158,2017-07-08,67,10,67482,48.58145,7.73743,Hors intersection,Deux véhicules - frontale,Plein jour,Normale,Voie Communale,,2,Plat,Partie rectiligne,,730,normale,Pont - autopont,Sur piste cyclable,Conducteur,1,F,53-54,,Equipement réfléchissant,Oui,1,1,07 - juillet,5 - samedi,Strasbourg
,201700034159,2017-07-08,67,13,67482,48.57238,7.76284,Hors intersection,Deux véhicules - par le coté,Plein jour,Normale,Voie Communale,,2,Plat,En courbe à droite,,67,normale,Souterrain - tunnel,Sur chaussée,Conducteur,1,M,50-51,Promenade - loisirs,Equipement réfléchissant,Oui,1,1,07 - juillet,5 - samedi,Strasbourg
,201700039125,2017-07-08,91,20,91432,48.70131,2.32337,Hors intersection,Autre,Plein jour,Normale,Voie Communale,,2,Plat,Partie rectiligne,,,normale,,Sur trottoir,Conducteur,0,F,21-22,Promenade - loisirs,Casque,Non,,1,07 - juillet,5 - samedi,Morangis
,201700054806,2017-07-08,75,17,75112,48.8336,2.41424,Hors intersection,Deux véhicules - par le coté,Plein jour,Normale,Voie Communale,,2,Plat,Partie rectiligne,,150,normale,,Sur chaussée,Conducteur,2,M,39-40,Autre,Casque,Non déterminable,1,1,07 - juillet,5 - samedi,Paris 12e  Arrondissement
,201700057017,2017-07-08,75,10,75118,48.8931,2.33776,Intersection en X,Autre,Plein jour,Normale,Voie Communale,,1,Plat,Partie rectiligne,,30,normale,,Sur chaussée,Conducteur,1,M,28-29,Domicile - travail,Casque,Non déterminable,,1,07 - juillet,5 - samedi,Paris 18e  Arrondissement
,201700060289,2017-07-08,974,7,97409,-20.93253,55.64798,Autre intersection,Deux véhicules - par le coté,Plein jour,Normale,Route Départementale,,1,Plat,Partie rectiligne,,64,normale,,Sur chaussée,Conducteur,2,M,9-10,Promenade - loisirs,Autre,Non déterminable,1,1,07 - juillet,5 - samedi,Saint-André
,201700000858,2017-07-07,50,17,50616,48.63961,-1.35171,Hors intersection,Trois véhicules et plus - collisions multiples,Plein jour,Temps éblouissant,Route Départementale,,2,Plat,Partie rectiligne,,,normale,,Sur chaussée,Conducteur,1,M,43-44,Promenade - loisirs,Equipement réfléchissant,Non déterminable,1,,07 - juillet,4 - vendredi,Val-Saint-Père
,201700000858,2017-07-07,50,17,50616,48.63961,-1.35171,Hors intersection,Trois véhicules et plus - collisions multiples,Plein jour,Temps éblouissant,Route Départementale,,2,Plat,Partie rectiligne,,,normale,,Sur chaussée,Conducteur,0,F,44-45,Promenade - loisirs,Equipement réfléchissant,Non déterminable,1,,07 - juillet,4 - vendredi,Val-Saint-Père
,201700001071,2017-07-07,72,20,72154,47.69748,-0.07501,Hors intersection,Deux véhicules - par le coté,Plein jour,Normale,Route Départementale,,2,Plat,Partie rectiligne,,,normale,,Sur chaussée,Conducteur,2,M,54-55,Promenade - loisirs,Casque,Non,1,1,07 - juillet,4 - vendredi,Flèche
,201700001878,2017-07-07,69,19,69163,45.90943,4.79173,Hors intersection,Deux véhicules - par l’arrière,Plein jour,Temps éblouissant,Route Départementale,,2,Plat,Partie rectiligne,,,normale,,Sur piste cyclable,Conducteur,2,M,56-57,Promenade - loisirs,Casque,Oui,1,,07 - juillet,4 - vendredi,Quincieux
,201700014818,2017-07-07,6,8,6032,43.72404,7.39616,Hors intersection,Deux véhicules - frontale,Plein jour,Normale,Route Départementale,,2,Pente,Partie rectiligne,,,normale,,Sur chaussée,Conducteur,2,M,33-34,Promenade - loisirs,Casque,Non déterminable,1,1,07 - juillet,4 - vendredi,'Cap-d''Ail'
,201700017176,2017-07-07,39,10,39274,46.39991,6.03795,Hors intersection,Deux véhicules - par le coté,Plein jour,Normale,Route Départementale,,2,Plat,Partie rectiligne,,66,normale,,Sur chaussée,Conducteur,2,M,66-67,Promenade - loisirs,Casque,Oui,1,,07 - juillet,4 - vendredi,Lajoux