test,identifiantAccident,date,departement,heure,commune,lat,lon,typeIntersection,typeCollision,luminosite,conditionsAtmosperiques,typeRoute,circulation,nbVoies,profilLongRoute,tracePlanRoute,largeurTPC,largeurRoute,etatSurface,amenagement,situation,categorieUsager,graviteAccident,sexe,age,motifDeplacement,existenceSecurite,usageSecurite,nombreAutresVehicules,enAgglomeration,mois,jour,NCCENR
,201700021198,2017-07-07,17,12,17300,46.16038,-1.15568,Intersection en T,Deux véhicules - par le coté,Plein jour,Normale,Voie Communale,,1,Plat,,,75,normale,,Sur chaussée,Conducteur,1,F,85-86,Promenade - loisirs,Casque,Non,1,1,07 - juillet,4 - vendredi,Rochelle
,201700026706,2017-07-07,35,8,35051,48.11444,-1.6336,Giratoire,Autre,Plein jour,Normale,Voie Communale,,1,Plat,Partie rectiligne,,,normale,,,Conducteur,1,F,39-40,Domicile - travail,Casque,Non déterminable,1,1,07 - juillet,4 - vendredi,Cesson-Sévigné
,201700026708,2017-07-07,35,12,35238,48.10627,-1.67753,Hors intersection,Autre,Plein jour,Pluie légère,Autre,,1,Plat,Partie rectiligne,,,normale,,Sur chaussée,Conducteur,1,M,70-71,Promenade - loisirs,Casque,Non,1,1,07 - juillet,4 - vendredi,Rennes
,201700032751,2017-07-07,62,14,62186,50.42622,2.72118,Intersection en T,Autre,Plein jour,Normale,Voie Communale,,2,Plat,Partie rectiligne,,79,normale,,Sur chaussée,Conducteur,1,F,9-10,Promenade - loisirs,Autre,Non déterminable,1,1,07 - juillet,4 - vendredi,Bully-les-Mines
,201700035560,2017-07-07,74,8,74010,45.91141,6.13423,Hors intersection,Autre,Plein jour,Normale,Voie Communale,,2,Plat,Partie rectiligne,13,74,normale,,Sur piste cyclable,Conducteur,2,M,28-29,Promenade - loisirs,Casque,Oui,1,1,07 - juillet,4 - vendredi,Annecy
,201700035880,2017-07-07,76,14,76481,49.5152,0.10572,Hors intersection,Aucune,Plein jour,Normale,Voie Communale,,2,Plat,Partie rectiligne,,44,normale,,Sur chaussée,Conducteur,2,M,12-13,Promenade - loisirs,Casque,Non déterminable,,1,07 - juillet,4 - vendredi,Octeville-sur-Mer
,201700040115,2017-07-07,92,19,92035,48.90451,2.23635,Intersection en X,Autre,Plein jour,Normale,Voie Communale,,1,Plat,Partie rectiligne,,,normale,,Sur chaussée,Conducteur,0,F,29-30,Domicile - travail,Autre,Non déterminable,,1,07 - juillet,4 - vendredi,Garenne-Colombes
,201700043888,2017-07-07,94,9,94017,48.81193,2.53965,Hors intersection,Deux véhicules - frontale,Plein jour,Normale,Voie Communale,,1,Pente,Partie rectiligne,10,30,normale,,Sur chaussée,Conducteur,1,M,54-55,Promenade - loisirs,Autre,Non,1,1,07 - juillet,4 - vendredi,Champigny-sur-Marne
,201700050918,2017-07-07,69,11,69387,45.75429,4.84557,Hors intersection,Autre,Plein jour,Normale,Voie Communale,,3,Plat,Partie rectiligne,,,normale,,Sur chaussée,Conducteur,0,M,19-20,,Casque,Non déterminable,,1,07 - juillet,4 - vendredi,Lyon 7e  Arrondissement
,201700053099,2017-07-07,75,10,75102,48.8634,2.35094,Intersection en X,Deux véhicules - par le coté,Plein jour,Normale,Voie Communale,,4,Plat,Partie rectiligne,,,normale,,Sur chaussée,Conducteur,1,M,22-23,,Casque,Non déterminable,1,1,07 - juillet,4 - vendredi,Paris 2e  Arrondissement
,201700054237,2017-07-07,75,18,75110,48.8823,2.37002,Intersection en Y,Deux véhicules - par le coté,Plein jour,Normale,Voie Communale,,2,Plat,Partie rectiligne,,700,normale,,,Conducteur,1,M,38-39,Promenade - loisirs,Casque,Non déterminable,1,1,07 - juillet,4 - vendredi,Paris 10e  Arrondissement
,201700054803,2017-07-07,75,8,75112,48.8279,2.41894,Place,Deux véhicules - par le coté,Plein jour,Normale,Voie Communale,,2,Plat,Partie rectiligne,,,normale,,Sur chaussée,Conducteur,1,M,31-32,Domicile - travail,Casque,Non déterminable,1,1,07 - juillet,4 - vendredi,Paris 12e  Arrondissement
,201700055516,2017-07-07,75,16,75107,48.8584,2.31365,Place,Deux véhicules - frontale,Plein jour,Normale,Voie Communale,,1,Plat,,,,normale,,Sur chaussée,Conducteur,1,M,29-30,Autre,Casque,Non déterminable,1,1,07 - juillet,4 - vendredi,Paris 7e  Arrondissement
,201700055517,2017-07-07,75,19,75114,48.8337,2.33189,Place,Autre,Plein jour,Normale,Voie Communale,,,,,,,,,Sur chaussée,Conducteur,0,M,46-47,,Casque,Non déterminable,,1,07 - juillet,4 - vendredi,Paris 14e  Arrondissement
,201700057013,2017-07-07,75,11,75118,48.8951,2.35291,Intersection à plus de 4 branches,Autre,Plein jour,Normale,Voie Communale,,,Plat,Partie rectiligne,,,normale,,Sur chaussée,Conducteur,1,M,23-24,Promenade - loisirs,Casque,Non déterminable,1,1,07 - juillet,4 - vendredi,Paris 18e  Arrondissement
,201700057015,2017-07-07,75,20,75118,48.8845,2.3642,Intersection en T,Deux véhicules - par le coté,Plein jour,Normale,Voie Communale,,1,Plat,,,,normale,,,Conducteur,1,F,17-18,,Casque,Non déterminable,1,1,07 - juillet,4 - vendredi,Paris 18e  Arrondissement
,201700002343,2017-07-06,2,14,2059,49.65907,3.34609,Intersection en T,Autre,Plein jour,Normale,Voie Communale,,2,Plat,Partie rectiligne,,68,normale,,Sur chaussée,Conducteur,1,M,34-35,Promenade - loisirs,Casque,Oui,1,1,07 - juillet,3 - jeudi,Beautor
,201700011882,2017-07-06,37,21,37018,47.33444,0.61261,Giratoire,Deux véhicules - par le coté,Plein jour,Normale,Voie Communale,,1,Plat,,9,10,normale,,,Conducteur,2,M,60-61,Promenade - loisirs,Casque,Non,1,1,07 - juillet,3 - jeudi,Ballan-Miré
,201700012536,2017-07-06,27,8,27218,49.28941,0.44928,Hors intersection,Deux véhicules - par l’arrière,Plein jour,Normale,Route Départementale,,2,Plat,Partie rectiligne,,70,normale,,Sur chaussée,Conducteur,2,M,51-52,Promenade - loisirs,Casque,Oui,1,,07 - juillet,3 - jeudi,Épaignes
,201700013435,2017-07-06,16,19,16096,45.79886,0.58786,Intersection en T,Deux véhicules - par le coté,Plein jour,Normale,Route Départementale,,2,Plat,Partie rectiligne,,41,normale,,Sur chaussée,Conducteur,3,M,77-78,Promenade - loisirs,Casque,Non,1,,07 - juillet,3 - jeudi,Cherves-Châtelars
,201700018659,2017-07-06,89,10,89347,47.43091,3.89297,Hors intersection,Deux véhicules - par l’arrière,Plein jour,Normale,Route Départementale,,2,Bas de côte,En courbe à gauche,,56,normale,,Sur chaussée,Conducteur,2,M,61-62,Promenade - loisirs,Casque,Non,1,,07 - juillet,3 - jeudi,Saint-Germain-des-Champs
,201700024806,2017-07-06,31,11,31555,43.61154,1.45024,Hors intersection,Autre,Plein jour,Normale,Voie Communale,,1,Plat,Partie rectiligne,,,normale,,Sur chaussée,Conducteur,2,M,24-25,Promenade - loisirs,Autre,Non,1,1,07 - juillet,3 - jeudi,Toulouse
,201700028445,2017-07-06,44,17,44109,47.26805,-1.52187,Hors intersection,Autre,Plein jour,Normale,Voie Communale,,,,,,,,,,Conducteur,2,M,59-60,,Autre,Oui,1,1,07 - juillet,3 - jeudi,Nantes
,201700028555,2017-07-06,44,19,44184,47.26482,-2.2433,Giratoire,Deux véhicules - par le coté,Plein jour,Normale,Voie Communale,,2,Plat,,,,normale,,Sur chaussée,Conducteur,1,F,34-35,,Autre,Oui,1,1,07 - juillet,3 - jeudi,Saint-Nazaire
,201700029705,2017-07-06,50,12,50129,49.62838,-1.62562,Hors intersection,Deux véhicules - frontale,Plein jour,Normale,Voie Communale,,2,Plat,Partie rectiligne,,,normale,,,Conducteur,1,M,28-29,Promenade - loisirs,Casque,Non,1,1,07 - juillet,3 - jeudi,Cherbourg-en-Cotentin
,201700032438,2017-07-06,61,12,61001,48.42792,0.08515,Hors intersection,Aucune,Plein jour,Normale,Voie Communale,,2,Plat,Partie rectiligne,,,normale,,Sur chaussée,Conducteur,2,M,89-90,Courses - achats,Autre,Non,,1,07 - juillet,3 - jeudi,Alençon
,201700034154,2017-07-06,67,9,67482,48.5795,7.73091,Intersection en X,Deux véhicules - par le coté,Plein jour,Normale,Voie Communale,,3,Plat,Partie rectiligne,,110,normale,,Sur chaussée,Conducteur,1,F,19-20,Domicile - travail,Casque,Non,1,1,07 - juillet,3 - jeudi,Strasbourg
,201700037741,2017-07-06,85,5,85060,46.48826,-1.74682,Hors intersection,Deux véhicules - par le coté,Nuit avec éclairage public allumé,Normale,Voie Communale,,2,Plat,Partie rectiligne,,,normale,,Sur chaussée,Conducteur,2,M,28-29,Promenade - loisirs,Casque,Non,1,1,07 - juillet,3 - jeudi,'Château-d''Olonne'
,201700038597,2017-07-06,91,14,91514,48.67787,2.53789,Intersection en T,Deux véhicules - par le coté,Plein jour,Normale,Voie Communale,,2,Pente,Partie rectiligne,150,150,normale,,Sur chaussée,Conducteur,1,M,19-20,Promenade - loisirs,Autre,Non déterminable,1,1,07 - juillet,3 - jeudi,Quincy-sous-Sénart
,201700040114,2017-07-06,92,7,92035,48.90706,2.23998,Hors intersection,Deux véhicules - par le coté,Plein jour,Pluie légère,Voie Communale,,1,Plat,Partie rectiligne,,,mouillée,,Sur piste cyclable,Conducteur,1,M,27-28,Domicile - travail,Autre,Non déterminable,1,1,07 - juillet,3 - jeudi,Garenne-Colombes
,201700052794,2017-07-06,75,10,75101,48.8661,2.33982,Intersection en X,Deux véhicules - frontale,Plein jour,Normale,Voie Communale,,1,Plat,Partie rectiligne,,65,mouillée,,Sur chaussée,Conducteur,1,M,60-61,Domicile - travail,Casque,Non déterminable,1,1,07 - juillet,3 - jeudi,Paris 1er Arrondissement
,201700056654,2017-07-06,75,12,75117,48.8942,2.32057,Intersection en X,Deux véhicules - par le coté,Plein jour,Normale,Voie Communale,,2,Plat,Partie rectiligne,,,normale,Carrefour aménagé,Sur chaussée,Conducteur,1,M,47-48,,Casque,Non déterminable,1,1,07 - juillet,3 - jeudi,Paris 17e  Arrondissement
,201700059140,2017-07-06,973,16,97309,0,0,Hors intersection,Deux véhicules - par l’arrière,Plein jour,Pluie légère,Route Nationale,,2,Plat,Partie rectiligne,74,74,mouillée,,Sur accotement,Conducteur,2,M,24-25,Autre,Equipement réfléchissant,Non,1,,07 - juillet,3 - jeudi,Remire-Montjoly
,201700002656,2017-07-05,73,9,73023,45.21672,6.75384,Hors intersection,Deux véhicules - par le coté,Plein jour,Normale,Route Départementale,,2,Plat,En courbe à droite,,,normale,,Sur chaussée,Conducteur,2,M,64-65,Promenade - loisirs,Casque,Oui,1,,07 - juillet,2 - mercredi,Aussois
,201700003463,2017-07-05,21,7,21010,47.06552,4.86098,Hors intersection,Aucune,Plein jour,Normale,Route Départementale,,2,Pente,Partie rectiligne,,60,normale,,Sur chaussée,Conducteur,2,M,51-52,Domicile - travail,Casque,Non,,1,07 - juillet,2 - mercredi,Aloxe-Corton
,201700006273,2017-07-05,6,9,6088,47.70045,7.28654,Hors intersection,Deux véhicules - par le coté,Plein jour,Normale,Voie Communale,,2,,En courbe à droite,,50,normale,,Sur chaussée,Conducteur,1,M,2-3,Promenade - loisirs,Casque,Non déterminable,1,1,07 - juillet,2 - mercredi,Nice
,201700007729,2017-07-05,42,9,42279,45.50186,4.25425,Intersection en T,Deux véhicules - par le coté,Plein jour,Temps éblouissant,Route Départementale,,2,Plat,,6,10,normale,,,Conducteur,1,M,71-72,Promenade - loisirs,Casque,Non,1,1,07 - juillet,2 - mercredi,Saint-Just-Saint-Rambert
,201700012349,2017-07-05,28,8,28023,48.54077,1.64033,Giratoire,Deux véhicules - par le coté,Crépuscule ou aube,Normale,Route Départementale,,2,Plat,,,,normale,,Sur chaussée,Conducteur,1,M,74-75,,Casque,Oui,1,1,07 - juillet,2 - mercredi,Bailleau-Armenonville
,201700013683,2017-07-05,43,14,43012,0,0,Intersection en T,Deux véhicules - par le coté,Plein jour,Normale,Voie Communale,,2,Plat,Partie rectiligne,,40,normale,,Sur chaussée,Conducteur,2,F,10-11,Promenade - loisirs,,,1,1,07 - juillet,2 - mercredi,Aurec-sur-Loire
,201700016573,2017-07-05,29,10,29199,48.57347,-3.74359,Hors intersection,Trois véhicules et plus - collisions multiples,Plein jour,Temps éblouissant,Route Départementale,,2,Plat,Partie rectiligne,,70,normale,,Sur chaussée,Conducteur,3,M,73-74,Promenade - loisirs,Casque,Oui,1,,07 - juillet,2 - mercredi,Plouigneau
,201700016573,2017-07-05,29,10,29199,48.57347,-3.74359,Hors intersection,Trois véhicules et plus - collisions multiples,Plein jour,Temps éblouissant,Route Départementale,,2,Plat,Partie rectiligne,,70,normale,,Sur chaussée,Conducteur,2,F,65-66,Promenade - loisirs,Casque,Oui,1,,07 - juillet,2 - mercredi,Plouigneau
,201700018266,2017-07-05,55,17,55073,49.19348,5.37623,Hors intersection,Deux véhicules - par le coté,Plein jour,Normale,Route Départementale,,2,Plat,Partie rectiligne,,,normale,,Sur chaussée,Conducteur,1,M,66-67,Promenade - loisirs,Equipement réfléchissant,Non,1,,07 - juillet,2 - mercredi,Bras-sur-Meuse
,201700019271,2017-07-05,65,11,65138,42.89811,-0.11105,Hors intersection,Deux véhicules - par le coté,Plein jour,Normale,Route Départementale,,2,Pente,En courbe à droite,,65,normale,,Sur chaussée,Conducteur,2,M,77-78,Promenade - loisirs,Casque,Oui,1,1,07 - juillet,2 - mercredi,Cauterets
,201700022583,2017-07-05,25,8,25056,47.22787,5.98394,Autre intersection,Autre,Plein jour,Normale,Voie Communale,,2,Plat,Partie rectiligne,,,normale,,Sur chaussée,Conducteur,1,F,49-50,Autre,Casque,Non déterminable,1,1,07 - juillet,2 - mercredi,Besançon
,201700025546,2017-07-05,33,11,33529,44.64561,-1.15789,Hors intersection,Autre,Plein jour,Normale,Voie Communale,,2,Plat,Partie rectiligne,12,59,normale,,Sur piste cyclable,Conducteur,1,M,35-36,Promenade - loisirs,Casque,Oui,1,1,07 - juillet,2 - mercredi,Teste-de-Buch
,201700025821,2017-07-05,33,10,33063,44.8257,-0.59842,Giratoire,Deux véhicules - par le coté,Plein jour,Normale,Voie Communale,,2,Plat,En « S »,,,normale,,Sur chaussée,Conducteur,2,F,32-33,,Casque,Non déterminable,1,1,07 - juillet,2 - mercredi,Bordeaux
,201700029350,2017-07-05,49,9,49007,47.47403,-0.53744,Intersection en T,Deux véhicules - par le coté,Plein jour,Normale,Voie Communale,,2,Plat,Partie rectiligne,,,normale,,Sur chaussée,Conducteur,1,F,30-31,Domicile - travail,Casque,Non,1,1,07 - juillet,2 - mercredi,Angers
,201700032288,2017-07-05,60,12,60057,49.47085,2.08303,Place,Deux véhicules - frontale,Plein jour,Normale,Voie Communale,,1,,En « S »,,,normale,,Sur chaussée,Conducteur,1,M,28-29,,Casque,Oui,1,1,07 - juillet,2 - mercredi,Beauvais
,201700034153,2017-07-05,67,13,67482,48.57023,7.75087,Hors intersection,Autre,Plein jour,Normale,Voie Communale,,2,Plat,Partie rectiligne,,80,normale,,Sur chaussée,Conducteur,1,M,56-57,Promenade - loisirs,Autre,Non déterminable,1,1,07 - juillet,2 - mercredi,Strasbourg
,201700040980,2017-07-05,92,,92063,48.87347,2.17921,Intersection en X,Deux véhicules - par le coté,Nuit avec éclairage public allumé,Normale,Voie Communale,,2,Plat,Partie rectiligne,,60,normale,Carrefour aménagé,Sur chaussée,Conducteur,1,M,15-16,Promenade - loisirs,Autre,Non déterminable,1,1,07 - juillet,2 - mercredi,Rueil-Malmaison
,201700041220,2017-07-05,92,15,92046,0,0,Hors intersection,Deux véhicules - par le coté,Plein jour,Normale,Voie Communale,,2,Plat,Partie rectiligne,,,normale,,Sur chaussée,Conducteur,1,M,48-49,Domicile - travail,Autre,Non,1,1,07 - juillet,2 - mercredi,Malakoff
,201700044726,2017-07-05,94,21,94021,48.77465,2.36161,Hors intersection,Deux véhicules - par le coté,Crépuscule ou aube,Normale,Voie Communale,,1,Plat,Partie rectiligne,,,normale,,Sur chaussée,Conducteur,1,M,9-10,Promenade - loisirs,Casque,Non déterminable,1,1,07 - juillet,2 - mercredi,Chevilly-Larue
,201700045058,2017-07-05,94,17,94043,48.80612,2.34594,Intersection en X,Deux véhicules - par le coté,Plein jour,Normale,Voie Communale,,2,Plat,Partie rectiligne,,,normale,,Sur piste cyclable,Conducteur,1,M,22-23,Promenade - loisirs,Autre,Non déterminable,1,1,07 - juillet,2 - mercredi,Kremlin-Bicêtre
,201700056199,2017-07-05,75,18,75116,48.8651,2.29935,Hors intersection,Autre,Plein jour,Normale,Voie Communale,,3,Pente,Partie rectiligne,,,normale,,Sur chaussée,Conducteur,1,M,52-53,Domicile - travail,Casque,Oui,,1,07 - juillet,2 - mercredi,Paris 16e  Arrondissement
,201700057010,2017-07-05,75,8,75118,48.8845,2.35932,Place,Deux véhicules - par le coté,Plein jour,Normale,Voie Communale,,1,Plat,Partie rectiligne,,,normale,,Sur chaussée,Conducteur,1,F,40-41,Domicile - travail,Casque,Non déterminable,1,1,07 - juillet,2 - mercredi,Paris 18e  Arrondissement
,201700000164,2017-07-04,59,19,59481,50.25066,3.62397,Hors intersection,Deux véhicules - frontale,Plein jour,Normale,Parc de stationnement ouvert à la circulation publique,,2,Plat,,,,normale,,Sur chaussée,Conducteur,1,M,9-10,Promenade - loisirs,Casque,Non,1,1,07 - juillet,1 - mardi,Quesnoy
,201700001455,2017-07-04,64,14,64430,43.48983,-0.78573,Giratoire,Deux véhicules - par le coté,Plein jour,Normale,Route Départementale,,2,Plat,,,10,normale,,,Conducteur,1,F,53-54,Domicile - travail,Casque,Non déterminable,1,1,07 - juillet,1 - mardi,Orthez
,201700002190,2017-07-04,26,19,26220,44.37371,5.12729,Hors intersection,Deux véhicules - frontale,Plein jour,Normale,Autre,,2,Pente,En courbe à gauche,,20,normale,,Sur chaussée,Conducteur,1,M,44-45,Promenade - loisirs,Casque,Non déterminable,1,,07 - juillet,1 - mardi,Nyons
,201700004359,2017-07-04,34,18,34344,43.5613,4.07709,Hors intersection,Deux véhicules - par le coté,Plein jour,Temps éblouissant,Voie Communale,,3,Plat,,,15,normale,,,Conducteur,1,M,6-7,Promenade - loisirs,Casque,Oui,1,1,07 - juillet,1 - mardi,Grande-Motte
,201700007999,2017-07-04,10,14,10387,48.29474,4.08262,Intersection en X,Deux véhicules - par le coté,Plein jour,Normale,Voie Communale,,2,Plat,Partie rectiligne,,,normale,,Sur chaussée,Conducteur,2,F,19-20,Domicile - travail,Casque,Non,1,1,07 - juillet,1 - mardi,Troyes
,201700018203,2017-07-04,49,20,49331,47.6926,-0.89232,Hors intersection,Aucune,Plein jour,Normale,Voie Communale,,2,Plat,Partie rectiligne,,,normale,,Sur chaussée,Conducteur,2,F,39-40,Promenade - loisirs,Casque,Oui,,,07 - juillet,1 - mardi,Segré
,201700022454,2017-07-04,22,19,22106,48.49576,-2.71584,Hors intersection,Autre,Plein jour,Normale,Voie Communale,,2,Plat,Partie rectiligne,,50,normale,,Sur chaussée,Conducteur,1,M,58-59,Promenade - loisirs,Casque,Non,1,1,07 - juillet,1 - mardi,Langueux
,201700028881,2017-07-04,45,8,45286,47.88924,1.92971,Hors intersection,Deux véhicules - par le coté,Plein jour,Normale,Voie Communale,,1,Plat,En courbe à droite,,40,normale,,Sur chaussée,Conducteur,1,M,57-58,Utilisation professionnelle,Casque,Non,1,1,07 - juillet,1 - mardi,Saint-Jean-le-Blanc
,201700029349,2017-07-04,49,9,49007,47.46305,-0.61557,Hors intersection,Aucune,Plein jour,Normale,Voie Communale,,2,Plat,Partie rectiligne,,70,normale,,Sur chaussée,Conducteur,1,M,9-10,Autre,Casque,Oui,,1,07 - juillet,1 - mardi,Angers
,201700029579,2017-07-04,49,14,49099,47.05548,-0.85939,Giratoire,Deux véhicules - par le coté,Plein jour,Normale,Voie Communale,,4,Pente,En courbe à droite,14,80,normale,,,Conducteur,2,M,64-65,Promenade - loisirs,Autre,Non déterminable,1,1,07 - juillet,1 - mardi,Cholet
,201700030206,2017-07-04,52,13,52448,48.63101,4.94798,Intersection en T,Autre,Plein jour,Normale,Voie Communale,,2,Plat,Partie rectiligne,,,normale,,Sur chaussée,Conducteur,2,M,57-58,Domicile - travail,Casque,Non déterminable,1,1,07 - juillet,1 - mardi,Saint-Dizier
,201700030515,2017-07-04,54,19,54184,48.7031,6.22797,Intersection en X,Deux véhicules - par le coté,Plein jour,Normale,Voie Communale,,2,Plat,,,,normale,,Sur chaussée,Conducteur,1,M,18-19,Promenade - loisirs,Autre,Non déterminable,1,1,07 - juillet,1 - mardi,Essey-lès-Nancy
,201700031304,2017-07-04,57,11,57221,49.34388,6.11547,Giratoire,Deux véhicules - par le coté,Plein jour,Normale,Route Départementale,,1,Bas de côte,En courbe à droite,,70,normale,,Sur chaussée,Conducteur,3,M,61-62,Promenade - loisirs,Casque,Non,1,,07 - juillet,1 - mardi,Florange
,201700032750,2017-07-04,62,19,62528,50.45523,2.80253,Intersection en X,Deux véhicules - par le coté,Plein jour,Normale,Voie Communale,,2,Plat,,,49,normale,,Sur chaussée,Conducteur,1,M,15-16,Promenade - loisirs,Autre,Non,1,1,07 - juillet,1 - mardi,Loos-en-Gohelle
,201700032750,2017-07-04,62,19,62528,50.45523,2.80253,Intersection en X,Deux véhicules - par le coté,Plein jour,Normale,Voie Communale,,2,Plat,,,49,normale,,Sur chaussée,Passager,2,M,11-12,Promenade - loisirs,Autre,Non,1,1,07 - juillet,1 - mardi,Loos-en-Gohelle
,201700033633,2017-07-04,66,11,66136,42.69774,2.88552,Intersection en X,Deux véhicules - par le coté,Plein jour,Normale,Voie Communale,,1,Plat,Partie rectiligne,,50,normale,,Sur chaussée,Conducteur,1,M,81-82,Promenade - loisirs,Casque,Oui,1,1,07 - juillet,1 - mardi,Perpignan
,201700033870,2017-07-04,67,10,67180,48.81061,7.78167,Autre intersection,Deux véhicules - par le coté,Plein jour,Normale,Voie Communale,,3,Plat,Partie rectiligne,,96,normale,,Sur chaussée,Conducteur,1,F,44-45,Promenade - loisirs,Casque,Non,1,1,07 - juillet,1 - mardi,Haguenau
,201700034766,2017-07-04,69,12,69266,45.759,4.885,Hors intersection,Deux véhicules - par l’arrière,Plein jour,Normale,Voie Communale,,2,Pente,Partie rectiligne,,78,normale,,Sur piste cyclable,Conducteur,1,M,15-16,Promenade - loisirs,Casque,Non,1,1,07 - juillet,1 - mardi,Villeurbanne
,201700036628,2017-07-04,78,18,78297,48.78679,2.04917,Hors intersection,Deux véhicules - par le coté,Plein jour,Normale,Voie Communale,,3,Plat,Partie rectiligne,,87,normale,,Sur chaussée,Conducteur,2,M,33-34,Promenade - loisirs,Casque,Oui,1,1,07 - juillet,1 - mardi,Guyancourt
,201700050911,2017-07-04,69,14,69388,45.73084,4.86559,Hors intersection,Deux véhicules - par le coté,Plein jour,Normale,Voie Communale,,2,Plat,Partie rectiligne,10,50,normale,,Sur chaussée,Conducteur,2,M,58-59,,Autre,Non déterminable,1,1,07 - juillet,1 - mardi,Lyon 8e  Arrondissement
,201700053540,2017-07-04,75,9,75107,48.8562,2.31501,Intersection en Y,Aucune,Plein jour,Normale,Voie Communale,,4,Pente,Partie rectiligne,,120,corps gras - huile,,Sur chaussée,Conducteur,1,F,41-42,Domicile - travail,Casque,Non déterminable,,1,07 - juillet,1 - mardi,Paris 7e  Arrondissement
,201700006271,2017-07-03,6,19,6088,43.7382,7.30707,Hors intersection,Deux véhicules - par le coté,Plein jour,Normale,Voie Communale,,1,Plat,Partie rectiligne,,40,normale,,Sur chaussée,Conducteur,1,M,12-13,Promenade - loisirs,Autre,Non,1,1,07 - juillet,0 - lundi,Nice
,201700008000,2017-07-03,10,13,10333,48.28851,4.04537,Hors intersection,Deux véhicules - par le coté,Plein jour,Normale,Voie Communale,,2,Plat,Partie rectiligne,,,normale,Carrefour aménagé,Sur chaussée,Conducteur,1,M,43-44,Autre,Autre,Non déterminable,1,1,07 - juillet,0 - lundi,Saint-André-les-Vergers
,201700015885,2017-07-03,2,11,2579,49.21016,3.35745,Intersection en Y,Deux véhicules - par le coté,Plein jour,Normale,Route Départementale,,2,Plat,,,70,normale,,Sur chaussée,Conducteur,2,M,14-15,Courses - achats,Casque,Non,1,,07 - juillet,0 - lundi,Oulchy-la-Ville
,201700016042,2017-07-03,38,8,38397,45.23981,5.84948,Giratoire,Deux véhicules - par le coté,Plein jour,Normale,Route Départementale,,2,Plat,,,15,normale,,,Conducteur,1,M,58-59,Domicile - travail,Casque,Oui,1,,07 - juillet,0 - lundi,Saint-Ismier
,201700016740,2017-07-03,35,11,35132,48.57435,-1.80092,Hors intersection,Deux véhicules - par l’arrière,Plein jour,Normale,Route Départementale,,2,Plat,Partie rectiligne,60,,normale,,Sur chaussée,Conducteur,2,M,64-65,Promenade - loisirs,Casque,Oui,1,,07 - juillet,0 - lundi,Hirel
,201700016740,2017-07-03,35,11,35132,48.57435,-1.80092,Hors intersection,Deux véhicules - par l’arrière,Plein jour,Normale,Route Départementale,,2,Plat,Partie rectiligne,60,,normale,,Sur chaussée,Conducteur,0,M,67-68,Promenade - loisirs,Casque,Oui,1,,07 - juillet,0 - lundi,Hirel
,201700017874,2017-07-03,42,19,42208,45.53536,4.47692,Hors intersection,Deux véhicules - frontale,Plein jour,Normale,Route Départementale,,2,Pente,En courbe à droite,,61,normale,,Sur chaussée,Conducteur,3,M,43-44,Promenade - loisirs,Casque,Non,1,,07 - juillet,0 - lundi,Saint-Christo-en-Jarez
,201700019459,2017-07-03,80,10,80082,49.96534,2.13454,Intersection en X,Deux véhicules - par le coté,Plein jour,Normale,Voie Communale,Avec voies d’affectation variable,,,,,,,,,Conducteur,1,M,62-63,Promenade - loisirs,Casque,Oui,1,1,07 - juillet,0 - lundi,Belloy-sur-Somme
,201700026989,2017-07-03,36,18,36044,46.8147,1.70823,Hors intersection,Deux véhicules - par le coté,Plein jour,Normale,Voie Communale,,1,Plat,Partie rectiligne,,60,normale,,Sur chaussée,Conducteur,2,M,82-83,Promenade - loisirs,Autre,Non déterminable,1,1,07 - juillet,0 - lundi,Châteauroux
,201700028430,2017-07-03,44,13,44162,47.22956,-1.60622,Hors intersection,Deux véhicules - par le coté,Plein jour,Normale,Voie Communale,,,Plat,Partie rectiligne,,,normale,,Sur chaussée,Conducteur,2,M,9-10,,Casque,Oui,1,1,07 - juillet,0 - lundi,Saint-Herblain
,201700030267,2017-07-03,54,18,54451,49.49806,5.7522,Hors intersection,Deux véhicules - frontale,Plein jour,Normale,Route Départementale,,2,Pente,En « S »,,40,normale,,Sur chaussée,Conducteur,1,M,45-46,Promenade - loisirs,Casque,Non déterminable,1,1,07 - juillet,0 - lundi,Réhon
,201700034151,2017-07-03,67,15,67482,48.58701,7.75445,Hors intersection,Autre,Plein jour,Normale,Voie Communale,,2,Plat,Partie rectiligne,,50,normale,,Sur trottoir,Conducteur,0,M,15-16,Promenade - loisirs,Casque,Non,,1,07 - juillet,0 - lundi,Strasbourg
,201700035362,2017-07-03,12,15,12231,44.0189,3.33609,Hors intersection,Deux véhicules - par l’arrière,Plein jour,Normale,Route Départementale,,2,Plat,En courbe à gauche,,68,normale,,Sur chaussée,Conducteur,1,M,66-67,Promenade - loisirs,Casque,Non,1,,07 - juillet,0 - lundi,Saint-Jean-du-Bruel
,201700036690,2017-07-03,78,18,78029,48,4.5685,Intersection en X,Deux véhicules - par le coté,Plein jour,Normale,Voie Communale,,1,Plat,Partie rectiligne,30,30,normale,,Sur chaussée,Conducteur,1,M,49-50,Promenade - loisirs,Autre,Non déterminable,1,1,07 - juillet,0 - lundi,Aubergenville
,201700037250,2017-07-03,83,17,83069,43.06491,6.07248,Hors intersection,Deux véhicules - par le coté,Plein jour,Normale,Voie Communale,,1,Plat,En courbe à droite,58,109,normale,,Sur chaussée,Conducteur,2,F,15-16,Promenade - loisirs,Autre,Non,1,1,07 - juillet,0 - lundi,Hyères