test,identifiantAccident,date,departement,heure,commune,lat,lon,typeIntersection,typeCollision,luminosite,conditionsAtmosperiques,typeRoute,circulation,nbVoies,profilLongRoute,tracePlanRoute,largeurTPC,largeurRoute,etatSurface,amenagement,situation,categorieUsager,graviteAccident,sexe,age,motifDeplacement,existenceSecurite,usageSecurite,nombreAutresVehicules,enAgglomeration,mois,jour,NCCENR
,201700038499,2017-07-03,91,16,91552,48.59668,2.25015,Hors intersection,Aucune,Plein jour,Normale,Voie Communale,,2,Plat,En courbe à droite,,,normale,,,Conducteur,1,M,15-16,Promenade - loisirs,Autre,Oui,,1,07 - juillet,0 - lundi,Saint-Germain-lès-Arpajon
,201700038898,2017-07-03,91,17,91377,48.73105,2.29058,Intersection en T,Deux véhicules - par l’arrière,Plein jour,Normale,Voie Communale,,2,Plat,Partie rectiligne,,,normale,Carrefour aménagé,Sur chaussée,Conducteur,1,M,49-50,Autre,Casque,Non déterminable,1,1,07 - juillet,0 - lundi,Massy
,201700040006,2017-07-03,92,8,92026,48.89772,2.26353,Hors intersection,Autre,Plein jour,Normale,Route Départementale,,4,Plat,Partie rectiligne,,150,normale,,Sur chaussée,Conducteur,1,F,60-61,,Autre,Non,2,1,07 - juillet,0 - lundi,Courbevoie
,201700043961,2017-07-03,94,4,94018,48.82589,2.40691,Intersection en X,Deux véhicules - par le coté,Crépuscule ou aube,Normale,Route Départementale,,3,Plat,Partie rectiligne,,90,normale,,Sur chaussée,Conducteur,1,F,18-19,Domicile - travail,Equipement réfléchissant,Non,1,1,07 - juillet,0 - lundi,Charenton-le-Pont
,201700050159,2017-07-03,69,9,69286,45.80561,4.88268,Hors intersection,Deux véhicules - par l’arrière,Plein jour,Normale,Voie Communale,,3,Pente,Partie rectiligne,,130,normale,,Sur chaussée,Conducteur,1,M,40-41,Domicile - travail,Casque,Non,1,1,07 - juillet,0 - lundi,Rillieux-la-Pape
,201700054235,2017-07-03,75,19,75110,48.8793,2.36293,Intersection en T,Deux véhicules - par le coté,Plein jour,Normale,Voie Communale,,2,Plat,Partie rectiligne,,30,normale,,Sur chaussée,Conducteur,0,F,35-36,Domicile - travail,Casque,Non déterminable,1,1,07 - juillet,0 - lundi,Paris 10e  Arrondissement
,201700057006,2017-07-03,75,17,75118,48.8848,2.35932,Place,Aucune,Plein jour,Normale,Voie Communale,,2,Plat,Partie rectiligne,,,normale,Carrefour aménagé,,Conducteur,1,M,45-46,,Casque,Oui,,1,07 - juillet,0 - lundi,Paris 18e  Arrondissement
,201700004672,2017-07-02,2A,9,2A247,41.58739,9.2824,Intersection en T,Deux véhicules - par le coté,Plein jour,Normale,Route Départementale,,2,Plat,,,10,normale,,,Conducteur,1,M,46-47,Promenade - loisirs,Casque,Non,1,1,07 - juillet,6 - dimanche,Porto-Vecchio
,201700014426,2017-07-02,50,8,50402,49.51658,-1.79912,Giratoire,Deux véhicules - par le coté,Plein jour,Normale,Route Départementale,,2,Plat,Partie rectiligne,,15,normale,,,Conducteur,1,M,65-66,Promenade - loisirs,Casque,Oui,1,,07 - juillet,6 - dimanche,Pieux
,201700031517,2017-07-02,59,11,59431,50.70392,2.83831,Hors intersection,Autre,Plein jour,Pluie légère,Voie Communale,,2,Plat,Partie rectiligne,,,mouillée,,Sur chaussée,Conducteur,2,F,56-57,,Casque,Non,1,1,07 - juillet,6 - dimanche,Nieppe
,201700034764,2017-07-02,69,15,69282,45.76198,4.99109,Intersection en T,Deux véhicules - par le coté,Plein jour,Normale,Voie Communale,,,Plat,Partie rectiligne,,55,normale,,Sur chaussée,Conducteur,1,M,9-10,Promenade - loisirs,Autre,Non,1,1,07 - juillet,6 - dimanche,Meyzieu
,201700034764,2017-07-02,69,15,69282,45.76198,4.99109,Intersection en T,Deux véhicules - par le coté,Plein jour,Normale,Voie Communale,,,Plat,Partie rectiligne,,55,normale,,Sur chaussée,Passager,1,M,6-7,Promenade - loisirs,Casque,Non,1,1,07 - juillet,6 - dimanche,Meyzieu
,201700042545,2017-07-02,93,23,93048,0,0,Intersection en T,Deux véhicules - par le coté,Nuit avec éclairage public allumé,Normale,Voie Communale,,1,Plat,Partie rectiligne,,40,normale,,Sur piste cyclable,Conducteur,1,M,17-18,Promenade - loisirs,Casque,Non,1,1,07 - juillet,6 - dimanche,Montreuil
,201700052786,2017-07-02,75,15,75101,48.8579,2.34719,Intersection en X,Deux véhicules - par le coté,Plein jour,Normale,Voie Communale,,1,Plat,,,130,normale,Carrefour aménagé,Sur chaussée,Conducteur,1,M,44-45,Autre,Casque,Non déterminable,1,1,07 - juillet,6 - dimanche,Paris 1er Arrondissement
,201700052787,2017-07-02,75,19,75101,48.867,2.32757,Hors intersection,Deux véhicules - par le coté,Plein jour,Normale,Voie Communale,,1,Plat,Partie rectiligne,,30,normale,,Sur chaussée,Conducteur,1,M,20-21,Promenade - loisirs,Casque,Non déterminable,1,1,07 - juillet,6 - dimanche,Paris 1er Arrondissement
,201700054231,2017-07-02,75,13,75110,48.8686,2.363,Place,Deux véhicules - par le coté,Plein jour,Normale,Voie Communale,,2,Pente,Partie rectiligne,,,,,Sur piste cyclable,Conducteur,1,F,35-36,Promenade - loisirs,Casque,Non déterminable,1,1,07 - juillet,6 - dimanche,Paris 10e  Arrondissement
,201700057341,2017-07-02,75,19,75119,48.889,2.37497,Hors intersection,Deux véhicules - par le coté,Crépuscule ou aube,Normale,Voie Communale,,2,Plat,Partie rectiligne,,,normale,,Sur chaussée,Conducteur,2,M,12-13,Promenade - loisirs,Casque,Non déterminable,1,1,07 - juillet,6 - dimanche,Paris 19e  Arrondissement
,201700057917,2017-07-02,75,16,75116,48.865,2.23445,Intersection à plus de 4 branches,Deux véhicules - par le coté,Plein jour,Normale,Voie Communale,,1,Plat,Partie rectiligne,,78,normale,Carrefour aménagé,Sur chaussée,Conducteur,1,M,44-45,Promenade - loisirs,Casque,Non déterminable,1,1,07 - juillet,6 - dimanche,Paris 16e  Arrondissement
,201700060634,2017-07-02,976,16,97611,-12.78428,45.22953,Hors intersection,Deux véhicules - frontale,Crépuscule ou aube,Normale,Route Nationale,,2,Pente,Partie rectiligne,,,normale,,Sur chaussée,Conducteur,2,M,18-19,Autre,Autre,Non déterminable,1,1,07 - juillet,6 - dimanche,Mamoudzou
,201700002612,2017-07-01,73,11,73176,45.60768,6.84479,Hors intersection,Trois véhicules et plus - collisions multiples,Plein jour,Temps couvert,Route Départementale,,2,Plat,Partie rectiligne,,71,normale,,Sur chaussée,Conducteur,2,M,53-54,Promenade - loisirs,Casque,Non,1,,07 - juillet,5 - samedi,Montvalezan
,201700002612,2017-07-01,73,11,73176,45.60768,6.84479,Hors intersection,Trois véhicules et plus - collisions multiples,Plein jour,Temps couvert,Route Départementale,,2,Plat,Partie rectiligne,,71,normale,,Sur chaussée,Conducteur,0,M,43-44,Promenade - loisirs,Casque,Oui,1,,07 - juillet,5 - samedi,Montvalezan
,201700009941,2017-07-01,13,,13055,43.29408,5.3765,Intersection en T,Deux véhicules - par le coté,Nuit avec éclairage public allumé,Normale,Voie Communale,,1,Plat,Partie rectiligne,,30,normale,,,Conducteur,2,M,25-26,Promenade - loisirs,Casque,Non,1,1,07 - juillet,5 - samedi,Marseille
,201700011614,2017-07-01,8,14,8490,49.41683,4.6881,Hors intersection,Deux véhicules - par l’arrière,Plein jour,Temps couvert,Route Départementale,,2,Plat,Partie rectiligne,,69,normale,,Sur chaussée,Conducteur,1,M,47-48,Promenade - loisirs,Equipement réfléchissant,Oui,1,,07 - juillet,5 - samedi,Vouziers
,201700025395,2017-07-01,57,15,57629,48.77281,7.05952,Hors intersection,Aucune,Plein jour,Normale,Voie Communale,,2,Plat,,,,normale,Voie ferrée,,Conducteur,2,F,52-53,Promenade - loisirs,Casque,Non,,1,07 - juillet,5 - samedi,Sarraltroff
,201700025811,2017-07-01,33,4,33063,44.8553,-0.61396,Intersection en X,Deux véhicules - par le coté,Nuit avec éclairage public allumé,Autre,Voie Communale,,3,Plat,Partie rectiligne,,,mouillée,,,Conducteur,2,M,43-44,,Casque,Non déterminable,1,1,07 - juillet,5 - samedi,Bordeaux
,201700030495,2017-07-01,54,8,54184,48.70833,6.24436,Giratoire,Deux véhicules - par le coté,Plein jour,Normale,Voie Communale,,4,Plat,Partie rectiligne,,,normale,,Sur chaussée,Conducteur,1,M,35-36,Promenade - loisirs,Casque,Non,1,1,07 - juillet,5 - samedi,Essey-lès-Nancy
,201700052785,2017-07-01,75,20,75101,48.864,2.33134,Intersection en T,Deux véhicules - par le coté,Plein jour,Normale,Voie Communale,,1,Plat,Partie rectiligne,,35,normale,,Sur chaussée,Conducteur,0,M,21-22,Utilisation professionnelle,Casque,Non déterminable,1,1,07 - juillet,5 - samedi,Paris 1er Arrondissement
,201700052785,2017-07-01,75,20,75101,48.864,2.33134,Intersection en T,Deux véhicules - par le coté,Plein jour,Normale,Voie Communale,,1,Plat,Partie rectiligne,,35,normale,,Sur chaussée,Passager,1,F,55-56,Promenade - loisirs,Casque,Non déterminable,1,1,07 - juillet,5 - samedi,Paris 1er Arrondissement
,201700057915,2017-07-01,75,14,75108,48.8642,2.30214,Place,Deux véhicules - par le coté,Plein jour,Normale,Voie Communale,,4,Plat,Partie rectiligne,,190,normale,Pont - autopont,Sur piste cyclable,Conducteur,2,F,65-66,,Casque,Non déterminable,1,1,07 - juillet,5 - samedi,Paris 8e  Arrondissement
,201700004343,2017-06-30,34,18,34327,43.65364,3.97043,Hors intersection,Deux véhicules - par l’arrière,Plein jour,Normale,Voie Communale,,2,Plat,,,10,normale,,,Conducteur,2,M,40-41,,Casque,Non,1,1,06 - juin,4 - vendredi,Vendargues
,201700019537,2017-06-30,80,14,80685,49.68413,2.78965,Intersection en X,Deux véhicules - par le coté,Plein jour,Normale,Route Départementale,,2,Plat,,,,normale,Carrefour aménagé,Sur chaussée,Conducteur,2,M,62-63,Promenade - loisirs,Casque,Oui,1,,06 - juin,4 - vendredi,Roye
,201700027274,2017-06-30,37,13,37122,47.32664,0.65009,Hors intersection,Trois véhicules et plus - collisions multiples,Plein jour,Pluie légère,Route Départementale,,2,Plat,En courbe à droite,,,mouillée,,Sur chaussée,Conducteur,1,M,41-42,Promenade - loisirs,Casque,Oui,1,,06 - juin,4 - vendredi,Joué-lès-Tours
,201700027274,2017-06-30,37,13,37122,47.32664,0.65009,Hors intersection,Trois véhicules et plus - collisions multiples,Plein jour,Pluie légère,Route Départementale,,2,Plat,En courbe à droite,,,mouillée,,Sur chaussée,Conducteur,1,M,43-44,Promenade - loisirs,Casque,Oui,1,,06 - juin,4 - vendredi,Joué-lès-Tours
,201700031428,2017-06-30,58,8,58194,46.99995,3.15543,Giratoire,Deux véhicules - par le coté,Plein jour,Pluie légère,Voie Communale,,2,Plat,En courbe à gauche,,60,mouillée,,Sur chaussée,Conducteur,1,F,53-54,Domicile - travail,Autre,Oui,1,1,06 - juin,4 - vendredi,Nevers
,201700033902,2017-06-30,86,15,86007,46.85769,0.53798,Giratoire,Deux véhicules - par le coté,Plein jour,Normale,Route Départementale,,2,Plat,,3,510,normale,,,Conducteur,2,M,70-71,Promenade - loisirs,Autre,Non,1,1,06 - juin,4 - vendredi,Antran
,201700041885,2017-06-30,93,18,93014,0,0,Hors intersection,Deux véhicules - par le coté,Plein jour,Temps couvert,Voie Communale,,4,Pente,Partie rectiligne,,,normale,,Sur chaussée,Conducteur,2,M,15-16,,Casque,Non,1,1,06 - juin,4 - vendredi,Clichy-sous-Bois
,201700044079,2017-06-30,94,16,94019,48.78762,2.52063,Intersection en T,Aucune,Plein jour,Pluie forte,Route Départementale,,2,Plat,Partie rectiligne,,52,mouillée,,Sur chaussée,Conducteur,2,M,66-67,Promenade - loisirs,Autre,Non déterminable,,1,06 - juin,4 - vendredi,Chennevières-sur-Marne
,201700053805,2017-06-30,75,12,75108,48.8699,2.30733,Hors intersection,Deux véhicules - par l’arrière,Plein jour,Temps couvert,Voie Communale,,8,Plat,Partie rectiligne,,250,mouillée,,Sur chaussée,Conducteur,1,F,29-30,,Casque,Non,1,1,06 - juin,4 - vendredi,Paris 8e  Arrondissement
,201700055196,2017-06-30,75,12,75113,48.8275,2.35887,Hors intersection,Autre,Plein jour,Pluie légère,Voie Communale,,,Plat,,,,mouillée,,Sur trottoir,Conducteur,0,M,16-17,Autre,Casque,Non,,1,06 - juin,4 - vendredi,Paris 13e  Arrondissement
,201700055197,2017-06-30,75,13,75113,48.8401,2.37072,Hors intersection,Deux véhicules - par le coté,Plein jour,Pluie légère,Voie Communale,,1,Plat,Partie rectiligne,75,75,normale,Pont - autopont,Sur chaussée,Conducteur,0,F,31-32,Utilisation professionnelle,Casque,Oui,1,1,06 - juin,4 - vendredi,Paris 13e  Arrondissement
,201700055197,2017-06-30,75,13,75113,48.8401,2.37072,Hors intersection,Deux véhicules - par le coté,Plein jour,Pluie légère,Voie Communale,,1,Plat,Partie rectiligne,75,75,normale,Pont - autopont,Sur chaussée,Conducteur,1,F,30-31,,Casque,Oui,1,1,06 - juin,4 - vendredi,Paris 13e  Arrondissement
,201700057340,2017-06-30,75,8,75119,48.886,2.39808,Intersection en X,Deux véhicules - par le coté,Plein jour,Normale,Voie Communale,,2,Plat,Partie rectiligne,,,mouillée,,Sur chaussée,Conducteur,1,F,25-26,,Casque,Non,1,1,06 - juin,4 - vendredi,Paris 19e  Arrondissement
,201700001438,2017-06-29,64,16,64219,43.22301,-0.54495,Hors intersection,Aucune,Plein jour,Normale,Voie Communale,,2,Pente,Partie rectiligne,,,normale,,Sur chaussée,Conducteur,2,M,13-14,Promenade - loisirs,Autre,Non,,1,06 - juin,3 - jeudi,Estialescq
,201700017249,2017-06-29,22,11,22158,48.19569,-2.98379,Hors intersection,Aucune,Plein jour,Pluie légère,Autre,,1,Pente,En « S »,15,,mouillée,,Sur chaussée,Conducteur,2,M,9-10,Promenade - loisirs,Casque,Oui,,,06 - juin,3 - jeudi,Mûr-de-Bretagne
,201700022113,2017-06-29,83,9,83019,43.14621,6.31716,Hors intersection,Deux véhicules - frontale,Plein jour,Normale,Route Départementale,,2,Pente,En courbe à gauche,,50,normale,,Sur chaussée,Conducteur,2,M,67-68,Promenade - loisirs,Casque,Oui,1,,06 - juin,3 - jeudi,Bormes-les-Mimosas
,201700027270,2017-06-29,37,12,37261,47.3909,0.68359,Intersection en X,Deux véhicules - par le coté,Plein jour,Normale,Voie Communale,,1,Plat,Partie rectiligne,,,normale,,,Conducteur,1,F,31-32,Courses - achats,Casque,Non,1,1,06 - juin,3 - jeudi,Tours
,201700029343,2017-06-29,49,13,49007,47.47327,-0.55499,Hors intersection,Aucune,Plein jour,Normale,Voie Communale,,1,Plat,Partie rectiligne,,50,normale,,Sur chaussée,Conducteur,1,F,32-33,Domicile - travail,Casque,Non,,1,06 - juin,3 - jeudi,Angers
,201700030869,2017-06-29,56,19,56098,47.76991,-3.34252,Hors intersection,Deux véhicules - frontale,Plein jour,Normale,Voie Communale,,2,Bas de côte,Partie rectiligne,,,normale,,Sur chaussée,Conducteur,1,M,12-13,Promenade - loisirs,Casque,Non déterminable,1,1,06 - juin,3 - jeudi,Lanester
,201700031947,2017-06-29,59,14,59512,50.69296,3.18873,Intersection en X,Deux véhicules - par le coté,Plein jour,Normale,Route Départementale,,2,Pente,Partie rectiligne,30,30,normale,,Sur chaussée,Conducteur,2,M,59-60,,Casque,Non déterminable,1,1,06 - juin,3 - jeudi,Roubaix
,201700041516,2017-06-29,93,12,93005,0,0,Hors intersection,Deux véhicules - par le coté,Plein jour,Normale,Route Départementale,,2,Plat,Partie rectiligne,,,normale,,Sur chaussée,Conducteur,2,M,30-31,Autre,Casque,Oui,1,1,06 - juin,3 - jeudi,Aulnay-sous-Bois
,201700042632,2017-06-29,93,10,93049,0,0,Autre intersection,Deux véhicules - par le coté,Plein jour,Temps couvert,Voie Communale,,2,Plat,Partie rectiligne,,,normale,,Sur chaussée,Conducteur,1,M,36-37,Domicile - travail,Casque,Oui,1,1,06 - juin,3 - jeudi,Neuilly-Plaisance
,201700045958,2017-06-29,95,17,95598,48.9931,2.3096,Intersection en X,Deux véhicules - par le coté,Plein jour,Temps couvert,Route Départementale,,2,Plat,Partie rectiligne,,,mouillée,,Sur chaussée,Conducteur,2,F,55-56,Domicile - travail,Autre,Non déterminable,1,1,06 - juin,3 - jeudi,Soisy-sous-Montmorency
,201700046269,2017-06-29,2A,11,2A004,41.91957,8.73689,Hors intersection,Deux véhicules - par l’arrière,Plein jour,Normale,Route Nationale,,3,Plat,Partie rectiligne,,,normale,,Sur chaussée,Conducteur,1,M,57-58,Promenade - loisirs,Casque,Oui,1,1,06 - juin,3 - jeudi,Ajaccio
,201700052907,2017-06-29,75,22,75102,48.8656,2.3418,Hors intersection,Autre,Nuit avec éclairage public allumé,Normale,Voie Communale,,,Plat,Partie rectiligne,,,normale,,Sur chaussée,Conducteur,1,M,36-37,,Casque,Non,1,1,06 - juin,3 - jeudi,Paris 2e  Arrondissement
,201700000990,2017-06-28,44,16,44195,47.3584,-1.93894,Hors intersection,Autre,Plein jour,Normale,Voie Communale,,2,Pente,Partie rectiligne,,,normale,,Sur trottoir,Conducteur,1,M,16-17,Promenade - loisirs,Casque,Non,1,1,06 - juin,2 - mercredi,Savenay
,201700014496,2017-06-28,50,15,50182,49.16955,-1.47494,Hors intersection,Deux véhicules - par le coté,Plein jour,Temps couvert,Route Départementale,,2,Pente,En courbe à gauche,,43,normale,,Sur chaussée,Conducteur,3,M,31-32,Promenade - loisirs,Casque,Oui,1,,06 - juin,2 - mercredi,Feuillie
,201700016875,2017-06-28,44,9,44087,46.9575,-1.85623,Hors intersection,Deux véhicules - par l’arrière,Plein jour,Normale,Route Départementale,,2,Plat,Partie rectiligne,,53,normale,,Sur chaussée,Conducteur,3,M,76-77,Promenade - loisirs,Casque,Oui,1,,06 - juin,2 - mercredi,Machecoul-Saint-Même
,201700019715,2017-06-28,2B,14,2B049,42.51997,8.72067,Hors intersection,Autre,Plein jour,Normale,Route Départementale,,2,Bas de côte,En courbe à gauche,,,normale,Pont - autopont,Sur accotement,Conducteur,3,M,53-54,Promenade - loisirs,Casque,Oui,,,06 - juin,2 - mercredi,Calenzana
,201700021194,2017-06-28,17,16,17300,46.16776,-1.18299,Intersection en T,Deux véhicules - par le coté,Plein jour,Pluie légère,Voie Communale,,2,Plat,Partie rectiligne,,48,mouillée,,Sur chaussée,Conducteur,1,F,17-18,Promenade - loisirs,Casque,Non,1,1,06 - juin,2 - mercredi,Rochelle
,201700024797,2017-06-28,31,13,31555,43.58679,1.42588,Hors intersection,Deux véhicules - par le coté,Plein jour,Normale,Route Départementale,,1,Plat,Partie rectiligne,,,normale,,Sur chaussée,Conducteur,1,M,54-55,Promenade - loisirs,Casque,Oui,1,1,06 - juin,2 - mercredi,Toulouse
,201700024798,2017-06-28,31,16,31555,43.57726,1.43762,Hors intersection,Deux véhicules - par l’arrière,Plein jour,Pluie forte,Route Départementale,,2,Plat,Partie rectiligne,,,mouillée,,Sur chaussée,Conducteur,1,M,15-16,Autre,Casque,Oui,1,1,06 - juin,2 - mercredi,Toulouse
,201700026688,2017-06-28,35,16,35238,48.09155,-1.64084,Autre intersection,Aucune,Plein jour,Normale,Autre,,,,,,,,,Sur trottoir,Conducteur,2,M,74-75,Courses - achats,Casque,Non,,1,06 - juin,2 - mercredi,Rennes
,201700026689,2017-06-28,35,17,35238,48.10917,-1.69032,Hors intersection,Deux véhicules - par l’arrière,Plein jour,Normale,Voie Communale,,1,Plat,Partie rectiligne,,,normale,,Sur chaussée,Conducteur,1,M,14-15,Promenade - loisirs,Casque,Non déterminable,1,1,06 - juin,2 - mercredi,Rennes
,201700031423,2017-06-28,58,16,58194,46.98,3.16,Hors intersection,Aucune,Plein jour,Normale,Voie Communale,,1,Plat,Partie rectiligne,,60,normale,,Sur chaussée,Conducteur,1,F,13-14,Domicile - école,Casque,Oui,,1,06 - juin,2 - mercredi,Nevers
,201700038336,2017-06-28,88,15,88413,48.28422,6.95643,Intersection en X,Autre,Plein jour,Normale,Voie Communale,,2,Plat,Partie rectiligne,,65,normale,,Sur chaussée,Conducteur,2,M,17-18,Promenade - loisirs,Casque,Oui,1,1,06 - juin,2 - mercredi,Saint-Dié-des-Vosges
,201700039924,2017-06-28,92,23,92025,48.92623,2.25289,Hors intersection,Deux véhicules - par le coté,Nuit avec éclairage public allumé,Normale,Voie Communale,,2,,,,,,,Sur chaussée,Conducteur,1,M,36-37,Autre,Casque,Oui,1,1,06 - juin,2 - mercredi,Colombes
,201700041091,2017-06-28,92,12,92077,48.82709,2.18878,Hors intersection,Deux véhicules - par le coté,Plein jour,Normale,Route Départementale,,2,Plat,Partie rectiligne,,60,normale,,Sur chaussée,Conducteur,1,M,29-30,Autre,Casque,Non,1,1,06 - juin,2 - mercredi,'Ville-d''Avray'
,201700055195,2017-06-28,75,17,75113,48.8266,2.36354,Intersection à plus de 4 branches,Autre,Plein jour,Pluie forte,Voie Communale,,4,Plat,Partie rectiligne,,,mouillée,,Sur chaussée,Conducteur,0,M,19-20,Autre,Casque,Oui,,1,06 - juin,2 - mercredi,Paris 13e  Arrondissement
,201700057337,2017-06-28,75,21,75119,48.8859,2.3822,Intersection en X,Deux véhicules - par le coté,Crépuscule ou aube,Normale,Voie Communale,,4,Plat,Partie rectiligne,,150,normale,,Sur chaussée,Conducteur,1,M,55-56,,Casque,Non déterminable,1,1,06 - juin,2 - mercredi,Paris 19e  Arrondissement
,201700059749,2017-06-28,972,8,97213,0,0,Hors intersection,Autre,Plein jour,Normale,Voie Communale,,1,Pente,Partie rectiligne,,,normale,,Sur chaussée,Conducteur,1,F,36-37,,Autre,Non déterminable,,1,06 - juin,2 - mercredi,Lamentin
,201700005546,2017-06-27,6,7,6004,43.58942,7.12359,Hors intersection,Deux véhicules - par le coté,Plein jour,Normale,Route Départementale,,,Plat,En courbe à droite,,60,normale,,Sur piste cyclable,Conducteur,1,M,61-62,,Autre,Non déterminable,1,1,06 - juin,1 - mardi,Antibes
,201700007759,2017-06-27,6,8,6152,43.61261,7.02802,Hors intersection,Aucune,Plein jour,Normale,Route Départementale,,2,Pente,En courbe à droite,,41,normale,,Sur accotement,Conducteur,2,M,45-46,Domicile - travail,Casque,Oui,,,06 - juin,1 - mardi,Valbonne
,201700007842,2017-06-27,35,12,35189,48.15132,-1.70967,Hors intersection,Deux véhicules - par le coté,Plein jour,Pluie légère,Voie Communale,,2,Plat,Partie rectiligne,,20,normale,,Sur chaussée,Conducteur,2,M,16-17,Domicile - école,Casque,Non déterminable,1,1,06 - juin,1 - mardi,Montgermont
,201700012952,2017-06-27,40,14,40181,43.81551,-1.3733,Hors intersection,Aucune,Plein jour,Normale,Voie Communale,,2,Pente,Partie rectiligne,,,normale,,Sur chaussée,Conducteur,2,F,76-77,Promenade - loisirs,Casque,Oui,1,,06 - juin,1 - mardi,Messanges
,201700013908,2017-06-27,64,11,64134,43.36604,-1.27241,Hors intersection,Aucune,Plein jour,Normale,Voie Communale,,2,Pente,Partie rectiligne,,60,normale,,,Conducteur,3,M,60-61,Promenade - loisirs,Casque,Oui,,,06 - juin,1 - mardi,Bonloc
,201700016041,2017-06-27,38,15,38140,45.27876,5.8788,Hors intersection,Deux véhicules - par l’arrière,Plein jour,Normale,Voie Communale,,2,Plat,,,,normale,,Sur piste cyclable,Conducteur,2,M,14-15,Promenade - loisirs,Casque,Non,1,1,06 - juin,1 - mardi,Crolles
,201700020749,2017-06-27,89,12,89239,48.17017,3.34212,Intersection en X,Deux véhicules - par le coté,Plein jour,Normale,Route Départementale,,2,Plat,,,10,normale,,,Conducteur,1,M,53-54,Promenade - loisirs,Casque,Oui,1,1,06 - juin,1 - mardi,Malay-le-Grand
,201700028876,2017-06-27,45,13,45147,47.94081,1.91723,Hors intersection,Deux véhicules - frontale,Plein jour,Normale,Voie Communale,,2,Plat,En courbe à gauche,,60,normale,,Sur chaussée,Conducteur,1,M,14-15,Autre,Autre,Oui,1,1,06 - juin,1 - mardi,Fleury-les-Aubrais
,201700030488,2017-06-27,54,9,54395,48.6832,6.16621,Intersection en X,Deux véhicules - par le coté,Plein jour,Normale,Voie Communale,,1,Plat,Partie rectiligne,,,normale,,Sur chaussée,Conducteur,1,M,49-50,Promenade - loisirs,Casque,Non,1,1,06 - juin,1 - mardi,Nancy
,201700032724,2017-06-27,62,13,62907,50.48816,2.99135,Hors intersection,Autre,Plein jour,Normale,Route Départementale,,1,Plat,Partie rectiligne,,95,normale,Carrefour aménagé,Sur chaussée,Conducteur,1,M,42-43,Domicile - travail,Casque,Non,1,1,06 - juin,1 - mardi,Libercourt
,201700034144,2017-06-27,67,21,67482,48.56868,7.77721,Intersection en X,Deux véhicules - frontale,Crépuscule ou aube,Normale,Voie Communale,,4,Plat,Partie rectiligne,,40,normale,,Sur chaussée,Conducteur,1,M,44-45,Domicile - travail,Autre,Non déterminable,1,1,06 - juin,1 - mardi,Strasbourg
,201700034144,2017-06-27,67,21,67482,48.56868,7.77721,Intersection en X,Deux véhicules - frontale,Crépuscule ou aube,Normale,Voie Communale,,4,Plat,Partie rectiligne,,40,normale,,Sur chaussée,Conducteur,1,M,35-36,Promenade - loisirs,Autre,Non déterminable,1,1,06 - juin,1 - mardi,Strasbourg
,201700035450,2017-06-27,73,6,73222,45.57611,5.95877,Giratoire,Deux véhicules - par le coté,Plein jour,Temps éblouissant,Route Départementale,,2,Plat,Partie rectiligne,,,mouillée,Carrefour aménagé,Sur chaussée,Conducteur,2,M,47-48,Domicile - travail,Casque,Non,1,1,06 - juin,1 - mardi,Saint-Alban-Leysse
,201700040850,2017-06-27,92,10,92062,48.88234,2.23976,Hors intersection,Autre,Plein jour,Normale,Voie Communale,,2,Plat,Partie rectiligne,,,normale,,Sur chaussée,Conducteur,0,M,54-55,,Casque,Non déterminable,,1,06 - juin,1 - mardi,Puteaux
,201700044078,2017-06-27,94,13,94059,48.80267,2.57433,Hors intersection,Deux véhicules - frontale,Plein jour,Normale,Route Nationale,,,Plat,Partie rectiligne,13,,normale,,Sur trottoir,Conducteur,0,M,13-14,Promenade - loisirs,Autre,Non déterminable,1,1,06 - juin,1 - mardi,Plessis-Trévise
,201700044078,2017-06-27,94,13,94059,48.80267,2.57433,Hors intersection,Deux véhicules - frontale,Plein jour,Normale,Route Nationale,,,Plat,Partie rectiligne,13,,normale,,Sur trottoir,Conducteur,1,M,47-48,Promenade - loisirs,Autre,Non déterminable,1,1,06 - juin,1 - mardi,Plessis-Trévise
,201700050150,2017-06-27,69,21,69382,45.75887,4.83091,Hors intersection,Deux véhicules - par le coté,Crépuscule ou aube,Normale,Voie Communale,,3,Plat,Partie rectiligne,,97,normale,,Sur chaussée,Conducteur,1,F,24-25,Promenade - loisirs,Autre,Non déterminable,1,1,06 - juin,1 - mardi,Lyon 2e  Arrondissement
,201700050899,2017-06-27,69,23,69387,45.73123,4.83364,Intersection en X,Deux véhicules - par le coté,Nuit avec éclairage public allumé,Pluie forte,Voie Communale,,4,Plat,Partie rectiligne,,,mouillée,,Sur piste cyclable,Conducteur,1,M,37-38,Promenade - loisirs,Casque,Non déterminable,1,1,06 - juin,1 - mardi,Lyon 7e  Arrondissement
,201700053537,2017-06-27,75,9,75107,48.8581,2.31456,Intersection en T,Deux véhicules - par le coté,Plein jour,Normale,Voie Communale,,2,,,,,,,Sur chaussée,Conducteur,1,F,26-27,Domicile - travail,Casque,Non,1,1,06 - juin,1 - mardi,Paris 7e  Arrondissement
,201700054228,2017-06-27,75,8,75110,48.8843,2.3615,Intersection à plus de 4 branches,Deux véhicules - par le coté,Plein jour,Temps couvert,Voie Communale,,2,Plat,Partie rectiligne,10,70,mouillée,,Sur piste cyclable,Conducteur,2,F,34-35,,Casque,Non,1,1,06 - juin,1 - mardi,Paris 10e  Arrondissement
,201700056636,2017-06-27,75,9,75116,48.8652,2.24923,Intersection en Y,Deux véhicules - par le coté,Plein jour,Normale,Voie Communale,,2,,,,,,,,Conducteur,1,M,44-45,Promenade - loisirs,Casque,Non,1,1,06 - juin,1 - mardi,Paris 16e  Arrondissement