test,identifiantAccident,date,departement,heure,commune,lat,lon,typeIntersection,typeCollision,luminosite,conditionsAtmosperiques,typeRoute,circulation,nbVoies,profilLongRoute,tracePlanRoute,largeurTPC,largeurRoute,etatSurface,amenagement,situation,categorieUsager,graviteAccident,sexe,age,motifDeplacement,existenceSecurite,usageSecurite,nombreAutresVehicules,enAgglomeration,mois,jour,NCCENR
,201700014703,2017-06-26,14,15,14345,48.97113,-0.07831,Intersection en X,Deux véhicules - par le coté,Plein jour,Normale,Route Départementale,,2,Plat,,7,510,normale,,,Conducteur,2,M,84-85,Promenade - loisirs,Casque,Non,1,,06 - juin,0 - lundi,Jort
,201700017748,2017-06-26,47,13,47271,44.6443,0.19461,Intersection en T,Deux véhicules - par le coté,Plein jour,Normale,Route Départementale,,2,Plat,,,10,normale,,Sur chaussée,Conducteur,2,M,54-55,Promenade - loisirs,Casque,Oui,1,,06 - juin,0 - lundi,Saint-Pierre-sur-Dropt
,201700023405,2017-06-26,67,5,67485,48.6266,7.62729,Hors intersection,Deux véhicules - par le coté,Plein jour,Temps éblouissant,Route Départementale,,2,Plat,,,,normale,,Sur chaussée,Conducteur,2,M,49-50,Domicile - travail,Casque,Oui,1,,06 - juin,0 - lundi,Stutzheim-Offenheim
,201700025804,2017-06-26,33,7,33192,44.779,-0.59468,Hors intersection,Deux véhicules - par l’arrière,Crépuscule ou aube,Normale,Voie Communale,,2,Plat,Partie rectiligne,,,mouillée,,Sur chaussée,Conducteur,1,M,31-32,,Casque,Non déterminable,1,1,06 - juin,0 - lundi,Gradignan
,201700030487,2017-06-26,54,8,54184,48.70737,6.24476,Hors intersection,Deux véhicules - par l’arrière,Plein jour,Normale,Voie Communale,,2,Plat,Partie rectiligne,,,normale,,Sur chaussée,Conducteur,1,M,54-55,Promenade - loisirs,Casque,Oui,1,1,06 - juin,0 - lundi,Essey-lès-Nancy
,201700031487,2017-06-26,95,15,95480,49.1241,2.2167,Hors intersection,Autre,Plein jour,Normale,Voie Communale,,1,Plat,Partie rectiligne,,,normale,,Sur chaussée,Conducteur,1,M,46-47,Promenade - loisirs,Casque,Oui,,1,06 - juin,0 - lundi,Parmain
,201700032436,2017-06-26,61,1,61001,48.4167,0.08955,Hors intersection,Autre,Nuit avec éclairage public allumé,Normale,Route Départementale,,2,Plat,Partie rectiligne,,,normale,,Sur trottoir,Conducteur,3,M,25-26,,Autre,Non,,1,06 - juin,0 - lundi,Alençon
,201700039923,2017-06-26,92,13,92025,48.91789,2.22853,Hors intersection,Deux véhicules - par le coté,Plein jour,Normale,Route Départementale,,1,Plat,Partie rectiligne,,,normale,,Sur chaussée,Conducteur,1,M,65-66,Domicile - travail,Casque,Oui,1,1,06 - juin,0 - lundi,Colombes
,201700040004,2017-06-26,92,16,92026,48.89677,2.25423,Hors intersection,Autre,Plein jour,Normale,Voie Communale,,2,Plat,Partie rectiligne,,98,normale,,Sur piste cyclable,Conducteur,2,F,27-28,,Casque,Non déterminable,1,1,06 - juin,0 - lundi,Courbevoie
,201700043520,2017-06-26,93,16,93073,0,0,Autre intersection,Autre,Plein jour,Pluie forte,Voie Communale,,2,Plat,Partie rectiligne,,60,flaques,,Sur chaussée,Conducteur,2,M,10-11,,Autre,Non déterminable,1,1,06 - juin,0 - lundi,Tremblay-en-France
,201700043956,2017-06-26,94,18,94018,48.82408,2.42667,Hors intersection,Deux véhicules - par le coté,Plein jour,Normale,Voie Communale,,2,Plat,Partie rectiligne,,100,normale,,Sur chaussée,Conducteur,2,M,27-28,Promenade - loisirs,Casque,Oui,1,1,06 - juin,0 - lundi,Charenton-le-Pont
,201700052780,2017-06-26,75,14,75101,48.8653,2.34307,Intersection en X,Deux véhicules - par l’arrière,Plein jour,Normale,Voie Communale,,,Plat,Partie rectiligne,,40,normale,,,Conducteur,1,F,26-27,,Casque,Non,1,1,06 - juin,0 - lundi,Paris 1er Arrondissement
,201700053094,2017-06-26,75,7,75104,48.8573,2.34922,Intersection en X,Autre,Plein jour,Normale,Voie Communale,,3,Plat,,20,160,normale,,Sur chaussée,Conducteur,1,M,52-53,Domicile - travail,Casque,Non,1,1,06 - juin,0 - lundi,Paris 4e  Arrondissement
,201700054227,2017-06-26,75,22,75110,48.8711,2.36514,Hors intersection,Autre,Plein jour,Normale,Voie Communale,,,Bas de côte,Partie rectiligne,,,normale,,Sur piste cyclable,Conducteur,1,M,30-31,Promenade - loisirs,Casque,Non,,1,06 - juin,0 - lundi,Paris 10e  Arrondissement
,201700055192,2017-06-26,75,21,75113,48.8258,2.35739,Intersection en T,Deux véhicules - par l’arrière,Crépuscule ou aube,Normale,Voie Communale,,4,Plat,Partie rectiligne,,100,normale,,Sur piste cyclable,Conducteur,1,M,18-19,Domicile - travail,Casque,Non déterminable,1,1,06 - juin,0 - lundi,Paris 13e  Arrondissement
,201700055507,2017-06-26,75,21,75114,48.8431,2.32635,Intersection en X,Deux véhicules - par le coté,Crépuscule ou aube,Normale,Voie Communale,,,Plat,Partie rectiligne,,,normale,,Sur chaussée,Conducteur,1,M,25-26,Promenade - loisirs,Casque,Non,1,1,06 - juin,0 - lundi,Paris 14e  Arrondissement
,201700056633,2017-06-26,75,14,75117,48.8841,2.31406,Intersection en T,Autre,Plein jour,Normale,Voie Communale,,1,Plat,Partie rectiligne,,,normale,,Sur chaussée,Conducteur,1,M,32-33,Domicile - travail,Casque,Non,,1,06 - juin,0 - lundi,Paris 17e  Arrondissement
,201700002928,2017-06-25,57,9,57052,49.06166,6.80844,Hors intersection,Autre,Plein jour,Normale,Route Départementale,,2,Plat,,,,normale,,Sur chaussée,Conducteur,2,M,68-69,Promenade - loisirs,Casque,Oui,1,,06 - juin,6 - dimanche,Barst
,201700002928,2017-06-25,57,9,57052,49.06166,6.80844,Hors intersection,Autre,Plein jour,Normale,Route Départementale,,2,Plat,,,,normale,,Sur chaussée,Conducteur,0,M,55-56,Promenade - loisirs,Casque,Oui,1,,06 - juin,6 - dimanche,Barst
,201700002929,2017-06-25,57,11,57669,49.11783,6.88513,Giratoire,Deux véhicules - par le coté,Plein jour,Normale,Route Départementale,,2,Plat,,,10,normale,,,Conducteur,1,M,27-28,Promenade - loisirs,Casque,Non,1,1,06 - juin,6 - dimanche,Théding
,201700015629,2017-06-25,15,12,15079,45.2526,2.38347,Hors intersection,Autre,Plein jour,Temps éblouissant,Route Départementale,,2,Plat,,,,normale,,Sur accotement,Conducteur,2,M,63-64,Promenade - loisirs,Casque,Oui,,,06 - juin,6 - dimanche,Jaleyrac
,201700016985,2017-06-25,25,9,25152,47.21574,6.18546,Intersection en T,Deux véhicules - par le coté,Plein jour,Normale,Route Départementale,,2,Plat,,,10,normale,,,Conducteur,2,F,79-80,Promenade - loisirs,Casque,Oui,1,,06 - juin,6 - dimanche,Chevillotte
,201700019344,2017-06-25,82,9,82085,43.9701,1.27467,Hors intersection,Deux véhicules - frontale,Plein jour,Normale,Voie Communale,,2,Plat,Partie rectiligne,,,normale,,Sur chaussée,Conducteur,3,M,57-58,Promenade - loisirs,Casque,Oui,1,,06 - juin,6 - dimanche,Lacourt-Saint-Pierre
,201700020363,2017-06-25,56,11,56166,47.90677,-3.33591,Hors intersection,Deux véhicules - par le coté,Plein jour,Normale,Route Départementale,,2,Pente,Partie rectiligne,,50,normale,,Sur chaussée,Conducteur,2,M,15-16,Promenade - loisirs,Casque,Oui,1,1,06 - juin,6 - dimanche,Plouay
,201700023017,2017-06-25,38,11,38432,45.40995,5.61069,Hors intersection,Deux véhicules - frontale,Plein jour,Normale,Route Départementale,,2,Pente,En courbe à gauche,,,normale,,Sur chaussée,Conducteur,2,M,57-58,Promenade - loisirs,Casque,Oui,1,,06 - juin,6 - dimanche,Saint-Nicolas-de-Macherin
,201700024062,2017-06-25,30,8,30007,44.10949,4.10088,Giratoire,Deux véhicules - par le coté,Plein jour,Normale,Route Nationale,,,Plat,Partie rectiligne,,70,normale,,Sur chaussée,Conducteur,1,M,49-50,Autre,Equipement réfléchissant,Oui,1,1,06 - juin,6 - dimanche,Alès
,201700031576,2017-06-25,59,17,59172,50.32145,3.38051,Intersection en T,Deux véhicules - par le coté,Plein jour,Normale,Voie Communale,,2,Plat,Partie rectiligne,,67,normale,,Sur chaussée,Conducteur,2,M,14-15,Promenade - loisirs,Casque,Non,1,1,06 - juin,6 - dimanche,Denain
,201700031773,2017-06-25,59,1,59378,50.65927,3.09274,Hors intersection,Deux véhicules - frontale,Nuit sans éclairage public,Normale,Autre,,1,Plat,Partie rectiligne,,,normale,,Sur piste cyclable,Conducteur,2,M,27-28,Promenade - loisirs,Casque,Oui,1,1,06 - juin,6 - dimanche,Marcq-en-Barul
,201700036898,2017-06-25,79,14,79329,46.97666,-0.19647,Hors intersection,Deux véhicules - par le coté,Plein jour,Normale,Route Départementale,,2,Pente,Partie rectiligne,,66,normale,,Sur chaussée,Conducteur,2,M,34-35,Promenade - loisirs,Casque,Non,1,1,06 - juin,6 - dimanche,Thouars
,201700044076,2017-06-25,94,8,94053,48.76947,2.54299,Hors intersection,Deux véhicules - par le coté,Plein jour,Normale,Route Départementale,,1,Plat,Partie rectiligne,,67,normale,,Sur chaussée,Conducteur,2,M,45-46,Promenade - loisirs,Autre,Non déterminable,1,1,06 - juin,6 - dimanche,Noiseau
,201700045049,2017-06-25,94,9,94016,48.78801,2.33031,Intersection en Y,Deux véhicules - par le coté,Plein jour,Normale,Route Départementale,,2,Plat,Partie rectiligne,,,normale,,Sur chaussée,Conducteur,1,M,55-56,Promenade - loisirs,Casque,Oui,1,1,06 - juin,6 - dimanche,Cachan
,201700045051,2017-06-25,94,18,94043,48.81518,2.3605,Intersection en T,Deux véhicules - par le coté,Plein jour,Normale,Route Départementale,,3,Plat,Partie rectiligne,,,normale,,Sur chaussée,Conducteur,1,M,28-29,Promenade - loisirs,Casque,Non déterminable,1,1,06 - juin,6 - dimanche,Kremlin-Bicêtre
,201700045173,2017-06-25,94,14,94042,48.81887,2.46793,Hors intersection,Autre,Plein jour,Normale,Route Départementale,,2,Pente,Partie rectiligne,,80,normale,,Sur piste cyclable,Conducteur,1,F,41-42,Promenade - loisirs,Autre,Non déterminable,1,1,06 - juin,6 - dimanche,Joinville-le-Pont
,201700052781,2017-06-25,75,21,75101,48.8592,2.33789,Intersection en T,Aucune,Plein jour,Normale,Voie Communale,,4,Plat,Partie rectiligne,,,autre,,Sur chaussée,Conducteur,1,M,32-33,Utilisation professionnelle,Casque,Oui,,1,06 - juin,6 - dimanche,Paris 1er Arrondissement
,201700056632,2017-06-25,75,23,75117,48.8831,2.29346,Intersection en X,Deux véhicules - par le coté,Nuit avec éclairage public allumé,Normale,Voie Communale,,1,Plat,Partie rectiligne,,,normale,,Sur chaussée,Conducteur,1,M,19-20,,Casque,Non,1,1,06 - juin,6 - dimanche,Paris 17e  Arrondissement
,201700057334,2017-06-25,75,14,75119,48.8845,2.37692,Intersection en T,Deux véhicules - par le coté,Plein jour,Normale,Voie Communale,,1,Plat,Partie rectiligne,,,normale,,Sur chaussée,Conducteur,1,M,46-47,,Casque,Oui,1,1,06 - juin,6 - dimanche,Paris 19e  Arrondissement
,201700058920,2017-06-25,973,10,97311,0,0,Autre intersection,Deux véhicules - par l’arrière,Plein jour,Temps couvert,Route Départementale,,2,Plat,,5,410,normale,,,Conducteur,2,M,39-40,Promenade - loisirs,Equipement réfléchissant,Non,1,1,06 - juin,6 - dimanche,Saint-Laurent-du-Maroni
,201700000317,2017-06-24,60,15,60450,49.22247,2.29778,Giratoire,Deux véhicules - par le coté,Plein jour,Normale,Route Départementale,,2,Plat,,,10,normale,,Sur chaussée,Conducteur,2,M,29-30,Promenade - loisirs,Casque,Oui,1,,06 - juin,5 - samedi,Neuilly-en-Thelle
,201700001446,2017-06-24,64,15,64422,43.19903,-0.61247,Hors intersection,Deux véhicules - par le coté,Plein jour,Normale,Voie Communale,,2,Plat,En courbe à droite,,,normale,,Sur chaussée,Conducteur,2,F,57-58,Promenade - loisirs,Casque,Non,1,1,06 - juin,5 - samedi,Oloron-Sainte-Marie
,201700001731,2017-06-24,65,18,65123,42.93621,0.20868,Hors intersection,Autre,Plein jour,Pluie légère,Route Départementale,,2,Pente,,,,mouillée,,Sur accotement,Conducteur,1,M,55-56,Promenade - loisirs,Casque,Oui,,,06 - juin,5 - samedi,Campan
,201700002959,2017-06-24,54,10,54527,48.55481,6.22774,Hors intersection,Deux véhicules - par le coté,Plein jour,Normale,Route Nationale,,2,Plat,Partie rectiligne,,,normale,,Sur chaussée,Conducteur,2,M,42-43,Promenade - loisirs,Casque,Oui,1,,06 - juin,5 - samedi,Tonnoy
,201700003972,2017-06-24,6,18,6011,43.7056,7.33433,Hors intersection,Autre,Plein jour,Normale,Route Nationale,,2,Plat,Partie rectiligne,,,normale,,Sur chaussée,Conducteur,1,M,39-40,Domicile - travail,Casque,Oui,,1,06 - juin,5 - samedi,Beaulieu-sur-Mer
,201700006915,2017-06-24,13,9,13114,43.54456,5.27828,Intersection en T,Aucune,Plein jour,Normale,Route Départementale,,2,Pente,,,10,flaques,,,Conducteur,2,M,55-56,Promenade - loisirs,Casque,Oui,,1,06 - juin,5 - samedi,Ventabren
,201700011630,2017-06-24,52,14,52253,48.19176,5.00661,Hors intersection,Deux véhicules - par le coté,Plein jour,Normale,Route Départementale,,2,Plat,En « S »,,,normale,,Sur chaussée,Conducteur,1,F,15-16,Promenade - loisirs,Casque,Non,1,,06 - juin,5 - samedi,Juzennecourt
,201700011630,2017-06-24,52,14,52253,48.19176,5.00661,Hors intersection,Deux véhicules - par le coté,Plein jour,Normale,Route Départementale,,2,Plat,En « S »,,,normale,,Sur chaussée,Conducteur,0,M,15-16,Promenade - loisirs,Casque,Non,1,,06 - juin,5 - samedi,Juzennecourt
,201700017106,2017-06-24,39,10,39422,46.71929,5.5568,Intersection en X,Deux véhicules - par l’arrière,Plein jour,Normale,Route Départementale,,4,Plat,Partie rectiligne,403,615,normale,Carrefour aménagé,Sur chaussée,Conducteur,2,M,77-78,Promenade - loisirs,Casque,Oui,1,,06 - juin,5 - samedi,Plainoiseau
,201700028404,2017-06-24,44,20,44109,47.19558,-1.54665,Hors intersection,Deux véhicules - par le coté,Plein jour,Normale,Voie Communale,,,,,,,,,,Conducteur,1,F,46-47,,Casque,Non déterminable,1,1,06 - juin,5 - samedi,Nantes
,201700028425,2017-06-24,44,16,44109,47.2788,-1.50928,Hors intersection,Aucune,Plein jour,Normale,Voie Communale,,2,Plat,En courbe à droite,,,normale,,Sur chaussée,Conducteur,2,F,67-68,,Casque,Non,,1,06 - juin,5 - samedi,Nantes
,201700029051,2017-06-24,46,19,46042,44.44022,1.43548,Hors intersection,Deux véhicules - par l’arrière,Plein jour,Normale,Voie Communale,,1,Plat,Partie rectiligne,,64,normale,,Sur chaussée,Conducteur,1,F,59-60,,Casque,Non,1,1,06 - juin,5 - samedi,Cahors
,201700031208,2017-06-24,57,13,57463,49.11204,6.2184,Intersection en T,Deux véhicules - par le coté,Plein jour,Normale,Voie Communale,,2,Plat,Partie rectiligne,,,normale,,Sur chaussée,Conducteur,1,M,29-30,Autre,Autre,Non déterminable,1,1,06 - juin,5 - samedi,Metz
,201700034141,2017-06-24,67,23,67482,48.5603,7.78436,Hors intersection,Autre,Nuit avec éclairage public allumé,Normale,Voie Communale,,2,Plat,En courbe à droite,,40,normale,,Sur chaussée,Conducteur,1,M,7-8,Promenade - loisirs,Autre,Non déterminable,1,1,06 - juin,5 - samedi,Strasbourg
,201700034465,2017-06-24,68,9,68224,47.74711,7.32768,Intersection en X,Deux véhicules - par le coté,Plein jour,Normale,Voie Communale,,1,Plat,Partie rectiligne,,74,normale,Carrefour aménagé,Sur chaussée,Conducteur,2,F,70-71,Courses - achats,Autre,Non déterminable,1,1,06 - juin,5 - samedi,Mulhouse
,201700036867,2017-06-24,79,18,79191,46.33557,-0.45265,Intersection en X,Autre,Plein jour,Normale,Route Départementale,,2,Pente,Partie rectiligne,,210,normale,Bretelle d’échangeur ou de raccordement,,Conducteur,2,M,16-17,Promenade - loisirs,Autre,Non déterminable,1,1,06 - juin,5 - samedi,Niort
,201700039609,2017-06-24,92,10,92019,0,0,Intersection en X,Deux véhicules - par le coté,Plein jour,Normale,Route Départementale,,2,Plat,Partie rectiligne,,100,normale,,Sur chaussée,Conducteur,1,F,11-12,Promenade - loisirs,Casque,Non déterminable,1,1,06 - juin,5 - samedi,Châtenay-Malabry
,201700043518,2017-06-24,93,18,93078,0,0,Intersection en X,Deux véhicules - par le coté,Plein jour,Normale,Voie Communale,,2,Plat,Partie rectiligne,,70,normale,,Sur chaussée,Conducteur,1,M,10-11,,Autre,Non,1,1,06 - juin,5 - samedi,Villepinte
,201700050898,2017-06-24,69,14,69383,45.76141,4.8692,Hors intersection,Deux véhicules - par l’arrière,Plein jour,Normale,Voie Communale,,2,Plat,Partie rectiligne,,,normale,,Sur chaussée,Conducteur,1,M,35-36,,Casque,Non déterminable,1,1,06 - juin,5 - samedi,Lyon 3e  Arrondissement
,201700054462,2017-06-24,75,17,75111,48.85,2.39311,Hors intersection,Deux véhicules - par l’arrière,Plein jour,Normale,Voie Communale,,2,Plat,Partie rectiligne,,100,normale,,Sur chaussée,Conducteur,1,M,28-29,Utilisation professionnelle,Casque,Non,1,1,06 - juin,5 - samedi,Paris 11e  Arrondissement
,201700056630,2017-06-24,75,19,75117,48.8903,2.30089,Intersection en T,Autre,Plein jour,Normale,Voie Communale,,1,Plat,Partie rectiligne,,,normale,,Sur chaussée,Conducteur,1,M,32-33,Promenade - loisirs,Casque,Non,,1,06 - juin,5 - samedi,Paris 17e  Arrondissement
,201700058884,2017-06-24,973,18,97304,0,0,Hors intersection,Deux véhicules - frontale,Nuit sans éclairage public,Pluie forte,Voie Communale,,2,Plat,Partie rectiligne,,70,mouillée,,Sur chaussée,Conducteur,1,M,70-71,,Autre,Non,1,1,06 - juin,5 - samedi,Kourou
,201700000092,2017-06-23,59,19,59093,50.05823,3.89344,Hors intersection,Autre,Crépuscule ou aube,Temps éblouissant,Voie Communale,,2,Bas de côte,,,15,normale,,,Conducteur,2,M,48-49,Promenade - loisirs,Casque,Oui,,1,06 - juin,4 - vendredi,Boulogne-sur-Helpe
,201700004784,2017-06-23,5,10,5023,44.90202,6.63343,Intersection en T,Deux véhicules - frontale,Plein jour,Normale,Voie Communale,,2,Plat,Partie rectiligne,,60,normale,Carrefour aménagé,,Conducteur,2,F,48-49,Promenade - loisirs,Casque,Oui,1,1,06 - juin,4 - vendredi,Briançon
,201700005439,2017-06-23,37,17,37079,47.3229,1.02708,Hors intersection,Deux véhicules - par le coté,Plein jour,Normale,Voie Communale,,2,Plat,Partie rectiligne,,10,normale,,Sur chaussée,Conducteur,2,M,10-11,Promenade - loisirs,Casque,Oui,1,,06 - juin,4 - vendredi,Civray-de-Touraine
,201700015909,2017-06-23,2,20,2569,50.0226,3.6743,Intersection en T,Deux véhicules - par le coté,Plein jour,Normale,Route Départementale,,2,Plat,,5,212,normale,,Sur chaussée,Conducteur,2,M,16-17,Domicile - école,Autre,Non déterminable,1,,06 - juin,4 - vendredi,Oisy
,201700016498,2017-06-23,29,19,29178,48.53629,-4.66057,Hors intersection,Autre,Plein jour,Normale,Voie Communale,,2,Plat,Partie rectiligne,,45,normale,,Sur chaussée,Conducteur,2,F,14-15,Promenade - loisirs,Casque,Non,1,1,06 - juin,4 - vendredi,Ploudalmézeau
,201700018324,2017-06-23,61,11,61508,48.93028,0.19562,Hors intersection,Aucune,Plein jour,Normale,Route Départementale,,2,Pente,En courbe à gauche,,10,normale,,Sur chaussée,Conducteur,3,M,79-80,Promenade - loisirs,Casque,Non,,1,06 - juin,4 - vendredi,Vimoutiers
,201700019107,2017-06-23,69,16,69053,46.21351,4.70562,Hors intersection,Deux véhicules - frontale,Plein jour,Normale,Route Départementale,,2,Pente,,,10,normale,,,Conducteur,1,M,5-6,Promenade - loisirs,Casque,Non,1,1,06 - juin,4 - vendredi,Chénas
,201700022781,2017-06-23,1,19,1091,46.2107,5.70267,Intersection en Y,Deux véhicules - frontale,Plein jour,Normale,Voie Communale,Avec voies d’affectation variable,,,,,,,,,Conducteur,1,M,4-5,Promenade - loisirs,Casque,Non,1,1,06 - juin,4 - vendredi,Châtillon-en-Michaille
,201700023144,2017-06-23,17,14,17407,46.19097,-1.01298,Intersection en Y,Deux véhicules - par le coté,Plein jour,Normale,Voie Communale,,2,Plat,,,10,normale,,Sur chaussée,Conducteur,2,M,66-67,Promenade - loisirs,Casque,Oui,1,1,06 - juin,4 - vendredi,Sainte-Soulle
,201700025393,2017-06-23,57,13,57551,48.84923,7.0656,Hors intersection,Autre,Plein jour,Normale,Route Départementale,,2,Pente,En « S »,,51,normale,,Sur accotement,Conducteur,3,M,66-67,Promenade - loisirs,Casque,Oui,,,06 - juin,4 - vendredi,Postroff
,201700026678,2017-06-23,35,9,35238,48.10393,-1.63463,Intersection en T,Deux véhicules - par le coté,Plein jour,Normale,Voie Communale,,2,Plat,Partie rectiligne,,,normale,,Sur chaussée,Conducteur,1,F,24-25,Domicile - travail,Casque,Oui,1,1,06 - juin,4 - vendredi,Rennes
,201700026681,2017-06-23,35,16,35055,48.08814,-1.60862,Giratoire,Autre,Plein jour,Normale,Route Départementale,,1,Plat,En courbe à droite,,,normale,Carrefour aménagé,Sur chaussée,Conducteur,1,M,49-50,,Casque,Non déterminable,1,1,06 - juin,4 - vendredi,Chantepie
,201700030486,2017-06-23,54,18,54395,48.6975,6.19656,Intersection en X,Deux véhicules - par le coté,Plein jour,Normale,Voie Communale,,2,Plat,Partie rectiligne,,,normale,,Sur chaussée,Conducteur,1,M,9-10,Promenade - loisirs,Casque,Non,1,1,06 - juin,4 - vendredi,Nancy
,201700035451,2017-06-23,73,23,73065,45.56658,5.92276,Place,Deux véhicules - par le coté,Nuit avec éclairage public allumé,Normale,Voie Communale,,1,Plat,En courbe à droite,,,normale,Carrefour aménagé,Sur chaussée,Conducteur,2,M,18-19,Promenade - loisirs,Casque,Non,1,1,06 - juin,4 - vendredi,Chambéry
,201700035451,2017-06-23,73,23,73065,45.56658,5.92276,Place,Deux véhicules - par le coté,Nuit avec éclairage public allumé,Normale,Voie Communale,,1,Plat,En courbe à droite,,,normale,Carrefour aménagé,Sur chaussée,Conducteur,0,M,35-36,Promenade - loisirs,Casque,Non,1,1,06 - juin,4 - vendredi,Chambéry
,201700041749,2017-06-23,93,15,93010,0,0,Intersection en T,Deux véhicules - par le coté,Plein jour,Normale,Voie Communale,,1,Pente,Partie rectiligne,,80,normale,Pont - autopont,Sur chaussée,Conducteur,2,M,60-61,Promenade - loisirs,Casque,Non,1,1,06 - juin,4 - vendredi,Bondy
,201700045047,2017-06-23,94,21,94043,48.81424,2.3597,Hors intersection,Deux véhicules - frontale,Crépuscule ou aube,Normale,Voie Communale,,1,Plat,Partie rectiligne,,,normale,,Sur chaussée,Conducteur,1,M,30-31,Autre,Autre,Non déterminable,1,1,06 - juin,4 - vendredi,Kremlin-Bicêtre
,201700053534,2017-06-23,75,20,75107,48.8594,2.32914,Hors intersection,Deux véhicules - par l’arrière,Plein jour,Normale,Voie Communale,,3,Plat,Partie rectiligne,,,normale,,Sur chaussée,Conducteur,1,M,22-23,Promenade - loisirs,Casque,Non,1,1,06 - juin,4 - vendredi,Paris 7e  Arrondissement
,201700054790,2017-06-23,75,17,75112,48.8312,2.40874,Intersection en X,Deux véhicules - par le coté,Plein jour,Normale,Voie Communale,,2,Plat,Partie rectiligne,,40,normale,,Sur chaussée,Conducteur,1,M,41-42,Domicile - travail,Casque,Non,1,1,06 - juin,4 - vendredi,Paris 12e  Arrondissement
,201700054790,2017-06-23,75,17,75112,48.8312,2.40874,Intersection en X,Deux véhicules - par le coté,Plein jour,Normale,Voie Communale,,2,Plat,Partie rectiligne,,40,normale,,Sur chaussée,Conducteur,1,M,21-22,Promenade - loisirs,Autre,Non,1,1,06 - juin,4 - vendredi,Paris 12e  Arrondissement
,201700001640,2017-06-22,31,23,31366,43.46177,1.50758,Hors intersection,Trois véhicules et plus - collisions multiples,Nuit sans éclairage public,Normale,Route Départementale,,2,Plat,Partie rectiligne,,60,normale,,Sur chaussée,Conducteur,1,M,47-48,Promenade - loisirs,Equipement réfléchissant,Oui,1,,06 - juin,3 - jeudi,Montbrun-Lauragais
,201700001640,2017-06-22,31,23,31366,43.46177,1.50758,Hors intersection,Trois véhicules et plus - collisions multiples,Nuit sans éclairage public,Normale,Route Départementale,,2,Plat,Partie rectiligne,,60,normale,,Sur chaussée,Conducteur,2,F,32-33,Promenade - loisirs,Equipement réfléchissant,Oui,1,,06 - juin,3 - jeudi,Montbrun-Lauragais
,201700001640,2017-06-22,31,23,31366,43.46177,1.50758,Hors intersection,Trois véhicules et plus - collisions multiples,Nuit sans éclairage public,Normale,Route Départementale,,2,Plat,Partie rectiligne,,60,normale,,Sur chaussée,Conducteur,0,F,11-12,Promenade - loisirs,Equipement réfléchissant,Oui,1,,06 - juin,3 - jeudi,Montbrun-Lauragais
,201700001640,2017-06-22,31,23,31366,43.46177,1.50758,Hors intersection,Trois véhicules et plus - collisions multiples,Nuit sans éclairage public,Normale,Route Départementale,,2,Plat,Partie rectiligne,,60,normale,,Sur chaussée,Conducteur,0,F,32-33,Promenade - loisirs,Equipement réfléchissant,Oui,1,,06 - juin,3 - jeudi,Montbrun-Lauragais
,201700005890,2017-06-22,6,17,6069,0,0,Intersection en X,Aucune,Plein jour,Temps couvert,Voie Communale,,2,Plat,Partie rectiligne,,,normale,,Sur chaussée,Conducteur,2,M,58-59,Promenade - loisirs,Casque,Oui,1,1,06 - juin,3 - jeudi,Grasse
,201700009890,2017-06-22,13,16,13055,43.2506,5.40376,Giratoire,Deux véhicules - par l’arrière,Plein jour,Normale,Route Départementale,,6,Plat,Partie rectiligne,,200,normale,,,Conducteur,2,M,34-35,Promenade - loisirs,Casque,Non déterminable,1,1,06 - juin,3 - jeudi,Marseille
,201700012348,2017-06-22,28,7,28140,48.60398,1.67258,Giratoire,Deux véhicules - frontale,Plein jour,Normale,Route Départementale,,2,Plat,,,87,normale,Carrefour aménagé,Sur chaussée,Conducteur,1,F,38-39,Domicile - travail,Casque,Non,1,1,06 - juin,3 - jeudi,Épernon
,201700015834,2017-06-22,84,13,84017,44.16154,5.30063,Hors intersection,Aucune,Plein jour,Normale,Route Départementale,,2,Pente,En courbe à gauche,,,normale,,Sur chaussée,Conducteur,2,F,48-49,Promenade - loisirs,Casque,Oui,,,06 - juin,3 - jeudi,Bédoin
,201700025803,2017-06-22,33,21,33063,44.84829,-0.59762,Intersection en X,Deux véhicules - par le coté,Plein jour,Normale,Voie Communale,,6,Plat,Partie rectiligne,,189,normale,,Sur chaussée,Conducteur,1,M,17-18,,Casque,Non déterminable,1,1,06 - juin,3 - jeudi,Bordeaux
,201700025815,2017-06-22,33,12,33063,44.82862,-0.58348,Intersection en T,Trois véhicules et plus - collisions multiples,Plein jour,Normale,Voie Communale,,2,Plat,Partie rectiligne,,,normale,,Sur chaussée,Conducteur,2,F,44-45,Utilisation professionnelle,Casque,Non déterminable,2,1,06 - juin,3 - jeudi,Bordeaux
,201700028219,2017-06-22,44,,44132,47.26704,-2.34149,Intersection en X,Deux véhicules - par le coté,Nuit avec éclairage public allumé,Normale,Voie Communale,,2,Plat,Partie rectiligne,,52,normale,,Sur chaussée,Conducteur,1,M,51-52,Promenade - loisirs,Autre,Non,1,1,06 - juin,3 - jeudi,Pornichet
,201700030253,2017-06-22,54,12,54159,48.60865,6.35263,Hors intersection,Deux véhicules - par l’arrière,Plein jour,Temps éblouissant,Voie Communale,,2,Pente,En courbe à droite,,,normale,,Sur chaussée,Conducteur,1,M,20-21,Utilisation professionnelle,Autre,Non déterminable,1,1,06 - juin,3 - jeudi,Dombasle-sur-Meurthe