test,identifiantAccident,date,departement,heure,commune,lat,lon,typeIntersection,typeCollision,luminosite,conditionsAtmosperiques,typeRoute,circulation,nbVoies,profilLongRoute,tracePlanRoute,largeurTPC,largeurRoute,etatSurface,amenagement,situation,categorieUsager,graviteAccident,sexe,age,motifDeplacement,existenceSecurite,usageSecurite,nombreAutresVehicules,enAgglomeration,mois,jour,NCCENR
,201700033206,2017-06-22,64,16,64445,43.32094,-0.35902,Giratoire,Deux véhicules - par le coté,Plein jour,Normale,Voie Communale,,2,Plat,Partie rectiligne,,99,normale,Carrefour aménagé,Sur chaussée,Conducteur,1,M,16-17,Promenade - loisirs,Casque,Non,1,1,06 - juin,3 - jeudi,Pau
,201700033404,2017-06-22,64,10,64545,43.37792,-1.70417,Intersection en Y,Deux véhicules - par le coté,Plein jour,Normale,Voie Communale,,1,Pente,En courbe à gauche,,,normale,,Sur chaussée,Conducteur,1,M,64-65,,Casque,Oui,1,1,06 - juin,3 - jeudi,Urrugne
,201700034757,2017-06-22,69,18,69266,45.7573,4.90304,Hors intersection,Deux véhicules - par l’arrière,Plein jour,Normale,Voie Communale,,1,Plat,Partie rectiligne,,50,normale,Voie ferrée,Sur piste cyclable,Conducteur,1,M,53-54,,Casque,Non,1,1,06 - juin,3 - jeudi,Villeurbanne
,201700041600,2017-06-22,93,20,93007,0,0,Hors intersection,Deux véhicules - frontale,Plein jour,Normale,Voie Communale,,2,Plat,Partie rectiligne,,60,normale,,Sur chaussée,Conducteur,2,M,8-9,Promenade - loisirs,Casque,Oui,1,1,06 - juin,3 - jeudi,Blanc-Mesnil
,201700042275,2017-06-22,93,10,93027,0,0,Autre intersection,Deux véhicules - par le coté,Plein jour,Normale,Voie Communale,,2,Pente,Partie rectiligne,,,normale,,Sur trottoir,Conducteur,1,M,45-46,,Casque,Non,1,1,06 - juin,3 - jeudi,Courneuve
,201700054455,2017-06-22,75,8,75111,48.8511,2.38994,Hors intersection,Autre,Plein jour,Normale,Voie Communale,,1,Plat,Partie rectiligne,,50,normale,,Sur chaussée,Conducteur,0,M,39-40,Domicile - travail,Casque,Non,,1,06 - juin,3 - jeudi,Paris 11e  Arrondissement
,201700054788,2017-06-22,75,9,75112,48.8427,2.38477,Hors intersection,Aucune,Plein jour,Normale,Voie Communale,,3,Plat,Partie rectiligne,,70,normale,,Sur piste cyclable,Conducteur,1,M,49-50,Domicile - travail,Casque,Non,,1,06 - juin,3 - jeudi,Paris 12e  Arrondissement
,201700059976,2017-06-22,973,14,97302,4.90773,-52.32191,Giratoire,Deux véhicules - par le coté,Plein jour,Normale,Voie Communale,,2,Plat,En courbe à droite,60,60,normale,,Sur chaussée,Conducteur,1,M,2016-2017,Autre,Autre,Non,1,1,06 - juin,3 - jeudi,Cayenne
,201700000213,2017-06-21,80,9,80182,50.19949,1.55414,Giratoire,Deux véhicules - par le coté,Plein jour,Normale,Route Départementale,,2,Plat,,6,15,normale,,,Conducteur,3,M,69-70,Promenade - loisirs,Casque,Oui,1,,06 - juin,2 - mercredi,Cayeux-sur-Mer
,201700002376,2017-06-21,38,7,38068,45.10225,5.71401,Giratoire,Deux véhicules - par le coté,Plein jour,Normale,Route Nationale,,2,Plat,,17,15,normale,Carrefour aménagé,Sur chaussée,Conducteur,3,M,75-76,Promenade - loisirs,Casque,Oui,1,,06 - juin,2 - mercredi,Champagnier
,201700012934,2017-06-21,40,8,40331,43.8845,-0.30603,Intersection en X,Deux véhicules - par le coté,Plein jour,Normale,Route Départementale,,2,Plat,,,10,normale,,Sur chaussée,Conducteur,2,M,78-79,Promenade - loisirs,Equipement réfléchissant,Non déterminable,1,1,06 - juin,2 - mercredi,Villeneuve-de-Marsan
,201700016039,2017-06-21,38,8,38397,45.2497,5.83601,Intersection en X,Deux véhicules - frontale,Plein jour,Normale,Route Départementale,,2,Pente,,,100,normale,,,Conducteur,1,M,59-60,Domicile - travail,Casque,Oui,1,1,06 - juin,2 - mercredi,Saint-Ismier
,201700016696,2017-06-21,35,16,35227,48.18199,-1.91262,Hors intersection,Deux véhicules - frontale,Plein jour,Normale,Voie Communale,,2,Pente,Partie rectiligne,,34,normale,,Sur chaussée,Conducteur,1,F,9-10,Promenade - loisirs,Casque,Non déterminable,1,1,06 - juin,2 - mercredi,Pleumeleuc
,201700017270,2017-06-21,22,18,22387,48.58553,-3.4358,Hors intersection,Aucune,Plein jour,Normale,Voie Communale,,2,Bas de côte,En courbe à gauche,,45,normale,,Sur accotement,Conducteur,2,M,63-64,Promenade - loisirs,Casque,Non,,,06 - juin,2 - mercredi,Vieux-Marché
,201700018062,2017-06-21,49,8,49278,47.43204,-0.55498,Intersection en X,Deux véhicules - par le coté,Plein jour,Normale,Route Départementale,,2,Sommet de côte,,,15,normale,,,Conducteur,2,M,53-54,Domicile - travail,Casque,Oui,1,,06 - juin,2 - mercredi,Sainte-Gemmes-sur-Loire
,201700018187,2017-06-21,49,19,49215,47.12849,-0.14571,Hors intersection,Deux véhicules - par le coté,Plein jour,Normale,Autre,,2,Plat,,,10,normale,,,Conducteur,2,M,14-15,Promenade - loisirs,Autre,Non déterminable,1,1,06 - juin,2 - mercredi,Montreuil-Bellay
,201700024788,2017-06-21,31,16,31149,43.60042,1.35343,Hors intersection,Deux véhicules - par le coté,Plein jour,Normale,Voie Communale,,2,Plat,En courbe à droite,,52,normale,,Sur chaussée,Conducteur,1,M,33-34,Domicile - travail,Autre,Non déterminable,1,1,06 - juin,2 - mercredi,Colomiers
,201700026674,2017-06-21,35,12,35238,48.11697,-1.65895,Hors intersection,Deux véhicules - frontale,Plein jour,Normale,Voie Communale,,1,Plat,Partie rectiligne,,,normale,,Sur chaussée,Conducteur,2,M,36-37,,Casque,Non,1,1,06 - juin,2 - mercredi,Rennes
,201700029330,2017-06-21,49,5,49246,47.43637,-0.5177,Hors intersection,Autre,Plein jour,Normale,Voie Communale,,2,,,,,normale,,Sur chaussée,Conducteur,1,M,33-34,,Casque,Oui,,1,06 - juin,2 - mercredi,Ponts-de-Cé
,201700030033,2017-06-21,51,16,51454,49.26353,4.0561,Intersection en X,Autre,Plein jour,Normale,Voie Communale,Avec voies d’affectation variable,,,,,,,,Sur chaussée,Conducteur,1,M,21-22,Courses - achats,Casque,Non déterminable,1,1,06 - juin,2 - mercredi,Reims
,201700035545,2017-06-21,74,17,74093,45.8977,6.1146,Giratoire,Deux véhicules - par l’arrière,Plein jour,Normale,Route Départementale,,2,Pente,En courbe à gauche,48,80,normale,Carrefour aménagé,Sur chaussée,Conducteur,1,M,53-54,,Casque,Oui,1,1,06 - juin,2 - mercredi,Cran-Gevrier
,201700036821,2017-06-21,78,7,78646,48.80302,2.1268,Hors intersection,Deux véhicules - par le coté,Plein jour,Normale,Route Départementale,,6,Plat,Partie rectiligne,,,normale,,Sur chaussée,Conducteur,2,M,49-50,Domicile - travail,Autre,Non,1,1,06 - juin,2 - mercredi,Versailles
,201700039795,2017-06-21,92,21,92024,48.90299,2.31279,Giratoire,Deux véhicules - par le coté,Plein jour,Normale,Route Départementale,,2,,Partie rectiligne,,,normale,,,Conducteur,1,F,36-37,Domicile - travail,Casque,Oui,1,1,06 - juin,2 - mercredi,Clichy
,201700040000,2017-06-21,92,8,92026,48.90124,2.27166,Hors intersection,Autre,Plein jour,Normale,Route Départementale,,2,Plat,Partie rectiligne,,,normale,,Sur chaussée,Conducteur,0,M,29-30,Domicile - travail,Autre,Non,,1,06 - juin,2 - mercredi,Courbevoie
,201700040415,2017-06-21,92,19,92048,48.78468,2.22861,Hors intersection,Deux véhicules - par le coté,Plein jour,Normale,Voie Communale,,2,Plat,Partie rectiligne,,70,normale,,Sur chaussée,Conducteur,2,M,6-7,Promenade - loisirs,Autre,Non déterminable,1,1,06 - juin,2 - mercredi,Meudon
,201700054453,2017-06-21,75,15,75111,48.8606,2.37828,Intersection en T,Deux véhicules - par le coté,Plein jour,Normale,Voie Communale,,2,Plat,Partie rectiligne,,120,normale,,Sur chaussée,Conducteur,1,F,78-79,Promenade - loisirs,Casque,Non,1,1,06 - juin,2 - mercredi,Paris 11e  Arrondissement
,201700055794,2017-06-21,75,22,75115,48.8369,2.27834,Place,Deux véhicules - par le coté,Nuit avec éclairage public allumé,Normale,Voie Communale,,,Plat,Partie rectiligne,,90,normale,,Sur chaussée,Conducteur,1,M,48-49,Promenade - loisirs,Casque,Non déterminable,1,1,06 - juin,2 - mercredi,Paris 15e  Arrondissement
,201700056626,2017-06-21,75,18,75117,48.8845,2.30098,Hors intersection,Trois véhicules et plus - collisions multiples,Plein jour,Normale,Voie Communale,,1,Plat,Partie rectiligne,,,normale,,Sur chaussée,Conducteur,1,F,50-51,,Casque,Oui,2,1,06 - juin,2 - mercredi,Paris 17e  Arrondissement
,201700057330,2017-06-21,75,19,75119,48.8847,2.39446,Hors intersection,Aucune,Plein jour,Autre,Voie Communale,,,Pente,Partie rectiligne,,,inondée,,,Conducteur,1,M,28-29,Domicile - travail,Casque,Oui,,1,06 - juin,2 - mercredi,Paris 19e  Arrondissement
,201700004306,2017-06-20,84,8,84019,44.3107,4.75019,Intersection en T,Deux véhicules - par le coté,Plein jour,Normale,Voie Communale,,2,Plat,,,10,normale,,,Conducteur,2,M,9-10,Domicile - école,Casque,Oui,1,1,06 - juin,1 - mardi,Bollène
,201700006256,2017-06-20,6,6,6088,43.7059,7.28301,Intersection en X,Trois véhicules et plus - collisions multiples,Crépuscule ou aube,Normale,Voie Communale,,,Plat,Partie rectiligne,,,normale,Voie ferrée,Sur chaussée,Conducteur,0,M,47-48,,Casque,Oui,2,1,06 - juin,1 - mardi,Nice
,201700013284,2017-06-20,7,14,7211,44.31555,4.21221,Hors intersection,Autre,Plein jour,Normale,Route Départementale,,2,Plat,Partie rectiligne,,49,normale,,Sur chaussée,Conducteur,1,M,44-45,Promenade - loisirs,Casque,Oui,,1,06 - juin,1 - mardi,Saint-André-de-Cruzières
,201700013553,2017-06-20,10,9,10232,48.09669,4.3866,Hors intersection,Deux véhicules - par le coté,Plein jour,Normale,Route Départementale,,2,Plat,En courbe à gauche,,60,normale,,Sur chaussée,Conducteur,2,F,59-60,Promenade - loisirs,Casque,Non déterminable,1,1,06 - juin,1 - mardi,Merrey-sur-Arce
,201700016109,2017-06-20,38,13,38218,45.4315,5.18105,Intersection en X,Deux véhicules - par le coté,Plein jour,Normale,Voie Communale,,2,Pente,,4,10,normale,,,Conducteur,2,M,12-13,Promenade - loisirs,Casque,Non,1,1,06 - juin,1 - mardi,Marcilloles
,201700023676,2017-06-20,29,19,29019,48.40629,-4.50211,Hors intersection,Deux véhicules - par le coté,Plein jour,Normale,Voie Communale,,1,Pente,Partie rectiligne,,,normale,,Sur chaussée,Conducteur,1,M,26-27,Promenade - loisirs,Casque,Non,1,1,06 - juin,1 - mardi,Brest
,201700026672,2017-06-20,35,19,35238,48.1194,-1.66085,Intersection en T,Autre,Plein jour,Normale,Voie Communale,,1,Plat,Partie rectiligne,,,,,Sur chaussée,Conducteur,1,M,32-33,,Casque,Non déterminable,1,1,06 - juin,1 - mardi,Rennes
,201700027260,2017-06-20,37,23,37261,47.39779,0.68591,Hors intersection,Deux véhicules - par l’arrière,Nuit avec éclairage public allumé,Normale,Voie Communale,,1,,,,,,,Sur chaussée,Conducteur,1,M,31-32,,Casque,Non,1,1,06 - juin,1 - mardi,Tours
,201700027826,2017-06-20,41,18,41018,47.58056,1.30117,Intersection en T,Deux véhicules - par le coté,Plein jour,Normale,Voie Communale,,2,Plat,Partie rectiligne,,,normale,,Sur chaussée,Conducteur,2,M,12-13,Promenade - loisirs,Casque,Non,1,1,06 - juin,1 - mardi,Blois
,201700029329,2017-06-20,49,18,49007,47.46869,-0.54987,Hors intersection,Aucune,Plein jour,Pluie légère,Voie Communale,,2,Plat,Partie rectiligne,,70,normale,,Sur chaussée,Conducteur,1,F,53-54,,Casque,Non déterminable,,1,06 - juin,1 - mardi,Angers
,201700035443,2017-06-20,73,15,73065,45.57461,5.92307,Giratoire,Aucune,Plein jour,Normale,Route Départementale,,1,Pente,En courbe à gauche,,,normale,,Sur chaussée,Conducteur,2,M,37-38,Promenade - loisirs,Casque,Non,1,1,06 - juin,1 - mardi,Chambéry
,201700035770,2017-06-20,76,23,76259,49.76197,0.37812,Hors intersection,Deux véhicules - par l’arrière,Nuit avec éclairage public allumé,Normale,Route Départementale,,1,Plat,Partie rectiligne,,76,normale,,Sur chaussée,Conducteur,2,M,44-45,Promenade - loisirs,Autre,Non,1,1,06 - juin,1 - mardi,Fécamp
,201700039999,2017-06-20,92,14,92026,48.8989,2.24335,Hors intersection,Autre,Plein jour,Normale,Voie Communale,,2,Plat,Partie rectiligne,,64,normale,,Sur chaussée,Conducteur,2,M,47-48,Domicile - travail,Casque,Non,1,1,06 - juin,1 - mardi,Courbevoie
,201700050144,2017-06-20,69,16,69382,45.75702,4.83595,Intersection en T,Deux véhicules - par le coté,Plein jour,Normale,Voie Communale,,4,Plat,Partie rectiligne,,,normale,Carrefour aménagé,Sur chaussée,Conducteur,2,M,19-20,Domicile - travail,Casque,Non,1,1,06 - juin,1 - mardi,Lyon 2e  Arrondissement
,201700054785,2017-06-20,75,22,75112,48.839,2.42848,Hors intersection,Deux véhicules - par l’arrière,Nuit avec éclairage public allumé,Normale,Voie Communale,,2,Plat,Partie rectiligne,,50,normale,,Sur chaussée,Conducteur,1,M,21-22,Autre,Casque,Non,1,1,06 - juin,1 - mardi,Paris 12e  Arrondissement
,201700055187,2017-06-20,75,19,75113,48.8209,2.35076,Intersection en X,Deux véhicules - par le coté,Plein jour,Normale,Voie Communale,,1,Pente,En courbe à droite,,70,normale,,,Conducteur,1,F,32-33,Promenade - loisirs,Casque,Non,1,1,06 - juin,1 - mardi,Paris 13e  Arrondissement
,201700000714,2017-06-19,56,9,56263,47.7036,-2.9384,Giratoire,Deux véhicules - par le coté,Plein jour,Normale,Route Départementale,,2,Plat,,6,10,normale,,,Conducteur,2,M,65-66,Promenade - loisirs,Casque,Non,1,,06 - juin,0 - lundi,'Sainte-Anne-d''Auray'
,201700010009,2017-06-19,13,23,13055,43.26428,5.37365,Hors intersection,Autre,Nuit avec éclairage public allumé,Normale,Voie Communale,,4,Plat,Partie rectiligne,15,100,normale,,Sur chaussée,Conducteur,1,M,22-23,Autre,Autre,Oui,1,1,06 - juin,0 - lundi,Marseille
,201700014083,2017-06-19,60,19,60041,49.38129,2.22896,Hors intersection,Deux véhicules - par le coté,Plein jour,Normale,Route Départementale,,2,Plat,,6,10,normale,,Sur chaussée,Conducteur,3,F,17-18,Promenade - loisirs,Casque,Non,1,1,06 - juin,0 - lundi,Bailleul-sur-Thérain
,201700016038,2017-06-19,38,7,38249,45.22467,5.79707,Hors intersection,Autre,Plein jour,Normale,Route Départementale,,2,Plat,Partie rectiligne,,80,normale,,Sur chaussée,Conducteur,2,M,11-12,Domicile - école,Casque,Oui,,1,06 - juin,0 - lundi,Montbonnot-Saint-Martin
,201700026212,2017-06-19,34,18,34172,43.60247,3.86799,Hors intersection,Deux véhicules - par le coté,Plein jour,Normale,Voie Communale,,,Plat,Partie rectiligne,,,normale,,Sur chaussée,Conducteur,1,M,22-23,,Casque,Non,1,1,06 - juin,0 - lundi,Montpellier
,201700027258,2017-06-19,37,16,37261,47.39627,0.68412,Giratoire,Deux véhicules - frontale,Plein jour,Normale,Voie Communale,,4,Plat,Partie rectiligne,,,normale,,Sur chaussée,Conducteur,1,M,51-52,Autre,Casque,Non,1,1,06 - juin,0 - lundi,Tours
,201700028412,2017-06-19,44,14,44109,47.21248,-1.55575,Hors intersection,Deux véhicules - par le coté,Plein jour,Normale,Voie Communale,,,,,,,,,,Conducteur,2,F,16-17,Promenade - loisirs,Casque,Non,1,1,06 - juin,0 - lundi,Nantes
,201700028866,2017-06-19,45,11,45147,49.92274,1.89762,Intersection en T,Deux véhicules - frontale,Plein jour,Normale,Voie Communale,,2,Plat,Partie rectiligne,,70,normale,,Sur chaussée,Conducteur,1,M,18-19,Promenade - loisirs,Autre,Non,1,1,06 - juin,0 - lundi,Fleury-les-Aubrais
,201700029327,2017-06-19,49,16,49353,47.44341,-0.48834,Giratoire,Autre,Plein jour,Normale,Voie Communale,,2,Plat,Partie rectiligne,,69,,,Sur chaussée,Conducteur,1,M,82-83,Promenade - loisirs,Casque,Non déterminable,1,1,06 - juin,0 - lundi,Trélazé
,201700030032,2017-06-19,51,20,51454,49.24564,4.0178,Intersection en X,Deux véhicules - par le coté,Plein jour,Normale,Voie Communale,Avec voies d’affectation variable,,,,,,,,Sur chaussée,Conducteur,1,M,19-20,,Casque,Non,1,1,06 - juin,0 - lundi,Reims
,201700031049,2017-06-19,56,18,56260,47.66131,-2.7571,Intersection en X,Deux véhicules - par le coté,Plein jour,Normale,Voie Communale,,2,Pente,Partie rectiligne,,,normale,,Sur chaussée,Conducteur,2,M,34-35,Domicile - travail,Casque,Non,1,1,06 - juin,0 - lundi,Vannes
,201700032144,2017-06-19,59,14,59369,50.31075,3.49916,Hors intersection,Deux véhicules - par l’arrière,Plein jour,Normale,Route Départementale,,2,Pente,Partie rectiligne,,,normale,,Sur chaussée,Conducteur,3,F,58-59,Promenade - loisirs,Autre,Non,1,,06 - juin,0 - lundi,Maing
,201700037790,2017-06-19,86,21,86066,46.81762,0.54594,Hors intersection,Autre,Crépuscule ou aube,Normale,Voie Communale,,1,Plat,Partie rectiligne,,,normale,,,Conducteur,2,M,22-23,Promenade - loisirs,Casque,Non,,1,06 - juin,0 - lundi,Châtellerault
,201700039175,2017-06-19,92,11,92014,48.78316,2.31515,Intersection en X,Deux véhicules - par le coté,Plein jour,Normale,Route Départementale,,2,Plat,Partie rectiligne,,,normale,,Sur chaussée,Conducteur,1,M,42-43,Autre,Casque,Oui,1,1,06 - juin,0 - lundi,Bourg-la-Reine
,201700040334,2017-06-19,92,23,92044,48.89276,2.28547,Hors intersection,Aucune,Nuit avec éclairage public allumé,Normale,Voie Communale,,1,Plat,Partie rectiligne,,,normale,,Sur chaussée,Conducteur,1,M,26-27,Utilisation professionnelle,Casque,Oui,,1,06 - juin,0 - lundi,Levallois-Perret
,201700040533,2017-06-19,92,22,92049,48.81453,2.31725,Hors intersection,Autre,Nuit avec éclairage public allumé,Normale,Route Départementale,,2,Plat,Partie rectiligne,,,normale,,Sur chaussée,Conducteur,1,M,27-28,,Casque,Non déterminable,1,1,06 - juin,0 - lundi,Montrouge
,201700054452,2017-06-19,75,18,75111,48.8626,2.3673,Intersection en X,Deux véhicules - par le coté,Plein jour,Normale,Voie Communale,,1,Plat,Partie rectiligne,,50,normale,,Sur chaussée,Conducteur,0,M,47-48,Promenade - loisirs,Casque,Oui,1,1,06 - juin,0 - lundi,Paris 11e  Arrondissement
,201700054782,2017-06-19,75,18,75112,48.8374,2.39117,Intersection en X,Deux véhicules - par le coté,Plein jour,Normale,Voie Communale,,4,Plat,Partie rectiligne,,90,normale,Carrefour aménagé,,Conducteur,1,F,72-73,Domicile - travail,Casque,Non déterminable,1,1,06 - juin,0 - lundi,Paris 12e  Arrondissement
,201700055184,2017-06-19,75,18,75113,48.8234,2.37505,Intersection en T,Deux véhicules - par le coté,Plein jour,Normale,Voie Communale,,2,Pente,Partie rectiligne,,50,normale,,Sur chaussée,Conducteur,1,M,23-24,,Casque,Non déterminable,1,1,06 - juin,0 - lundi,Paris 13e  Arrondissement
,201700056176,2017-06-19,75,10,75116,48.8774,2.28374,Place,Autre,Plein jour,Normale,Voie Communale,,2,Plat,En courbe à droite,,,normale,Carrefour aménagé,Sur chaussée,Conducteur,1,F,55-56,,Casque,Non déterminable,1,1,06 - juin,0 - lundi,Paris 16e  Arrondissement
,201700057614,2017-06-19,75,8,75120,48.849,2.40772,Intersection en X,Deux véhicules - par le coté,Plein jour,Normale,Voie Communale,,1,Plat,,,,normale,,Sur chaussée,Conducteur,1,F,53-54,,Casque,Oui,1,1,06 - juin,0 - lundi,Paris 20e  Arrondissement
,201700059973,2017-06-19,973,19,97302,4.92919,-52.30186,Intersection en T,Deux véhicules - par le coté,Nuit avec éclairage public allumé,Normale,Route Nationale,,2,Plat,Partie rectiligne,60,60,normale,,Sur chaussée,Conducteur,1,M,32-33,,Casque,Non,1,1,06 - juin,0 - lundi,Cayenne
,201700001088,2017-06-18,72,10,72244,47.73241,-0.29989,Hors intersection,Autre,Plein jour,Normale,Voie Communale,,2,Plat,Partie rectiligne,,,normale,,Sur accotement,Conducteur,2,M,56-57,Promenade - loisirs,Casque,Oui,,,06 - juin,6 - dimanche,Précigné
,201700002086,2017-06-18,1,18,1249,45.8228,4.94996,Hors intersection,Deux véhicules - frontale,Plein jour,Normale,Route Départementale,,2,Plat,Partie rectiligne,,70,normale,,Sur chaussée,Conducteur,1,M,29-30,Promenade - loisirs,Casque,Oui,1,1,06 - juin,6 - dimanche,Miribel
,201700015583,2017-06-18,1,19,1446,46.03128,4.89697,Hors intersection,Deux véhicules - par le coté,Plein jour,Normale,Route Départementale,,2,Plat,Partie rectiligne,,,normale,,Sur chaussée,Conducteur,1,M,38-39,Promenade - loisirs,Casque,Non,1,,06 - juin,6 - dimanche,Villeneuve
,201700015947,2017-06-18,2,18,2307,49.17564,3.13917,Hors intersection,Deux véhicules - par le coté,Plein jour,Normale,Voie Communale,,2,Pente,Partie rectiligne,,48,normale,,Sur chaussée,Conducteur,1,M,7-8,Promenade - loisirs,Casque,Oui,1,1,06 - juin,6 - dimanche,Ferté-Milon
,201700016639,2017-06-18,29,11,29150,47.81015,-3.60513,Hors intersection,Deux véhicules - frontale,Plein jour,Temps éblouissant,Voie Communale,,2,Plat,,,,normale,,Sur chaussée,Conducteur,2,M,64-65,Promenade - loisirs,Casque,Oui,1,,06 - juin,6 - dimanche,Moëlan-sur-Mer
,201700020159,2017-06-18,74,12,74183,46.14078,6.5365,Hors intersection,Deux véhicules - par le coté,Plein jour,Normale,Route Départementale,,2,Pente,,6,15,normale,,Sur chaussée,Conducteur,2,M,28-29,Promenade - loisirs,Casque,Oui,1,1,06 - juin,6 - dimanche,Mieussy
,201700020206,2017-06-18,74,11,74236,45.90737,6.712,Intersection en T,Deux véhicules - par le coté,Plein jour,Normale,Route Départementale,,2,Pente,Partie rectiligne,,,normale,,Sur chaussée,Conducteur,2,M,22-23,Promenade - loisirs,Casque,Oui,1,,06 - juin,6 - dimanche,Saint-Gervais-les-Bains
,201700027256,2017-06-18,37,17,37195,47.38955,0.65741,Hors intersection,Aucune,Plein jour,Normale,Voie Communale,,1,Plat,Partie rectiligne,,21,normale,,Sur chaussée,Conducteur,2,M,63-64,Promenade - loisirs,Casque,Non,,1,06 - juin,6 - dimanche,Riche
,201700028196,2017-06-18,43,17,43157,0,0,Hors intersection,Autre,Plein jour,Normale,Voie Communale,,1,Plat,Partie rectiligne,,30,normale,,Sur trottoir,Conducteur,0,M,16-17,Promenade - loisirs,,,,1,06 - juin,6 - dimanche,Puy-en-Velay
,201700028867,2017-06-18,45,19,45234,47.92686,1.94012,Intersection en T,Autre,Plein jour,Temps éblouissant,Voie Communale,,2,Plat,Partie rectiligne,,70,normale,,Sur chaussée,Conducteur,1,M,59-60,Promenade - loisirs,Autre,Non,1,,06 - juin,6 - dimanche,Orléans
,201700030475,2017-06-18,54,17,54482,48.70397,6.21503,Hors intersection,Deux véhicules - par le coté,Plein jour,Normale,Voie Communale,,2,Plat,Partie rectiligne,,,normale,,Sur chaussée,Conducteur,1,M,10-11,Promenade - loisirs,Casque,Oui,1,1,06 - juin,6 - dimanche,Saint-Max
,201700037385,2017-06-18,83,7,83126,43.08486,5.85916,Giratoire,Deux véhicules - frontale,Plein jour,Normale,Route Départementale,,2,Plat,Partie rectiligne,150,31,normale,,Sur chaussée,Conducteur,1,M,57-58,Promenade - loisirs,Casque,Oui,1,,06 - juin,6 - dimanche,Seyne-sur-Mer
,201700039793,2017-06-18,92,18,92024,48.89794,2.3116,Intersection en X,Deux véhicules - par le coté,Plein jour,Normale,Route Départementale,,1,Plat,Partie rectiligne,,,normale,,,Conducteur,1,M,34-35,Autre,Casque,Non,1,1,06 - juin,6 - dimanche,Clichy
,201700043652,2017-06-18,94,23,94047,48.70647,2.55447,Hors intersection,Deux véhicules - par l’arrière,Nuit avec éclairage public allumé,Normale,Route Départementale,,2,Plat,Partie rectiligne,,,normale,,Sur chaussée,Conducteur,1,M,56-57,,Casque,Oui,1,1,06 - juin,6 - dimanche,Mandres-les-Roses
,201700053235,2017-06-18,75,19,75105,48.8466,2.35159,Intersection à plus de 4 branches,Deux véhicules - par l’arrière,Plein jour,Normale,Voie Communale,,2,Pente,Partie rectiligne,,120,normale,,Sur chaussée,Conducteur,1,M,20-21,Domicile - travail,Casque,Oui,1,1,06 - juin,6 - dimanche,Paris 5e  Arrondissement
,201700055790,2017-06-18,75,12,75115,48.8459,2.29605,Hors intersection,Autre,Plein jour,Normale,Voie Communale,,1,Plat,Partie rectiligne,,40,normale,,Sur chaussée,Conducteur,0,M,43-44,Promenade - loisirs,Casque,Non,,1,06 - juin,6 - dimanche,Paris 15e  Arrondissement
,201700056173,2017-06-18,75,19,75116,48.8487,2.25772,Place,Deux véhicules - par le coté,Plein jour,Normale,Voie Communale,,1,Plat,Partie rectiligne,,,normale,Zone piétonne,Sur chaussée,Conducteur,1,M,31-32,Autre,Casque,Non,1,1,06 - juin,6 - dimanche,Paris 16e  Arrondissement
,201700056174,2017-06-18,75,19,75116,48.8723,2.29527,Intersection en X,Deux véhicules - par le coté,Plein jour,Normale,Voie Communale,,2,Plat,Partie rectiligne,,,normale,Zone piétonne,Sur chaussée,Conducteur,1,M,17-18,Autre,Casque,Non,1,1,06 - juin,6 - dimanche,Paris 16e  Arrondissement
,201700059262,2017-06-18,974,16,97410,-21.0515,55.68428,Intersection en T,Deux véhicules - par le coté,Plein jour,Normale,Route Départementale,,2,Bas de côte,,7,15,normale,,,Conducteur,2,M,12-13,Promenade - loisirs,Casque,Non,1,1,06 - juin,6 - dimanche,Saint-Benoît
,201700000439,2017-06-17,27,17,27122,49.20904,1.60021,Hors intersection,Autre,Plein jour,Normale,Route Départementale,,2,Pente,En courbe à gauche,,,normale,,Sur chaussée,Conducteur,1,M,14-15,Promenade - loisirs,Casque,Oui,,1,06 - juin,5 - samedi,Cahaignes
,201700002706,2017-06-17,74,18,74016,46.12151,6.14083,Hors intersection,Deux véhicules - par l’arrière,Plein jour,Normale,Route Départementale,,2,Pente,Partie rectiligne,,45,normale,,Sur chaussée,Conducteur,2,M,44-45,Promenade - loisirs,Casque,Oui,1,,06 - juin,5 - samedi,Archamps
,201700003139,2017-06-17,67,16,67428,48.44034,7.41694,Hors intersection,Deux véhicules - frontale,Plein jour,Normale,Route Départementale,,2,Pente,En courbe à gauche,,60,normale,,Sur chaussée,Conducteur,2,M,22-23,Promenade - loisirs,Casque,Oui,1,,06 - juin,5 - samedi,Saint-Nabor
,201700015428,2017-06-17,70,11,70155,47.73824,6.40307,Intersection en T,Deux véhicules - par le coté,Plein jour,Normale,Route Départementale,,2,Plat,En « S »,,,normale,,Sur chaussée,Conducteur,2,M,54-55,Promenade - loisirs,Casque,Oui,1,1,06 - juin,5 - samedi,Citers
,201700018077,2017-06-17,49,16,49345,47.26676,-0.50346,Hors intersection,Deux véhicules - par le coté,Plein jour,Normale,Route Départementale,,2,Pente,Partie rectiligne,,,normale,,Sur chaussée,Conducteur,1,M,75-76,Promenade - loisirs,Casque,Oui,1,1,06 - juin,5 - samedi,Bellevigne-en-Layon
,201700021188,2017-06-17,17,10,17300,46.1612,-1.15305,Intersection en T,Deux véhicules - par le coté,Plein jour,Normale,Voie Communale,,1,Plat,Partie rectiligne,,33,normale,,Sur chaussée,Conducteur,2,M,59-60,Promenade - loisirs,Casque,Oui,1,1,06 - juin,5 - samedi,Rochelle
,201700021189,2017-06-17,17,19,17300,46.14181,-1.13985,Hors intersection,Deux véhicules - frontale,Plein jour,Normale,Voie Communale,,1,Plat,Partie rectiligne,,32,normale,,Sur chaussée,Conducteur,1,M,69-70,Promenade - loisirs,Casque,Non déterminable,1,,06 - juin,5 - samedi,Rochelle