test,identifiantAccident,date,departement,heure,commune,lat,lon,typeIntersection,typeCollision,luminosite,conditionsAtmosperiques,typeRoute,circulation,nbVoies,profilLongRoute,tracePlanRoute,largeurTPC,largeurRoute,etatSurface,amenagement,situation,categorieUsager,graviteAccident,sexe,age,motifDeplacement,existenceSecurite,usageSecurite,nombreAutresVehicules,enAgglomeration,mois,jour,NCCENR
,201700022873,2017-06-17,26,17,26281,45.04757,5.05483,Intersection en X,Deux véhicules - par le coté,Plein jour,Normale,Voie Communale,,2,Plat,Partie rectiligne,,120,normale,Carrefour aménagé,Sur chaussée,Conducteur,1,M,76-77,,Casque,Non déterminable,1,1,06 - juin,5 - samedi,Romans-sur-Isère
,201700024169,2017-06-17,30,8,30189,43.83216,4.35801,Intersection en X,Deux véhicules - par l’arrière,Plein jour,Normale,Voie Communale,,1,Plat,Partie rectiligne,,35,normale,,,Conducteur,1,M,60-61,,Casque,Non déterminable,1,1,06 - juin,5 - samedi,Nîmes
,201700024414,2017-06-17,5,15,5027,44.8226,6.73597,Hors intersection,Deux véhicules - frontale,Plein jour,Normale,Route Départementale,,2,Pente,En courbe à gauche,,70,normale,,Sur chaussée,Conducteur,2,M,61-62,Promenade - loisirs,Casque,Oui,1,,06 - juin,5 - samedi,Cervières
,201700025801,2017-06-17,33,21,33281,44.8404,-0.64018,Intersection en X,Deux véhicules - frontale,Plein jour,Normale,Voie Communale,,3,Plat,Partie rectiligne,,540,normale,,Sur chaussée,Conducteur,1,M,15-16,Promenade - loisirs,Autre,Non déterminable,1,1,06 - juin,5 - samedi,Mérignac
,201700026668,2017-06-17,35,15,35238,48.10151,-1.67152,Hors intersection,Autre,Plein jour,Normale,Voie Communale,,1,Plat,Partie rectiligne,,,normale,,Sur chaussée,Conducteur,1,M,52-53,Courses - achats,Casque,Oui,1,1,06 - juin,5 - samedi,Rennes
,201700027255,2017-06-17,37,19,37261,47.40336,0.72345,Hors intersection,Deux véhicules - frontale,Plein jour,Normale,Autre,,1,Plat,Partie rectiligne,,25,normale,,Sur piste cyclable,Conducteur,1,M,17-18,Promenade - loisirs,Casque,Non,1,1,06 - juin,5 - samedi,Tours
,201700027255,2017-06-17,37,19,37261,47.40336,0.72345,Hors intersection,Deux véhicules - frontale,Plein jour,Normale,Autre,,1,Plat,Partie rectiligne,,25,normale,,Sur piste cyclable,Conducteur,1,F,44-45,Promenade - loisirs,Casque,Non,1,1,06 - juin,5 - samedi,Tours
,201700028864,2017-06-17,45,17,45147,47.93124,1.92535,Hors intersection,Aucune,Plein jour,Normale,Voie Communale,,2,Plat,En courbe à gauche,,55,normale,,Sur chaussée,Conducteur,2,M,19-20,Promenade - loisirs,Casque,Non,,1,06 - juin,5 - samedi,Fleury-les-Aubrais
,201700029325,2017-06-17,49,9,49007,47.46558,-0.55188,Hors intersection,Aucune,Plein jour,Normale,Voie Communale,,3,Plat,Partie rectiligne,,67,normale,,Sur chaussée,Conducteur,2,F,81-82,Autre,Casque,Oui,,1,06 - juin,5 - samedi,Angers
,201700032254,2017-06-17,41,10,41194,47.34209,1.74907,Giratoire,Deux véhicules - par le coté,Plein jour,Normale,Route Départementale,,2,Plat,,,10,normale,Carrefour aménagé,Sur chaussée,Conducteur,2,M,86-87,Courses - achats,Autre,Oui,1,1,06 - juin,5 - samedi,Romorantin-Lanthenay
,201700032624,2017-06-17,62,8,62193,50.95882,1.84928,Intersection en X,Deux véhicules - frontale,Plein jour,Normale,Voie Communale,,1,,,,,normale,,Sur chaussée,Conducteur,2,M,59-60,Promenade - loisirs,Casque,Oui,1,1,06 - juin,5 - samedi,Calais
,201700036495,2017-06-17,77,19,77390,48.79927,2.63838,Hors intersection,Deux véhicules - par le coté,Plein jour,Temps éblouissant,Route Départementale,,2,Plat,Partie rectiligne,,,normale,,Sur chaussée,Conducteur,1,M,56-57,Autre,Casque,Oui,1,1,06 - juin,5 - samedi,Roissy-en-Brie
,201700045596,2017-06-17,94,19,94067,48.84365,2.41764,Intersection en X,Deux véhicules - par le coté,Crépuscule ou aube,Normale,Route Départementale,,2,Plat,Partie rectiligne,60,145,normale,Carrefour aménagé,Sur chaussée,Conducteur,1,M,20-21,Utilisation professionnelle,Autre,Non déterminable,1,1,06 - juin,5 - samedi,Saint-Mandé
,201700052779,2017-06-17,75,16,75101,48.8627,2.33525,Place,Deux véhicules - par le coté,Plein jour,Normale,Voie Communale,,,Plat,Partie rectiligne,,,,,Sur chaussée,Conducteur,1,F,35-36,Promenade - loisirs,Casque,Non déterminable,1,1,06 - juin,5 - samedi,Paris 1er Arrondissement
,201700053234,2017-06-17,75,23,75105,48.8484,2.34142,Intersection en Y,Deux véhicules - par le coté,Nuit avec éclairage public allumé,Normale,Voie Communale,,4,Pente,Partie rectiligne,,,normale,,Sur chaussée,Conducteur,2,M,23-24,Autre,Casque,Oui,1,1,06 - juin,5 - samedi,Paris 5e  Arrondissement
,201700059635,2017-06-17,972,16,97209,0,0,Hors intersection,Aucune,Plein jour,Normale,Route Départementale,,2,Pente,Partie rectiligne,,,normale,,Sur accotement,Conducteur,2,M,56-57,Promenade - loisirs,Equipement réfléchissant,Non,,1,06 - juin,5 - samedi,Fort-de-France
,201700004483,2017-06-16,34,10,34023,43.44895,3.67919,Hors intersection,Deux véhicules - par le coté,Plein jour,Normale,Voie Communale,,2,Plat,Partie rectiligne,,,normale,Carrefour aménagé,Sur chaussée,Conducteur,2,F,68-69,Promenade - loisirs,Casque,Non,1,1,06 - juin,4 - vendredi,Balaruc-les-Bains
,201700004822,2017-06-16,5,16,5061,44.5596,6.0777,Hors intersection,Autre,Plein jour,Normale,Voie Communale,,1,Plat,Partie rectiligne,,40,normale,,Sur chaussée,Conducteur,1,F,56-57,Domicile - travail,Casque,Non déterminable,1,1,06 - juin,4 - vendredi,Gap
,201700005885,2017-06-16,6,19,6069,43.65388,6.92111,Hors intersection,Aucune,Plein jour,Normale,Route Départementale,,2,,,,,,,Sur chaussée,Conducteur,1,M,24-25,Domicile - travail,Casque,Oui,,1,06 - juin,4 - vendredi,Grasse
,201700009855,2017-06-16,13,18,13055,43.2902,5.38653,Hors intersection,Deux véhicules - par le coté,Plein jour,Normale,Voie Communale,,2,Plat,Partie rectiligne,,60,normale,,,Conducteur,0,M,36-37,,Autre,Oui,1,1,06 - juin,4 - vendredi,Marseille
,201700013099,2017-06-16,53,10,53009,47.99503,-0.60339,Hors intersection,Deux véhicules - par l’arrière,Plein jour,Normale,Route Départementale,,2,Plat,Partie rectiligne,,61,normale,,Sur chaussée,Conducteur,2,M,73-74,Promenade - loisirs,Casque,Non,1,,06 - juin,4 - vendredi,Arquenay
,201700014458,2017-06-16,50,18,50437,48.98515,-1.33183,Giratoire,Deux véhicules - par le coté,Plein jour,Normale,Route Départementale,,1,Plat,Partie rectiligne,,15,normale,,Sur chaussée,Conducteur,3,M,10-11,Promenade - loisirs,Casque,Oui,1,1,06 - juin,4 - vendredi,Roncey
,201700021580,2017-06-16,77,21,77247,48.76023,3.35031,Hors intersection,Deux véhicules - par l’arrière,Plein jour,Normale,Route Départementale,,2,Pente,En courbe à gauche,,,normale,,Sur chaussée,Conducteur,2,M,32-33,Promenade - loisirs,Casque,Non,1,1,06 - juin,4 - vendredi,Lescherolles
,201700022013,2017-06-16,85,13,85109,46.86775,-1.02477,Intersection en Y,Deux véhicules - par le coté,Plein jour,Normale,Voie Communale,,2,Plat,,,,normale,,,Conducteur,2,M,53-54,Domicile - travail,Autre,Non,1,1,06 - juin,4 - vendredi,Herbiers
,201700022675,2017-06-16,25,7,25462,46.89418,6.36452,Hors intersection,Deux véhicules - par le coté,Plein jour,Normale,Route Nationale,,2,Plat,Partie rectiligne,20,100,normale,,Sur chaussée,Conducteur,2,M,48-49,Promenade - loisirs,Casque,Oui,1,1,06 - juin,4 - vendredi,Pontarlier
,201700028640,2017-06-16,45,20,45208,48.00028,2.73056,Hors intersection,Deux véhicules - par le coté,Plein jour,Normale,Voie Communale,,2,Plat,,,,normale,,Sur chaussée,Conducteur,1,M,47-48,Promenade - loisirs,Casque,Non,1,1,06 - juin,4 - vendredi,Montargis
,201700028862,2017-06-16,45,15,45234,47.92388,1.93882,Hors intersection,Deux véhicules - par le coté,Plein jour,Normale,Voie Communale,,2,Plat,Partie rectiligne,50,58,normale,,Sur chaussée,Conducteur,2,F,34-35,,Casque,Oui,1,1,06 - juin,4 - vendredi,Orléans
,201700029324,2017-06-16,49,8,49007,47.43466,-0.53288,Hors intersection,Deux véhicules - par le coté,Plein jour,Normale,Voie Communale,,4,Plat,Partie rectiligne,,43,normale,,Sur chaussée,Conducteur,1,F,46-47,,Casque,Oui,1,1,06 - juin,4 - vendredi,Angers
,201700030470,2017-06-16,54,10,54184,48.707,6.24617,Autre intersection,Autre,Plein jour,Normale,Voie Communale,,2,Plat,Partie rectiligne,,,normale,,Sur chaussée,Conducteur,2,M,76-77,,Casque,Oui,1,1,06 - juin,4 - vendredi,Essey-lès-Nancy
,201700031270,2017-06-16,57,12,57631,49.11856,7.074,Hors intersection,Deux véhicules - par le coté,Plein jour,Normale,Voie Communale,,2,Pente,Partie rectiligne,,71,normale,,Sur chaussée,Conducteur,1,M,14-15,Domicile - école,Autre,Non déterminable,1,1,06 - juin,4 - vendredi,Sarreguemines
,201700031363,2017-06-16,33,21,33138,45.05027,-0.11741,Hors intersection,Deux véhicules - frontale,Crépuscule ou aube,Normale,Route Départementale,,2,Plat,Partie rectiligne,,60,normale,,Sur chaussée,Conducteur,3,F,24-25,Domicile - travail,Casque,Non,1,1,06 - juin,4 - vendredi,Coutras
,201700037332,2017-06-16,83,19,83123,43.12304,5.80664,Intersection en T,Deux véhicules - par le coté,Plein jour,Normale,Voie Communale,,1,Bas de côte,Partie rectiligne,,63,normale,,Sur chaussée,Conducteur,2,M,13-14,Promenade - loisirs,Casque,Non,1,1,06 - juin,4 - vendredi,Sanary-sur-Mer
,201700037740,2017-06-16,85,9,85194,46.5,-1.77968,Hors intersection,Autre,Plein jour,Normale,Voie Communale,,2,Plat,Partie rectiligne,,,normale,,Sur chaussée,Conducteur,2,M,59-60,Promenade - loisirs,Casque,Non,1,1,06 - juin,4 - vendredi,'Sables-d''Olonne'
,201700038335,2017-06-16,88,20,88413,48.28436,6.95293,Hors intersection,Deux véhicules - par le coté,Plein jour,Normale,Voie Communale,,2,Plat,Partie rectiligne,,50,normale,,Sur chaussée,Conducteur,1,F,27-28,Promenade - loisirs,Autre,Non,1,1,06 - juin,4 - vendredi,Saint-Dié-des-Vosges
,201700038415,2017-06-16,90,12,90010,47,6,Hors intersection,Deux véhicules - par le coté,Plein jour,Normale,Voie Communale,,2,Plat,,,,normale,,Sur piste cyclable,Conducteur,1,M,55-56,,Casque,Oui,1,1,06 - juin,4 - vendredi,Belfort
,201700043508,2017-06-16,93,20,93078,48.9644,2.54079,Intersection en T,Deux véhicules - par le coté,Plein jour,Normale,Voie Communale,,2,Plat,,15,40,normale,,Sur chaussée,Conducteur,1,M,11-12,Promenade - loisirs,Casque,Non,1,1,06 - juin,4 - vendredi,Villepinte
,201700043877,2017-06-16,94,8,94017,48.8146,2.50795,Intersection en X,Deux véhicules - par le coté,Plein jour,Normale,Route Départementale,,2,Plat,Partie rectiligne,60,60,normale,,Sur chaussée,Conducteur,1,M,28-29,Domicile - travail,Autre,Non déterminable,1,1,06 - juin,4 - vendredi,Champigny-sur-Marne
,201700052778,2017-06-16,75,19,75101,48.8631,2.3234,Hors intersection,Deux véhicules - par l’arrière,Plein jour,Normale,Voie Communale,,3,Plat,Partie rectiligne,,104,normale,,Sur chaussée,Conducteur,1,M,45-46,Domicile - travail,Casque,Non,1,1,06 - juin,4 - vendredi,Paris 1er Arrondissement
,201700053091,2017-06-16,75,11,75104,48.8539,2.36737,Intersection en T,Autre,Plein jour,Normale,Voie Communale,,1,Plat,Partie rectiligne,,50,normale,,Sur chaussée,Conducteur,2,M,77-78,Promenade - loisirs,Casque,Non,,1,06 - juin,4 - vendredi,Paris 4e  Arrondissement
,201700056616,2017-06-16,75,14,75117,48.8833,2.30688,Hors intersection,Autre,Plein jour,Normale,Voie Communale,,2,Plat,Partie rectiligne,,,normale,,Sur chaussée,Conducteur,1,M,15-16,Promenade - loisirs,Casque,Non déterminable,,1,06 - juin,4 - vendredi,Paris 17e  Arrondissement
,201700056618,2017-06-16,75,20,75117,48.8857,2.29104,Hors intersection,Aucune,Plein jour,Normale,Voie Communale,,4,Plat,Partie rectiligne,,,normale,,Sur chaussée,Conducteur,1,M,29-30,,Casque,Oui,,1,06 - juin,4 - vendredi,Paris 17e  Arrondissement
,201700057894,2017-06-16,75,10,75101,48.8665,2.33413,Intersection à plus de 4 branches,Deux véhicules - par le coté,Plein jour,Normale,Voie Communale,,4,Plat,Partie rectiligne,,190,normale,Carrefour aménagé,Sur chaussée,Conducteur,2,M,43-44,,Casque,Non déterminable,1,1,06 - juin,4 - vendredi,Paris 1er Arrondissement
,201700002375,2017-06-15,38,20,38562,45.08154,5.77016,Hors intersection,Aucune,Crépuscule ou aube,Normale,Route Départementale,,2,Plat,,,,normale,,Sur piste cyclable,Conducteur,2,M,12-13,Promenade - loisirs,Casque,Non,,1,06 - juin,3 - jeudi,Vizille
,201700002853,2017-06-15,3,18,3185,46.35236,2.59068,Intersection en Y,Deux véhicules - par le coté,Plein jour,Normale,Voie Communale,,2,Plat,Partie rectiligne,,108,normale,,Sur chaussée,Conducteur,2,F,25-26,,Casque,Non déterminable,1,1,06 - juin,3 - jeudi,Montluçon
,201700005464,2017-06-15,33,8,33528,44.8712,-0.92207,Hors intersection,Deux véhicules - par l’arrière,Plein jour,Temps éblouissant,Route Départementale,,2,Plat,Partie rectiligne,,61,normale,,Sur accotement,Conducteur,1,M,51-52,Promenade - loisirs,Casque,Oui,1,,06 - juin,3 - jeudi,Temple
,201700015646,2017-06-15,15,7,15037,45.35339,2.43427,Hors intersection,Aucune,Plein jour,Normale,Route Départementale,,2,Pente,En courbe à gauche,,,normale,,Sur chaussée,Conducteur,1,M,21-22,Domicile - travail,Casque,Non,,1,06 - juin,3 - jeudi,Champagnac
,201700029322,2017-06-15,49,9,49007,47.44885,-0.57332,Giratoire,Deux véhicules - par le coté,Plein jour,Normale,Voie Communale,,2,Plat,Partie rectiligne,,70,normale,,Sur chaussée,Conducteur,1,M,53-54,Promenade - loisirs,Casque,Non déterminable,1,1,06 - juin,3 - jeudi,Angers
,201700033202,2017-06-15,64,17,64445,43.3028,-0.36193,Hors intersection,Deux véhicules - frontale,Plein jour,Normale,Voie Communale,,1,Plat,Partie rectiligne,,87,normale,,Sur piste cyclable,Conducteur,0,M,34-35,,Autre,Non déterminable,1,1,06 - juin,3 - jeudi,Pau
,201700033202,2017-06-15,64,17,64445,43.3028,-0.36193,Hors intersection,Deux véhicules - frontale,Plein jour,Normale,Voie Communale,,1,Plat,Partie rectiligne,,87,normale,,Sur piste cyclable,Conducteur,1,F,24-25,,Autre,Non déterminable,1,1,06 - juin,3 - jeudi,Pau
,201700033738,2017-06-15,67,10,67322,48.82198,7.41367,Hors intersection,Deux véhicules - par l’arrière,Plein jour,Normale,Voie Communale,,1,Plat,Partie rectiligne,,41,normale,,Sur chaussée,Conducteur,2,M,68-69,Promenade - loisirs,Casque,Oui,1,1,06 - juin,3 - jeudi,Neuwiller-lès-Saverne
,201700034131,2017-06-15,67,12,67482,48.58187,7.75885,Intersection en X,Deux véhicules - frontale,Plein jour,Normale,Voie Communale,,2,Plat,Partie rectiligne,,61,normale,,Sur chaussée,Conducteur,1,M,15-16,,Casque,Oui,1,1,06 - juin,3 - jeudi,Strasbourg
,201700037788,2017-06-15,86,11,86066,46.80765,0.55211,Intersection en X,Deux véhicules - par le coté,Plein jour,Normale,Route Départementale,,2,Pente,Partie rectiligne,,,normale,,Sur chaussée,Conducteur,1,F,12-13,Domicile - école,Casque,Non,1,1,06 - juin,3 - jeudi,Châtellerault
,201700037901,2017-06-15,86,8,86194,46.57377,0.37144,Hors intersection,Deux véhicules - par l’arrière,Plein jour,Normale,Route Départementale,,4,Plat,Partie rectiligne,,90,normale,,Sur chaussée,Conducteur,1,M,55-56,Autre,Casque,Oui,1,1,06 - juin,3 - jeudi,Poitiers
,201700042180,2017-06-15,93,8,93031,0,0,Intersection en X,Deux véhicules - par le coté,Plein jour,Normale,Voie Communale,,2,Plat,Partie rectiligne,,,normale,Carrefour aménagé,Sur chaussée,Conducteur,2,M,30-31,Domicile - travail,Autre,Non,1,1,06 - juin,3 - jeudi,Épinay-sur-Seine
,201700044368,2017-06-15,94,20,94028,48.76761,2.46771,Hors intersection,Deux véhicules - par le coté,Plein jour,Normale,Route Départementale,,1,Plat,Partie rectiligne,,65,normale,,Sur chaussée,Conducteur,2,M,15-16,Promenade - loisirs,Autre,Non déterminable,1,1,06 - juin,3 - jeudi,Créteil
,201700045595,2017-06-15,94,17,94080,48.85075,2.43996,Hors intersection,Autre,Plein jour,Normale,Voie Communale,,2,Plat,Partie rectiligne,,75,normale,,Sur chaussée,Conducteur,1,M,17-18,Promenade - loisirs,Casque,Non déterminable,1,1,06 - juin,3 - jeudi,Vincennes
,201700045950,2017-06-15,95,13,95288,48.9818,2.3531,Intersection en T,Deux véhicules - par le coté,Plein jour,Normale,Route Départementale,,2,Plat,Partie rectiligne,,,normale,,Sur chaussée,Conducteur,1,M,14-15,Domicile - école,Casque,Non,1,1,06 - juin,3 - jeudi,Groslay
,201700050883,2017-06-15,69,18,69386,45.77,4.84,Hors intersection,Deux véhicules - par le coté,Plein jour,Pluie légère,Voie Communale,,3,Plat,Partie rectiligne,,,mouillée,,Sur chaussée,Conducteur,1,F,29-30,Domicile - travail,Casque,Non,1,1,06 - juin,3 - jeudi,Lyon 6e  Arrondissement
,201700053789,2017-06-15,75,8,75108,48.8642,2.32014,Place,Deux véhicules - par le coté,Plein jour,Normale,Voie Communale,,4,Plat,Partie rectiligne,,,normale,,Sur piste cyclable,Conducteur,1,M,37-38,,Casque,Non déterminable,1,1,06 - juin,3 - jeudi,Paris 8e  Arrondissement
,201700059175,2017-06-15,973,12,97307,0,0,Hors intersection,Autre,Plein jour,Normale,Route Nationale,,4,Plat,,,80,normale,,Sur chaussée,Conducteur,2,M,31-32,,Casque,Non,1,1,06 - juin,3 - jeudi,Matoury
,201700009843,2017-06-14,13,20,13055,43.28663,5.38627,Intersection en T,Autre,Plein jour,Normale,Voie Communale,,5,Pente,Partie rectiligne,,150,normale,,Sur chaussée,Conducteur,1,M,44-45,Promenade - loisirs,Casque,Non,1,1,06 - juin,2 - mercredi,Marseille
,201700013634,2017-06-14,43,11,43061,45.107,3.89648,Hors intersection,Autre,Plein jour,Normale,Route Départementale,,2,Plat,En courbe à droite,,60,normale,,Sur chaussée,Conducteur,2,M,68-69,Promenade - loisirs,Casque,Oui,,,06 - juin,2 - mercredi,Chaspinhac
,201700014702,2017-06-14,14,11,14431,49.07424,-0.08745,Hors intersection,Autre,Plein jour,Temps éblouissant,Voie Communale,,2,Plat,,,70,normale,,Sur chaussée,Conducteur,1,M,40-41,Domicile - travail,Casque,Oui,,1,06 - juin,2 - mercredi,Mézidon-Canon
,201700016473,2017-06-14,29,15,29069,48.42551,-4.57021,Giratoire,Aucune,Plein jour,Normale,Voie Communale,,1,Plat,,,10,normale,,,Conducteur,2,M,64-65,,Casque,Non,1,1,06 - juin,2 - mercredi,Guilers
,201700021185,2017-06-14,17,7,17300,46.16727,-1.19505,Intersection en X,Deux véhicules - par l’arrière,Plein jour,Normale,Voie Communale,,2,Plat,Partie rectiligne,,71,normale,,Sur chaussée,Conducteur,2,M,12-13,Domicile - école,Casque,Oui,1,1,06 - juin,2 - mercredi,Rochelle
,201700021621,2017-06-14,62,12,62473,50.61493,2.47599,Intersection en X,Deux véhicules - par le coté,Plein jour,Normale,Route Départementale,,2,,,,,,Carrefour aménagé,Sur chaussée,Conducteur,2,M,8-9,Domicile - école,Casque,Oui,1,1,06 - juin,2 - mercredi,Isbergues
,201700022442,2017-06-14,22,16,22278,48.5016,-2.75898,Intersection en T,Deux véhicules - par le coté,Plein jour,Normale,Voie Communale,,2,Pente,Partie rectiligne,,50,normale,Carrefour aménagé,Sur chaussée,Conducteur,1,F,51-52,,Casque,Non,1,1,06 - juin,2 - mercredi,Saint-Brieuc
,201700024776,2017-06-14,31,18,31555,43.5829,1.40719,Hors intersection,Deux véhicules - par le coté,Plein jour,Normale,Voie Communale,,2,Plat,Partie rectiligne,,,normale,,Sur chaussée,Conducteur,1,M,4-5,,Casque,Oui,1,1,06 - juin,2 - mercredi,Toulouse
,201700028639,2017-06-14,45,17,45338,47.98327,2.71844,Hors intersection,Autre,Plein jour,Normale,Voie Communale,,,,,,,,,,Conducteur,1,M,47-48,Domicile - travail,Casque,Non,,1,06 - juin,2 - mercredi,Villemandeur
,201700028861,2017-06-14,45,7,45075,47.89,1.83,Giratoire,Deux véhicules - par l’arrière,Plein jour,Normale,Voie Communale,,,,,,76,,,Sur chaussée,Conducteur,1,F,50-51,,Casque,Oui,1,1,06 - juin,2 - mercredi,Chapelle-Saint-Mesmin
,201700029321,2017-06-14,49,13,49007,47.44775,-0.50892,Hors intersection,Aucune,Plein jour,Normale,Voie Communale,,2,Plat,Partie rectiligne,,74,normale,,Sur chaussée,Conducteur,2,F,30-31,Promenade - loisirs,Casque,Non déterminable,,1,06 - juin,2 - mercredi,Angers
,201700031051,2017-06-14,56,20,56260,47.66446,-2.7812,Hors intersection,Deux véhicules - par le coté,Plein jour,Normale,Route Départementale,,2,Plat,En courbe à droite,,,normale,,Sur chaussée,Conducteur,1,M,59-60,Promenade - loisirs,Autre,Non déterminable,1,1,06 - juin,2 - mercredi,Vannes
,201700031624,2017-06-14,59,11,59509,50.41562,3.1073,Hors intersection,Deux véhicules - par le coté,Plein jour,Normale,Voie Communale,,2,Plat,Partie rectiligne,,200,normale,,Sur chaussée,Conducteur,2,M,74-75,,Autre,Non déterminable,1,1,06 - juin,2 - mercredi,Roost-Warendin
,201700031940,2017-06-14,59,17,59646,50.68302,3.12837,Giratoire,Deux véhicules - par le coté,Plein jour,Normale,Voie Communale,,2,Plat,Partie rectiligne,,,normale,Carrefour aménagé,Sur piste cyclable,Conducteur,1,F,15-16,,Autre,Non,1,1,06 - juin,2 - mercredi,Wasquehal
,201700044918,2017-06-14,94,11,94041,48.82104,2.39437,Hors intersection,Deux véhicules - par le coté,Plein jour,Normale,Route Départementale,,4,Plat,Partie rectiligne,,,normale,,Sur piste cyclable,Conducteur,1,M,54-55,Promenade - loisirs,Autre,Non déterminable,1,1,06 - juin,2 - mercredi,Ivry-sur-Seine
,201700052777,2017-06-14,75,9,75101,48.8625,2.33607,Intersection en T,Deux véhicules - par le coté,Plein jour,Normale,Voie Communale,,,,,,,,,Sur chaussée,Conducteur,1,F,33-34,,Casque,Non,1,1,06 - juin,2 - mercredi,Paris 1er Arrondissement
,201700053527,2017-06-14,75,19,75107,48.8606,2.29553,Intersection en T,Autre,Plein jour,Normale,Voie Communale,,2,Plat,Partie rectiligne,,80,normale,,,Conducteur,1,M,27-28,,Casque,Non,2,1,06 - juin,2 - mercredi,Paris 7e  Arrondissement
,201700053788,2017-06-14,75,9,75108,48.8826,2.32335,Intersection en X,Deux véhicules - par le coté,Plein jour,Normale,Voie Communale,,,Plat,Partie rectiligne,,,normale,,Sur piste cyclable,Conducteur,1,F,29-30,Promenade - loisirs,Casque,Non,1,1,06 - juin,2 - mercredi,Paris 8e  Arrondissement
,201700054776,2017-06-14,75,8,75112,48.8393,2.39332,Hors intersection,Autre,Plein jour,Normale,Voie Communale,,2,Plat,Partie rectiligne,,,normale,,Sur piste cyclable,Conducteur,1,M,21-22,Promenade - loisirs,Casque,Non,,1,06 - juin,2 - mercredi,Paris 12e  Arrondissement
,201700056993,2017-06-14,75,17,75118,48.8936,2.34791,Intersection en T,Autre,Plein jour,Normale,Voie Communale,,,Plat,Partie rectiligne,,150,normale,,Sur chaussée,Conducteur,0,M,41-42,,Casque,Non,,1,06 - juin,2 - mercredi,Paris 18e  Arrondissement
,201700000106,2017-06-13,59,8,59659,50.02676,4.01405,Hors intersection,Deux véhicules - par l’arrière,Plein jour,Temps éblouissant,Route Départementale,,2,Plat,Partie rectiligne,,70,normale,,Sur chaussée,Conducteur,2,M,58-59,Courses - achats,Casque,Oui,1,,06 - juin,1 - mardi,Wignehies
,201700003166,2017-06-13,67,13,67118,48.58309,7.68877,Hors intersection,Deux véhicules - par le coté,Plein jour,Normale,Voie Communale,,2,Plat,,7,10,normale,,,Conducteur,2,M,14-15,Domicile - école,Autre,Non déterminable,1,1,06 - juin,1 - mardi,Eckbolsheim
,201700015833,2017-06-13,84,11,84148,44.06838,5.3068,Hors intersection,Autre,Plein jour,Normale,Route Départementale,,2,Pente,En courbe à gauche,,70,normale,,Sur accotement,Conducteur,2,M,62-63,Promenade - loisirs,Casque,Oui,,,06 - juin,1 - mardi,Villes-sur-Auzon
,201700019948,2017-06-13,76,15,76598,49.82497,1.61978,Hors intersection,Deux véhicules - par le coté,Plein jour,Normale,Route Départementale,,2,Plat,Partie rectiligne,,,normale,,Sur chaussée,Conducteur,1,M,51-52,Promenade - loisirs,Casque,Oui,1,,06 - juin,1 - mardi,Saint-Léger-aux-Bois
,201700020720,2017-06-13,91,17,91272,48.69798,2.12296,Giratoire,Deux véhicules - par le coté,Plein jour,Normale,Route Départementale,,1,Plat,En courbe à gauche,,15,normale,,Sur chaussée,Conducteur,1,F,53-54,Promenade - loisirs,Casque,Non,1,1,06 - juin,1 - mardi,Gif-sur-Yvette
,201700020760,2017-06-13,4,16,4161,44.4195,6.44607,Hors intersection,Deux véhicules - par l’arrière,Plein jour,Normale,Route Départementale,,2,Plat,Partie rectiligne,,73,normale,,Sur chaussée,Conducteur,2,M,53-54,Promenade - loisirs,Casque,Oui,1,,06 - juin,1 - mardi,Méolans-Revel
,201700020760,2017-06-13,4,16,4161,44.4195,6.44607,Hors intersection,Deux véhicules - par l’arrière,Plein jour,Normale,Route Départementale,,2,Plat,Partie rectiligne,,73,normale,,Sur chaussée,Conducteur,0,M,28-29,Promenade - loisirs,Casque,Oui,1,,06 - juin,1 - mardi,Méolans-Revel
,201700024773,2017-06-13,31,7,31149,43.60241,1.35072,Hors intersection,Deux véhicules - par le coté,Plein jour,Normale,Voie Communale,,,Plat,Partie rectiligne,,,normale,,Sur chaussée,Conducteur,1,F,19-20,Domicile - école,Autre,Oui,1,1,06 - juin,1 - mardi,Colomiers
,201700026660,2017-06-13,35,17,35238,48.12456,-1.70551,Hors intersection,Autre,Plein jour,Normale,Voie Communale,,4,Plat,Partie rectiligne,,,normale,,Sur chaussée,Conducteur,1,F,26-27,Domicile - travail,Casque,Non déterminable,1,1,06 - juin,1 - mardi,Rennes
,201700027245,2017-06-13,37,12,37261,47.38663,0.69218,Intersection en X,Deux véhicules - par le coté,Plein jour,Normale,Voie Communale,,1,Plat,Partie rectiligne,,50,normale,,,Conducteur,1,F,37-38,Domicile - travail,Casque,Non,1,1,06 - juin,1 - mardi,Tours
,201700027247,2017-06-13,37,19,37261,47.38931,0.70177,Intersection en X,Deux véhicules - par le coté,Plein jour,Normale,Voie Communale,,1,Plat,Partie rectiligne,,,normale,,,Conducteur,1,F,26-27,Domicile - travail,Casque,Non,1,1,06 - juin,1 - mardi,Tours
,201700029315,2017-06-13,49,16,49007,47.47881,-0.54831,Hors intersection,Aucune,Plein jour,Normale,Voie Communale,,2,Plat,Partie rectiligne,,43,normale,,Sur chaussée,Conducteur,1,F,24-25,Promenade - loisirs,Casque,Non déterminable,,1,06 - juin,1 - mardi,Angers
,201700030466,2017-06-13,54,8,54395,48.70471,6.18336,Intersection en Y,Deux véhicules - par le coté,Plein jour,Normale,Voie Communale,,2,Plat,Partie rectiligne,,,normale,,Sur chaussée,Conducteur,1,F,38-39,Promenade - loisirs,Autre,Non déterminable,1,1,06 - juin,1 - mardi,Nancy
,201700030859,2017-06-13,56,9,56121,47.75805,-3.36519,Hors intersection,Autre,Plein jour,Normale,Voie Communale,,2,Pente,Partie rectiligne,,,normale,,Sur chaussée,Conducteur,1,M,39-40,Promenade - loisirs,Casque,Non déterminable,1,1,06 - juin,1 - mardi,Lorient