test,identifiantAccident,date,departement,heure,commune,lat,lon,typeIntersection,typeCollision,luminosite,conditionsAtmosperiques,typeRoute,circulation,nbVoies,profilLongRoute,tracePlanRoute,largeurTPC,largeurRoute,etatSurface,amenagement,situation,categorieUsager,graviteAccident,sexe,age,motifDeplacement,existenceSecurite,usageSecurite,nombreAutresVehicules,enAgglomeration,mois,jour,NCCENR
,201700031939,2017-06-13,59,16,59512,50.69333,3.2002,Hors intersection,Deux véhicules - frontale,Plein jour,Normale,Voie Communale,,2,Plat,Partie rectiligne,,,normale,,Sur chaussée,Conducteur,1,F,49-50,Domicile - travail,Casque,Oui,1,1,06 - juin,1 - mardi,Roubaix
,201700040671,2017-06-13,92,7,92050,48.91907,2.22243,Autre intersection,Aucune,Plein jour,Normale,Route Départementale,,4,Sommet de côte,Partie rectiligne,,,normale,Pont - autopont,Sur trottoir,Conducteur,2,M,18-19,Domicile - travail,Autre,Non déterminable,1,1,06 - juin,1 - mardi,Nanterre
,201700040673,2017-06-13,92,15,92050,48.88821,2.19327,Autre intersection,Deux véhicules - par le coté,Plein jour,Normale,Autre,,,Plat,En courbe à gauche,,,normale,,Sur chaussée,Conducteur,1,M,12-13,,Autre,Non déterminable,1,1,06 - juin,1 - mardi,Nanterre
,201700043505,2017-06-13,93,12,93073,0,0,Intersection en X,Deux véhicules - par le coté,Plein jour,Normale,Voie Communale,,1,Plat,Partie rectiligne,,,normale,,Sur chaussée,Conducteur,1,M,25-26,Domicile - travail,Casque,Non déterminable,1,1,06 - juin,1 - mardi,Tremblay-en-France
,201700050137,2017-06-13,69,17,69389,45.773,4.808,Hors intersection,Deux véhicules - par l’arrière,Plein jour,Normale,Voie Communale,,2,Pente,Partie rectiligne,60,60,normale,,Sur chaussée,Conducteur,1,M,23-24,Promenade - loisirs,Autre,Non,1,1,06 - juin,1 - mardi,Lyon 9e  Arrondissement
,201700053230,2017-06-13,75,18,75105,48.8498,2.34944,Intersection en T,Autre,Plein jour,Normale,Voie Communale,,3,Plat,Partie rectiligne,5,120,normale,,Sur chaussée,Conducteur,1,M,44-45,Promenade - loisirs,Casque,Non déterminable,1,1,06 - juin,1 - mardi,Paris 5e  Arrondissement
,201700053522,2017-06-13,75,15,75107,48.8621,2.29959,Hors intersection,Autre,Plein jour,Normale,Voie Communale,,2,Plat,Partie rectiligne,,,autre,,Sur piste cyclable,Conducteur,1,M,44-45,Domicile - travail,Casque,Oui,1,1,06 - juin,1 - mardi,Paris 7e  Arrondissement
,201700054448,2017-06-13,75,10,75111,48.8529,2.38851,Intersection en Y,Deux véhicules - par le coté,Plein jour,Normale,Voie Communale,,2,Plat,Partie rectiligne,,170,normale,,Sur chaussée,Conducteur,1,F,26-27,Domicile - travail,Casque,Non déterminable,1,1,06 - juin,1 - mardi,Paris 11e  Arrondissement
,201700055177,2017-06-13,75,18,75113,48.837,2.3731,Intersection en T,Autre,Plein jour,Normale,Voie Communale,,2,Pente,,,60,normale,,Sur piste cyclable,Conducteur,1,M,51-52,Domicile - travail,Casque,Non déterminable,,1,06 - juin,1 - mardi,Paris 13e  Arrondissement
,201700002764,2017-06-12,63,12,63213,45.83911,3.2705,Intersection à plus de 4 branches,Deux véhicules - par le coté,Plein jour,Normale,Route Départementale,,3,Plat,,,15,normale,,,Conducteur,1,M,25-26,Utilisation professionnelle,Casque,Oui,1,1,06 - juin,0 - lundi,'Martres-d''Artière'
,201700004242,2017-06-12,84,6,84016,44.03973,4.89714,Intersection en Y,Deux véhicules - frontale,Plein jour,Normale,Autre,,2,Plat,Partie rectiligne,,10,normale,,Sur chaussée,Conducteur,3,M,78-79,Courses - achats,Equipement réfléchissant,Non,1,1,06 - juin,0 - lundi,Bédarrides
,201700004819,2017-06-12,5,17,5061,44.55763,6.05336,Intersection en T,Deux véhicules - par le coté,Plein jour,Normale,Route Départementale,,2,Pente,Partie rectiligne,,10,normale,,Sur piste cyclable,Conducteur,1,M,68-69,Promenade - loisirs,Autre,Non déterminable,1,,06 - juin,0 - lundi,Gap
,201700016360,2017-06-12,31,14,31451,43.49886,2.04564,Hors intersection,Deux véhicules - par l’arrière,Plein jour,Normale,Route Départementale,,2,Pente,En courbe à droite,,78,normale,,Sur chaussée,Conducteur,2,M,67-68,Promenade - loisirs,Casque,Oui,1,,06 - juin,0 - lundi,Revel
,201700016659,2017-06-12,29,17,29241,47.96159,-3.82977,Intersection en X,Deux véhicules - par l’arrière,Plein jour,Normale,Voie Communale,,1,,,,,,,,Conducteur,2,M,46-47,Domicile - travail,Autre,Non,1,1,06 - juin,0 - lundi,Rosporden
,201700016893,2017-06-12,44,12,44116,47.28786,-2.03494,Intersection en T,Deux véhicules - par le coté,Plein jour,Temps éblouissant,Route Départementale,,2,Plat,,,10,normale,,Sur chaussée,Conducteur,1,M,10-11,Domicile - école,Casque,Non,1,1,06 - juin,0 - lundi,Paimbuf
,201700019591,2017-06-12,80,17,80680,49.81169,2.69711,Hors intersection,Deux véhicules - par le coté,Plein jour,Normale,Autre,,2,Plat,Partie rectiligne,,,normale,,Sur chaussée,Conducteur,1,F,12-13,,Casque,Non,1,1,06 - juin,0 - lundi,Rosières-en-Santerre
,201700019740,2017-06-12,2B,14,2B123,42.09266,9.34774,Hors intersection,Aucune,Plein jour,Normale,Route Départementale,,2,Pente,Partie rectiligne,,50,normale,,Sur chaussée,Conducteur,2,M,59-60,Promenade - loisirs,Casque,Non,,,06 - juin,0 - lundi,Ghisonaccia
,201700022872,2017-06-12,26,9,26281,45.05982,4.99706,Intersection en X,Deux véhicules - par le coté,Plein jour,Normale,Route Départementale,,2,Plat,Partie rectiligne,,,normale,,Sur chaussée,Conducteur,1,M,51-52,,Autre,Non déterminable,1,1,06 - juin,0 - lundi,Romans-sur-Isère
,201700027645,2017-06-12,38,6,38185,45.17438,5.71462,Hors intersection,Deux véhicules - frontale,Plein jour,Normale,Route Départementale,,5,Plat,Partie rectiligne,,,normale,,Sur chaussée,Conducteur,1,M,41-42,Autre,Casque,Non déterminable,1,,06 - juin,0 - lundi,Grenoble
,201700027783,2017-06-12,40,13,40192,43.88895,0.49698,Intersection en X,Deux véhicules - par l’arrière,Plein jour,Normale,Voie Communale,,1,Plat,Partie rectiligne,,,normale,,Sur chaussée,Conducteur,1,M,19-20,Domicile - travail,Casque,Non,1,1,06 - juin,0 - lundi,Mont-de-Marsan
,201700028165,2017-06-12,42,7,42207,45.47961,4.52666,Hors intersection,Deux véhicules - par le coté,Plein jour,Normale,Voie Communale,,2,Plat,Partie rectiligne,,90,normale,,Sur chaussée,Conducteur,2,M,68-69,Promenade - loisirs,Casque,Non déterminable,1,1,06 - juin,0 - lundi,Saint-Chamond
,201700029320,2017-06-12,49,17,49007,47.47641,-0.56643,Intersection en T,Deux véhicules - par le coté,Plein jour,Normale,Voie Communale,,2,Plat,Partie rectiligne,,79,normale,,Sur chaussée,Conducteur,1,F,24-25,,Casque,Non déterminable,1,1,06 - juin,0 - lundi,Angers
,201700032053,2017-06-12,59,7,59599,50.71892,3.17009,Giratoire,Deux véhicules - frontale,Plein jour,Normale,Route Départementale,,,Pente,Partie rectiligne,,,normale,,Sur chaussée,Conducteur,1,M,50-51,,Casque,Oui,1,1,06 - juin,0 - lundi,Tourcoing
,201700032554,2017-06-12,62,10,62401,50.50524,2.80855,Hors intersection,Deux véhicules - par le coté,Plein jour,Normale,Route Départementale,,,Plat,Partie rectiligne,,77,normale,,Sur piste cyclable,Conducteur,0,M,60-61,,Casque,Oui,1,1,06 - juin,0 - lundi,Haisnes
,201700034127,2017-06-12,67,14,67482,48.58608,7.76289,Hors intersection,Deux véhicules - par le coté,Plein jour,Normale,Voie Communale,,4,Plat,Partie rectiligne,52,92,normale,,Sur chaussée,Conducteur,1,F,25-26,Promenade - loisirs,Autre,Non déterminable,1,1,06 - juin,0 - lundi,Strasbourg
,201700034508,2017-06-12,68,14,68376,47.80304,7.33709,Intersection en X,Autre,Plein jour,Normale,Route Départementale,,3,Plat,Partie rectiligne,,98,normale,,Sur chaussée,Conducteur,0,M,46-47,Domicile - travail,Autre,Non déterminable,,1,06 - juin,0 - lundi,Wittenheim
,201700036097,2017-06-12,76,17,76575,49.38538,1.07101,Giratoire,Deux véhicules - par l’arrière,Plein jour,Normale,Voie Communale,,2,Plat,En courbe à gauche,,60,normale,Carrefour aménagé,Sur chaussée,Conducteur,1,M,83-84,Promenade - loisirs,Casque,Oui,1,,06 - juin,0 - lundi,Saint-Étienne-du-Rouvray
,201700041213,2017-06-12,92,13,92075,48.82028,2.28196,Hors intersection,Aucune,Plein jour,Normale,Voie Communale,,1,Bas de côte,Partie rectiligne,,,normale,,Sur chaussée,Conducteur,1,M,62-63,,Casque,Oui,,1,06 - juin,0 - lundi,Vanves
,201700044713,2017-06-12,94,7,94038,48.77109,2.34993,Giratoire,Deux véhicules - par le coté,Plein jour,Normale,Route Départementale,,2,Plat,En courbe à droite,,,normale,,,Conducteur,1,M,12-13,Promenade - loisirs,Casque,Non déterminable,1,1,06 - juin,0 - lundi,Haÿ-les-Roses
,201700045593,2017-06-12,94,9,94080,48.84474,2.43742,Hors intersection,Deux véhicules - par le coté,Plein jour,Normale,Route Départementale,,4,Plat,Partie rectiligne,25,150,normale,,Sur chaussée,Conducteur,1,M,53-54,Domicile - travail,Autre,Non déterminable,1,1,06 - juin,0 - lundi,Vincennes
,201700055176,2017-06-12,75,22,75113,48.8332,2.35433,Intersection en T,Deux véhicules - par l’arrière,Nuit avec éclairage public allumé,Normale,Voie Communale,,2,Pente,Partie rectiligne,,,normale,,Sur chaussée,Conducteur,2,M,39-40,,Casque,Non déterminable,1,1,06 - juin,0 - lundi,Paris 13e  Arrondissement
,201700059960,2017-06-12,973,18,97302,4.91272,-52.30965,Hors intersection,Deux véhicules - frontale,Plein jour,Normale,Voie Communale,,,Plat,Partie rectiligne,30,30,normale,,Sur chaussée,Conducteur,2,M,33-34,,Autre,Non déterminable,1,1,06 - juin,0 - lundi,Cayenne
,201700000204,2017-06-11,62,10,62288,50.65938,2.27464,Hors intersection,Deux véhicules - frontale,Plein jour,Normale,Voie Communale,,2,Plat,,,10,normale,,,Conducteur,2,M,68-69,Promenade - loisirs,Casque,Oui,1,1,06 - juin,6 - dimanche,Ecques
,201700004293,2017-06-11,84,11,84004,44.11407,5.01844,Hors intersection,Deux véhicules - frontale,Plein jour,Normale,Route Départementale,,2,Plat,Partie rectiligne,68,80,normale,,Sur chaussée,Conducteur,3,M,72-73,Promenade - loisirs,Casque,Oui,1,,06 - juin,6 - dimanche,Aubignan
,201700009807,2017-06-11,13,6,13055,43.29176,5.40857,Hors intersection,Autre,Plein jour,Normale,Voie Communale,,2,Plat,Partie rectiligne,,71,normale,,Sur chaussée,Conducteur,2,M,79-80,Promenade - loisirs,Casque,Oui,1,1,06 - juin,6 - dimanche,Marseille
,201700013016,2017-06-11,40,14,40228,43.62386,-0.85041,Intersection en Y,Deux véhicules - par l’arrière,Plein jour,Normale,Route Départementale,,2,Plat,,7,610,normale,,Sur chaussée,Conducteur,1,M,11-12,Promenade - loisirs,Casque,Non,1,,06 - juin,6 - dimanche,Pomarez
,201700015867,2017-06-11,2,11,2656,49.38204,3.83926,Hors intersection,Deux véhicules - par l’arrière,Plein jour,Normale,Route Départementale,,2,Plat,Partie rectiligne,,72,normale,,Sur chaussée,Conducteur,2,M,20-21,Promenade - loisirs,Casque,Non,1,,06 - juin,6 - dimanche,Roucy
,201700016359,2017-06-11,31,19,31571,43.58887,1.76799,Hors intersection,Deux véhicules - par le coté,Plein jour,Normale,Route Départementale,,2,Plat,,7,415,normale,,,Conducteur,2,M,46-47,Promenade - loisirs,Casque,Non,1,,06 - juin,6 - dimanche,Vendine
,201700017315,2017-06-11,68,11,68161,48.30063,7.2877,Intersection en X,Deux véhicules - par le coté,Plein jour,Normale,Route Départementale,,2,Pente,Partie rectiligne,,82,normale,,Sur chaussée,Conducteur,2,M,18-19,Promenade - loisirs,Casque,Oui,1,,06 - juin,6 - dimanche,Katzenthal
,201700022069,2017-06-11,44,10,44001,47.55557,-1.48695,Hors intersection,Trois véhicules et plus - collisions multiples,Plein jour,Normale,Route Départementale,,2,Plat,Partie rectiligne,,63,normale,,Sur chaussée,Conducteur,2,M,47-48,Promenade - loisirs,Casque,Oui,2,,06 - juin,6 - dimanche,Abbaretz
,201700022069,2017-06-11,44,10,44001,47.55557,-1.48695,Hors intersection,Trois véhicules et plus - collisions multiples,Plein jour,Normale,Route Départementale,,2,Plat,Partie rectiligne,,63,normale,,Sur chaussée,Conducteur,1,M,70-71,Promenade - loisirs,Casque,Oui,2,,06 - juin,6 - dimanche,Abbaretz
,201700022069,2017-06-11,44,10,44001,47.55557,-1.48695,Hors intersection,Trois véhicules et plus - collisions multiples,Plein jour,Normale,Route Départementale,,2,Plat,Partie rectiligne,,63,normale,,Sur chaussée,Conducteur,0,M,56-57,Promenade - loisirs,Casque,Oui,2,,06 - juin,6 - dimanche,Abbaretz
,201700023222,2017-06-11,42,12,42182,46.05155,3.92383,Autre intersection,Deux véhicules - par le coté,Plein jour,Normale,Route Départementale,,1,Pente,,,10,normale,,,Conducteur,2,M,58-59,Promenade - loisirs,Casque,Non déterminable,1,1,06 - juin,6 - dimanche,Renaison
,201700041187,2017-06-11,92,13,92073,48.87147,2.23274,Hors intersection,Deux véhicules - par l’arrière,Plein jour,Normale,Route Départementale,,5,Plat,Partie rectiligne,,,normale,,Sur chaussée,Conducteur,1,F,53-54,Promenade - loisirs,Autre,Non,1,1,06 - juin,6 - dimanche,Suresnes
,201700043646,2017-06-11,94,10,94047,48.70263,2.54443,Intersection en T,Deux véhicules - frontale,Plein jour,Normale,Route Départementale,,1,Plat,Partie rectiligne,,,normale,,Sur chaussée,Conducteur,2,M,28-29,Promenade - loisirs,Casque,Oui,1,1,06 - juin,6 - dimanche,Mandres-les-Roses
,201700050134,2017-06-11,69,12,69389,45.78298,4.8112,Giratoire,Deux véhicules - frontale,Plein jour,Temps éblouissant,Voie Communale,,4,Plat,Partie rectiligne,,,normale,Carrefour aménagé,Sur chaussée,Conducteur,2,M,61-62,Promenade - loisirs,Casque,Oui,1,1,06 - juin,6 - dimanche,Lyon 9e  Arrondissement
,201700001727,2017-06-10,65,14,65078,43.03253,0.16607,Hors intersection,Deux véhicules - par le coté,Plein jour,Normale,Route Départementale,,2,Plat,Partie rectiligne,,,normale,,Sur chaussée,Conducteur,2,M,67-68,Promenade - loisirs,Casque,Oui,1,,06 - juin,5 - samedi,Beaudéan
,201700002313,2017-06-10,38,10,38545,45.04125,5.67184,Intersection en T,Deux véhicules - par le coté,Plein jour,Normale,Route Départementale,,2,Bas de côte,Partie rectiligne,700,13,normale,,,Conducteur,2,M,68-69,Promenade - loisirs,Casque,Oui,1,1,06 - juin,5 - samedi,Vif
,201700002791,2017-06-10,3,10,3300,46.44648,3.63005,Hors intersection,Deux véhicules - frontale,Plein jour,Temps éblouissant,Route Départementale,,2,Plat,Partie rectiligne,,78,normale,,Sur chaussée,Conducteur,1,M,74-75,,Casque,Oui,1,1,06 - juin,5 - samedi,Vaumas
,201700003620,2017-06-10,4,13,4112,43.8421,5.78618,Hors intersection,Aucune,Plein jour,Normale,Voie Communale,,2,Pente,Partie rectiligne,,20,autre,,Sur chaussée,Conducteur,2,F,52-53,Promenade - loisirs,Casque,Oui,,1,06 - juin,5 - samedi,Manosque
,201700007882,2017-06-10,34,17,34333,43.47161,3.79524,Hors intersection,Deux véhicules - par le coté,Plein jour,Normale,Voie Communale,,2,Plat,,4,10,normale,,,Conducteur,2,M,68-69,Promenade - loisirs,Casque,Non,1,,06 - juin,5 - samedi,Vic-la-Gardiole
,201700014441,2017-06-10,50,11,50103,49.38094,-1.30478,Hors intersection,Deux véhicules - par le coté,Plein jour,Normale,Route Départementale,,2,Plat,Partie rectiligne,,70,normale,,Sur chaussée,Conducteur,2,M,47-48,Promenade - loisirs,Casque,Oui,1,,06 - juin,5 - samedi,Carquebut
,201700014441,2017-06-10,50,11,50103,49.38094,-1.30478,Hors intersection,Deux véhicules - par le coté,Plein jour,Normale,Route Départementale,,2,Plat,Partie rectiligne,,70,normale,,Sur chaussée,Conducteur,0,M,46-47,Promenade - loisirs,Casque,Oui,1,,06 - juin,5 - samedi,Carquebut
,201700018169,2017-06-10,49,15,49030,47.35653,-0.08509,Hors intersection,Deux véhicules - par le coté,Plein jour,Normale,Route Départementale,,2,Plat,Partie rectiligne,,,normale,,Sur chaussée,Conducteur,3,F,68-69,Promenade - loisirs,Equipement réfléchissant,Non déterminable,1,,06 - juin,5 - samedi,Blou
,201700020113,2017-06-10,74,15,74275,45.83697,6.21692,Giratoire,Deux véhicules - par le coté,Plein jour,Normale,Route Départementale,,2,Bas de côte,,,15,normale,Carrefour aménagé,Sur chaussée,Conducteur,1,M,35-36,Promenade - loisirs,Casque,Oui,1,1,06 - juin,5 - samedi,Talloires-Montmin
,201700024289,2017-06-10,23,15,23247,46.21907,1.78926,Hors intersection,Trois véhicules et plus - collisions multiples,Plein jour,Normale,Route Départementale,,2,Pente,En courbe à gauche,,,normale,,Sur chaussée,Conducteur,2,M,45-46,Promenade - loisirs,Casque,Oui,1,,06 - juin,5 - samedi,Saint-Vaury
,201700024289,2017-06-10,23,15,23247,46.21907,1.78926,Hors intersection,Trois véhicules et plus - collisions multiples,Plein jour,Normale,Route Départementale,,2,Pente,En courbe à gauche,,,normale,,Sur chaussée,Conducteur,2,M,17-18,Promenade - loisirs,Casque,Oui,1,,06 - juin,5 - samedi,Saint-Vaury
,201700029310,2017-06-10,49,20,49007,47.47486,-0.5341,Intersection en X,Deux véhicules - par le coté,Plein jour,Normale,Voie Communale,,2,,,,30,normale,,Sur chaussée,Conducteur,2,F,54-55,Promenade - loisirs,Casque,Non déterminable,1,1,06 - juin,5 - samedi,Angers
,201700030464,2017-06-10,54,15,54357,48.71014,6.17839,Hors intersection,Deux véhicules - par le coté,Plein jour,Normale,Voie Communale,,2,Plat,Partie rectiligne,,,normale,,Sur chaussée,Conducteur,1,M,19-20,Domicile - travail,Casque,Non,1,1,06 - juin,5 - samedi,Maxéville
,201700034537,2017-06-10,1,17,1333,45.92622,4.95128,Giratoire,Deux véhicules - par le coté,Plein jour,Normale,Route Départementale,,2,Plat,,6,15,normale,Carrefour aménagé,Sur chaussée,Conducteur,2,M,48-49,Promenade - loisirs,Casque,Oui,1,1,06 - juin,5 - samedi,Saint-André-de-Corcy
,201700038389,2017-06-10,89,15,89287,48.19545,3.26212,Intersection en X,Deux véhicules - frontale,Plein jour,Normale,Route Départementale,,2,Pente,En courbe à droite,,69,normale,Carrefour aménagé,Sur chaussée,Conducteur,3,M,49-50,Promenade - loisirs,Casque,Non,1,1,06 - juin,5 - samedi,Paron
,201700043506,2017-06-10,93,14,93073,48.96346,2.57375,Hors intersection,Autre,Plein jour,Normale,Voie Communale,,1,Plat,Partie rectiligne,,25,normale,,Sur trottoir,Conducteur,0,M,15-16,Promenade - loisirs,Autre,Non déterminable,,1,06 - juin,5 - samedi,Tremblay-en-France
,201700050872,2017-06-10,69,,69383,45.74816,4.84575,Hors intersection,Deux véhicules - par le coté,Nuit avec éclairage public allumé,Normale,Voie Communale,,3,Plat,,,,normale,,Sur chaussée,Conducteur,1,M,34-35,,Autre,Non,1,1,06 - juin,5 - samedi,Lyon 3e  Arrondissement
,201700053361,2017-06-10,75,21,75106,48.8539,2.33268,Intersection en T,Deux véhicules - par le coté,Plein jour,Normale,Voie Communale,,4,Plat,Partie rectiligne,,,normale,,Sur chaussée,Conducteur,1,M,43-44,Promenade - loisirs,Casque,Non déterminable,1,1,06 - juin,5 - samedi,Paris 6e  Arrondissement
,201700053361,2017-06-10,75,21,75106,48.8539,2.33268,Intersection en T,Deux véhicules - par le coté,Plein jour,Normale,Voie Communale,,4,Plat,Partie rectiligne,,,normale,,Sur chaussée,Conducteur,0,M,20-21,Promenade - loisirs,Casque,Non déterminable,1,1,06 - juin,5 - samedi,Paris 6e  Arrondissement
,201700053782,2017-06-10,75,,75108,48.8664,2.30511,Intersection en T,Deux véhicules - par le coté,Nuit avec éclairage public allumé,Normale,Voie Communale,,3,Plat,Partie rectiligne,,,normale,,Sur chaussée,Conducteur,1,F,57-58,,Casque,Non déterminable,1,1,06 - juin,5 - samedi,Paris 8e  Arrondissement
,201700054050,2017-06-10,75,17,75109,48.873,2.32827,Place,Deux véhicules - par le coté,Plein jour,Normale,Voie Communale,,3,Plat,Partie rectiligne,,,normale,,Sur chaussée,Conducteur,1,F,34-35,,Casque,Non déterminable,1,1,06 - juin,5 - samedi,Paris 9e  Arrondissement
,201700054771,2017-06-10,75,10,75112,48.8501,2.37903,Intersection en X,Trois véhicules et plus - en chaîne,Plein jour,Normale,Voie Communale,,2,,,,,,,,Conducteur,0,F,35-36,Courses - achats,Casque,Oui,2,1,06 - juin,5 - samedi,Paris 12e  Arrondissement
,201700057604,2017-06-10,75,20,75120,48.868,2.39603,Intersection en Y,Autre,Plein jour,Normale,Voie Communale,,1,Pente,Partie rectiligne,,,normale,,Sur chaussée,Conducteur,1,F,27-28,,Casque,Non déterminable,,1,06 - juin,5 - samedi,Paris 20e  Arrondissement
,201700057605,2017-06-10,75,21,75120,48.8529,2.40712,Hors intersection,Autre,Plein jour,Normale,Voie Communale,,2,Plat,Partie rectiligne,,,normale,,Sur chaussée,Conducteur,1,M,36-37,Utilisation professionnelle,Casque,Oui,2,1,06 - juin,5 - samedi,Paris 20e  Arrondissement
,201700059513,2017-06-10,971,8,97113,16.21946,-61.51637,Hors intersection,Deux véhicules - par le coté,Plein jour,Normale,Route Nationale,,2,,,,,,,Sur piste cyclable,Conducteur,2,M,51-52,Promenade - loisirs,Casque,Oui,1,1,06 - juin,5 - samedi,Gosier
,201700059959,2017-06-10,973,18,97302,4.93902,-52.31927,Hors intersection,Deux véhicules - par le coté,Plein jour,Normale,Voie Communale,,,Plat,Partie rectiligne,60,60,normale,,,Conducteur,1,M,9-10,,Autre,Non déterminable,1,1,06 - juin,5 - samedi,Cayenne
,201700007194,2017-06-09,38,17,38285,45.05141,5.98778,Hors intersection,Autre,Plein jour,Normale,Route Départementale,,2,Pente,En courbe à gauche,,50,normale,Zone piétonne,Sur chaussée,Conducteur,1,M,54-55,Promenade - loisirs,Casque,Oui,,1,06 - juin,4 - vendredi,Ornon
,201700008476,2017-06-09,12,11,12145,0,0,Hors intersection,Autre,Plein jour,Normale,Voie Communale,,,Pente,,,,normale,,Sur chaussée,Conducteur,0,M,29-30,,Casque,Oui,,,06 - juin,4 - vendredi,Millau
,201700011545,2017-06-09,88,8,88486,48.00606,6.71603,Place,Deux véhicules - par le coté,Plein jour,Normale,Voie Communale,,1,Plat,En courbe à gauche,,10,normale,,Sur chaussée,Conducteur,1,M,13-14,Domicile - école,Casque,Non,1,1,06 - juin,4 - vendredi,Vagney
,201700012291,2017-06-09,17,17,17340,46.07784,-0.78155,Hors intersection,Deux véhicules - par le coté,Plein jour,Normale,Route Départementale,,2,Plat,Partie rectiligne,,132,normale,,Sur chaussée,Conducteur,2,F,63-64,Promenade - loisirs,Casque,Non,1,,06 - juin,4 - vendredi,Saint-Germain-de-Marencennes
,201700012826,2017-06-09,24,16,24222,44.87807,0.37235,Hors intersection,Deux véhicules - frontale,Plein jour,Normale,Route Départementale,,2,Plat,En courbe à gauche,,44,normale,,Sur chaussée,Conducteur,2,F,53-54,Promenade - loisirs,Casque,Non,1,,06 - juin,4 - vendredi,Force
,201700014254,2017-06-09,83,11,83032,43.46379,6.21154,Hors intersection,Aucune,Plein jour,Normale,Route Départementale,,2,Pente,,60,60,normale,,Sur chaussée,Conducteur,3,M,76-77,Promenade - loisirs,Casque,Oui,,1,06 - juin,4 - vendredi,Carcès
,201700018514,2017-06-09,63,9,63222,45.55063,3.17034,Hors intersection,Deux véhicules - par l’arrière,Plein jour,Temps éblouissant,Route Départementale,,2,Plat,En courbe à droite,,85,normale,,Sur chaussée,Conducteur,2,M,57-58,Promenade - loisirs,Casque,Non,1,,06 - juin,4 - vendredi,Meilhaud
,201700021476,2017-06-09,17,18,17415,45.73611,-0.61933,Intersection en T,Deux véhicules - frontale,Plein jour,Normale,Voie Communale,,2,Plat,Partie rectiligne,,55,normale,Carrefour aménagé,Sur chaussée,Conducteur,1,M,10-11,Promenade - loisirs,Casque,Oui,1,1,06 - juin,4 - vendredi,Saintes
,201700024771,2017-06-09,31,12,31555,43.59601,1.43234,Hors intersection,Deux véhicules - par l’arrière,Plein jour,Normale,Voie Communale,,,Plat,Partie rectiligne,,,normale,,Sur chaussée,Conducteur,1,F,34-35,Promenade - loisirs,Autre,Oui,1,1,06 - juin,4 - vendredi,Toulouse
,201700025427,2017-06-09,31,13,31044,43.60747,1.48549,Hors intersection,Deux véhicules - par l’arrière,Plein jour,Normale,Route Départementale,,2,Plat,Partie rectiligne,,,normale,,Sur chaussée,Conducteur,2,M,78-79,Autre,Casque,Non,1,1,06 - juin,4 - vendredi,Balma
,201700026622,2017-06-09,35,16,35238,48.11464,-1.65709,Intersection à plus de 4 branches,Deux véhicules - par le coté,Plein jour,Normale,Voie Communale,,3,Plat,Partie rectiligne,,,normale,Carrefour aménagé,Sur chaussée,Conducteur,2,F,37-38,,Casque,Oui,1,1,06 - juin,4 - vendredi,Rennes
,201700026655,2017-06-09,35,14,35238,48.1075,-1.67909,Intersection en X,Autre,Plein jour,Normale,Voie Communale,,1,Plat,Partie rectiligne,,,normale,Carrefour aménagé,Sur chaussée,Conducteur,1,F,20-21,Domicile - travail,Casque,Oui,1,1,06 - juin,4 - vendredi,Rennes
,201700027242,2017-06-09,37,21,37261,47.4016,0.68418,Hors intersection,Autre,Crépuscule ou aube,Normale,Voie Communale,,2,Bas de côte,Partie rectiligne,,61,normale,Carrefour aménagé,Sur chaussée,Conducteur,1,M,43-44,Promenade - loisirs,Casque,Non,,1,06 - juin,4 - vendredi,Tours
,201700029311,2017-06-09,49,16,49007,47.4539,-0.52555,Hors intersection,Aucune,Plein jour,Normale,Voie Communale,,2,Plat,Partie rectiligne,,20,normale,,Sur piste cyclable,Conducteur,2,M,77-78,Promenade - loisirs,Casque,Non déterminable,,1,06 - juin,4 - vendredi,Angers
,201700033197,2017-06-09,64,11,64445,43.31139,-0.36897,Intersection en T,Deux véhicules - par le coté,Plein jour,Normale,Voie Communale,,2,Plat,Partie rectiligne,,,normale,,,Conducteur,1,F,61-62,,Casque,Oui,1,1,06 - juin,4 - vendredi,Pau
,201700033951,2017-06-09,24,10,24372,45.14894,0.54733,Hors intersection,Deux véhicules - par le coté,Plein jour,Normale,Route Départementale,,2,Plat,Partie rectiligne,,,normale,,Sur chaussée,Conducteur,1,M,67-68,Promenade - loisirs,Autre,Oui,1,,06 - juin,4 - vendredi,Saint-Astier
,201700041509,2017-06-09,93,18,93005,48.95235,2.48967,Hors intersection,Deux véhicules - par l’arrière,Plein jour,Normale,Voie Communale,,1,Plat,Partie rectiligne,,,normale,Zone piétonne,Sur chaussée,Conducteur,2,M,5-6,Promenade - loisirs,Autre,Non déterminable,1,1,06 - juin,4 - vendredi,Aulnay-sous-Bois
,201700050871,2017-06-09,69,20,69388,45.7294,4.86763,Hors intersection,Deux véhicules - par le coté,Plein jour,Normale,Voie Communale,,4,Plat,Partie rectiligne,,,normale,,Sur chaussée,Conducteur,1,M,38-39,,Casque,Oui,1,1,06 - juin,4 - vendredi,Lyon 8e  Arrondissement
,201700053517,2017-06-09,75,8,75107,48.849,2.30721,Hors intersection,Aucune,Plein jour,Pluie légère,Voie Communale,,1,Plat,Partie rectiligne,,,mouillée,,Sur chaussée,Conducteur,1,M,29-30,Domicile - travail,Casque,Non,,1,06 - juin,4 - vendredi,Paris 7e  Arrondissement