test,identifiantAccident,date,departement,heure,commune,lat,lon,typeIntersection,typeCollision,luminosite,conditionsAtmosperiques,typeRoute,circulation,nbVoies,profilLongRoute,tracePlanRoute,largeurTPC,largeurRoute,etatSurface,amenagement,situation,categorieUsager,graviteAccident,sexe,age,motifDeplacement,existenceSecurite,usageSecurite,nombreAutresVehicules,enAgglomeration,mois,jour,NCCENR
,201700054770,2017-06-09,75,9,75112,48.8216,2.43316,Hors intersection,Deux véhicules - par l’arrière,Plein jour,Normale,Voie Communale,,2,Plat,Partie rectiligne,,,normale,,Sur piste cyclable,Conducteur,0,M,28-29,Domicile - travail,Casque,Non,1,1,06 - juin,4 - vendredi,Paris 12e  Arrondissement
,201700054770,2017-06-09,75,9,75112,48.8216,2.43316,Hors intersection,Deux véhicules - par l’arrière,Plein jour,Normale,Voie Communale,,2,Plat,Partie rectiligne,,,normale,,Sur piste cyclable,Conducteur,1,F,40-41,,Casque,Non,1,1,06 - juin,4 - vendredi,Paris 12e  Arrondissement
,201700056153,2017-06-09,75,10,75116,48.8542,2.27552,Intersection à plus de 4 branches,Deux véhicules - par le coté,Plein jour,Pluie légère,Voie Communale,,1,Pente,Partie rectiligne,,,mouillée,,Sur chaussée,Conducteur,1,M,54-55,Domicile - travail,Casque,Non,1,1,06 - juin,4 - vendredi,Paris 16e  Arrondissement
,201700057602,2017-06-09,75,8,75120,48.8716,2.40321,Hors intersection,Autre,Plein jour,Temps couvert,Voie Communale,,2,Plat,Partie rectiligne,,125,mouillée,,Sur chaussée,Conducteur,0,M,36-37,,Casque,Non déterminable,,1,06 - juin,4 - vendredi,Paris 20e  Arrondissement
,201700057606,2017-06-09,75,3,75120,48.8604,2.38873,Hors intersection,Aucune,Nuit avec éclairage public allumé,Pluie forte,Voie Communale,,2,Plat,Partie rectiligne,,,mouillée,,Sur chaussée,Conducteur,1,M,22-23,,Casque,Non,,1,06 - juin,4 - vendredi,Paris 20e  Arrondissement
,201700059956,2017-06-09,973,9,97302,4.91762,-52.30769,Hors intersection,Deux véhicules - par le coté,Plein jour,Pluie légère,Voie Communale,,1,,,,60,mouillée,,Sur chaussée,Conducteur,2,M,17-18,Domicile - travail,Equipement réfléchissant,Non,1,,06 - juin,4 - vendredi,Cayenne
,201700000481,2017-06-08,35,9,35001,48.13219,-1.51993,Intersection en X,Deux véhicules - par le coté,Plein jour,Normale,Route Départementale,,2,Plat,,,,normale,Carrefour aménagé,Sur chaussée,Conducteur,1,M,63-64,Promenade - loisirs,Casque,Oui,1,,06 - juin,3 - jeudi,Acigné
,201700000901,2017-06-08,1,14,1053,46.20174,5.24205,Intersection en T,Deux véhicules - par le coté,Plein jour,Normale,Voie Communale,,2,Plat,Partie rectiligne,,154,normale,,Sur chaussée,Conducteur,1,M,43-44,Domicile - travail,Casque,Non,1,1,06 - juin,3 - jeudi,Bourg-en-Bresse
,201700000902,2017-06-08,1,19,1053,46.21022,5.22149,Intersection en T,Deux véhicules - par le coté,Plein jour,Normale,Route Départementale,,3,Plat,Partie rectiligne,,,normale,,Sur chaussée,Conducteur,1,F,22-23,Domicile - travail,Casque,Non,1,1,06 - juin,3 - jeudi,Bourg-en-Bresse
,201700001873,2017-06-08,69,13,69207,45.88936,4.80575,Giratoire,Deux véhicules - par le coté,Plein jour,Normale,Route Départementale,,2,Plat,,6,115,normale,,,Conducteur,2,M,15-16,Promenade - loisirs,Casque,Non,1,1,06 - juin,3 - jeudi,'Saint-Germain-au-Mont-d''Or'
,201700002777,2017-06-08,3,17,3121,46.6165,3.3679,Hors intersection,Deux véhicules - par le coté,Plein jour,Temps éblouissant,Route Départementale,,2,Plat,Partie rectiligne,,61,normale,,Sur chaussée,Conducteur,3,M,52-53,Promenade - loisirs,Casque,Oui,1,,06 - juin,3 - jeudi,Gennetines
,201700015832,2017-06-08,84,14,84017,44.1225,5.24976,Hors intersection,Aucune,Plein jour,Normale,Route Départementale,,2,Pente,Partie rectiligne,,,normale,,Sur chaussée,Conducteur,2,F,68-69,Promenade - loisirs,Casque,Oui,,,06 - juin,3 - jeudi,Bédoin
,201700016313,2017-06-08,31,10,31017,42.88299,0.71571,Hors intersection,Deux véhicules - par le coté,Plein jour,Normale,Route Nationale,,2,Plat,Partie rectiligne,56,,normale,,Sur chaussée,Conducteur,2,F,41-42,Promenade - loisirs,Casque,Oui,1,1,06 - juin,3 - jeudi,Arlos
,201700017417,2017-06-08,68,7,68384,47.69688,7.29187,Intersection en X,Deux véhicules - par le coté,Plein jour,Normale,Route Départementale,,2,Plat,Partie rectiligne,,70,normale,,Sur chaussée,Conducteur,2,M,52-53,Promenade - loisirs,Casque,Oui,1,1,06 - juin,3 - jeudi,Zillisheim
,201700017972,2017-06-08,42,15,42004,45.89394,4.02571,Hors intersection,Autre,Plein jour,Normale,Route Départementale,,2,Plat,Partie rectiligne,,,normale,,Sur accotement,Conducteur,2,M,67-68,Promenade - loisirs,Casque,Oui,,,06 - juin,3 - jeudi,Amions
,201700027239,2017-06-08,37,18,37208,47.36247,0.71468,Intersection en Y,Deux véhicules - par le coté,Plein jour,Normale,Voie Communale,,3,Plat,En courbe à gauche,,,normale,,Sur chaussée,Conducteur,2,M,62-63,Promenade - loisirs,Casque,Oui,1,1,06 - juin,3 - jeudi,Saint-Avertin
,201700028854,2017-06-08,45,16,45234,47.91486,1.9007,Hors intersection,Deux véhicules - par le coté,Plein jour,Normale,Voie Communale,,2,Plat,Partie rectiligne,10,140,normale,,Sur chaussée,Conducteur,1,M,27-28,Autre,Casque,Oui,1,1,06 - juin,3 - jeudi,Orléans
,201700029125,2017-06-08,48,16,48095,44.52245,3.503,Hors intersection,Deux véhicules - par le coté,Plein jour,Normale,Route Départementale,,2,Pente,Partie rectiligne,,30,normale,Pont - autopont,Sur chaussée,Conducteur,2,M,9-10,,Casque,Oui,1,1,06 - juin,3 - jeudi,Mende
,201700029575,2017-06-08,49,11,49099,47.05911,-0.90377,Giratoire,Deux véhicules - par le coté,Plein jour,Normale,Voie Communale,,2,Pente,Partie rectiligne,,,normale,,Sur chaussée,Conducteur,1,M,63-64,Promenade - loisirs,Casque,Oui,1,1,06 - juin,3 - jeudi,Cholet
,201700031419,2017-06-08,58,10,58194,46.99146,3.15614,Hors intersection,Aucune,Plein jour,Normale,Voie Communale,,2,Pente,Partie rectiligne,20,60,normale,,Sur chaussée,Conducteur,1,M,59-60,Autre,Autre,Non,,1,06 - juin,3 - jeudi,Nevers
,201700036458,2017-06-08,77,7,77468,48.85792,2.65952,Hors intersection,Autre,Plein jour,Normale,Voie Communale,,2,Pente,En courbe à gauche,,,normale,,Sur chaussée,Conducteur,1,M,57-58,Domicile - travail,Casque,Oui,1,1,06 - juin,3 - jeudi,Torcy
,201700039038,2017-06-08,91,17,91477,48.72144,2.24827,Autre intersection,Deux véhicules - par le coté,Plein jour,Normale,Route Départementale,,3,Plat,Partie rectiligne,,,normale,,Sur piste cyclable,Conducteur,1,F,19-20,Autre,Autre,Non déterminable,1,1,06 - juin,3 - jeudi,Palaiseau
,201700045592,2017-06-08,94,13,94080,48.84525,2.43159,Intersection en X,Deux véhicules - frontale,Plein jour,Normale,Route Départementale,,4,Plat,Partie rectiligne,,,normale,,Sur chaussée,Conducteur,1,F,53-54,Utilisation professionnelle,Casque,Non déterminable,1,1,06 - juin,3 - jeudi,Vincennes
,201700050868,2017-06-08,69,19,69383,45.75085,4.86074,Intersection en X,Deux véhicules - par le coté,Plein jour,Normale,Voie Communale,,,Plat,Partie rectiligne,,,normale,,Sur chaussée,Conducteur,1,F,27-28,Promenade - loisirs,Casque,Non,1,1,06 - juin,3 - jeudi,Lyon 3e  Arrondissement
,201700052902,2017-06-08,75,13,75102,48.8668,2.34383,Intersection en X,Autre,Plein jour,Normale,Voie Communale,,2,Plat,Partie rectiligne,,80,normale,,Sur chaussée,Conducteur,0,M,24-25,Utilisation professionnelle,Casque,Non déterminable,,1,06 - juin,3 - jeudi,Paris 2e  Arrondissement
,201700052994,2017-06-08,75,23,75103,48.8655,2.35571,Intersection en X,Deux véhicules - par l’arrière,Nuit avec éclairage public allumé,Normale,Voie Communale,,3,Pente,Partie rectiligne,,65,normale,Carrefour aménagé,Sur chaussée,Conducteur,1,M,39-40,Promenade - loisirs,Casque,Oui,1,1,06 - juin,3 - jeudi,Paris 3e  Arrondissement
,201700053359,2017-06-08,75,20,75106,48.8451,2.32016,Intersection à plus de 4 branches,Deux véhicules - par le coté,Plein jour,Normale,Voie Communale,,6,Pente,Partie rectiligne,,250,normale,,Sur chaussée,Conducteur,1,M,28-29,Domicile - travail,Casque,Oui,1,1,06 - juin,3 - jeudi,Paris 6e  Arrondissement
,201700055167,2017-06-08,75,8,75113,48.8268,2.35326,Intersection en X,Autre,Plein jour,Normale,Voie Communale,,1,Pente,Partie rectiligne,,70,normale,,,Conducteur,0,M,19-20,Domicile - travail,Casque,Non,,1,06 - juin,3 - jeudi,Paris 13e  Arrondissement
,201700000526,2017-06-07,35,12,35136,47.94623,-1.51883,Hors intersection,Deux véhicules - par l’arrière,Plein jour,Normale,Route Départementale,,2,Plat,Partie rectiligne,,,normale,,Sur chaussée,Conducteur,2,M,23-24,Promenade - loisirs,Casque,Oui,1,,06 - juin,2 - mercredi,Janzé
,201700005147,2017-06-07,95,18,95142,49.1601,1.9371,Intersection en T,Deux véhicules - par le coté,Plein jour,Normale,Route Départementale,,2,Pente,En courbe à gauche,,,normale,,Sur chaussée,Conducteur,1,M,11-12,Promenade - loisirs,Autre,Non,1,1,06 - juin,2 - mercredi,Chars
,201700013810,2017-06-07,18,17,18138,47.10359,2.28428,Intersection en T,Deux véhicules - frontale,Plein jour,Normale,Route Départementale,,1,Plat,,7,10,normale,,,Conducteur,2,M,48-49,Promenade - loisirs,Casque,Non,1,1,06 - juin,2 - mercredi,Marmagne
,201700014771,2017-06-07,6,14,6148,43.70745,7.04127,Hors intersection,Aucune,Plein jour,Normale,Route Départementale,,2,Pente,Partie rectiligne,,65,normale,,Sur chaussée,Conducteur,1,M,69-70,Promenade - loisirs,Casque,Non,,,06 - juin,2 - mercredi,Tourrettes-sur-Loup
,201700015129,2017-06-07,14,10,14220,49.36051,0.08439,Hors intersection,Aucune,Plein jour,Normale,Route Départementale,,2,Plat,Partie rectiligne,,,normale,,Sur chaussée,Conducteur,1,M,91-92,Promenade - loisirs,Casque,Non,1,1,06 - juin,2 - mercredi,Deauville
,201700024327,2017-06-07,11,15,11111,43.19302,2.80094,Hors intersection,Deux véhicules - par le coté,Plein jour,Normale,Route Départementale,,2,Plat,Partie rectiligne,,64,normale,,Sur chaussée,Conducteur,3,M,71-72,,Casque,Non,1,,06 - juin,2 - mercredi,Cruscades
,201700027644,2017-06-07,38,19,38185,45.18396,5.70866,Hors intersection,Autre,Plein jour,Normale,Voie Communale,,2,Plat,Partie rectiligne,,,normale,,Sur chaussée,Conducteur,1,M,53-54,,Casque,Non déterminable,1,1,06 - juin,2 - mercredi,Grenoble
,201700028414,2017-06-07,44,19,44109,47.23082,-1.55663,Giratoire,Deux véhicules - par le coté,Plein jour,Normale,Voie Communale,,2,Plat,Partie rectiligne,,,normale,,Sur chaussée,Conducteur,1,F,31-32,Promenade - loisirs,Casque,Non,1,1,06 - juin,2 - mercredi,Nantes
,201700031549,2017-06-07,59,15,59616,50.47785,3.58026,Hors intersection,Deux véhicules - par le coté,Plein jour,Normale,Voie Communale,,,Plat,Partie rectiligne,,,normale,,Sur chaussée,Conducteur,2,M,13-14,Promenade - loisirs,Autre,Oui,1,1,06 - juin,2 - mercredi,Vieux-Condé
,201700032139,2017-06-07,59,11,59160,50.40466,3.66585,Hors intersection,Deux véhicules - par le coté,Plein jour,Normale,Route Départementale,,2,Plat,Partie rectiligne,,,normale,,Sur chaussée,Conducteur,2,M,75-76,Promenade - loisirs,Autre,Non,1,1,06 - juin,2 - mercredi,Crespin
,201700033025,2017-06-07,64,19,64122,43.4787,-1.56474,Hors intersection,Deux véhicules - par le coté,Plein jour,Normale,Voie Communale,,2,Plat,Partie rectiligne,,,normale,,Sur chaussée,Conducteur,2,F,61-62,Promenade - loisirs,Autre,Non,1,1,06 - juin,2 - mercredi,Biarritz
,201700034454,2017-06-07,68,3,68224,47.76449,7.32404,Hors intersection,Deux véhicules - frontale,Nuit avec éclairage public allumé,Pluie légère,Route Départementale,,4,Plat,Partie rectiligne,,120,mouillée,Pont - autopont,Sur chaussée,Conducteur,2,M,17-18,Promenade - loisirs,Autre,Non,1,1,06 - juin,2 - mercredi,Mulhouse
,201700038334,2017-06-07,88,18,88413,48.29024,6.96318,Hors intersection,Aucune,Plein jour,Normale,Voie Communale,,2,Pente,En « S »,,46,normale,,Sur chaussée,Conducteur,3,M,49-50,Promenade - loisirs,Casque,Oui,,1,06 - juin,2 - mercredi,Saint-Dié-des-Vosges
,201700039914,2017-06-07,92,22,92025,48,2.24736,Hors intersection,Autre,Nuit avec éclairage public allumé,Normale,Route Départementale,,2,Plat,Partie rectiligne,,,normale,,Sur chaussée,Conducteur,1,M,41-42,,Ceinture,Oui,1,1,06 - juin,2 - mercredi,Colombes
,201700041879,2017-06-07,93,20,93047,0,0,Intersection en T,Deux véhicules - frontale,Plein jour,Temps éblouissant,Voie Communale,,2,Bas de côte,Partie rectiligne,,,normale,,Sur chaussée,Conducteur,2,M,32-33,Domicile - travail,Casque,Non,1,1,06 - juin,2 - mercredi,Montfermeil
,201700045075,2017-06-07,94,7,94003,48.81239,2.35281,Intersection en X,Deux véhicules - par le coté,Plein jour,Normale,Route Départementale,,4,Plat,Partie rectiligne,,,normale,,Sur chaussée,Conducteur,2,M,30-31,Promenade - loisirs,Casque,Non déterminable,1,1,06 - juin,2 - mercredi,Arcueil
,201700045680,2017-06-07,94,16,94081,48.77761,2.40126,Hors intersection,Deux véhicules - par l’arrière,Plein jour,Normale,Voie Communale,,2,Bas de côte,Partie rectiligne,,,normale,,Sur chaussée,Conducteur,2,M,13-14,Promenade - loisirs,Casque,Non déterminable,1,1,06 - juin,2 - mercredi,Vitry-sur-Seine
,201700050861,2017-06-07,69,13,69383,45.75,4.86,Hors intersection,Deux véhicules - frontale,Plein jour,Normale,Voie Communale,,2,Plat,Partie rectiligne,,,normale,,Sur chaussée,Conducteur,1,M,18-19,,Casque,Oui,1,1,06 - juin,2 - mercredi,Lyon 3e  Arrondissement
,201700052776,2017-06-07,75,9,75101,48.8596,2.33571,Hors intersection,Deux véhicules - frontale,Plein jour,Normale,Voie Communale,,,Plat,Partie rectiligne,,63,normale,Souterrain - tunnel,Sur chaussée,Conducteur,1,M,29-30,Domicile - travail,Casque,Oui,1,1,06 - juin,2 - mercredi,Paris 1er Arrondissement
,201700052776,2017-06-07,75,9,75101,48.8596,2.33571,Hors intersection,Deux véhicules - frontale,Plein jour,Normale,Voie Communale,,,Plat,Partie rectiligne,,63,normale,Souterrain - tunnel,Sur chaussée,Conducteur,1,M,27-28,Domicile - travail,Casque,Non déterminable,1,1,06 - juin,2 - mercredi,Paris 1er Arrondissement
,201700053085,2017-06-07,75,20,75104,48.8563,2.35812,Intersection en X,Deux véhicules - par le coté,Plein jour,Normale,Voie Communale,,1,Plat,Partie rectiligne,,45,normale,,Sur chaussée,Conducteur,1,F,47-48,Promenade - loisirs,Casque,Oui,1,1,06 - juin,2 - mercredi,Paris 4e  Arrondissement
,201700053085,2017-06-07,75,20,75104,48.8563,2.35812,Intersection en X,Deux véhicules - par le coté,Plein jour,Normale,Voie Communale,,1,Plat,Partie rectiligne,,45,normale,,Sur chaussée,Conducteur,0,F,28-29,Promenade - loisirs,Casque,Oui,1,1,06 - juin,2 - mercredi,Paris 4e  Arrondissement
,201700053515,2017-06-07,75,17,75107,48.8461,2.31423,Intersection en Y,Deux véhicules - par le coté,Plein jour,Normale,Voie Communale,,,Plat,Partie rectiligne,,,normale,,Sur chaussée,Conducteur,1,F,23-24,,Casque,Non déterminable,1,1,06 - juin,2 - mercredi,Paris 7e  Arrondissement
,201700056982,2017-06-07,75,22,75118,48.8904,2.34845,Intersection à plus de 4 branches,Deux véhicules - par le coté,Nuit avec éclairage public allumé,Normale,Voie Communale,,1,Plat,Partie rectiligne,,,normale,,Sur chaussée,Conducteur,1,F,24-25,Promenade - loisirs,Casque,Non déterminable,1,1,06 - juin,2 - mercredi,Paris 18e  Arrondissement
,201700004913,2017-06-06,78,9,78460,49.02802,1.86279,Hors intersection,Deux véhicules - frontale,Plein jour,Normale,Route Départementale,,2,Plat,Partie rectiligne,40,,normale,,Sur chaussée,Conducteur,2,M,73-74,Promenade - loisirs,Casque,Oui,1,,06 - juin,1 - mardi,Oinville-sur-Montcient
,201700019942,2017-06-06,76,16,76281,49.5249,0.58194,Intersection en X,Deux véhicules - par le coté,Plein jour,Vent fort - tempête,Route Départementale,,3,Plat,,12,410,normale,,,Conducteur,2,M,43-44,Domicile - travail,Casque,Non,1,,06 - juin,1 - mardi,Frénaye
,201700024059,2017-06-06,30,7,30007,44.13459,4.09046,Giratoire,Deux véhicules - par le coté,Plein jour,Normale,Voie Communale,,1,Plat,En courbe à gauche,,75,normale,,Sur chaussée,Conducteur,2,M,64-65,Autre,Equipement réfléchissant,Oui,1,1,06 - juin,1 - mardi,Alès
,201700028411,2017-06-06,44,13,44109,47.23386,-1.53557,Hors intersection,Deux véhicules - par l’arrière,Plein jour,Normale,Voie Communale,,,Plat,Partie rectiligne,,,normale,,Sur chaussée,Conducteur,2,M,43-44,Domicile - travail,Casque,Non déterminable,1,1,06 - juin,1 - mardi,Nantes
,201700034122,2017-06-06,67,17,67482,48.58222,7.76728,Hors intersection,Deux véhicules - par l’arrière,Plein jour,Normale,Voie Communale,,1,Plat,Partie rectiligne,,35,normale,,Sur chaussée,Conducteur,0,M,18-19,Promenade - loisirs,Autre,Non déterminable,1,1,06 - juin,1 - mardi,Strasbourg
,201700037897,2017-06-06,86,,86194,46.577,0.35235,Hors intersection,Trois véhicules et plus - en chaîne,Nuit avec éclairage public allumé,Pluie légère,Voie Communale,,2,Plat,Partie rectiligne,,70,mouillée,,Sur chaussée,Conducteur,1,F,13-14,Promenade - loisirs,Autre,Non déterminable,1,1,06 - juin,1 - mardi,Poitiers
,201700037897,2017-06-06,86,,86194,46.577,0.35235,Hors intersection,Trois véhicules et plus - en chaîne,Nuit avec éclairage public allumé,Pluie légère,Voie Communale,,2,Plat,Partie rectiligne,,70,mouillée,,Sur chaussée,Conducteur,2,M,13-14,Promenade - loisirs,Autre,Non déterminable,1,1,06 - juin,1 - mardi,Poitiers
,201700042531,2017-06-06,93,18,93048,0,0,Hors intersection,Deux véhicules - par l’arrière,Plein jour,Pluie légère,Voie Communale,,,Pente,Partie rectiligne,,,mouillée,,,Conducteur,2,M,24-25,Autre,Autre,Oui,1,1,06 - juin,1 - mardi,Montreuil
,201700053777,2017-06-06,75,14,75108,48.8716,2.30678,Hors intersection,Autre,Plein jour,Pluie forte,Voie Communale,,1,Plat,Partie rectiligne,,50,mouillée,,Sur chaussée,Conducteur,0,M,34-35,Domicile - travail,Casque,Oui,,1,06 - juin,1 - mardi,Paris 8e  Arrondissement
,201700054768,2017-06-06,75,13,75112,48.8489,2.38409,Hors intersection,Deux véhicules - par l’arrière,Plein jour,Normale,Voie Communale,,2,Plat,Partie rectiligne,,80,mouillée,,Sur chaussée,Conducteur,1,M,31-32,Domicile - travail,Casque,Non,1,1,06 - juin,1 - mardi,Paris 12e  Arrondissement
,201700055164,2017-06-06,75,8,75106,48.8515,2.33704,Intersection en X,Autre,Plein jour,Normale,Voie Communale,,2,Plat,Partie rectiligne,,70,mouillée,,,Conducteur,0,M,41-42,Domicile - travail,Casque,Non déterminable,,1,06 - juin,1 - mardi,Paris 6e  Arrondissement
,201700055165,2017-06-06,75,8,75106,48.8525,2.33881,Intersection en X,Deux véhicules - par le coté,Plein jour,Normale,Voie Communale,,3,Plat,Partie rectiligne,,60,normale,,Sur chaussée,Conducteur,1,F,22-23,Domicile - travail,Casque,Oui,1,1,06 - juin,1 - mardi,Paris 6e  Arrondissement
,201700057319,2017-06-06,75,8,75119,48.8822,2.37101,Hors intersection,Deux véhicules - par le coté,Plein jour,Normale,Voie Communale,,3,Pente,Partie rectiligne,,,normale,,Sur chaussée,Conducteur,1,F,26-27,Domicile - travail,Casque,Non déterminable,1,1,06 - juin,1 - mardi,Paris 19e  Arrondissement
,201700002753,2017-06-05,63,19,63263,45.77984,3.01285,Autre intersection,Deux véhicules - frontale,Plein jour,Normale,Voie Communale,,2,Pente,,5,10,normale,,,Conducteur,1,M,43-44,Promenade - loisirs,Autre,Non déterminable,1,1,06 - juin,0 - lundi,Orcines
,201700002760,2017-06-05,63,17,63263,45.79746,2.99268,Hors intersection,Deux véhicules - par l’arrière,Plein jour,Normale,Route Départementale,,2,Plat,Partie rectiligne,,88,normale,,Sur chaussée,Conducteur,2,M,44-45,,Casque,Oui,1,1,06 - juin,0 - lundi,Orcines
,201700017071,2017-06-05,25,11,25361,46.79775,6.30272,Hors intersection,Aucune,Plein jour,Normale,Route Départementale,,2,Plat,Partie rectiligne,,,normale,,Sur chaussée,Conducteur,2,M,50-51,Promenade - loisirs,Casque,Non,,,06 - juin,0 - lundi,Malbuisson
,201700017416,2017-06-05,68,10,68384,47.69256,7.30291,Intersection en T,Deux véhicules - par le coté,Plein jour,Normale,Voie Communale,,2,Plat,Partie rectiligne,,60,normale,,Sur chaussée,Conducteur,1,M,13-14,Promenade - loisirs,Casque,Non,1,1,06 - juin,0 - lundi,Zillisheim
,201700027236,2017-06-05,37,10,37233,47.37961,0.71602,Hors intersection,Deux véhicules - par le coté,Plein jour,Normale,Parc de stationnement ouvert à la circulation publique,,,Plat,Partie rectiligne,,,normale,Zone piétonne,Sur chaussée,Conducteur,1,F,40-41,Courses - achats,Casque,Non,1,1,06 - juin,0 - lundi,Saint-Pierre-des-Corps
,201700027991,2017-06-05,42,21,42184,46.03981,4.05196,Giratoire,Autre,Crépuscule ou aube,Normale,Voie Communale,,1,Plat,En courbe à gauche,,,normale,,Sur chaussée,Conducteur,1,M,24-25,Promenade - loisirs,Casque,Non déterminable,1,1,06 - juin,0 - lundi,Riorges
,201700030450,2017-06-05,54,19,54300,48.65791,6.23044,Intersection en T,Deux véhicules - par le coté,Plein jour,Normale,Voie Communale,,2,Plat,Partie rectiligne,,,normale,,Sur chaussée,Conducteur,1,M,34-35,Promenade - loisirs,Autre,Non déterminable,1,1,06 - juin,0 - lundi,Laneuveville-devant-Nancy
,201700033196,2017-06-05,64,13,64335,43.35519,-0.41978,Hors intersection,Deux véhicules - par le coté,Plein jour,Normale,Route Départementale,,2,Plat,Partie rectiligne,,36,normale,,,Conducteur,2,M,41-42,Promenade - loisirs,Casque,Oui,1,,06 - juin,0 - lundi,Lescar
,201700037234,2017-06-05,83,11,83069,43.10513,6.17557,Hors intersection,Aucune,Plein jour,Normale,Route Départementale,,2,Plat,Partie rectiligne,,50,normale,,Sur chaussée,Conducteur,1,M,57-58,Autre,Casque,Oui,,,06 - juin,0 - lundi,Hyères
,201700050857,2017-06-05,69,11,69386,45.76,4.85,Hors intersection,Deux véhicules - par le coté,Plein jour,Normale,Voie Communale,,2,Plat,En courbe à gauche,,,normale,,Sur chaussée,Conducteur,1,M,55-56,Promenade - loisirs,Casque,Non,1,1,06 - juin,0 - lundi,Lyon 6e  Arrondissement
,201700055162,2017-06-05,75,17,75113,48.8348,2.34159,Intersection en X,Deux véhicules - par le coté,Plein jour,Normale,Voie Communale,,,Plat,Partie rectiligne,,,normale,,,Conducteur,1,F,27-28,,Casque,Oui,1,1,06 - juin,0 - lundi,Paris 13e  Arrondissement
,201700059740,2017-06-05,972,7,97213,0,0,Hors intersection,Trois véhicules et plus - en chaîne,Plein jour,Normale,Route Nationale,,,Plat,Partie rectiligne,,,normale,,Sur chaussée,Conducteur,3,M,45-46,Promenade - loisirs,Casque,Oui,1,,06 - juin,0 - lundi,Lamentin
,201700059740,2017-06-05,972,7,97213,0,0,Hors intersection,Trois véhicules et plus - en chaîne,Plein jour,Normale,Route Nationale,,,Plat,Partie rectiligne,,,normale,,Sur chaussée,Conducteur,1,M,44-45,Promenade - loisirs,Casque,Oui,1,,06 - juin,0 - lundi,Lamentin
,201700059954,2017-06-05,973,17,97302,4.93728,-52.33538,Hors intersection,Deux véhicules - par le coté,Plein jour,Normale,Voie Communale,,2,Plat,Partie rectiligne,,,normale,,Sur chaussée,Conducteur,1,M,18-19,Promenade - loisirs,Casque,Non,1,1,06 - juin,0 - lundi,Cayenne
,201700002718,2017-06-04,74,17,74145,46.22142,6.29429,Intersection en X,Deux véhicules - par le coté,Plein jour,Normale,Voie Communale,,2,Plat,Partie rectiligne,,,normale,,Sur chaussée,Conducteur,2,M,41-42,Promenade - loisirs,Casque,Oui,1,1,06 - juin,6 - dimanche,Juvigny
,201700003646,2017-06-04,70,18,70279,47.4413,5.59154,Giratoire,Deux véhicules - par le coté,Plein jour,Normale,Autre,,2,Plat,Partie rectiligne,4,15,normale,,Sur chaussée,Conducteur,2,M,13-14,Promenade - loisirs,Casque,Non,1,1,06 - juin,6 - dimanche,Gray
,201700003646,2017-06-04,70,18,70279,47.4413,5.59154,Giratoire,Deux véhicules - par le coté,Plein jour,Normale,Autre,,2,Plat,Partie rectiligne,4,15,normale,,Sur chaussée,Conducteur,0,M,14-15,Promenade - loisirs,Casque,Non,1,1,06 - juin,6 - dimanche,Gray
,201700008388,2017-06-04,13,20,13050,43.69007,5.28182,Hors intersection,Deux véhicules - frontale,Plein jour,Normale,Route Départementale,,2,Pente,Partie rectiligne,,40,normale,,Sur chaussée,Conducteur,2,M,15-16,Promenade - loisirs,Casque,Non,1,,06 - juin,6 - dimanche,Lambesc
,201700013118,2017-06-04,53,19,53103,48.09907,-0.88868,Giratoire,Deux véhicules - par le coté,Plein jour,Normale,Voie Communale,,1,Pente,,,15,normale,,,Conducteur,2,M,36-37,Promenade - loisirs,Casque,Oui,1,1,06 - juin,6 - dimanche,Genest-Saint-Isle
,201700022440,2017-06-04,22,23,22278,48.5103,-2.78331,Giratoire,Deux véhicules - par le coté,Nuit avec éclairage public allumé,Normale,Route Départementale,,1,Plat,En courbe à gauche,,50,normale,Carrefour aménagé,Sur chaussée,Conducteur,1,M,35-36,,Casque,Non,1,,06 - juin,6 - dimanche,Saint-Brieuc
,201700031047,2017-06-04,56,10,56260,47.64622,-2.78018,Intersection en X,Deux véhicules - par le coté,Plein jour,Normale,Voie Communale,,3,Plat,Partie rectiligne,,98,normale,,,Conducteur,2,M,46-47,Promenade - loisirs,Casque,Oui,1,1,06 - juin,6 - dimanche,Vannes
,201700042176,2017-06-04,93,11,93031,0,0,Hors intersection,Deux véhicules - par le coté,Plein jour,Normale,Voie Communale,,1,Plat,Partie rectiligne,,,normale,,Sur chaussée,Conducteur,1,F,48-49,Promenade - loisirs,Autre,Non déterminable,1,1,06 - juin,6 - dimanche,Épinay-sur-Seine
,201700044936,2017-06-04,94,19,94041,48.81442,2.40837,Hors intersection,Deux véhicules - par le coté,Plein jour,Normale,Voie Communale,,1,Plat,Partie rectiligne,,40,normale,,Sur chaussée,Conducteur,1,M,10-11,Promenade - loisirs,Autre,Non déterminable,1,1,06 - juin,6 - dimanche,Ivry-sur-Seine
,201700058958,2017-06-04,974,9,97406,-21.11519,55.6511,Hors intersection,Aucune,Plein jour,Normale,Route Nationale,,2,Pente,Partie rectiligne,,60,normale,,Sur chaussée,Conducteur,2,M,47-48,Promenade - loisirs,Casque,Oui,,,06 - juin,6 - dimanche,Plaine-des-Palmistes
,201700009758,2017-06-03,13,9,13002,43.36643,5.5036,Hors intersection,Deux véhicules - par le coté,Plein jour,Normale,Route Départementale,,2,Pente,En courbe à droite,,60,normale,,Sur chaussée,Conducteur,1,M,51-52,Promenade - loisirs,Casque,Oui,1,,06 - juin,5 - samedi,Allauch