test,identifiantAccident,date,departement,heure,commune,lat,lon,typeIntersection,typeCollision,luminosite,conditionsAtmosperiques,typeRoute,circulation,nbVoies,profilLongRoute,tracePlanRoute,largeurTPC,largeurRoute,etatSurface,amenagement,situation,categorieUsager,graviteAccident,sexe,age,motifDeplacement,existenceSecurite,usageSecurite,nombreAutresVehicules,enAgglomeration,mois,jour,NCCENR
,201700012264,2017-06-03,17,17,17411,45.84509,-1.20942,Giratoire,Deux véhicules - par le coté,Plein jour,Normale,Voie Communale,,1,Plat,,,71,,,Sur chaussée,Conducteur,2,F,51-52,Promenade - loisirs,Casque,Non,1,1,06 - juin,5 - samedi,Saint-Trojan-les-Bains
,201700015969,2017-06-03,2,8,2244,49.92562,3.75698,Hors intersection,Deux véhicules - par le coté,Plein jour,Normale,Route Départementale,,2,Pente,En courbe à droite,,45,autre,,Sur chaussée,Conducteur,1,M,38-39,Promenade - loisirs,Casque,Non déterminable,1,1,06 - juin,5 - samedi,Crupilly
,201700020092,2017-06-03,74,15,74120,46.05238,6.21694,Hors intersection,Aucune,Plein jour,Normale,Route Départementale,,2,Pente,Partie rectiligne,,50,normale,,Sur chaussée,Conducteur,1,M,59-60,Promenade - loisirs,Casque,Oui,1,,06 - juin,5 - samedi,Évires
,201700020092,2017-06-03,74,15,74120,46.05238,6.21694,Hors intersection,Aucune,Plein jour,Normale,Route Départementale,,2,Pente,Partie rectiligne,,50,normale,,Sur chaussée,Conducteur,2,F,60-61,Promenade - loisirs,Casque,Non,1,,06 - juin,5 - samedi,Évires
,201700025790,2017-06-03,33,12,33063,44.8317,-0.57338,Intersection en Y,Trois véhicules et plus - collisions multiples,Plein jour,Pluie légère,Voie Communale,,3,Plat,Partie rectiligne,,,mouillée,,,Conducteur,1,M,29-30,,Casque,Non déterminable,5,1,06 - juin,5 - samedi,Bordeaux
,201700027233,2017-06-03,37,2,37261,47.40787,0.68179,Hors intersection,Autre,Nuit avec éclairage public allumé,Normale,Voie Communale,,4,Pente,Partie rectiligne,,40,normale,,Sur trottoir,Conducteur,2,M,20-21,Promenade - loisirs,Casque,Non,1,1,06 - juin,5 - samedi,Tours
,201700035294,2017-06-03,72,14,72181,48.00268,0.19325,Intersection en X,Deux véhicules - frontale,Plein jour,Normale,Voie Communale,,1,Plat,Partie rectiligne,,,normale,,,Conducteur,1,M,52-53,,Casque,Non,1,1,06 - juin,5 - samedi,Mans
,201700040770,2017-06-03,92,21,92051,0,0,Hors intersection,Autre,Plein jour,Pluie légère,Voie Communale,,,Plat,Partie rectiligne,,,mouillée,,Sur chaussée,Conducteur,1,M,51-52,Promenade - loisirs,Casque,Oui,1,1,06 - juin,5 - samedi,Neuilly-sur-Seine
,201700050128,2017-06-03,69,22,69381,0,0,Hors intersection,Deux véhicules - par le coté,Nuit avec éclairage public allumé,Pluie légère,Route Départementale,,4,Plat,Partie rectiligne,,32,mouillée,,Sur chaussée,Conducteur,2,M,32-33,Domicile - travail,Casque,Oui,1,1,06 - juin,5 - samedi,Lyon 1er Arrondissement
,201700054444,2017-06-03,75,9,75111,48.8514,2.37559,Hors intersection,Deux véhicules - par le coté,Plein jour,Normale,Voie Communale,,2,Plat,,,125,normale,,Sur chaussée,Conducteur,1,F,32-33,Autre,Casque,Non déterminable,1,1,06 - juin,5 - samedi,Paris 11e  Arrondissement
,201700002328,2017-06-02,38,9,38548,45.07661,5.53701,Hors intersection,Autre,Plein jour,Normale,Route Départementale,,2,Plat,En courbe à droite,,,normale,,Sur chaussée,Conducteur,1,M,71-72,Promenade - loisirs,Casque,Oui,,,06 - juin,4 - vendredi,Villard-de-Lans
,201700002435,2017-06-02,44,10,44035,47.2955,-1.55497,Giratoire,Deux véhicules - par l’arrière,Plein jour,Normale,Route Départementale,,2,Plat,,7,510,normale,Carrefour aménagé,Sur chaussée,Conducteur,2,F,65-66,Promenade - loisirs,Casque,Non,1,1,06 - juin,4 - vendredi,Chapelle-sur-Erdre
,201700004520,2017-06-02,11,19,11091,42.98245,2.00812,Hors intersection,Autre,Plein jour,Temps couvert,Route Départementale,,2,Plat,En courbe à droite,,63,mouillée,,Sur chaussée,Conducteur,2,M,36-37,Promenade - loisirs,Casque,Non,,1,06 - juin,4 - vendredi,Chalabre
,201700011570,2017-06-02,8,16,8121,49.83964,4.47095,Hors intersection,Deux véhicules - par l’arrière,Plein jour,Normale,Route Départementale,,2,Pente,,,76,normale,,Sur chaussée,Conducteur,2,M,19-20,Promenade - loisirs,Casque,Non,1,,06 - juin,4 - vendredi,Chilly
,201700021054,2017-06-02,17,15,17449,45.94436,-0.89324,Hors intersection,Deux véhicules - par le coté,Plein jour,Normale,Voie Communale,,2,Pente,Partie rectiligne,,50,normale,,Sur chaussée,Conducteur,2,M,18-19,Promenade - loisirs,Casque,Non,1,1,06 - juin,4 - vendredi,Tonnay-Charente
,201700021372,2017-06-02,17,15,17380,45.66176,-1.0722,Hors intersection,Deux véhicules - par le coté,Plein jour,Normale,Voie Communale,,2,Plat,Partie rectiligne,,49,normale,,Sur chaussée,Conducteur,1,M,51-52,,Casque,Oui,1,1,06 - juin,4 - vendredi,Saint-Palais-sur-Mer
,201700022199,2017-06-02,19,9,19031,45.16348,1.53233,Hors intersection,Autre,Plein jour,Normale,Voie Communale,,2,Plat,Partie rectiligne,,,normale,,Sur chaussée,Conducteur,1,F,34-35,,Casque,Non déterminable,1,1,06 - juin,4 - vendredi,Brive-la-Gaillarde
,201700022305,2017-06-02,21,17,21054,47.00585,4.84996,Giratoire,Deux véhicules - par le coté,Plein jour,Normale,Route Départementale,,1,Plat,En courbe à gauche,,,normale,Carrefour aménagé,Sur chaussée,Conducteur,2,F,81-82,Courses - achats,Casque,Non,1,,06 - juin,4 - vendredi,Beaune
,201700028417,2017-06-02,44,7,44109,47.21182,-1.54351,Giratoire,Deux véhicules - par le coté,Plein jour,Normale,Voie Communale,,2,Plat,Partie rectiligne,,,normale,,Sur chaussée,Conducteur,1,M,33-34,,Casque,Non déterminable,1,1,06 - juin,4 - vendredi,Nantes
,201700029303,2017-06-02,49,22,49007,47.48758,-0.53764,Hors intersection,Deux véhicules - par l’arrière,Nuit avec éclairage public allumé,Normale,Voie Communale,,4,Plat,Partie rectiligne,,129,normale,,Sur chaussée,Conducteur,1,M,41-42,Domicile - travail,Casque,Non déterminable,1,1,06 - juin,4 - vendredi,Angers
,201700030448,2017-06-02,54,16,54395,48.69202,6.17825,Hors intersection,Autre,Plein jour,Normale,Voie Communale,,2,Plat,Partie rectiligne,,,normale,,Sur chaussée,Conducteur,0,M,34-35,Utilisation professionnelle,Casque,Oui,,1,06 - juin,4 - vendredi,Nancy
,201700034117,2017-06-02,67,20,67482,48.5642,7.76903,Intersection en T,Deux véhicules - frontale,Plein jour,Normale,Voie Communale,,3,Plat,Partie rectiligne,,240,normale,,,Conducteur,1,M,7-8,,Autre,Non déterminable,1,1,06 - juin,4 - vendredi,Strasbourg
,201700036356,2017-06-02,77,13,77288,48.54489,2.65113,Hors intersection,Deux véhicules - par le coté,Plein jour,Normale,Voie Communale,,1,,,,,,,Sur chaussée,Conducteur,2,M,18-19,,Casque,Oui,1,1,06 - juin,4 - vendredi,Melun
,201700039146,2017-06-02,92,16,92002,48.75122,2.30056,Hors intersection,Deux véhicules - par l’arrière,Plein jour,Normale,Voie Communale,,1,Plat,Partie rectiligne,,,normale,,Sur chaussée,Conducteur,1,F,51-52,Autre,Autre,Oui,1,1,06 - juin,4 - vendredi,Antony
,201700044905,2017-06-02,94,15,94038,48.77697,2.34018,Hors intersection,Deux véhicules - par le coté,Plein jour,Pluie légère,Route Départementale,,4,Plat,Partie rectiligne,,,mouillée,,Sur chaussée,Conducteur,1,M,85-86,Promenade - loisirs,Autre,Non déterminable,1,1,06 - juin,4 - vendredi,Haÿ-les-Roses
,201700050856,2017-06-02,69,16,69387,45.74233,4.83975,Hors intersection,Autre,Plein jour,Normale,Autre,,1,Plat,,,,normale,,Sur piste cyclable,Conducteur,1,F,24-25,Utilisation professionnelle,Casque,Oui,1,1,06 - juin,4 - vendredi,Lyon 7e  Arrondissement
,201700053224,2017-06-02,75,10,75105,48.8408,2.34461,Hors intersection,Deux véhicules - par le coté,Plein jour,Normale,Voie Communale,,2,Pente,Partie rectiligne,,120,normale,,Sur chaussée,Conducteur,1,F,65-66,Promenade - loisirs,Casque,Non déterminable,1,1,06 - juin,4 - vendredi,Paris 5e  Arrondissement
,201700053358,2017-06-02,75,21,75106,48.8472,2.3271,Hors intersection,Deux véhicules - par le coté,Nuit avec éclairage public allumé,Normale,Voie Communale,,2,Plat,Partie rectiligne,,100,mouillée,,Sur piste cyclable,Conducteur,1,M,29-30,,Casque,Non déterminable,1,1,06 - juin,4 - vendredi,Paris 6e  Arrondissement
,201700053773,2017-06-02,75,11,75108,48.8705,2.30531,Intersection en X,Deux véhicules - par l’arrière,Plein jour,Normale,Voie Communale,,1,Plat,Partie rectiligne,,,normale,,Sur chaussée,Conducteur,1,M,45-46,Domicile - travail,Casque,Non déterminable,1,1,06 - juin,4 - vendredi,Paris 8e  Arrondissement
,201700054218,2017-06-02,75,18,75110,48.8716,2.36221,Hors intersection,Deux véhicules - par le coté,Plein jour,Pluie légère,Voie Communale,,1,Plat,Partie rectiligne,,20,mouillée,,Sur chaussée,Conducteur,1,F,37-38,Promenade - loisirs,Casque,Non déterminable,1,1,06 - juin,4 - vendredi,Paris 10e  Arrondissement
,201700054762,2017-06-02,75,8,75112,48.8396,2.39689,Place,Deux véhicules - par le coté,Plein jour,Normale,Voie Communale,,1,,,,,,,Sur chaussée,Conducteur,1,M,33-34,Domicile - travail,Casque,Non déterminable,1,1,06 - juin,4 - vendredi,Paris 12e  Arrondissement
,201700056146,2017-06-02,75,,75116,48.8557,2.24299,Hors intersection,Autre,Nuit avec éclairage public allumé,Normale,Voie Communale,,4,Plat,Partie rectiligne,,,normale,,Sur chaussée,Conducteur,1,M,23-24,Domicile - travail,Casque,Non déterminable,1,1,06 - juin,4 - vendredi,Paris 16e  Arrondissement
,201700057313,2017-06-02,75,,75119,48.8795,2.38953,Intersection en X,Autre,Nuit avec éclairage public allumé,Normale,Voie Communale,,2,Pente,Partie rectiligne,,80,normale,,Sur chaussée,Conducteur,1,M,33-34,Promenade - loisirs,Casque,Non déterminable,1,1,06 - juin,4 - vendredi,Paris 19e  Arrondissement
,201700014097,2017-06-01,60,10,60662,49.38154,1.9156,Hors intersection,Deux véhicules - par l’arrière,Plein jour,Normale,Route Départementale,,2,Plat,Partie rectiligne,,59,normale,,Sur chaussée,Conducteur,3,M,57-58,Promenade - loisirs,Autre,Non,1,1,06 - juin,3 - jeudi,Vauroux
,201700017037,2017-06-01,25,12,25432,47.13032,6.52551,Intersection en T,Deux véhicules - frontale,Plein jour,Normale,Route Départementale,,2,Pente,,,10,normale,,,Conducteur,2,M,66-67,Promenade - loisirs,Casque,Oui,1,1,06 - juin,3 - jeudi,Orchamps-Vennes
,201700021371,2017-06-01,17,8,17380,45.64733,-1.10993,Hors intersection,Deux véhicules - par le coté,Plein jour,Normale,Voie Communale,,2,Plat,Partie rectiligne,,81,normale,,Sur chaussée,Conducteur,1,F,60-61,,Casque,Oui,1,1,06 - juin,3 - jeudi,Saint-Palais-sur-Mer
,201700021475,2017-06-01,17,16,17415,45.74067,-0.62671,Giratoire,Deux véhicules - par l’arrière,Plein jour,Normale,Voie Communale,,2,Plat,En courbe à gauche,,60,normale,Carrefour aménagé,Sur chaussée,Conducteur,0,M,15-16,Promenade - loisirs,Casque,Oui,1,1,06 - juin,3 - jeudi,Saintes
,201700026641,2017-06-01,35,12,35238,48.11959,-1.65803,Hors intersection,Autre,Plein jour,Normale,Voie Communale,,1,Plat,Partie rectiligne,,,normale,,Sur chaussée,Conducteur,1,M,16-17,Domicile - école,Casque,Non,,1,06 - juin,3 - jeudi,Rennes
,201700026644,2017-06-01,35,19,35238,48.10356,-1.712,Giratoire,Autre,Plein jour,Normale,Voie Communale,,1,Plat,Partie rectiligne,,,normale,,Sur chaussée,Conducteur,1,M,41-42,,Casque,Non,1,1,06 - juin,3 - jeudi,Rennes
,201700027230,2017-06-01,37,7,37261,47.40147,0.68664,Intersection en T,Deux véhicules - par le coté,Plein jour,Normale,Voie Communale,,3,Plat,Partie rectiligne,,86,normale,,Sur chaussée,Conducteur,1,M,24-25,Promenade - loisirs,Casque,Non,1,1,06 - juin,3 - jeudi,Tours
,201700027993,2017-06-01,42,11,42187,46.03151,4.07123,Giratoire,Deux véhicules - par l’arrière,Plein jour,Normale,Voie Communale,,2,,,,,normale,Carrefour aménagé,Sur chaussée,Conducteur,1,M,74-75,,Autre,Non déterminable,1,1,06 - juin,3 - jeudi,Roanne
,201700028401,2017-06-01,44,7,44109,47.2138,-1.57499,Hors intersection,Deux véhicules - par le coté,Plein jour,Normale,Voie Communale,,,Pente,Partie rectiligne,,,normale,,,Conducteur,2,M,17-18,,Casque,Non déterminable,1,1,06 - juin,3 - jeudi,Nantes
,201700028847,2017-06-01,45,7,45234,47.841,1.924,Hors intersection,Deux véhicules - par le coté,Plein jour,Normale,Voie Communale,,1,Plat,Partie rectiligne,,,normale,,Sur chaussée,Conducteur,1,F,30-31,Domicile - travail,Autre,Oui,1,1,06 - juin,3 - jeudi,Orléans
,201700030445,2017-06-01,54,8,54395,48.69057,6.18893,Intersection en X,Deux véhicules - par le coté,Plein jour,Normale,Voie Communale,,1,Plat,Partie rectiligne,,,normale,,Sur chaussée,Conducteur,1,M,53-54,Promenade - loisirs,Autre,Non déterminable,1,1,06 - juin,3 - jeudi,Nancy
,201700038135,2017-06-01,87,23,87085,45.826,1.26801,Intersection en X,Deux véhicules - par le coté,Nuit avec éclairage public allumé,Normale,Route Départementale,,5,Plat,Partie rectiligne,,150,normale,,Sur chaussée,Conducteur,2,M,31-32,Promenade - loisirs,Casque,Oui,1,1,06 - juin,3 - jeudi,Limoges
,201700043792,2017-06-01,94,14,94004,48.74532,2.5079,Hors intersection,Deux véhicules - par le coté,Plein jour,Normale,Route Départementale,,2,Plat,Partie rectiligne,,60,normale,,Sur chaussée,Conducteur,2,M,42-43,Domicile - travail,Casque,Oui,1,1,06 - juin,3 - jeudi,Boissy-Saint-Léger
,201700044496,2017-06-01,94,9,94033,48.84897,2.47626,Intersection en T,Deux véhicules - par l’arrière,Plein jour,Normale,Voie Communale,,1,Plat,Partie rectiligne,,,normale,,Sur chaussée,Conducteur,1,F,24-25,Utilisation professionnelle,Casque,Oui,1,1,06 - juin,3 - jeudi,Fontenay-sous-Bois
,201700054760,2017-06-01,75,10,75112,48.845,2.36617,Hors intersection,Deux véhicules - par le coté,Plein jour,Normale,Voie Communale,,7,Plat,Partie rectiligne,,150,normale,Pont - autopont,Sur chaussée,Conducteur,1,F,29-30,Domicile - travail,Casque,Non déterminable,1,1,06 - juin,3 - jeudi,Paris 12e  Arrondissement
,201700054761,2017-06-01,75,12,75112,48.851,2.37714,Intersection en T,Deux véhicules - par le coté,Plein jour,Normale,Voie Communale,,,,,,,,,Sur chaussée,Conducteur,1,F,31-32,,Casque,Non déterminable,1,1,06 - juin,3 - jeudi,Paris 12e  Arrondissement
,201700055486,2017-06-01,75,9,75114,48.8264,2.31069,Intersection en T,Deux véhicules - par le coté,Plein jour,Normale,Voie Communale,,2,Plat,Partie rectiligne,,,normale,,Sur chaussée,Conducteur,1,M,29-30,,Casque,Non déterminable,1,1,06 - juin,3 - jeudi,Paris 14e  Arrondissement
,201700056144,2017-06-01,75,9,75116,48.8558,2.25187,Hors intersection,Deux véhicules - par le coté,Plein jour,Normale,Voie Communale,,2,Plat,Partie rectiligne,,,normale,,Sur chaussée,Conducteur,1,F,48-49,Domicile - travail,Casque,Non déterminable,1,1,06 - juin,3 - jeudi,Paris 16e  Arrondissement
,201700057312,2017-06-01,75,10,75119,48.8894,2.38091,Intersection en T,Autre,Plein jour,Normale,Voie Communale,,1,Plat,Partie rectiligne,40,80,normale,,Sur chaussée,Conducteur,1,M,57-58,Domicile - travail,Casque,Non déterminable,,1,06 - juin,3 - jeudi,Paris 19e  Arrondissement
,201700002288,2017-05-31,38,14,38376,45.43744,5.77648,Hors intersection,Deux véhicules - par le coté,Plein jour,Normale,Route Départementale,,2,Pente,En « S »,,,normale,,Sur chaussée,Conducteur,2,M,14-15,Promenade - loisirs,Casque,Oui,1,,05 - mai,2 - mercredi,Saint-Christophe-sur-Guiers
,201700006225,2017-05-31,6,10,6159,43.70986,7.31116,Hors intersection,Autre,Plein jour,Normale,Route Départementale,,2,Pente,En « S »,,30,normale,,Sur chaussée,Conducteur,3,M,66-67,,Casque,Oui,,1,05 - mai,2 - mercredi,Villefranche-sur-Mer
,201700006492,2017-05-31,7,18,7019,44.60493,4.3859,Hors intersection,Deux véhicules - par le coté,Plein jour,Normale,Route Départementale,,1,Pente,Partie rectiligne,,35,normale,,Sur chaussée,Conducteur,2,M,15-16,Promenade - loisirs,Casque,Oui,1,1,05 - mai,2 - mercredi,Aubenas
,201700014385,2017-05-31,50,15,50256,48.59804,-1.19273,Hors intersection,Deux véhicules - par le coté,Plein jour,Temps éblouissant,Route Départementale,,2,Pente,Partie rectiligne,,63,normale,,Sur chaussée,Conducteur,2,F,74-75,Promenade - loisirs,Casque,Non,1,,05 - mai,2 - mercredi,Isigny-le-Buat
,201700018255,2017-05-31,55,17,55463,48.89503,5.53317,Hors intersection,Deux véhicules - par le coté,Plein jour,Normale,Voie Communale,,2,Pente,,,10,normale,,,Conducteur,2,M,13-14,Promenade - loisirs,Casque,Non,1,1,05 - mai,2 - mercredi,Saint-Mihiel
,201700019728,2017-05-31,2B,10,2B096,42.30189,9.1635,Autre intersection,Autre,Plein jour,Temps éblouissant,Route Nationale,,1,Plat,,,10,enneigée,,Sur piste cyclable,Conducteur,2,M,56-57,Promenade - loisirs,Casque,Oui,,1,05 - mai,2 - mercredi,Corte
,201700020011,2017-05-31,67,17,67066,48.46027,7.17322,Hors intersection,Aucune,Plein jour,Normale,Route Départementale,,2,Pente,En courbe à droite,,,normale,,Sur chaussée,Conducteur,2,F,69-70,Promenade - loisirs,Casque,Non,,,05 - mai,2 - mercredi,Broque
,201700026011,2017-05-31,6,18,6161,43.64316,7.12187,Hors intersection,Deux véhicules - par le coté,Plein jour,Normale,Parc de stationnement ouvert à la circulation publique,,,Pente,Partie rectiligne,,,normale,,Sur chaussée,Conducteur,2,M,12-13,Promenade - loisirs,Casque,Non,1,1,05 - mai,2 - mercredi,Villeneuve-Loubet
,201700026637,2017-05-31,35,20,35238,48.11183,-1.64622,Giratoire,Deux véhicules - par le coté,Plein jour,Normale,Voie Communale,,1,Plat,Partie rectiligne,,,normale,Carrefour aménagé,Sur chaussée,Conducteur,1,M,57-58,,Autre,Oui,1,1,05 - mai,2 - mercredi,Rennes
,201700027228,2017-05-31,37,18,37261,47.3636,0.6996,Intersection en T,Deux véhicules - par le coté,Plein jour,Normale,Voie Communale,,4,Bas de côte,Partie rectiligne,,,normale,,Sur piste cyclable,Conducteur,1,M,30-31,Domicile - travail,Casque,Non,1,1,05 - mai,2 - mercredi,Tours
,201700029573,2017-05-31,49,10,49099,47.0509,-0.88758,Hors intersection,Autre,Plein jour,Normale,Voie Communale,,2,Plat,Partie rectiligne,,104,normale,,Sur piste cyclable,Conducteur,2,M,70-71,Promenade - loisirs,Casque,Non,1,1,05 - mai,2 - mercredi,Cholet
,201700039745,2017-05-31,92,20,92060,0,0,Hors intersection,Autre,Plein jour,Normale,Voie Communale,,2,Plat,Partie rectiligne,,,normale,,Sur chaussée,Conducteur,1,M,32-33,,Casque,Oui,1,1,05 - mai,2 - mercredi,Plessis-Robinson
,201700043870,2017-05-31,94,14,94017,0,0,Hors intersection,Deux véhicules - frontale,Plein jour,Normale,Voie Communale,,2,Plat,Partie rectiligne,,,normale,,Sur chaussée,Conducteur,1,M,12-13,Promenade - loisirs,Casque,Oui,1,1,05 - mai,2 - mercredi,Champigny-sur-Marne
,201700045164,2017-05-31,94,8,94046,0,0,Hors intersection,Deux véhicules - par le coté,Plein jour,Normale,Route Nationale,,,Plat,Partie rectiligne,,100,normale,,Sur trottoir,Conducteur,1,M,23-24,Domicile - travail,Casque,Non,1,1,05 - mai,2 - mercredi,Maisons-Alfort
,201700046251,2017-05-31,2A,18,2A004,41.91116,8.71117,Hors intersection,Deux véhicules - par le coté,Plein jour,Normale,Voie Communale,,2,Pente,Partie rectiligne,,65,normale,,Sur chaussée,Conducteur,2,M,26-27,Promenade - loisirs,Casque,Oui,1,1,05 - mai,2 - mercredi,Ajaccio
,201700050843,2017-05-31,69,17,69383,45.75411,4.86415,Hors intersection,Deux véhicules - par le coté,Plein jour,Normale,Voie Communale,,,Plat,Partie rectiligne,,,normale,,Sur piste cyclable,Conducteur,2,M,47-48,Domicile - travail,Casque,Non,1,1,05 - mai,2 - mercredi,Lyon 3e  Arrondissement
,201700054215,2017-05-31,75,22,75110,48.8727,2.3742,Hors intersection,Autre,Nuit avec éclairage public allumé,Normale,Voie Communale,,1,Pente,Partie rectiligne,,50,normale,,Sur chaussée,Conducteur,2,M,55-56,Autre,Casque,Non déterminable,,1,05 - mai,2 - mercredi,Paris 10e  Arrondissement
,201700054758,2017-05-31,75,16,75112,48.8391,2.3904,Hors intersection,Deux véhicules - par le coté,Plein jour,Normale,Voie Communale,,2,Plat,Partie rectiligne,,,normale,Zone piétonne,Sur chaussée,Conducteur,1,M,45-46,Promenade - loisirs,Casque,Non,1,1,05 - mai,2 - mercredi,Paris 12e  Arrondissement
,201700055154,2017-05-31,75,11,75113,48.8323,2.37979,Intersection en X,Deux véhicules - par le coté,Plein jour,Normale,Voie Communale,,3,Plat,Partie rectiligne,10,100,normale,,Sur chaussée,Conducteur,1,M,23-24,,Casque,Oui,1,1,05 - mai,2 - mercredi,Paris 13e  Arrondissement
,201700055483,2017-05-31,75,10,75114,48.8386,2.33665,Intersection en X,Deux véhicules - par le coté,Plein jour,Normale,Voie Communale,,,Plat,Partie rectiligne,,30,normale,,Sur chaussée,Conducteur,1,F,24-25,,Casque,Oui,1,1,05 - mai,2 - mercredi,Paris 14e  Arrondissement
,201700009734,2017-05-30,13,18,13055,43.28186,5.35107,Hors intersection,Deux véhicules - par le coté,Plein jour,Normale,Voie Communale,,2,Plat,Partie rectiligne,,60,normale,,Sur chaussée,Conducteur,2,M,52-53,Promenade - loisirs,Casque,Oui,1,1,05 - mai,1 - mardi,Marseille
,201700016172,2017-05-30,38,10,38389,45.55337,5.13137,Intersection en X,Deux véhicules - par le coté,Plein jour,Normale,Voie Communale,,2,Plat,,,,normale,,Sur chaussée,Conducteur,2,M,70-71,Promenade - loisirs,Casque,Oui,1,,05 - mai,1 - mardi,'Saint-Georges-d''Espéranche'
,201700021176,2017-05-30,17,8,17300,46.15381,-1.18378,Autre intersection,Deux véhicules - par le coté,Plein jour,Normale,Voie Communale,,2,Plat,Partie rectiligne,,,normale,,Sur chaussée,Conducteur,1,M,19-20,Promenade - loisirs,Casque,Non,1,1,05 - mai,1 - mardi,Rochelle
,201700030456,2017-05-30,54,18,54395,48.70018,6.17261,Intersection en X,Deux véhicules - par le coté,Plein jour,Normale,Voie Communale,,1,Plat,Partie rectiligne,,,normale,,Sur chaussée,Conducteur,2,M,16-17,Promenade - loisirs,Casque,Non,1,1,05 - mai,1 - mardi,Nancy
,201700030848,2017-05-30,56,10,56121,47.74268,-3.36069,Intersection en X,Deux véhicules - par le coté,Plein jour,Normale,Voie Communale,,2,Plat,Partie rectiligne,,,normale,,Sur chaussée,Conducteur,1,M,76-77,Promenade - loisirs,Casque,Oui,1,1,05 - mai,1 - mardi,Lorient
,201700034114,2017-05-30,67,11,67482,48.58987,7.76454,Hors intersection,Deux véhicules - frontale,Plein jour,Normale,Voie Communale,,1,Plat,Partie rectiligne,,50,normale,,,Conducteur,1,M,21-22,,Casque,Oui,1,1,05 - mai,1 - mardi,Strasbourg
,201700035862,2017-05-30,76,11,76481,49.55479,0.13435,Giratoire,Autre,Plein jour,Normale,Route Départementale,,2,Plat,Partie rectiligne,,79,normale,,Sur chaussée,Conducteur,2,M,62-63,Promenade - loisirs,Casque,Oui,,,05 - mai,1 - mardi,Octeville-sur-Mer
,201700039032,2017-05-30,91,7,91477,48.71062,2.2441,Intersection en X,Deux véhicules - par le coté,Plein jour,Normale,Route Départementale,,2,Bas de côte,Partie rectiligne,1,1,normale,,Sur chaussée,Conducteur,2,M,42-43,Domicile - travail,Casque,Oui,1,1,05 - mai,1 - mardi,Palaiseau
,201700042172,2017-05-30,93,19,93031,0,0,Hors intersection,Deux véhicules - frontale,Plein jour,Normale,Voie Communale,,1,Plat,Partie rectiligne,,,normale,,Sur chaussée,Conducteur,2,M,34-35,,Autre,Non,1,1,05 - mai,1 - mardi,Épinay-sur-Seine
,201700044495,2017-05-30,94,9,94033,0,0,Hors intersection,Autre,Plein jour,Temps couvert,Autre,,2,Plat,Partie rectiligne,,,normale,,Sur trottoir,Conducteur,0,M,19-20,,Casque,Oui,,1,05 - mai,1 - mardi,Fontenay-sous-Bois
,201700050115,2017-05-30,69,9,69381,45.77079,4.82871,Hors intersection,Deux véhicules - par le coté,Plein jour,Normale,Voie Communale,,2,Pente,En courbe à droite,,77,normale,,Sur chaussée,Conducteur,1,M,30-31,Domicile - travail,Autre,Non déterminable,1,1,05 - mai,1 - mardi,Lyon 1er Arrondissement
,201700050839,2017-05-30,69,,69259,45.7,4.8,Hors intersection,Deux véhicules - par l’arrière,Nuit avec éclairage public allumé,Normale,Voie Communale,,2,Pente,En courbe à droite,,30,normale,,Sur piste cyclable,Conducteur,1,M,24-25,,Autre,Non,1,1,05 - mai,1 - mardi,Vénissieux
,201700056973,2017-05-30,75,7,75118,48.8901,2.32922,Intersection en X,Deux véhicules - par le coté,Plein jour,Temps couvert,Voie Communale,,1,Plat,Partie rectiligne,,,normale,,Sur chaussée,Conducteur,1,M,42-43,Domicile - travail,Casque,Non déterminable,1,1,05 - mai,1 - mardi,Paris 18e  Arrondissement
,201700056975,2017-05-30,75,14,75118,48.8839,2.32722,Intersection en Y,Deux véhicules - frontale,Plein jour,Normale,Voie Communale,,2,Pente,Partie rectiligne,,150,normale,,Sur chaussée,Conducteur,1,M,35-36,Domicile - travail,Casque,Non déterminable,1,1,05 - mai,1 - mardi,Paris 18e  Arrondissement
,201700057309,2017-05-30,75,18,75119,48.8854,2.37496,Hors intersection,Autre,Plein jour,Normale,Voie Communale,,,Plat,Partie rectiligne,,,normale,,Sur piste cyclable,Conducteur,0,M,24-25,Domicile - école,Casque,Oui,,1,05 - mai,1 - mardi,Paris 19e  Arrondissement
,201700002374,2017-05-29,38,11,38402,45.01228,5.76237,Hors intersection,Aucune,Plein jour,Normale,Route Départementale,,2,Plat,Partie rectiligne,,70,normale,,Sur chaussée,Conducteur,2,M,49-50,Promenade - loisirs,Casque,Oui,,,05 - mai,0 - lundi,Saint-Jean-de-Vaulx
,201700008490,2017-05-29,12,11,12202,0,0,Hors intersection,Deux véhicules - par le coté,Plein jour,Normale,Route Départementale,,2,,,,,,,Sur chaussée,Conducteur,2,F,35-36,Utilisation professionnelle,Casque,Oui,1,1,05 - mai,0 - lundi,Rodez
,201700021474,2017-05-29,17,16,17415,45.75302,-0.631,Giratoire,Deux véhicules - par le coté,Plein jour,Normale,Voie Communale,,2,Plat,Partie rectiligne,,60,normale,Carrefour aménagé,Sur chaussée,Conducteur,1,M,10-11,Promenade - loisirs,Casque,Oui,1,1,05 - mai,0 - lundi,Saintes
,201700022991,2017-05-29,6,16,6006,43.7664,7.24212,Hors intersection,Deux véhicules - par le coté,Plein jour,Normale,Route Départementale,,2,Pente,Partie rectiligne,,,normale,,Sur chaussée,Conducteur,1,M,40-41,,Casque,Oui,1,,05 - mai,0 - lundi,Aspremont
,201700024747,2017-05-29,31,16,31557,43.57619,1.31464,Intersection en T,Deux véhicules - par le coté,Plein jour,Normale,Voie Communale,,2,Plat,Partie rectiligne,,,normale,,Sur chaussée,Conducteur,1,M,15-16,,Autre,Non,1,1,05 - mai,0 - lundi,Tournefeuille
,201700025778,2017-05-29,33,19,33281,44.8391,-0.69378,Hors intersection,Deux véhicules - par l’arrière,Plein jour,Normale,Voie Communale,,2,Plat,Partie rectiligne,,,normale,,Sur chaussée,Conducteur,3,M,50-51,Domicile - travail,Casque,Non déterminable,1,,05 - mai,0 - lundi,Mérignac