test,identifiantAccident,date,departement,heure,commune,lat,lon,typeIntersection,typeCollision,luminosite,conditionsAtmosperiques,typeRoute,circulation,nbVoies,profilLongRoute,tracePlanRoute,largeurTPC,largeurRoute,etatSurface,amenagement,situation,categorieUsager,graviteAccident,sexe,age,motifDeplacement,existenceSecurite,usageSecurite,nombreAutresVehicules,enAgglomeration,mois,jour,NCCENR
,201700026633,2017-05-29,35,7,35238,48.11629,-1.71391,Intersection à plus de 4 branches,Deux véhicules - par le coté,Plein jour,Normale,Voie Communale,,3,Plat,Partie rectiligne,,,mouillée,Carrefour aménagé,Sur chaussée,Conducteur,1,M,42-43,Domicile - travail,Autre,Non déterminable,1,1,05 - mai,0 - lundi,Rennes
,201700026634,2017-05-29,35,9,35238,48.12541,-1.66086,Intersection en T,Deux véhicules - par le coté,Plein jour,Pluie légère,Voie Communale,,1,Pente,,,,mouillée,,,Conducteur,1,M,29-30,,Casque,Non déterminable,1,,05 - mai,0 - lundi,Rennes
,201700028839,2017-05-29,45,17,45232,47.85032,1.91983,Hors intersection,Deux véhicules - par le coté,Plein jour,Normale,Voie Communale,,2,Plat,Partie rectiligne,,,normale,,Sur chaussée,Conducteur,1,F,56-57,Domicile - travail,Casque,Non,1,1,05 - mai,0 - lundi,Olivet
,201700028839,2017-05-29,45,17,45232,47.85032,1.91983,Hors intersection,Deux véhicules - par le coté,Plein jour,Normale,Voie Communale,,2,Plat,Partie rectiligne,,,normale,,Sur chaussée,Conducteur,0,M,33-34,Domicile - travail,Casque,Oui,1,1,05 - mai,0 - lundi,Olivet
,201700034111,2017-05-29,67,13,67447,48.60268,7.73819,Hors intersection,Trois véhicules et plus - collisions multiples,Plein jour,Normale,Voie Communale,,2,Plat,Partie rectiligne,,100,normale,,Sur chaussée,Conducteur,1,F,23-24,Promenade - loisirs,Autre,Non déterminable,2,1,05 - mai,0 - lundi,Schiltigheim
,201700034358,2017-05-29,26,16,26174,0,0,Hors intersection,Deux véhicules - par le coté,Plein jour,Normale,Route Départementale,,2,Pente,Partie rectiligne,63,,normale,,Sur chaussée,Conducteur,2,M,7-8,Domicile - école,Casque,Oui,1,,05 - mai,0 - lundi,Margès
,201700043812,2017-05-29,94,8,94004,0,0,Intersection en T,Deux véhicules - par le coté,Plein jour,Normale,Autre,,2,Plat,Partie rectiligne,,40,normale,,,Conducteur,1,M,23-24,Promenade - loisirs,Ceinture,Non,1,1,05 - mai,0 - lundi,Boissy-Saint-Léger
,201700046249,2017-05-29,2A,16,2A004,41.93471,8.74331,Hors intersection,Autre,Plein jour,Normale,Voie Communale,,1,Plat,Partie rectiligne,,,normale,,Sur chaussée,Conducteur,1,M,47-48,,Casque,Oui,1,1,05 - mai,0 - lundi,Ajaccio
,201700050838,2017-05-29,69,9,69386,0,0,Hors intersection,Deux véhicules - par le coté,Plein jour,Normale,Voie Communale,,,Plat,Partie rectiligne,,,normale,,Sur chaussée,Conducteur,2,M,31-32,,Casque,Non déterminable,1,1,05 - mai,0 - lundi,Lyon 6e  Arrondissement
,201700053083,2017-05-29,75,17,75104,48.8521,2.36094,Hors intersection,Deux véhicules - par le coté,Plein jour,Normale,Voie Communale,,2,Plat,En courbe à droite,2,5,normale,,Sur chaussée,Conducteur,1,F,53-54,,Casque,Non déterminable,1,1,05 - mai,0 - lundi,Paris 4e  Arrondissement
,201700054047,2017-05-29,75,19,75109,48.874,2.34428,Intersection en T,Deux véhicules - par le coté,Plein jour,Normale,Voie Communale,,1,Plat,,,,normale,,Sur chaussée,Conducteur,1,M,51-52,,Casque,Non déterminable,1,1,05 - mai,0 - lundi,Paris 9e  Arrondissement
,201700055152,2017-05-29,75,19,75113,48.823,2.35658,Intersection en X,Autre,Plein jour,Normale,Voie Communale,,1,Plat,Partie rectiligne,,32,normale,,Sur chaussée,Conducteur,0,M,26-27,Promenade - loisirs,Casque,Oui,,1,05 - mai,0 - lundi,Paris 13e  Arrondissement
,201700056142,2017-05-29,75,11,75116,48.8749,2.27109,Intersection à plus de 4 branches,Deux véhicules - par le coté,Plein jour,Normale,Voie Communale,,2,Plat,Partie rectiligne,,,normale,,Sur piste cyclable,Conducteur,1,M,26-27,Autre,Casque,Non déterminable,1,1,05 - mai,0 - lundi,Paris 16e  Arrondissement
,201700001753,2017-05-28,81,20,81105,43.7556,1.97183,Hors intersection,Aucune,Crépuscule ou aube,Normale,Voie Communale,,2,Pente,En courbe à droite,,,normale,,,Conducteur,2,M,19-20,Promenade - loisirs,Casque,Non,,1,05 - mai,6 - dimanche,Graulhet
,201700002259,2017-05-28,2,9,2722,49.37616,3.32953,Giratoire,Deux véhicules - frontale,Plein jour,Normale,Voie Communale,,1,Plat,En courbe à gauche,210,100,normale,,Sur chaussée,Conducteur,2,M,74-75,Promenade - loisirs,Casque,Oui,1,1,05 - mai,6 - dimanche,Soissons
,201700005327,2017-05-28,77,20,77272,48.54431,3.1437,Autre intersection,Deux véhicules - par le coté,Plein jour,Normale,Route Départementale,,2,Plat,Partie rectiligne,,55,normale,,Sur chaussée,Conducteur,2,M,26-27,Promenade - loisirs,Casque,Non,1,,05 - mai,6 - dimanche,Maison-Rouge
,201700007193,2017-05-28,38,12,38375,44.96285,6.16634,Hors intersection,Autre,Plein jour,Normale,Route Départementale,,2,Pente,En courbe à droite,,65,normale,,Sur accotement,Conducteur,3,M,32-33,Promenade - loisirs,Casque,Oui,,,05 - mai,6 - dimanche,Saint-Christophe-en-Oisans
,201700008684,2017-05-28,13,11,13005,43.29445,5.55774,Hors intersection,Aucune,Plein jour,Normale,Route Départementale,,,,,,,normale,Pont - autopont,Sur chaussée,Conducteur,2,M,83-84,,Casque,Oui,,1,05 - mai,6 - dimanche,Aubagne
,201700020661,2017-05-28,51,19,51440,49.29824,4.32354,Hors intersection,Deux véhicules - par le coté,Plein jour,Normale,Route Départementale,,2,Plat,,6,610,normale,,,Conducteur,2,F,76-77,Promenade - loisirs,Casque,Non,1,1,05 - mai,6 - dimanche,Pontfaverger-Moronvilliers
,201700024745,2017-05-28,31,19,31555,43.62687,1.45402,Hors intersection,Deux véhicules - frontale,Plein jour,Normale,Voie Communale,,2,Plat,En courbe à gauche,,,normale,,Sur chaussée,Conducteur,1,M,1-2,,Autre,Oui,1,1,05 - mai,6 - dimanche,Toulouse
,201700025350,2017-05-28,32,18,32013,43.6539,0.61182,Giratoire,Deux véhicules - par le coté,Plein jour,Normale,Route Départementale,,2,Pente,Partie rectiligne,,,normale,,Sur chaussée,Conducteur,1,F,29-30,Promenade - loisirs,Casque,Oui,1,,05 - mai,6 - dimanche,Auch
,201700026191,2017-05-28,34,20,34172,43.60544,3.87394,Intersection en T,Deux véhicules - par le coté,Plein jour,Normale,Voie Communale,,1,Plat,Partie rectiligne,,40,normale,,,Conducteur,1,M,28-29,,Autre,Non déterminable,1,1,05 - mai,6 - dimanche,Montpellier
,201700027638,2017-05-28,38,10,38169,45.19912,5.6748,Hors intersection,Autre,Plein jour,Normale,Voie Communale,,2,Plat,Partie rectiligne,,75,normale,,Sur chaussée,Conducteur,2,M,83-84,Promenade - loisirs,Casque,Non,1,1,05 - mai,6 - dimanche,Fontaine
,201700028373,2017-05-28,44,3,44109,47.20903,-1.54134,Hors intersection,Autre,Nuit avec éclairage public allumé,Normale,Voie Communale,,,Plat,,,,normale,,Sur chaussée,Conducteur,1,M,31-32,,Autre,Oui,1,,05 - mai,6 - dimanche,Nantes
,201700028378,2017-05-28,44,20,44109,47.21649,-1.53359,Hors intersection,Autre,Plein jour,Normale,Voie Communale,,,Plat,En « S »,,,normale,,Sur chaussée,Conducteur,1,M,13-14,,Autre,Oui,1,1,05 - mai,6 - dimanche,Nantes
,201700028378,2017-05-28,44,20,44109,47.21649,-1.53359,Hors intersection,Autre,Plein jour,Normale,Voie Communale,,,Plat,En « S »,,,normale,,Sur chaussée,Passager,0,M,12-13,,Autre,Oui,1,1,05 - mai,6 - dimanche,Nantes
,201700034109,2017-05-28,67,19,67447,48.60726,7.72951,Hors intersection,Deux véhicules - par le coté,Plein jour,Normale,Voie Communale,,1,Plat,Partie rectiligne,,40,normale,,,Conducteur,1,M,5-6,,Casque,Oui,1,1,05 - mai,6 - dimanche,Schiltigheim
,201700035293,2017-05-28,72,10,72181,47.96326,0.2207,Giratoire,Deux véhicules - par le coté,Plein jour,Normale,Voie Communale,,2,Plat,En courbe à gauche,,,normale,,Sur piste cyclable,Conducteur,2,M,28-29,,Casque,Non,1,1,05 - mai,6 - dimanche,Mans
,201700035559,2017-05-28,74,12,74010,45.92433,6.12667,Intersection en Y,Autre,Plein jour,Normale,Voie Communale,,2,Plat,Partie rectiligne,,40,normale,,Sur chaussée,Conducteur,1,M,63-64,Autre,Casque,Non déterminable,1,1,05 - mai,6 - dimanche,Annecy
,201700044065,2017-05-28,94,11,94053,0,0,Intersection en T,Deux véhicules - par le coté,Plein jour,Normale,Route Départementale,,2,Plat,En courbe à droite,,,normale,,Sur chaussée,Conducteur,1,M,78-79,Promenade - loisirs,Casque,Oui,1,1,05 - mai,6 - dimanche,Noiseau
,201700050860,2017-05-28,69,,69386,45.77799,4.84441,Hors intersection,Deux véhicules - par le coté,Nuit avec éclairage public allumé,Normale,Voie Communale,,,Plat,Partie rectiligne,49,83,normale,,Sur chaussée,Conducteur,1,M,18-19,,Casque,Oui,1,1,05 - mai,6 - dimanche,Lyon 6e  Arrondissement
,201700000727,2017-05-27,56,20,56152,47.33373,-3.14804,Hors intersection,Deux véhicules - frontale,Plein jour,Normale,Voie Communale,,1,Bas de côte,En courbe à gauche,,34,normale,,Sur chaussée,Conducteur,2,M,15-16,Promenade - loisirs,Casque,Non,1,,05 - mai,5 - samedi,Palais
,201700003123,2017-05-27,67,23,67300,48.54461,7.50001,Hors intersection,Deux véhicules - frontale,Nuit sans éclairage public,Normale,Autre,,2,Plat,,,20,normale,,Sur piste cyclable,Conducteur,2,M,61-62,Promenade - loisirs,Autre,Oui,1,1,05 - mai,5 - samedi,Molsheim
,201700003123,2017-05-27,67,23,67300,48.54461,7.50001,Hors intersection,Deux véhicules - frontale,Nuit sans éclairage public,Normale,Autre,,2,Plat,,,20,normale,,Sur piste cyclable,Conducteur,0,M,18-19,Promenade - loisirs,Autre,Non,1,1,05 - mai,5 - samedi,Molsheim
,201700003346,2017-05-27,68,13,68063,47.79195,7.17009,Giratoire,Deux véhicules - par le coté,Plein jour,Normale,Route Nationale,,2,Plat,En courbe à gauche,,100,normale,Carrefour aménagé,Sur chaussée,Conducteur,2,M,53-54,Promenade - loisirs,Casque,Oui,1,,05 - mai,5 - samedi,Cernay
,201700007191,2017-05-27,38,13,38112,45.08697,6.14905,Hors intersection,Aucune,Plein jour,Normale,Voie Communale,,2,Sommet de côte,,,45,autre,,Sur chaussée,Conducteur,1,M,36-37,Promenade - loisirs,Casque,Oui,,,05 - mai,5 - samedi,Clavans-en-Haut-Oisans
,201700013663,2017-05-27,43,18,43007,45.0746,4.13661,Hors intersection,Deux véhicules - par le coté,Plein jour,Normale,Route Départementale,,2,Pente,Partie rectiligne,,60,normale,,Sur chaussée,Conducteur,2,M,62-63,Promenade - loisirs,,,1,,05 - mai,5 - samedi,Araules
,201700020297,2017-05-27,56,11,56243,47.64963,-2.71627,Intersection en Y,Deux véhicules - par le coté,Plein jour,Normale,Route Départementale,,2,Plat,,5,15,normale,,Sur chaussée,Conducteur,2,M,72-73,Promenade - loisirs,Casque,Oui,1,1,05 - mai,5 - samedi,Séné
,201700021175,2017-05-27,17,8,17300,46.16222,-1.14223,Intersection en T,Deux véhicules - par le coté,Plein jour,Normale,Voie Communale,,2,Plat,Partie rectiligne,,78,normale,,Sur chaussée,Conducteur,2,M,80-81,Promenade - loisirs,Casque,Non,1,1,05 - mai,5 - samedi,Rochelle
,201700023013,2017-05-27,38,17,38383,45.36712,5.62879,Hors intersection,Deux véhicules - par l’arrière,Plein jour,Normale,Route Départementale,,2,Plat,Partie rectiligne,,74,normale,,Sur chaussée,Conducteur,2,M,37-38,Promenade - loisirs,Casque,Oui,1,,05 - mai,5 - samedi,Saint-Étienne-de-Crossey
,201700026190,2017-05-27,34,13,34172,43.6199,3.85023,Hors intersection,Deux véhicules - frontale,Plein jour,Normale,Voie Communale,,,Plat,Partie rectiligne,,78,normale,,Sur chaussée,Conducteur,2,M,35-36,Autre,Casque,Non,1,1,05 - mai,5 - samedi,Montpellier
,201700029813,2017-05-27,50,11,50218,48.8316,1.5832,Hors intersection,Deux véhicules - par le coté,Plein jour,Normale,Route Départementale,,2,Bas de côte,Partie rectiligne,,69,normale,,Sur chaussée,Conducteur,2,F,61-62,Promenade - loisirs,Autre,Oui,1,1,05 - mai,5 - samedi,Granville
,201700033193,2017-05-27,64,21,64445,43.31318,-0.36256,Hors intersection,Deux véhicules - par l’arrière,Crépuscule ou aube,Normale,Voie Communale,,2,Plat,Partie rectiligne,,50,normale,,Sur chaussée,Conducteur,0,M,16-17,Domicile - école,Autre,Non déterminable,1,1,05 - mai,5 - samedi,Pau
,201700034730,2017-05-27,69,20,69029,45.73439,4.89702,Intersection en T,Deux véhicules - par le coté,Plein jour,Normale,Route Départementale,,2,Pente,Partie rectiligne,,58,normale,,,Conducteur,1,M,26-27,Promenade - loisirs,Casque,Non,1,1,05 - mai,5 - samedi,Bron
,201700034731,2017-05-27,69,23,69266,45.76666,4.89742,Hors intersection,Deux véhicules - par le coté,Nuit avec éclairage public allumé,Normale,Voie Communale,,2,Pente,Partie rectiligne,,100,normale,,Sur chaussée,Conducteur,1,M,32-33,Autre,Autre,Non déterminable,1,1,05 - mai,5 - samedi,Villeurbanne
,201700035533,2017-05-27,74,12,74010,45.92133,6.13335,Giratoire,Deux véhicules - par le coté,Plein jour,Normale,Voie Communale,,2,Pente,En courbe à droite,26,62,normale,Carrefour aménagé,Sur chaussée,Conducteur,1,F,30-31,Promenade - loisirs,Autre,Non déterminable,1,1,05 - mai,5 - samedi,Annecy
,201700036108,2017-05-27,76,18,76681,49.41256,1.08189,Intersection en X,Trois véhicules et plus - collisions multiples,Plein jour,Normale,Voie Communale,,2,Pente,Partie rectiligne,,32,normale,,Sur chaussée,Conducteur,2,M,18-19,Promenade - loisirs,Casque,Non,1,1,05 - mai,5 - samedi,Sotteville-lès-Rouen
,201700036108,2017-05-27,76,18,76681,49.41256,1.08189,Intersection en X,Trois véhicules et plus - collisions multiples,Plein jour,Normale,Voie Communale,,2,Pente,Partie rectiligne,,32,normale,,Sur chaussée,Conducteur,3,M,21-22,Promenade - loisirs,Casque,Non,1,1,05 - mai,5 - samedi,Sotteville-lès-Rouen
,201700037742,2017-05-27,85,9,85194,46.50545,-1.7899,Giratoire,Autre,Plein jour,Normale,Route Départementale,,1,Plat,En courbe à gauche,70,30,normale,,Sur chaussée,Conducteur,1,F,65-66,Domicile - travail,Autre,Non déterminable,1,1,05 - mai,5 - samedi,'Sables-d''Olonne'
,201700052769,2017-05-27,75,17,75101,48.8638,2.33207,Intersection en X,Deux véhicules - par le coté,Plein jour,Normale,Voie Communale,,4,Plat,Partie rectiligne,,160,normale,,Sur chaussée,Conducteur,1,F,56-57,Promenade - loisirs,Casque,Non,1,1,05 - mai,5 - samedi,Paris 1er Arrondissement
,201700054752,2017-05-27,75,10,75112,48.8357,2.38605,Intersection en T,Deux véhicules - par le coté,Plein jour,Normale,Voie Communale,,1,Plat,Partie rectiligne,,160,normale,,Sur chaussée,Conducteur,1,F,35-36,Promenade - loisirs,Casque,Oui,1,1,05 - mai,5 - samedi,Paris 12e  Arrondissement
,201700055149,2017-05-27,75,20,75113,48.8337,2.37386,Hors intersection,Deux véhicules - frontale,Plein jour,Normale,Voie Communale,,2,Plat,Partie rectiligne,,60,normale,Zone piétonne,Sur trottoir,Conducteur,0,M,37-38,Promenade - loisirs,Casque,Non,1,1,05 - mai,5 - samedi,Paris 13e  Arrondissement
,201700055149,2017-05-27,75,20,75113,48.8337,2.37386,Hors intersection,Deux véhicules - frontale,Plein jour,Normale,Voie Communale,,2,Plat,Partie rectiligne,,60,normale,Zone piétonne,Sur trottoir,Conducteur,1,M,5-6,Promenade - loisirs,Casque,Oui,1,1,05 - mai,5 - samedi,Paris 13e  Arrondissement
,201700059941,2017-05-27,973,2,97302,4.9398,-52.32853,Intersection en T,Deux véhicules - par le coté,Nuit avec éclairage public allumé,Normale,Voie Communale,,2,Plat,Partie rectiligne,60,60,normale,,,Conducteur,1,M,23-24,,Casque,Oui,1,1,05 - mai,5 - samedi,Cayenne
,201700006810,2017-05-26,95,10,95580,49.0867,2.5521,Giratoire,Deux véhicules - par le coté,Plein jour,Normale,Route Départementale,,2,Pente,Partie rectiligne,,,normale,,Sur chaussée,Conducteur,3,M,44-45,Promenade - loisirs,Casque,Oui,1,,05 - mai,4 - vendredi,Saint-Witz
,201700013195,2017-05-26,7,10,7179,44.7401,4.48205,Hors intersection,Deux véhicules - par le coté,Plein jour,Normale,Route Départementale,,2,Pente,En courbe à gauche,,50,normale,,Sur chaussée,Conducteur,2,M,58-59,Promenade - loisirs,Casque,Oui,1,,05 - mai,4 - vendredi,Pourchères
,201700018739,2017-05-26,71,9,71014,46.95341,4.2956,Hors intersection,Deux véhicules - par le coté,Plein jour,Temps éblouissant,Voie Communale,,2,Pente,,,10,normale,,,Conducteur,2,M,52-53,Domicile - travail,Casque,Non,1,1,05 - mai,4 - vendredi,Autun
,201700020360,2017-05-26,56,10,56179,47.8221,-3.41191,Intersection en X,Deux véhicules - par le coté,Plein jour,Normale,Voie Communale,,,Plat,Partie rectiligne,,,normale,,,Conducteur,1,M,23-24,Promenade - loisirs,Casque,Oui,1,,05 - mai,4 - vendredi,Pont-Scorff
,201700022869,2017-05-26,26,9,26281,45.0487,5.0489,Giratoire,Deux véhicules - par le coté,Plein jour,Normale,Voie Communale,,1,Plat,Partie rectiligne,,,normale,,Sur chaussée,Conducteur,1,M,66-67,,Casque,Non,1,1,05 - mai,4 - vendredi,Romans-sur-Isère
,201700023238,2017-05-26,28,17,28134,48.73728,1.38131,Intersection en T,Deux véhicules - par le coté,Plein jour,Normale,Voie Communale,,1,Pente,Partie rectiligne,,,normale,,,Conducteur,3,M,80-81,,Autre,Oui,1,1,05 - mai,4 - vendredi,Dreux
,201700023642,2017-05-26,29,15,29019,48.3931,-4.4348,Hors intersection,Deux véhicules - par le coté,Plein jour,Normale,Voie Communale,,2,Plat,Partie rectiligne,,,normale,,Sur chaussée,Conducteur,1,M,28-29,Promenade - loisirs,Casque,Oui,1,1,05 - mai,4 - vendredi,Brest
,201700024740,2017-05-26,31,8,31555,43.59021,1.36803,Intersection en T,Deux véhicules - par le coté,Plein jour,Temps éblouissant,Route Départementale,,3,Plat,Partie rectiligne,,,normale,,Sur chaussée,Conducteur,2,F,65-66,Promenade - loisirs,Autre,Non déterminable,1,1,05 - mai,4 - vendredi,Toulouse
,201700031295,2017-05-26,57,9,57672,49.35223,6.13857,Hors intersection,Autre,Plein jour,Normale,Voie Communale,,1,Plat,En courbe à droite,,84,normale,,Sur chaussée,Conducteur,2,F,46-47,Promenade - loisirs,Casque,Non,1,1,05 - mai,4 - vendredi,Thionville
,201700031296,2017-05-26,57,17,57221,49.32213,6.11406,Giratoire,Deux véhicules - par le coté,Plein jour,Normale,Route Départementale,,1,Plat,En courbe à gauche,,77,normale,Carrefour aménagé,Sur chaussée,Conducteur,3,M,82-83,Promenade - loisirs,Casque,Non,1,1,05 - mai,4 - vendredi,Florange
,201700032217,2017-05-26,68,14,68203,47.90241,7.28594,Hors intersection,Aucune,Plein jour,Normale,Route Départementale,,2,Plat,Partie rectiligne,,70,normale,,Sur chaussée,Conducteur,2,M,16-17,Promenade - loisirs,Casque,Oui,,,05 - mai,4 - vendredi,Merxheim
,201700033863,2017-05-26,67,12,67180,48.81063,7.78175,Intersection en T,Deux véhicules - par le coté,Plein jour,Normale,Voie Communale,,1,Plat,Partie rectiligne,,59,normale,Carrefour aménagé,,Conducteur,1,M,45-46,Promenade - loisirs,Casque,Oui,1,1,05 - mai,4 - vendredi,Haguenau
,201700034105,2017-05-26,67,13,67482,48.58183,7.7035,Intersection en X,Deux véhicules - par le coté,Plein jour,Normale,Voie Communale,,3,Plat,Partie rectiligne,,90,normale,,Sur chaussée,Conducteur,1,M,6-7,Promenade - loisirs,Casque,Non,1,1,05 - mai,4 - vendredi,Strasbourg
,201700036354,2017-05-26,77,13,77269,48.54271,2.70629,Hors intersection,Deux véhicules - par l’arrière,Plein jour,Normale,Route Départementale,,2,Plat,Partie rectiligne,,67,normale,,Sur chaussée,Conducteur,2,M,50-51,Promenade - loisirs,Autre,Non déterminable,1,,05 - mai,4 - vendredi,Maincy
,201700036624,2017-05-26,78,14,78297,48.77287,2.07066,Hors intersection,Autre,Plein jour,Normale,Voie Communale,,2,Plat,Partie rectiligne,,,normale,,Sur chaussée,Conducteur,2,M,44-45,Promenade - loisirs,Autre,Non déterminable,1,1,05 - mai,4 - vendredi,Guyancourt
,201700037379,2017-05-26,83,8,83126,43.10762,5.87736,Autre intersection,Deux véhicules - par le coté,Plein jour,Normale,Route Départementale,,2,Plat,Partie rectiligne,14,29,normale,Carrefour aménagé,Sur chaussée,Conducteur,2,M,76-77,Promenade - loisirs,Casque,Oui,1,1,05 - mai,4 - vendredi,Seyne-sur-Mer
,201700043640,2017-05-26,94,13,94002,0,0,Hors intersection,Deux véhicules - par le coté,Plein jour,Normale,Voie Communale,,2,Plat,Partie rectiligne,,60,normale,,Sur chaussée,Conducteur,1,F,48-49,Utilisation professionnelle,Autre,Non,1,1,05 - mai,4 - vendredi,Alfortville
,201700050833,2017-05-26,69,16,69387,45.73138,4.83625,Hors intersection,Deux véhicules - par le coté,Plein jour,Normale,Voie Communale,,2,Plat,Partie rectiligne,,61,normale,,Sur chaussée,Conducteur,2,M,32-33,Promenade - loisirs,Casque,Non,1,1,05 - mai,4 - vendredi,Lyon 7e  Arrondissement
,201700054213,2017-05-26,75,15,75110,48.884,2.3687,Place,Deux véhicules - par le coté,Plein jour,Temps éblouissant,Voie Communale,,2,Plat,,,,normale,,Sur chaussée,Conducteur,1,F,18-19,Domicile - travail,Casque,Non déterminable,1,1,05 - mai,4 - vendredi,Paris 10e  Arrondissement
,201700056137,2017-05-26,75,10,75116,48.8375,2.25684,Place,Deux véhicules - par le coté,Plein jour,Normale,Voie Communale,,3,Plat,Partie rectiligne,,,normale,,Sur chaussée,Conducteur,1,M,54-55,Autre,Casque,Non,1,1,05 - mai,4 - vendredi,Paris 16e  Arrondissement
,201700057308,2017-05-26,75,23,75119,48.8808,2.37393,Hors intersection,Autre,Nuit avec éclairage public allumé,Normale,Voie Communale,,2,Pente,Partie rectiligne,,70,normale,,Sur trottoir,Conducteur,1,M,16-17,Promenade - loisirs,Casque,Non,,1,05 - mai,4 - vendredi,Paris 19e  Arrondissement
,201700057873,2017-05-26,75,17,75107,48.8624,2.30201,Intersection en X,Aucune,Plein jour,Normale,Voie Communale,,2,Plat,Partie rectiligne,,,normale,,Sur chaussée,Conducteur,1,M,41-42,Promenade - loisirs,Casque,Non,,1,05 - mai,4 - vendredi,Paris 7e  Arrondissement
,201700000562,2017-05-25,22,18,22186,48.58188,-2.4993,Hors intersection,Deux véhicules - par l’arrière,Plein jour,Normale,Route Départementale,,2,Plat,Partie rectiligne,,,normale,,Sur chaussée,Conducteur,2,M,33-34,Promenade - loisirs,Autre,Non déterminable,1,,05 - mai,3 - jeudi,Pléneuf-Val-André
,201700001522,2017-05-25,17,15,17058,45.84649,-1.15777,Autre intersection,Deux véhicules - frontale,Plein jour,Normale,Voie Communale,,2,Plat,,6,310,normale,,,Conducteur,1,M,12-13,Promenade - loisirs,Casque,Non,1,1,05 - mai,3 - jeudi,Bourcefranc-le-Chapus
,201700003138,2017-05-25,67,10,67368,48.43893,7.36323,Hors intersection,Deux véhicules - par le coté,Plein jour,Normale,Route Départementale,,2,Pente,En courbe à droite,,63,normale,,Sur chaussée,Conducteur,2,M,53-54,Promenade - loisirs,Casque,Oui,1,,05 - mai,3 - jeudi,Ottrott
,201700012086,2017-05-25,37,19,37143,47.14248,0.80058,Hors intersection,Deux véhicules - par le coté,Plein jour,Temps éblouissant,Route Départementale,,2,Plat,,3,510,normale,,,Conducteur,2,M,10-11,Promenade - loisirs,Casque,Non,1,,05 - mai,3 - jeudi,Manthelan
,201700012610,2017-05-25,85,18,85067,46.66438,-0.78559,Hors intersection,Aucune,Plein jour,Normale,Voie Communale,,2,Plat,En courbe à droite,,,normale,,Sur chaussée,Conducteur,2,M,12-13,Promenade - loisirs,Casque,Non,1,1,05 - mai,3 - jeudi,Cheffois
,201700012610,2017-05-25,85,18,85067,46.66438,-0.78559,Hors intersection,Aucune,Plein jour,Normale,Voie Communale,,2,Plat,En courbe à droite,,,normale,,Sur chaussée,Conducteur,2,M,11-12,Promenade - loisirs,Casque,Non,1,1,05 - mai,3 - jeudi,Cheffois
,201700015126,2017-05-25,14,20,14699,49.35106,0.10209,Hors intersection,Autre,Plein jour,Normale,Voie Communale,,2,Pente,Partie rectiligne,,,normale,,Sur chaussée,Conducteur,1,M,42-43,Promenade - loisirs,Casque,Non,1,1,05 - mai,3 - jeudi,Touques
,201700019173,2017-05-25,33,7,33026,44.50959,-0.43771,Hors intersection,Deux véhicules - par l’arrière,Plein jour,Normale,Route Départementale,,2,Plat,Partie rectiligne,,60,normale,,Sur chaussée,Conducteur,3,M,50-51,Promenade - loisirs,Casque,Oui,1,,05 - mai,3 - jeudi,Balizac
,201700022437,2017-05-25,22,10,22187,48.52521,-2.74873,Intersection en T,Aucune,Plein jour,Normale,Voie Communale,,2,Pente,En courbe à gauche,,,normale,,Sur chaussée,Conducteur,2,F,16-17,,Casque,Oui,,1,05 - mai,3 - jeudi,Plérin
,201700025472,2017-05-25,84,14,84069,44.16161,5.14166,Hors intersection,Deux véhicules - frontale,Plein jour,Normale,Route Départementale,,2,Pente,En courbe à droite,,,normale,,Sur chaussée,Conducteur,1,F,47-48,Promenade - loisirs,Casque,Oui,1,,05 - mai,3 - jeudi,Malaucène
,201700030001,2017-05-25,51,18,51454,49.23378,4.03341,Hors intersection,Deux véhicules - par le coté,Plein jour,Normale,Voie Communale,,2,Plat,Partie rectiligne,,,normale,,Sur chaussée,Conducteur,2,M,11-12,,Autre,Non déterminable,1,1,05 - mai,3 - jeudi,Reims
,201700032808,2017-05-25,62,20,62826,50.52791,1.5889,Intersection en X,Deux véhicules - par le coté,Plein jour,Normale,Voie Communale,,1,Plat,Partie rectiligne,,,normale,,Sur chaussée,Conducteur,1,M,24-25,Promenade - loisirs,Casque,Non,1,1,05 - mai,3 - jeudi,Touquet-Paris-Plage
,201700036812,2017-05-25,78,19,78646,48.79246,2.11812,Intersection en X,Deux véhicules - par le coté,Plein jour,Normale,Route Départementale,,3,Pente,Partie rectiligne,,,normale,Carrefour aménagé,Sur chaussée,Conducteur,2,M,50-51,Promenade - loisirs,Casque,Oui,1,1,05 - mai,3 - jeudi,Versailles
,201700037890,2017-05-25,86,13,86194,46.58759,0.34888,Intersection en T,Deux véhicules - par le coté,Plein jour,Normale,Voie Communale,,2,Pente,Partie rectiligne,,60,normale,,Sur chaussée,Conducteur,1,F,86-87,,Casque,Oui,1,1,05 - mai,3 - jeudi,Poitiers
,201700039908,2017-05-25,92,10,92025,0,0,Hors intersection,Autre,Plein jour,Normale,Route Départementale,,3,Plat,Partie rectiligne,,,normale,,Sur chaussée,Conducteur,1,M,52-53,Promenade - loisirs,Casque,Oui,1,1,05 - mai,3 - jeudi,Colombes
,201700041971,2017-05-25,93,17,93027,48.93535,2.40297,Hors intersection,Deux véhicules - par l’arrière,Plein jour,Normale,Voie Communale,,2,Sommet de côte,Partie rectiligne,10,160,normale,Pont - autopont,Sur piste cyclable,Conducteur,2,M,36-37,Promenade - loisirs,Autre,Non déterminable,1,1,05 - mai,3 - jeudi,Courneuve