test,identifiantAccident,date,departement,heure,commune,lat,lon,typeIntersection,typeCollision,luminosite,conditionsAtmosperiques,typeRoute,circulation,nbVoies,profilLongRoute,tracePlanRoute,largeurTPC,largeurRoute,etatSurface,amenagement,situation,categorieUsager,graviteAccident,sexe,age,motifDeplacement,existenceSecurite,usageSecurite,nombreAutresVehicules,enAgglomeration,mois,jour,NCCENR
,201700050109,2017-05-25,69,18,69034,0,0,Hors intersection,Autre,Plein jour,Normale,Autre,,,Plat,,,,normale,Zone piétonne,Sur trottoir,Conducteur,0,M,56-57,Promenade - loisirs,Casque,Non déterminable,,1,05 - mai,3 - jeudi,Caluire-et-Cuire
,201700053354,2017-05-25,75,1,75106,48.8528,2.34379,Intersection en X,Deux véhicules - par l’arrière,Nuit avec éclairage public allumé,Normale,Voie Communale,,1,Plat,Partie rectiligne,,140,normale,,Sur chaussée,Conducteur,1,M,23-24,Promenade - loisirs,Casque,Non déterminable,1,1,05 - mai,3 - jeudi,Paris 6e  Arrondissement
,201700053506,2017-05-25,75,20,75107,48.859,2.29328,Intersection à plus de 4 branches,Aucune,Crépuscule ou aube,Normale,Voie Communale,,2,Plat,Partie rectiligne,,,normale,,Sur chaussée,Conducteur,1,M,25-26,Promenade - loisirs,Casque,Non déterminable,,1,05 - mai,3 - jeudi,Paris 7e  Arrondissement
,201700054212,2017-05-25,75,3,75110,48.8714,2.36488,Hors intersection,Autre,Nuit avec éclairage public allumé,Normale,Voie Communale,,1,Plat,Partie rectiligne,,50,normale,,Sur piste cyclable,Conducteur,0,M,38-39,Autre,Casque,Non déterminable,,1,05 - mai,3 - jeudi,Paris 10e  Arrondissement
,201700054440,2017-05-25,75,20,75111,48.8587,2.37857,Intersection en X,Deux véhicules - par le coté,Plein jour,Normale,Voie Communale,,2,Plat,Partie rectiligne,,140,normale,,Sur chaussée,Conducteur,1,M,29-30,Promenade - loisirs,Casque,Non déterminable,1,1,05 - mai,3 - jeudi,Paris 11e  Arrondissement
,201700054750,2017-05-25,75,19,75112,48.834,2.44485,Place,Deux véhicules - par le coté,Plein jour,Normale,Voie Communale,,2,Plat,Partie rectiligne,,40,normale,,,Conducteur,1,F,24-25,Promenade - loisirs,Casque,Oui,1,1,05 - mai,3 - jeudi,Paris 12e  Arrondissement
,201700054750,2017-05-25,75,19,75112,48.834,2.44485,Place,Deux véhicules - par le coté,Plein jour,Normale,Voie Communale,,2,Plat,Partie rectiligne,,40,normale,,,Conducteur,0,M,18-19,Promenade - loisirs,Casque,Non déterminable,1,1,05 - mai,3 - jeudi,Paris 12e  Arrondissement
,201700002548,2017-05-24,42,8,42168,45.41638,4.67484,Intersection en Y,Deux véhicules - par le coté,Plein jour,Normale,Route Départementale,,2,Pente,,10,10,normale,,,Conducteur,2,M,66-67,Promenade - loisirs,Casque,Oui,1,1,05 - mai,2 - mercredi,Pélussin
,201700012036,2017-05-24,37,19,37031,47.28519,0.17334,Hors intersection,Deux véhicules - par le coté,Plein jour,Temps éblouissant,Voie Communale,,2,Plat,,,10,normale,,,Conducteur,2,M,13-14,Promenade - loisirs,Casque,Non,1,1,05 - mai,2 - mercredi,Bourgueil
,201700012036,2017-05-24,37,19,37031,47.28519,0.17334,Hors intersection,Deux véhicules - par le coté,Plein jour,Temps éblouissant,Voie Communale,,2,Plat,,,10,normale,,,Conducteur,2,F,76-77,Promenade - loisirs,Casque,Non,1,1,05 - mai,2 - mercredi,Bourgueil
,201700013943,2017-05-24,64,15,64547,43.39988,-1.45648,Hors intersection,Deux véhicules - par le coté,Plein jour,Normale,Route Départementale,,2,Plat,Partie rectiligne,,,normale,,Sur chaussée,Conducteur,2,M,29-30,Promenade - loisirs,Casque,Oui,1,1,05 - mai,2 - mercredi,Ustaritz
,201700015521,2017-05-24,1,20,1058,45.64131,5.61672,Hors intersection,Deux véhicules - par le coté,Plein jour,Normale,Voie Communale,,2,Plat,,,60,normale,,Sur chaussée,Conducteur,1,M,37-38,Promenade - loisirs,Autre,Non déterminable,1,1,05 - mai,2 - mercredi,Brégnier-Cordon
,201700017429,2017-05-24,68,17,68349,47.61712,7.56569,Hors intersection,Deux véhicules - par l’arrière,Plein jour,Normale,Hors réseau public,,2,Plat,Partie rectiligne,,72,normale,,Sur chaussée,Conducteur,0,M,45-46,Promenade - loisirs,Casque,Oui,1,,05 - mai,2 - mercredi,Village-Neuf
,201700020386,2017-05-24,56,10,56054,47.64652,-3.15965,Giratoire,Deux véhicules - par le coté,Plein jour,Normale,Route Départementale,,2,Plat,,6,15,normale,,,Conducteur,2,M,70-71,Promenade - loisirs,Casque,Non,1,1,05 - mai,2 - mercredi,Erdeven
,201700021172,2017-05-24,17,8,17300,46.15869,-1.15953,Intersection en X,Deux véhicules - par le coté,Plein jour,Normale,Voie Communale,,2,Plat,Partie rectiligne,,106,normale,,Sur chaussée,Conducteur,1,F,48-49,Domicile - travail,Equipement réfléchissant,Oui,1,1,05 - mai,2 - mercredi,Rochelle
,201700026188,2017-05-24,34,16,34172,43.58183,3.86872,Hors intersection,Aucune,Plein jour,Normale,Voie Communale,,2,Plat,Partie rectiligne,,68,normale,,Sur chaussée,Conducteur,2,M,31-32,Domicile - travail,Casque,Non,,1,05 - mai,2 - mercredi,Montpellier
,201700029289,2017-05-24,49,8,49007,47.45969,-0.52956,Hors intersection,Aucune,Plein jour,Normale,Voie Communale,,2,Plat,Partie rectiligne,,50,normale,,Sur chaussée,Conducteur,2,F,52-53,Promenade - loisirs,Casque,Non déterminable,,1,05 - mai,2 - mercredi,Angers
,201700031294,2017-05-24,57,19,57672,49.35309,6.17479,Giratoire,Autre,Plein jour,Normale,Voie Communale,,1,Plat,En courbe à gauche,,70,normale,,Sur chaussée,Conducteur,1,M,48-49,Promenade - loisirs,Casque,Oui,1,1,05 - mai,2 - mercredi,Thionville
,201700034728,2017-05-24,69,13,69266,45.75956,4.88499,Intersection en T,Deux véhicules - par le coté,Plein jour,Normale,Voie Communale,,1,Plat,En courbe à droite,,,normale,,Sur chaussée,Conducteur,1,F,74-75,,Autre,Non déterminable,1,1,05 - mai,2 - mercredi,Villeurbanne
,201700041030,2017-05-24,92,19,92076,0,0,Intersection en X,Deux véhicules - par le coté,Plein jour,Normale,Voie Communale,,2,Plat,Partie rectiligne,,,normale,,Sur chaussée,Conducteur,1,M,13-14,Promenade - loisirs,Casque,Oui,1,1,05 - mai,2 - mercredi,Vaucresson
,201700045297,2017-05-24,94,18,94068,0,0,Hors intersection,Autre,Plein jour,Normale,Voie Communale,,1,,,,,normale,,Sur chaussée,Conducteur,1,F,51-52,,Autre,Non déterminable,1,1,05 - mai,2 - mercredi,Saint-Maur-des-Fossés
,201700054439,2017-05-24,75,20,75111,48.8539,2.38197,Intersection en T,Autre,Plein jour,Normale,Voie Communale,,1,Plat,Partie rectiligne,,80,normale,,Sur chaussée,Conducteur,1,M,25-26,Domicile - travail,Casque,Non déterminable,1,1,05 - mai,2 - mercredi,Paris 11e  Arrondissement
,201700054747,2017-05-24,75,18,75112,48.8532,2.37022,Place,Deux véhicules - par le coté,Plein jour,Normale,Voie Communale,,5,Plat,En courbe à gauche,,150,normale,,,Conducteur,1,M,60-61,Domicile - travail,Casque,Oui,1,1,05 - mai,2 - mercredi,Paris 12e  Arrondissement
,201700055480,2017-05-24,75,9,75114,48.831,2.31782,Intersection en Y,Deux véhicules - par le coté,Plein jour,Normale,Voie Communale,,1,Plat,Partie rectiligne,,30,normale,,Sur chaussée,Conducteur,1,M,38-39,Promenade - loisirs,Casque,Non déterminable,1,1,05 - mai,2 - mercredi,Paris 14e  Arrondissement
,201700056965,2017-05-24,75,17,75118,48.8911,2.34961,Hors intersection,Autre,Plein jour,Normale,Voie Communale,,4,Pente,Partie rectiligne,,,normale,,Sur chaussée,Conducteur,1,F,37-38,Domicile - travail,Casque,Non déterminable,1,1,05 - mai,2 - mercredi,Paris 18e  Arrondissement
,201700000644,2017-05-23,29,12,29046,48.09314,-4.32892,Intersection en X,Deux véhicules - par le coté,Plein jour,Normale,Voie Communale,Avec voies d’affectation variable,,,,,,,,,Conducteur,2,M,63-64,Promenade - loisirs,Casque,Non,1,1,05 - mai,1 - mardi,Douarnenez
,201700001070,2017-05-23,72,18,72154,47.69738,-0.0694,Hors intersection,Deux véhicules - par le coté,Plein jour,Normale,Route Départementale,,2,Plat,Partie rectiligne,,,normale,,Sur chaussée,Conducteur,2,M,16-17,Domicile - travail,Autre,Non déterminable,1,1,05 - mai,1 - mardi,Flèche
,201700012148,2017-05-23,87,16,87066,45.7226,1.1002,Hors intersection,Deux véhicules - par le coté,Plein jour,Normale,Route Départementale,,2,Plat,Partie rectiligne,,50,normale,,Sur chaussée,Conducteur,1,M,58-59,Promenade - loisirs,Equipement réfléchissant,Non,1,,05 - mai,1 - mardi,Flavignac
,201700017309,2017-05-23,68,11,68374,48.07618,7.2866,Intersection en X,Trois véhicules et plus - collisions multiples,Plein jour,Normale,Voie Communale,,1,Plat,Partie rectiligne,,40,normale,Carrefour aménagé,Sur chaussée,Conducteur,2,M,60-61,Promenade - loisirs,Casque,Oui,1,1,05 - mai,1 - mardi,Wintzenheim
,201700017309,2017-05-23,68,11,68374,48.07618,7.2866,Intersection en X,Trois véhicules et plus - collisions multiples,Plein jour,Normale,Voie Communale,,1,Plat,Partie rectiligne,,40,normale,Carrefour aménagé,Sur chaussée,Conducteur,2,M,66-67,Promenade - loisirs,Casque,Oui,1,1,05 - mai,1 - mardi,Wintzenheim
,201700021171,2017-05-23,17,8,17300,46.16914,-1.1465,Hors intersection,Deux véhicules - par le coté,Plein jour,Normale,Voie Communale,,2,Plat,Partie rectiligne,48,70,normale,,Sur chaussée,Conducteur,1,M,18-19,Domicile - école,Casque,Oui,1,1,05 - mai,1 - mardi,Rochelle
,201700021856,2017-05-23,18,17,18033,47.10553,2.42387,Hors intersection,Deux véhicules - par le coté,Plein jour,Normale,Voie Communale,,2,Plat,Partie rectiligne,,60,normale,,Sur chaussée,Conducteur,2,M,57-58,Promenade - loisirs,Casque,Oui,1,,05 - mai,1 - mardi,Bourges
,201700022506,2017-05-23,23,13,23096,46.17234,1.86762,Intersection en X,Deux véhicules - par le coté,Plein jour,Normale,Voie Communale,,2,Pente,Partie rectiligne,,69,normale,Carrefour aménagé,Sur chaussée,Conducteur,1,M,20-21,Promenade - loisirs,Casque,Non,1,1,05 - mai,1 - mardi,Guéret
,201700022715,2017-05-23,26,18,26094,45.17482,4.92357,Hors intersection,Deux véhicules - par l’arrière,Plein jour,Normale,Route Départementale,,2,Sommet de côte,Partie rectiligne,50,,normale,Souterrain - tunnel,Sur chaussée,Conducteur,2,M,32-33,Promenade - loisirs,Casque,Non,1,,05 - mai,1 - mardi,Claveyson
,201700023891,2017-05-23,29,19,29232,48.01521,-4.08164,Giratoire,Deux véhicules - par le coté,Plein jour,Normale,Voie Communale,,1,Plat,En courbe à droite,,,normale,Carrefour aménagé,Sur chaussée,Conducteur,1,M,9-10,Promenade - loisirs,Autre,Non,1,1,05 - mai,1 - mardi,Quimper
,201700027217,2017-05-23,37,15,37261,47.39304,0.68774,Hors intersection,Aucune,Plein jour,Normale,Voie Communale,,2,Plat,Partie rectiligne,,80,normale,Zone piétonne,Sur chaussée,Conducteur,1,F,62-63,Promenade - loisirs,Casque,Non,,1,05 - mai,1 - mardi,Tours
,201700027782,2017-05-23,40,18,40192,43.88959,-0.49826,Hors intersection,Deux véhicules - par le coté,Plein jour,Normale,Voie Communale,,2,Plat,Partie rectiligne,,,normale,,,Conducteur,1,F,47-48,Domicile - travail,Equipement réfléchissant,Non déterminable,1,1,05 - mai,1 - mardi,Mont-de-Marsan
,201700028805,2017-05-23,45,20,45285,47.90981,1.88168,Intersection en T,Deux véhicules - frontale,Plein jour,Temps éblouissant,Voie Communale,,6,Plat,Partie rectiligne,,126,normale,,Sur chaussée,Conducteur,1,F,26-27,Domicile - travail,Autre,Non déterminable,1,1,05 - mai,1 - mardi,Saint-Jean-de-la-Ruelle
,201700031044,2017-05-23,56,18,56260,47.64175,-2.76111,Hors intersection,Autre,Plein jour,Normale,Autre,,1,Plat,Partie rectiligne,,,normale,Zone piétonne,Sur accotement,Conducteur,0,M,11-12,Promenade - loisirs,Equipement réfléchissant,Oui,,1,05 - mai,1 - mardi,Vannes
,201700033807,2017-05-23,52,23,52182,48.5866,4.87812,Intersection en Y,Autre,Nuit sans éclairage public,Normale,Route Départementale,,2,Plat,,,15,flaques,,,Conducteur,3,M,55-56,Promenade - loisirs,Casque,Non,,1,05 - mai,1 - mardi,Éclaron-Braucourt-Sainte-Livière
,201700034101,2017-05-23,67,14,67482,48.5842,7.69303,Intersection en T,Deux véhicules - par le coté,Plein jour,Normale,Voie Communale,,2,Plat,Partie rectiligne,,70,normale,,,Conducteur,1,M,13-14,,Casque,Oui,1,1,05 - mai,1 - mardi,Strasbourg
,201700034102,2017-05-23,67,19,67482,48.57956,7.76691,Hors intersection,Deux véhicules - par le coté,Plein jour,Normale,Voie Communale,,2,Plat,Partie rectiligne,,,normale,,,Conducteur,1,M,20-21,Promenade - loisirs,Casque,Oui,1,1,05 - mai,1 - mardi,Strasbourg
,201700034102,2017-05-23,67,19,67482,48.57956,7.76691,Hors intersection,Deux véhicules - par le coté,Plein jour,Normale,Voie Communale,,2,Plat,Partie rectiligne,,,normale,,,Conducteur,1,M,19-20,Promenade - loisirs,Casque,Oui,1,1,05 - mai,1 - mardi,Strasbourg
,201700040660,2017-05-23,92,12,92050,0,0,Hors intersection,Deux véhicules - frontale,Plein jour,Normale,Autre,,2,Plat,Partie rectiligne,30,50,normale,,Sur chaussée,Conducteur,1,M,33-34,,Casque,Oui,1,1,05 - mai,1 - mardi,Nanterre
,201700044255,2017-05-23,94,20,94022,0,0,Intersection en T,Deux véhicules - par le coté,Plein jour,Normale,Voie Communale,,2,Plat,Partie rectiligne,,66,normale,,Sur chaussée,Conducteur,1,F,8-9,Promenade - loisirs,Casque,Non,1,1,05 - mai,1 - mardi,Choisy-le-Roi
,201700045818,2017-05-23,95,17,95063,48.9397,2.2068,Hors intersection,Deux véhicules - par le coté,Plein jour,Normale,Route Départementale,,2,Plat,Partie rectiligne,,,normale,,Sur chaussée,Conducteur,1,M,45-46,Domicile - travail,Autre,Non déterminable,1,1,05 - mai,1 - mardi,Bezons
,201700050825,2017-05-23,69,9,69383,45.75,4.85,Hors intersection,Deux véhicules - par le coté,Plein jour,Normale,Voie Communale,,7,Plat,Partie rectiligne,,,normale,,Sur chaussée,Conducteur,1,M,30-31,Domicile - travail,Autre,Non déterminable,1,1,05 - mai,1 - mardi,Lyon 3e  Arrondissement
,201700054745,2017-05-23,75,12,75112,48.8458,2.37405,Intersection en X,Autre,Plein jour,Normale,Voie Communale,,3,Plat,Partie rectiligne,,,normale,,Sur chaussée,Conducteur,1,M,45-46,Domicile - travail,Casque,Non,1,1,05 - mai,1 - mardi,Paris 12e  Arrondissement
,201700055146,2017-05-23,75,14,75113,48.8192,2.35948,Intersection en X,Autre,Plein jour,Normale,Voie Communale,,4,Plat,Partie rectiligne,,30,normale,,Sur chaussée,Conducteur,1,M,19-20,Utilisation professionnelle,Casque,Non déterminable,1,1,05 - mai,1 - mardi,Paris 13e  Arrondissement
,201700057871,2017-05-23,75,19,75109,48.8762,2.34512,Hors intersection,Deux véhicules - par l’arrière,Plein jour,Normale,Voie Communale,,1,Plat,Partie rectiligne,,104,normale,,Sur chaussée,Conducteur,1,M,31-32,Domicile - travail,Casque,Oui,1,1,05 - mai,1 - mardi,Paris 9e  Arrondissement
,201700000694,2017-05-22,29,16,29042,48.27957,-4.52892,Giratoire,Deux véhicules - par le coté,Plein jour,Normale,Route Départementale,,2,Pente,,,10,normale,,Sur chaussée,Conducteur,2,M,80-81,Promenade - loisirs,Casque,Oui,1,,05 - mai,0 - lundi,Crozon
,201700018229,2017-05-22,49,17,49170,47.63869,-0.49333,Hors intersection,Deux véhicules - par le coté,Plein jour,Normale,Route Départementale,,2,Plat,,,10,normale,,Sur chaussée,Conducteur,0,M,65-66,Promenade - loisirs,Casque,Non,1,,05 - mai,0 - lundi,Juvardeil
,201700021170,2017-05-22,17,17,17300,46.16331,-1.18205,Intersection en X,Deux véhicules - par le coté,Plein jour,Normale,Voie Communale,,2,Pente,Partie rectiligne,,56,normale,,Sur chaussée,Conducteur,1,M,14-15,Domicile - école,Casque,Oui,1,1,05 - mai,0 - lundi,Rochelle
,201700028351,2017-05-22,44,8,44109,47.23168,-1.52283,Hors intersection,Deux véhicules - par le coté,Plein jour,Normale,Voie Communale,,,Plat,Partie rectiligne,,,normale,,Sur chaussée,Conducteur,1,M,11-12,,Casque,Non déterminable,1,1,05 - mai,0 - lundi,Nantes
,201700029285,2017-05-22,49,14,49015,47.50059,-0.59009,Giratoire,Autre,Plein jour,Normale,Voie Communale,,2,Plat,Partie rectiligne,,84,normale,,Sur chaussée,Conducteur,1,M,34-35,Promenade - loisirs,Casque,Non déterminable,1,1,05 - mai,0 - lundi,Avrillé
,201700033189,2017-05-22,64,10,64445,43.31604,-0.36125,Intersection en T,Deux véhicules - par le coté,Plein jour,Normale,Voie Communale,,2,Plat,Partie rectiligne,,,normale,Carrefour aménagé,Sur chaussée,Conducteur,1,M,18-19,Domicile - école,Casque,Non,1,1,05 - mai,0 - lundi,Pau
,201700035859,2017-05-22,76,21,76351,49.49753,0.11557,Intersection en X,Deux véhicules - par le coté,Crépuscule ou aube,Normale,Voie Communale,,1,Plat,Partie rectiligne,,60,normale,,,Conducteur,1,F,46-47,Promenade - loisirs,Casque,Non déterminable,1,1,05 - mai,0 - lundi,Havre
,201700039783,2017-05-22,92,8,92024,48.90386,2.31191,Intersection en T,Deux véhicules - par le coté,Plein jour,Normale,Route Départementale,,2,Plat,Partie rectiligne,,,normale,,Sur chaussée,Conducteur,1,M,41-42,Domicile - travail,Casque,Oui,1,1,05 - mai,0 - lundi,Clichy
,201700045296,2017-05-22,94,16,94068,0,0,Hors intersection,Deux véhicules - par le coté,Plein jour,Normale,Voie Communale,,4,Plat,Partie rectiligne,65,60,normale,,Sur chaussée,Conducteur,1,F,64-65,,Autre,Non déterminable,1,1,05 - mai,0 - lundi,Saint-Maur-des-Fossés
,201700050823,2017-05-22,69,11,69383,45.758,4.86181,Hors intersection,Deux véhicules - frontale,Plein jour,Normale,Voie Communale,,4,Plat,Partie rectiligne,,,normale,,Sur chaussée,Conducteur,1,M,66-67,,Casque,Oui,1,1,05 - mai,0 - lundi,Lyon 3e  Arrondissement
,201700053080,2017-05-22,75,9,75104,48.8562,2.34643,Intersection en X,Deux véhicules - par le coté,Plein jour,Normale,Voie Communale,,2,Plat,,,,normale,,Sur chaussée,Conducteur,1,F,27-28,Domicile - travail,Casque,Non déterminable,1,1,05 - mai,0 - lundi,Paris 4e  Arrondissement
,201700053219,2017-05-22,75,17,75105,48.8506,2.34641,Intersection en T,Deux véhicules - par l’arrière,Plein jour,Normale,Voie Communale,,1,Plat,Partie rectiligne,10,40,normale,,Sur chaussée,Conducteur,1,M,17-18,Autre,Casque,Non déterminable,1,1,05 - mai,0 - lundi,Paris 5e  Arrondissement
,201700054434,2017-05-22,75,15,75111,48.8574,2.38081,Intersection en Y,Deux véhicules - par le coté,Plein jour,Normale,Voie Communale,,1,Plat,En courbe à droite,,40,normale,,,Conducteur,1,F,55-56,Domicile - travail,Casque,Non déterminable,1,1,05 - mai,0 - lundi,Paris 11e  Arrondissement
,201700054435,2017-05-22,75,19,75111,48.8646,2.37798,Intersection en X,Deux véhicules - par le coté,Plein jour,Normale,Voie Communale,,2,Plat,Partie rectiligne,,140,normale,Carrefour aménagé,Sur chaussée,Conducteur,1,M,27-28,Autre,Casque,Non déterminable,1,1,05 - mai,0 - lundi,Paris 11e  Arrondissement
,201700057301,2017-05-22,75,18,75119,48.8913,2.36879,Hors intersection,Deux véhicules - par le coté,Plein jour,Normale,Voie Communale,,10,Plat,Partie rectiligne,,50,normale,,Sur chaussée,Conducteur,1,M,13-14,Domicile - école,Casque,Non déterminable,1,1,05 - mai,0 - lundi,Paris 19e  Arrondissement
,201700059348,2017-05-22,972,15,97221,0,0,Intersection en T,Deux véhicules - par le coté,Plein jour,Normale,Route Départementale,,2,Pente,,6,515,normale,,,Conducteur,2,M,28-29,Promenade - loisirs,Casque,Oui,1,1,05 - mai,0 - lundi,Rivière-Salée
,201700003740,2017-05-21,13,10,13027,43.87332,4.85279,Hors intersection,Aucune,Plein jour,Normale,Voie Communale,,2,Pente,Partie rectiligne,,49,normale,,Sur chaussée,Conducteur,2,F,63-64,Promenade - loisirs,Casque,Non,,1,05 - mai,6 - dimanche,Châteaurenard
,201700015721,2017-05-21,3,19,3195,46.28937,2.65161,Intersection en T,Deux véhicules - par le coté,Plein jour,Temps éblouissant,Voie Communale,,2,Plat,,5,10,normale,,,Conducteur,1,M,24-25,Promenade - loisirs,Casque,Non déterminable,1,1,05 - mai,6 - dimanche,Néris-les-Bains
,201700016598,2017-05-21,29,11,29148,48.60639,-4.02109,Hors intersection,Aucune,Plein jour,Normale,Voie Communale,,2,Sommet de côte,Partie rectiligne,,65,normale,,Sur accotement,Conducteur,3,M,71-72,Promenade - loisirs,Casque,Oui,,,05 - mai,6 - dimanche,Mespaul
,201700020679,2017-05-21,62,11,62448,50.66125,1.67509,Hors intersection,Deux véhicules - frontale,Plein jour,Normale,Route Départementale,,2,Bas de côte,Partie rectiligne,,,normale,Pont - autopont,Sur chaussée,Conducteur,2,M,52-53,Promenade - loisirs,Casque,Oui,1,1,05 - mai,6 - dimanche,'Hesdin-l''Abbé'
,201700020907,2017-05-21,83,10,83125,43.52587,5.8647,Hors intersection,Deux véhicules - par le coté,Plein jour,Normale,Route Départementale,,2,Plat,En courbe à gauche,,35,normale,,Sur chaussée,Conducteur,2,M,50-51,Promenade - loisirs,Casque,Oui,1,,05 - mai,6 - dimanche,'Seillons-Source-d''Argens'
,201700022081,2017-05-21,72,12,72299,47.86125,0.31273,Hors intersection,Autre,Plein jour,Normale,Route Départementale,,2,Plat,Partie rectiligne,,,normale,,Sur accotement,Conducteur,2,M,49-50,Promenade - loisirs,Casque,Oui,1,,05 - mai,6 - dimanche,'Saint-Mars-d''Outillé'
,201700024017,2017-05-21,60,15,60256,49.29704,2.02683,Autre intersection,Autre,Plein jour,Normale,Route Départementale,,2,Plat,,5,810,,,,Conducteur,1,M,80-81,Promenade - loisirs,Casque,Oui,1,,05 - mai,6 - dimanche,Fresneaux-Montchevreuil
,201700052899,2017-05-21,75,21,75102,48.867,2.35294,Intersection en T,Deux véhicules - par le coté,Crépuscule ou aube,Normale,Voie Communale,,4,Plat,Partie rectiligne,,,normale,Carrefour aménagé,Sur chaussée,Conducteur,1,M,28-29,,Casque,Non,1,1,05 - mai,6 - dimanche,Paris 2e  Arrondissement
,201700056130,2017-05-21,75,7,75116,48.8388,2.25681,Hors intersection,Deux véhicules - par l’arrière,Plein jour,Normale,Voie Communale,,,Plat,Partie rectiligne,,,normale,,Sur chaussée,Conducteur,1,M,38-39,Promenade - loisirs,Casque,Non,1,1,05 - mai,6 - dimanche,Paris 16e  Arrondissement
,201700056597,2017-05-21,75,13,75117,48.888,2.3246,Intersection en T,Deux véhicules - par l’arrière,Plein jour,Normale,Voie Communale,,1,Pente,Partie rectiligne,,,normale,,Sur chaussée,Conducteur,1,M,30-31,Promenade - loisirs,Casque,Oui,1,1,05 - mai,6 - dimanche,Paris 17e  Arrondissement
,201700060414,2017-05-21,974,18,97416,-21.34356,55.46893,Giratoire,Deux véhicules - frontale,Crépuscule ou aube,Normale,Voie Communale,,2,,,,,,,Sur chaussée,Conducteur,1,M,14-15,,Casque,Non,1,1,05 - mai,6 - dimanche,Saint-Pierre
,201700000874,2017-05-20,50,11,50643,49.5723,-1.72763,Hors intersection,Deux véhicules - par l’arrière,Plein jour,Normale,Route Départementale,,2,Plat,Partie rectiligne,,46,normale,,Sur chaussée,Conducteur,2,M,10-11,Promenade - loisirs,Casque,Oui,1,,05 - mai,5 - samedi,Virandeville
,201700002654,2017-05-20,73,17,73157,45.19438,6.66,Hors intersection,Deux véhicules - par le coté,Plein jour,Normale,Route Départementale,,2,Plat,Partie rectiligne,,,normale,,Sur chaussée,Conducteur,2,M,42-43,Domicile - travail,Casque,Non,1,1,05 - mai,5 - samedi,Modane
,201700012626,2017-05-20,85,17,85204,46.82377,-1.76136,Intersection en T,Deux véhicules - par le coté,Plein jour,Normale,Route Départementale,,2,Plat,,,10,normale,,,Conducteur,2,M,13-14,Promenade - loisirs,Equipement réfléchissant,Non,1,1,05 - mai,5 - samedi,Saint-Christophe-du-Ligneron
,201700015378,2017-05-20,70,8,70138,47.64518,5.97798,Giratoire,Deux véhicules - par le coté,Plein jour,Normale,Route Départementale,,2,Plat,,7,10,normale,Carrefour aménagé,Sur chaussée,Conducteur,2,M,37-38,Promenade - loisirs,Casque,Non déterminable,1,1,05 - mai,5 - samedi,Chassey-lès-Scey
,201700016091,2017-05-20,38,12,38333,45.14455,5.47966,Hors intersection,Deux véhicules - frontale,Plein jour,Normale,Route Départementale,,2,Pente,En courbe à gauche,,40,normale,,Sur chaussée,Conducteur,2,M,27-28,Promenade - loisirs,Casque,Oui,1,,05 - mai,5 - samedi,Rencurel
,201700027212,2017-05-20,37,15,37261,47.38954,0.69568,Hors intersection,Autre,Plein jour,Normale,Voie Communale,,3,Plat,Partie rectiligne,,,normale,,Sur chaussée,Conducteur,2,M,80-81,Promenade - loisirs,Equipement réfléchissant,Oui,1,1,05 - mai,5 - samedi,Tours
,201700027816,2017-05-20,41,20,41047,47.60957,1.36418,Hors intersection,Deux véhicules - par le coté,Plein jour,Normale,Voie Communale,,2,Pente,En « S »,,,normale,,Sur chaussée,Conducteur,2,M,7-8,Promenade - loisirs,Casque,Non,1,,05 - mai,5 - samedi,Chaussée-Saint-Victor
,201700035396,2017-05-20,73,20,73011,45.665,6.379,Hors intersection,Deux véhicules - par le coté,Plein jour,Normale,Voie Communale,,2,Plat,Partie rectiligne,,60,normale,,Sur chaussée,Conducteur,1,F,11-12,Promenade - loisirs,Autre,Non déterminable,1,1,05 - mai,5 - samedi,Albertville
,201700039035,2017-05-20,91,15,91692,48.67735,2.17308,Hors intersection,Autre,Plein jour,Normale,Voie Communale,,2,Plat,Partie rectiligne,,,normale,,Sur chaussée,Conducteur,1,M,62-63,Promenade - loisirs,Casque,Oui,,1,05 - mai,5 - samedi,Ulis
,201700041266,2017-05-20,92,,92046,0,0,Hors intersection,Aucune,Plein jour,Normale,Voie Communale,,,Plat,Partie rectiligne,,,normale,,Sur trottoir,Conducteur,0,M,47-48,,Casque,Non déterminable,,1,05 - mai,5 - samedi,Malakoff
,201700041280,2017-05-20,92,14,92078,0,0,Hors intersection,Deux véhicules - par le coté,Plein jour,Normale,Voie Communale,,2,Plat,Partie rectiligne,,,normale,,Sur chaussée,Conducteur,1,M,38-39,,Autre,Non déterminable,1,1,05 - mai,5 - samedi,Villeneuve-la-Garenne
,201700054208,2017-05-20,75,14,75110,48.8837,2.35036,Hors intersection,Autre,Plein jour,Normale,Voie Communale,,1,Plat,Partie rectiligne,,60,normale,,Sur piste cyclable,Conducteur,0,M,33-34,,Casque,Non déterminable,,1,05 - mai,5 - samedi,Paris 10e  Arrondissement
,201700056962,2017-05-20,75,20,75118,48.9013,2.3441,Intersection en X,Deux véhicules - par le coté,Plein jour,Temps éblouissant,Voie Communale,,,Plat,Partie rectiligne,,,normale,,Sur chaussée,Conducteur,1,M,25-26,,Casque,Non déterminable,1,1,05 - mai,5 - samedi,Paris 18e  Arrondissement
,201700005541,2017-05-19,6,18,6004,43.55073,7.11889,Hors intersection,Autre,Plein jour,Normale,Voie Communale,,2,Pente,En courbe à gauche,,30,normale,,Sur chaussée,Conducteur,2,M,21-22,,Casque,Oui,1,,05 - mai,4 - vendredi,Antibes
,201700005541,2017-05-19,6,18,6004,43.55073,7.11889,Hors intersection,Autre,Plein jour,Normale,Voie Communale,,2,Pente,En courbe à gauche,,30,normale,,Sur chaussée,Conducteur,2,M,16-17,Promenade - loisirs,Casque,Oui,1,,05 - mai,4 - vendredi,Antibes