test,identifiantAccident,date,departement,heure,commune,lat,lon,typeIntersection,typeCollision,luminosite,conditionsAtmosperiques,typeRoute,circulation,nbVoies,profilLongRoute,tracePlanRoute,largeurTPC,largeurRoute,etatSurface,amenagement,situation,categorieUsager,graviteAccident,sexe,age,motifDeplacement,existenceSecurite,usageSecurite,nombreAutresVehicules,enAgglomeration,mois,jour,NCCENR
,201700011136,2017-05-19,13,19,13103,43.64049,5.05795,Hors intersection,Deux véhicules - frontale,Plein jour,Normale,Route Départementale,,2,Plat,Partie rectiligne,,60,normale,,Sur chaussée,Conducteur,2,M,10-11,,Autre,Non déterminable,1,,05 - mai,4 - vendredi,Salon-de-Provence
,201700022938,2017-05-19,26,13,26058,44.93892,4.89609,Intersection en X,Deux véhicules - par le coté,Plein jour,Normale,Voie Communale,,2,Plat,Partie rectiligne,,,,,Sur chaussée,Conducteur,1,F,20-21,,Casque,Non,1,1,05 - mai,4 - vendredi,Bourg-lès-Valence
,201700028631,2017-05-19,45,9,45208,47.99797,2.74052,Hors intersection,Deux véhicules - par le coté,Plein jour,Normale,Parc de stationnement ouvert à la circulation publique,,,Plat,Partie rectiligne,,50,normale,,Sur chaussée,Conducteur,1,M,79-80,Promenade - loisirs,Autre,Non,1,,05 - mai,4 - vendredi,Montargis
,201700029283,2017-05-19,49,7,49007,47.46504,-0.54541,Hors intersection,Deux véhicules - frontale,Plein jour,Normale,Voie Communale,,2,Plat,Partie rectiligne,,56,normale,,Sur chaussée,Conducteur,1,F,52-53,Domicile - travail,Casque,Non déterminable,1,1,05 - mai,4 - vendredi,Angers
,201700039211,2017-05-19,92,18,92002,0,0,Intersection en T,Autre,Plein jour,Normale,Route Départementale,,2,Plat,Partie rectiligne,,,normale,,Sur chaussée,Conducteur,1,F,76-77,Autre,Autre,Oui,1,1,05 - mai,4 - vendredi,Antony
,201700050817,2017-05-19,69,2,69386,45.7666,4.858,Intersection en X,Deux véhicules - par le coté,Nuit avec éclairage public allumé,Pluie forte,Voie Communale,,2,Plat,,,,mouillée,,Sur chaussée,Conducteur,2,M,33-34,Promenade - loisirs,Equipement réfléchissant,Oui,1,1,05 - mai,4 - vendredi,Lyon 6e  Arrondissement
,201700054207,2017-05-19,75,8,75110,48.8815,2.35134,Intersection en Y,Deux véhicules - par le coté,Plein jour,Temps couvert,Voie Communale,,1,Pente,Partie rectiligne,,35,normale,,,Conducteur,1,M,15-16,,Casque,Non déterminable,1,1,05 - mai,4 - vendredi,Paris 10e  Arrondissement
,201700000608,2017-05-18,22,15,22012,48.58193,-2.44153,Hors intersection,Autre,Plein jour,Normale,Route Départementale,,2,Plat,Partie rectiligne,,,normale,,Sur chaussée,Conducteur,2,M,49-50,Promenade - loisirs,Casque,Oui,,,05 - mai,3 - jeudi,Bouillie
,201700008304,2017-05-18,11,16,11262,43.17587,2.99352,Intersection en T,Deux véhicules - par le coté,Plein jour,Normale,Voie Communale,,3,Plat,En courbe à gauche,,,normale,,,Conducteur,1,M,80-81,Promenade - loisirs,Autre,Non déterminable,1,,05 - mai,3 - jeudi,Narbonne
,201700013593,2017-05-18,10,18,10114,48.51671,3.64883,Autre intersection,Deux véhicules - par le coté,Plein jour,Normale,Voie Communale,,2,Plat,,,10,normale,,,Conducteur,1,M,9-10,Domicile - école,Casque,Oui,1,1,05 - mai,3 - jeudi,Crancey
,201700016061,2017-05-18,38,15,38334,45.19405,5.85185,Hors intersection,Deux véhicules - par l’arrière,Plein jour,Normale,Route Départementale,,2,Pente,En courbe à droite,,,normale,,Sur chaussée,Conducteur,2,M,67-68,Promenade - loisirs,Casque,Oui,1,,05 - mai,3 - jeudi,Revel
,201700023237,2017-05-18,28,21,28404,48.73721,1.38143,Hors intersection,Deux véhicules - frontale,Plein jour,Pluie légère,Voie Communale,,1,Plat,En courbe à gauche,,30,mouillée,Carrefour aménagé,Sur chaussée,Conducteur,2,M,49-50,Domicile - travail,Casque,Oui,1,1,05 - mai,3 - jeudi,Vernouillet
,201700025769,2017-05-18,33,23,33063,44.8333,-0.59418,Intersection en X,Deux véhicules - frontale,Nuit avec éclairage public allumé,Pluie légère,Voie Communale,,6,Plat,Partie rectiligne,,200,mouillée,,Sur chaussée,Conducteur,1,M,47-48,Promenade - loisirs,Casque,Non déterminable,1,1,05 - mai,3 - jeudi,Bordeaux
,201700027820,2017-05-18,41,11,41018,47.59285,1.31353,Intersection en X,Deux véhicules - par le coté,Plein jour,Pluie légère,Voie Communale,,2,Plat,Partie rectiligne,,,mouillée,,Sur chaussée,Conducteur,2,M,17-18,Domicile - travail,Equipement réfléchissant,Non,1,1,05 - mai,3 - jeudi,Blois
,201700040409,2017-05-18,92,11,92044,0,0,Hors intersection,Autre,Plein jour,Normale,Voie Communale,,2,Plat,Partie rectiligne,,,normale,,Sur chaussée,Conducteur,0,M,55-56,,Autre,Non déterminable,,1,05 - mai,3 - jeudi,Levallois-Perret
,201700041265,2017-05-18,92,9,92046,0,0,Intersection en X,Deux véhicules - par le coté,Plein jour,Normale,Voie Communale,,1,Plat,Partie rectiligne,,,normale,,Sur chaussée,Conducteur,2,F,47-48,Domicile - travail,Autre,Non déterminable,1,1,05 - mai,3 - jeudi,Malakoff
,201700042320,2017-05-18,93,8,93006,0,0,Hors intersection,Autre,Plein jour,Temps couvert,Voie Communale,,2,Plat,Partie rectiligne,,25,normale,,Sur chaussée,Conducteur,2,M,47-48,Domicile - travail,Autre,Non déterminable,1,1,05 - mai,3 - jeudi,Bagnolet
,201700052763,2017-05-18,75,21,75101,48.8674,2.32961,Hors intersection,Deux véhicules - par le coté,Nuit avec éclairage public allumé,Pluie légère,Voie Communale,,2,Plat,Partie rectiligne,,,mouillée,,Sur chaussée,Conducteur,1,M,20-21,Utilisation professionnelle,Casque,Non déterminable,1,1,05 - mai,3 - jeudi,Paris 1er Arrondissement
,201700055473,2017-05-18,75,,75114,48.8311,2.32965,Hors intersection,Trois véhicules et plus - en chaîne,Nuit avec éclairage public allumé,Pluie légère,Voie Communale,,5,Plat,Partie rectiligne,,220,mouillée,,Sur chaussée,Conducteur,1,F,22-23,,Casque,Oui,2,1,05 - mai,3 - jeudi,Paris 14e  Arrondissement
,201700057296,2017-05-18,75,18,75119,48.8906,2.37641,Intersection en T,Autre,Plein jour,Normale,Voie Communale,,,Plat,Partie rectiligne,,,normale,,Sur chaussée,Conducteur,0,M,21-22,Utilisation professionnelle,Casque,Oui,,1,05 - mai,3 - jeudi,Paris 19e  Arrondissement
,201700002746,2017-05-17,74,17,74154,46.40573,6.64881,Hors intersection,Deux véhicules - par l’arrière,Plein jour,Normale,Route Départementale,,1,Plat,,,,normale,,Sur chaussée,Conducteur,2,M,51-52,Promenade - loisirs,Casque,Oui,1,,05 - mai,2 - mercredi,Lugrin
,201700003638,2017-05-17,70,19,70046,47.61996,6.43679,Intersection en X,Deux véhicules - par le coté,Plein jour,Normale,Route Départementale,,2,Pente,Partie rectiligne,,47,normale,,Sur chaussée,Conducteur,2,M,35-36,Promenade - loisirs,Casque,Oui,1,,05 - mai,2 - mercredi,Aynans
,201700006210,2017-05-17,6,7,6088,43.71333,7.2889,Intersection en X,Deux véhicules - par le coté,Plein jour,Normale,Voie Communale,,4,Plat,Partie rectiligne,,,normale,Carrefour aménagé,Sur chaussée,Conducteur,2,M,42-43,Promenade - loisirs,Autre,Non déterminable,1,1,05 - mai,2 - mercredi,Nice
,201700014082,2017-05-17,60,18,60646,49.48242,2.0381,Hors intersection,Aucune,Plein jour,Normale,Voie Communale,,1,Pente,,,10,normale,,Sur chaussée,Conducteur,1,M,57-58,Promenade - loisirs,Autre,Non déterminable,,1,05 - mai,2 - mercredi,Troissereux
,201700017934,2017-05-17,42,17,42323,45.56968,4.29321,Passage à niveau,Deux véhicules - par le coté,Plein jour,Normale,Voie Communale,,2,Pente,,5,714,,,,Conducteur,2,M,52-53,Domicile - travail,Casque,Oui,1,1,05 - mai,2 - mercredi,Veauche
,201700018774,2017-05-17,71,17,71221,46.77361,4.7379,Hors intersection,Deux véhicules - frontale,Plein jour,Normale,Voie Communale,,2,Plat,Partie rectiligne,,,normale,,Sur chaussée,Conducteur,3,M,56-57,Promenade - loisirs,Casque,Oui,1,1,05 - mai,2 - mercredi,Givry
,201700019853,2017-05-17,79,11,79079,46.91458,-0.74347,Hors intersection,Aucune,Plein jour,Normale,Route Départementale,,2,Plat,Partie rectiligne,,65,normale,,Sur chaussée,Conducteur,3,M,68-69,Promenade - loisirs,Casque,Oui,,,05 - mai,2 - mercredi,Mauléon
,201700020987,2017-05-17,16,14,16374,45.64189,0.18564,Intersection en T,Deux véhicules - par le coté,Plein jour,Normale,Voie Communale,,1,Bas de côte,Partie rectiligne,,63,normale,,Sur chaussée,Conducteur,2,M,14-15,Promenade - loisirs,Autre,Non déterminable,1,1,05 - mai,2 - mercredi,Soyaux
,201700021053,2017-05-17,17,8,17299,45.93709,-0.98285,Giratoire,Deux véhicules - par le coté,Plein jour,Normale,Voie Communale,,1,Plat,En courbe à droite,,75,normale,,Sur chaussée,Conducteur,1,F,52-53,Courses - achats,Equipement réfléchissant,Non déterminable,1,1,05 - mai,2 - mercredi,Rochefort
,201700024001,2017-05-17,88,14,88089,48.18611,6.78679,Intersection en Y,Deux véhicules - par le coté,Plein jour,Normale,Route Départementale,,2,Plat,Partie rectiligne,,60,normale,Carrefour aménagé,Sur chaussée,Conducteur,2,M,10-11,Promenade - loisirs,Casque,Oui,1,1,05 - mai,2 - mercredi,Chapelle-devant-Bruyères
,201700027635,2017-05-17,38,20,38169,45.1961,5.69076,Hors intersection,Autre,Plein jour,Normale,Voie Communale,,2,Plat,Partie rectiligne,,56,normale,,Sur chaussée,Conducteur,3,M,12-13,Promenade - loisirs,Casque,Non,1,1,05 - mai,2 - mercredi,Fontaine
,201700027732,2017-05-17,38,8,38563,45.36109,5.58768,Intersection en T,Deux véhicules - par le coté,Plein jour,Normale,Voie Communale,,2,Pente,Partie rectiligne,,70,normale,,Sur chaussée,Conducteur,1,M,31-32,Domicile - travail,Casque,Oui,1,1,05 - mai,2 - mercredi,Voiron
,201700032742,2017-05-17,62,21,62510,50.41651,2.77227,Hors intersection,Deux véhicules - frontale,Crépuscule ou aube,Normale,Voie Communale,,2,Pente,Partie rectiligne,,80,normale,Zone piétonne,Sur chaussée,Conducteur,1,M,22-23,Autre,Autre,Non déterminable,1,1,05 - mai,2 - mercredi,Liévin
,201700033180,2017-05-17,64,9,64348,43.30124,-0.40963,Hors intersection,Deux véhicules - par le coté,Plein jour,Normale,Route Départementale,,1,Plat,En courbe à gauche,,,normale,,Sur chaussée,Conducteur,1,M,49-50,Domicile - travail,Casque,Oui,1,,05 - mai,2 - mercredi,Lons
,201700033181,2017-05-17,64,17,64445,43.30219,-0.35969,Hors intersection,Autre,Plein jour,Normale,Voie Communale,,2,Plat,Partie rectiligne,,60,normale,,Sur piste cyclable,Conducteur,1,F,52-53,Courses - achats,Casque,Oui,1,1,05 - mai,2 - mercredi,Pau
,201700035289,2017-05-17,72,7,72181,48.00456,0.17933,Intersection en X,Deux véhicules - par le coté,Plein jour,Normale,Voie Communale,,2,Plat,Partie rectiligne,,71,normale,,Sur chaussée,Conducteur,2,M,43-44,,Casque,Non,1,1,05 - mai,2 - mercredi,Mans
,201700053217,2017-05-17,75,10,75105,48.8485,2.35489,Hors intersection,Deux véhicules - par le coté,Plein jour,Normale,Voie Communale,,,Plat,,,60,normale,,Sur chaussée,Conducteur,1,F,35-36,Domicile - travail,Casque,Oui,1,1,05 - mai,2 - mercredi,Paris 5e  Arrondissement
,201700053498,2017-05-17,75,20,75107,48.8556,2.32683,Intersection en X,Autre,Crépuscule ou aube,Pluie légère,Voie Communale,,4,Plat,Partie rectiligne,,,mouillée,,Sur chaussée,Conducteur,2,M,20-21,,Casque,Non déterminable,1,1,05 - mai,2 - mercredi,Paris 7e  Arrondissement
,201700055777,2017-05-17,75,18,75115,48.8438,2.32295,Intersection en T,Autre,Plein jour,Normale,Voie Communale,,1,Plat,En courbe à droite,,,normale,Carrefour aménagé,Sur chaussée,Conducteur,1,F,35-36,Domicile - travail,Casque,Non déterminable,1,1,05 - mai,2 - mercredi,Paris 15e  Arrondissement
,201700058851,2017-05-17,973,19,97305,0,0,Hors intersection,Deux véhicules - par le coté,Nuit sans éclairage public,Temps couvert,Route Nationale,,2,Plat,Partie rectiligne,,,mouillée,,Sur chaussée,Conducteur,2,M,35-36,Promenade - loisirs,Equipement réfléchissant,Non,1,,05 - mai,2 - mercredi,Macouria
,201700000830,2017-05-16,94,8,94054,48.7303,2.36801,Hors intersection,Deux véhicules - par l’arrière,Plein jour,Normale,Voie Communale,,1,Plat,Partie rectiligne,,70,normale,Zone piétonne,Sur chaussée,Conducteur,1,M,29-30,Domicile - travail,Casque,Oui,1,,05 - mai,1 - mardi,Orly
,201700001163,2017-05-16,33,10,33029,44.59534,-0.75257,Intersection en T,Deux véhicules - par le coté,Plein jour,Normale,Route Départementale,,3,,,,,,Carrefour aménagé,,Conducteur,2,M,63-64,Promenade - loisirs,Casque,Oui,1,,05 - mai,1 - mardi,Barp
,201700004340,2017-05-16,34,11,34058,43.66803,3.97571,Giratoire,Deux véhicules - par le coté,Plein jour,Normale,Route Départementale,,2,Plat,,,15,normale,,,Conducteur,1,M,53-54,,Casque,Non,1,,05 - mai,1 - mardi,Castries
,201700016003,2017-05-16,38,8,38520,45.49735,5.52786,Intersection en X,Deux véhicules - par le coté,Plein jour,Normale,Route Départementale,,2,Pente,,,45,normale,,Sur chaussée,Conducteur,2,M,44-45,Promenade - loisirs,Casque,Oui,1,,05 - mai,1 - mardi,Valencogne
,201700020545,2017-05-16,19,21,19241,45.69348,2.09579,Hors intersection,Deux véhicules - par le coté,Crépuscule ou aube,Normale,Route Départementale,,2,Plat,Partie rectiligne,,51,normale,,Sur chaussée,Conducteur,2,M,8-9,Promenade - loisirs,Casque,Oui,1,1,05 - mai,1 - mardi,Saint-Setiers
,201700025200,2017-05-16,68,18,68310,48.13293,7.31864,Giratoire,Deux véhicules - par le coté,Plein jour,Normale,Route Départementale,,2,Plat,En courbe à gauche,,75,normale,Carrefour aménagé,Sur chaussée,Conducteur,1,M,42-43,Promenade - loisirs,Casque,Oui,1,,05 - mai,1 - mardi,Sigolsheim
,201700025568,2017-05-16,74,10,74238,46.22988,6.65833,Hors intersection,Deux véhicules - par l’arrière,Plein jour,Normale,Route Départementale,,2,Plat,Partie rectiligne,,,normale,,Sur chaussée,Conducteur,1,M,64-65,Promenade - loisirs,Casque,Oui,1,1,05 - mai,1 - mardi,'Saint-Jean-d''Aulps'
,201700026613,2017-05-16,35,10,35238,48.09593,-1.69235,Hors intersection,Autre,Plein jour,Normale,Voie Communale,,1,Plat,Partie rectiligne,,,normale,,Sur chaussée,Conducteur,1,F,25-26,Utilisation professionnelle,Casque,Oui,1,1,05 - mai,1 - mardi,Rennes
,201700026921,2017-05-16,35,10,35288,48.62183,-1.98906,Autre intersection,Deux véhicules - frontale,Plein jour,Normale,Route Départementale,,1,Pente,En courbe à droite,,,normale,Bretelle d’échangeur ou de raccordement,Sur chaussée,Conducteur,2,M,56-57,Promenade - loisirs,Casque,Oui,1,,05 - mai,1 - mardi,Saint-Malo
,201700027203,2017-05-16,37,9,37261,47.39346,0.68445,Hors intersection,Autre,Plein jour,Normale,Voie Communale,,2,Plat,Partie rectiligne,,,normale,,Sur chaussée,Conducteur,1,F,48-49,Domicile - travail,Casque,Non,1,1,05 - mai,1 - mardi,Tours
,201700029280,2017-05-16,49,13,49007,47.46612,-0.5524,Hors intersection,Aucune,Plein jour,Normale,Voie Communale,,3,Plat,Partie rectiligne,,95,normale,,Sur chaussée,Conducteur,2,F,19-20,Promenade - loisirs,Casque,Non,,1,05 - mai,1 - mardi,Angers
,201700031412,2017-05-16,58,18,58194,47.00353,3.15915,Hors intersection,Deux véhicules - par le coté,Plein jour,Normale,Voie Communale,,2,Plat,Partie rectiligne,,,normale,,Sur chaussée,Conducteur,1,M,25-26,Domicile - travail,Autre,Non,1,1,05 - mai,1 - mardi,Nevers
,201700036352,2017-05-16,77,14,77288,48.54141,2.68084,Hors intersection,Aucune,Plein jour,Normale,Voie Communale,,2,Plat,Partie rectiligne,,,normale,,Sur chaussée,Conducteur,1,M,22-23,,Autre,Oui,1,1,05 - mai,1 - mardi,Melun
,201700040522,2017-05-16,92,12,92049,0,0,Intersection en X,Autre,Plein jour,Normale,Route Départementale,,2,Plat,Partie rectiligne,,,normale,,Sur chaussée,Conducteur,0,M,38-39,,Casque,Non déterminable,,1,05 - mai,1 - mardi,Montrouge
,201700042522,2017-05-16,93,15,93048,0,0,Hors intersection,Deux véhicules - par le coté,Plein jour,Normale,Voie Communale,,1,Plat,Partie rectiligne,,,normale,,Sur chaussée,Conducteur,1,M,29-30,Domicile - travail,Casque,Non,1,1,05 - mai,1 - mardi,Montreuil
,201700050812,2017-05-16,69,14,69383,45.76521,4.85899,Intersection en X,Deux véhicules - par le coté,Plein jour,Normale,Route Départementale,,4,Plat,Partie rectiligne,,,normale,,Sur piste cyclable,Conducteur,2,M,32-33,Utilisation professionnelle,Autre,Non,1,,05 - mai,1 - mardi,Lyon 3e  Arrondissement
,201700050813,2017-05-16,69,15,69388,45.73621,4.86964,Intersection en X,Deux véhicules - par le coté,Plein jour,Normale,Voie Communale,,1,Plat,Partie rectiligne,,,normale,,Sur chaussée,Conducteur,1,M,74-75,Promenade - loisirs,Casque,Oui,1,1,05 - mai,1 - mardi,Lyon 8e  Arrondissement
,201700050814,2017-05-16,69,18,69259,45.71432,4.87273,Hors intersection,Deux véhicules - par le coté,Plein jour,Normale,Voie Communale,,2,Plat,Partie rectiligne,,,normale,,Sur chaussée,Conducteur,2,M,30-31,,Casque,Oui,1,1,05 - mai,1 - mardi,Vénissieux
,201700052991,2017-05-16,75,13,75103,48.8612,2.35819,Intersection en X,Deux véhicules - par le coté,Plein jour,Normale,Voie Communale,,1,Plat,Partie rectiligne,,35,normale,,Sur chaussée,Conducteur,1,M,33-34,Utilisation professionnelle,Casque,Non déterminable,1,1,05 - mai,1 - mardi,Paris 3e  Arrondissement
,201700053078,2017-05-16,75,8,75104,48.8565,2.35549,Place,Deux véhicules - par le coté,Plein jour,Normale,Voie Communale,,3,,,,120,normale,,Sur chaussée,Conducteur,1,F,33-34,Domicile - travail,Casque,Oui,1,1,05 - mai,1 - mardi,Paris 4e  Arrondissement
,201700054428,2017-05-16,75,11,75111,48.8701,2.3748,Hors intersection,Deux véhicules - par l’arrière,Plein jour,Normale,Voie Communale,,1,Plat,Partie rectiligne,,50,normale,,Sur chaussée,Conducteur,1,F,61-62,,Casque,Non déterminable,1,1,05 - mai,1 - mardi,Paris 11e  Arrondissement
,201700054741,2017-05-16,75,22,75112,48.8514,2.36986,Intersection en T,Autre,Nuit avec éclairage public allumé,Normale,Voie Communale,,2,Plat,,20,50,normale,,Sur chaussée,Conducteur,0,M,22-23,Domicile - travail,Casque,Non déterminable,,1,05 - mai,1 - mardi,Paris 12e  Arrondissement
,201700056958,2017-05-16,75,12,75118,48.885,2.34948,Hors intersection,Deux véhicules - par l’arrière,Plein jour,Normale,Voie Communale,,2,Plat,Partie rectiligne,,,normale,,Sur chaussée,Conducteur,1,M,20-21,,Casque,Non déterminable,1,1,05 - mai,1 - mardi,Paris 18e  Arrondissement
,201700000607,2017-05-15,22,19,22286,48.52311,-2.38257,Intersection en X,Deux véhicules - par le coté,Plein jour,Normale,Route Départementale,,2,Plat,,,60,normale,,Sur chaussée,Conducteur,1,F,41-42,Promenade - loisirs,Casque,Oui,1,,05 - mai,0 - lundi,Saint-Denoual
,201700005029,2017-05-15,91,13,91547,48.42815,1.9659,Hors intersection,Deux véhicules - par le coté,Plein jour,Normale,Voie Communale,,2,Plat,Partie rectiligne,,46,normale,,Sur chaussée,Conducteur,2,F,6-7,Promenade - loisirs,Casque,Non,1,1,05 - mai,0 - lundi,Saint-Escobille
,201700009629,2017-05-15,13,12,13002,43.35596,5.48677,Giratoire,Deux véhicules - par le coté,Plein jour,Normale,Route Départementale,,1,Plat,En courbe à gauche,,30,normale,Carrefour aménagé,Sur chaussée,Conducteur,1,M,45-46,Courses - achats,Casque,Oui,1,1,05 - mai,0 - lundi,Allauch
,201700009631,2017-05-15,13,17,13055,43.24161,5.39388,Hors intersection,Deux véhicules - par le coté,Plein jour,Normale,Voie Communale,,2,Plat,Partie rectiligne,,60,normale,,Sur chaussée,Conducteur,1,M,12-13,Domicile - école,Autre,Non,1,1,05 - mai,0 - lundi,Marseille
,201700011457,2017-05-15,14,13,14118,49.17229,0.38423,Autre intersection,Deux véhicules - par le coté,Plein jour,Normale,Voie Communale,,1,Plat,Partie rectiligne,,,normale,,Sur piste cyclable,Conducteur,2,M,75-76,Promenade - loisirs,Casque,Oui,1,1,05 - mai,0 - lundi,Caen
,201700016694,2017-05-15,35,22,35188,48.12935,-1.96767,Hors intersection,Deux véhicules - par l’arrière,Crépuscule ou aube,Normale,Route Départementale,,2,Pente,En courbe à gauche,,,normale,,Sur accotement,Conducteur,3,M,54-55,Promenade - loisirs,Autre,Non,1,,05 - mai,0 - lundi,Montfort-sur-Meu
,201700021593,2017-05-15,62,14,62697,50.26197,3.0222,Intersection en T,Deux véhicules - par le coté,Plein jour,Normale,Route Départementale,,2,Plat,,600,10,normale,,,Conducteur,3,M,68-69,Promenade - loisirs,Casque,Oui,1,,05 - mai,0 - lundi,Récourt
,201700026610,2017-05-15,35,9,35238,48.10463,-1.64888,Intersection en T,Autre,Plein jour,Normale,Voie Communale,,1,Pente,Partie rectiligne,,,normale,,Sur chaussée,Conducteur,1,M,14-15,Domicile - école,Casque,Non,1,1,05 - mai,0 - lundi,Rennes
,201700028545,2017-05-15,44,16,44184,47.27829,-2.20971,Intersection en X,Deux véhicules - frontale,Plein jour,Normale,Voie Communale,,3,Plat,Partie rectiligne,,,normale,,Sur chaussée,Conducteur,2,M,69-70,Promenade - loisirs,Casque,Non,1,1,05 - mai,0 - lundi,Saint-Nazaire
,201700029277,2017-05-15,49,10,49007,47.47363,-0.559,Intersection en X,Deux véhicules - frontale,Plein jour,Normale,Voie Communale,,1,Plat,Partie rectiligne,,40,normale,,Sur chaussée,Conducteur,1,M,18-19,,Casque,Non,1,1,05 - mai,0 - lundi,Angers
,201700030838,2017-05-15,56,8,56121,47.74138,-3.37284,Hors intersection,Autre,Plein jour,Normale,Voie Communale,,2,Plat,Partie rectiligne,,,normale,,Sur chaussée,Conducteur,1,M,34-35,,Casque,Oui,1,1,05 - mai,0 - lundi,Lorient
,201700031926,2017-05-15,59,17,59650,50.70986,3.19308,Hors intersection,Deux véhicules - par le coté,Plein jour,Normale,Voie Communale,,2,Plat,Partie rectiligne,,80,normale,,Sur chaussée,Conducteur,2,F,18-19,,Equipement réfléchissant,Oui,1,1,05 - mai,0 - lundi,Wattrelos
,201700033177,2017-05-15,64,18,64129,43.29774,-0.38822,Hors intersection,Deux véhicules - par le coté,Plein jour,Normale,Voie Communale,,1,Plat,Partie rectiligne,,54,normale,,Sur chaussée,Conducteur,1,F,30-31,Promenade - loisirs,Casque,Oui,1,1,05 - mai,0 - lundi,Billère
,201700034092,2017-05-15,67,16,67482,48.59658,7.75927,Intersection en X,Deux véhicules - par le coté,Plein jour,Normale,Voie Communale,,2,Plat,En courbe à droite,,220,normale,,,Conducteur,2,F,15-16,,Equipement réfléchissant,Oui,1,1,05 - mai,0 - lundi,Strasbourg
,201700034094,2017-05-15,67,20,67447,48.60762,7.72161,Intersection en T,Deux véhicules - par le coté,Plein jour,Normale,Voie Communale,,2,Plat,Partie rectiligne,,92,normale,,,Conducteur,2,M,41-42,Domicile - travail,Casque,Oui,1,1,05 - mai,0 - lundi,Schiltigheim
,201700034720,2017-05-15,69,14,69256,45.76337,4.93694,Intersection en X,Deux véhicules - frontale,Plein jour,Normale,Route Départementale,,2,Plat,Partie rectiligne,,,normale,,Sur chaussée,Conducteur,1,F,24-25,Domicile - travail,Casque,Oui,1,1,05 - mai,0 - lundi,Vaulx-en-Velin
,201700036810,2017-05-15,78,18,78640,48.78502,2.18262,Hors intersection,Deux véhicules - par le coté,Plein jour,Normale,Voie Communale,,2,Plat,Partie rectiligne,,,normale,,Sur chaussée,Conducteur,2,M,9-10,Promenade - loisirs,Autre,Non déterminable,1,1,05 - mai,0 - lundi,Vélizy-Villacoublay
,201700045023,2017-05-15,94,14,94041,0,0,Hors intersection,Autre,Plein jour,Normale,Route Nationale,,2,Plat,En courbe à droite,,70,normale,,Sur trottoir,Conducteur,2,M,19-20,Domicile - travail,Autre,Non,,1,05 - mai,0 - lundi,Ivry-sur-Seine
,201700053077,2017-05-15,75,19,75104,48.8585,2.3482,Intersection à plus de 4 branches,Autre,Plein jour,Normale,Voie Communale,,3,Plat,Partie rectiligne,,130,normale,,Sur chaussée,Conducteur,0,M,26-27,Utilisation professionnelle,Casque,Oui,,1,05 - mai,0 - lundi,Paris 4e  Arrondissement
,201700056124,2017-05-15,75,9,75116,48.8707,2.28765,Intersection en T,Deux véhicules - par le coté,Plein jour,Normale,Voie Communale,,2,Plat,Partie rectiligne,,,normale,,Sur chaussée,Conducteur,1,F,23-24,Domicile - travail,Casque,Non déterminable,1,1,05 - mai,0 - lundi,Paris 16e  Arrondissement
,201700059423,2017-05-15,974,17,97422,-21.24057,55.50188,Hors intersection,Deux véhicules - frontale,Plein jour,Normale,Voie Communale,,2,Pente,En courbe à gauche,50,,normale,,Sur chaussée,Conducteur,2,M,23-24,Promenade - loisirs,Autre,Non,1,1,05 - mai,0 - lundi,Tampon
,201700003362,2017-05-14,68,11,68089,47.90058,6.97335,Intersection en T,Deux véhicules - frontale,Plein jour,Pluie légère,Route Départementale,,2,Plat,Partie rectiligne,,63,mouillée,,Sur chaussée,Conducteur,1,M,61-62,Promenade - loisirs,Casque,Oui,1,,05 - mai,6 - dimanche,Fellering
,201700003450,2017-05-14,21,13,21625,47.20167,4.81754,Hors intersection,Aucune,Plein jour,Normale,Route Départementale,,2,Bas de côte,En courbe à gauche,,39,normale,,,Conducteur,2,M,35-36,Promenade - loisirs,Casque,Oui,,,05 - mai,6 - dimanche,Ternant
,201700003605,2017-05-14,39,17,39009,46.85287,5.9327,Intersection en X,Deux véhicules - par le coté,Plein jour,Normale,Route Départementale,,2,Bas de côte,Partie rectiligne,,75,normale,,Sur chaussée,Conducteur,2,M,7-8,Promenade - loisirs,Casque,Non,1,1,05 - mai,6 - dimanche,Andelot-en-Montagne
,201700008302,2017-05-14,11,11,11262,43.18102,2.97088,Hors intersection,Deux véhicules - frontale,Plein jour,Normale,Voie Communale,,2,Plat,Partie rectiligne,,,normale,,Sur trottoir,Conducteur,1,M,34-35,,Autre,Non déterminable,1,1,05 - mai,6 - dimanche,Narbonne
,201700014999,2017-05-14,72,16,72317,48.34733,0.25145,Hors intersection,Deux véhicules - par l’arrière,Plein jour,Normale,Voie Communale,,2,Plat,Partie rectiligne,,,normale,,Sur chaussée,Conducteur,1,M,17-18,Promenade - loisirs,Casque,Non déterminable,1,,05 - mai,6 - dimanche,Saint-Rémy-du-Val
,201700016693,2017-05-14,35,10,35277,48.11041,-2.10012,Hors intersection,Deux véhicules - frontale,Plein jour,Normale,Route Départementale,,2,Plat,En courbe à droite,,,normale,,Sur chaussée,Conducteur,1,M,68-69,Promenade - loisirs,Casque,Oui,1,,05 - mai,6 - dimanche,Saint-Gonlay
,201700018120,2017-05-14,49,17,49276,47.36369,-1.01472,Intersection en X,Deux véhicules - par le coté,Plein jour,Normale,Route Départementale,,2,Bas de côte,,10,10,normale,,Sur chaussée,Conducteur,1,F,53-54,Promenade - loisirs,Casque,Oui,1,1,05 - mai,6 - dimanche,Saint-Florent-le-Vieil
,201700018254,2017-05-14,55,16,55521,49.01111,5.45703,Hors intersection,Deux véhicules - par l’arrière,Plein jour,Normale,Route Départementale,,2,Plat,Partie rectiligne,,66,normale,,Sur chaussée,Conducteur,3,M,51-52,Domicile - travail,Autre,Non,1,,05 - mai,6 - dimanche,Troyon