test,identifiantAccident,date,departement,heure,commune,lat,lon,typeIntersection,typeCollision,luminosite,conditionsAtmosperiques,typeRoute,circulation,nbVoies,profilLongRoute,tracePlanRoute,largeurTPC,largeurRoute,etatSurface,amenagement,situation,categorieUsager,graviteAccident,sexe,age,motifDeplacement,existenceSecurite,usageSecurite,nombreAutresVehicules,enAgglomeration,mois,jour,NCCENR
,201700033176,2017-05-14,64,8,64445,43.30139,-0.37342,Hors intersection,Deux véhicules - par le coté,Plein jour,Normale,Voie Communale,,2,Plat,Partie rectiligne,,50,normale,,Sur chaussée,Conducteur,1,M,18-19,,Casque,Non,1,1,05 - mai,6 - dimanche,Pau
,201700035208,2017-05-14,47,17,47146,44.4561,0.66364,Intersection en X,Deux véhicules - par le coté,Plein jour,Normale,Route Départementale,,2,Plat,Partie rectiligne,,58,normale,,Sur chaussée,Conducteur,2,F,15-16,Promenade - loisirs,Casque,Non,1,,05 - mai,6 - dimanche,Lédat
,201700039482,2017-05-14,92,13,92012,0,0,Hors intersection,Deux véhicules - par le coté,Plein jour,Normale,Route Départementale,,,Plat,Partie rectiligne,,,normale,,Sur chaussée,Conducteur,1,M,19-20,Promenade - loisirs,Casque,Non déterminable,1,1,05 - mai,6 - dimanche,Boulogne-Billancourt
,201700040094,2017-05-14,92,16,92026,0,0,Hors intersection,Deux véhicules - par l’arrière,Plein jour,Normale,Route Départementale,,2,Plat,Partie rectiligne,,71,normale,,Sur chaussée,Conducteur,2,M,56-57,,Autre,Non déterminable,1,1,05 - mai,6 - dimanche,Courbevoie
,201700050809,2017-05-14,69,19,69387,45.76521,4.85899,Hors intersection,Autre,Plein jour,Normale,Voie Communale,,1,Plat,Partie rectiligne,,,normale,,Sur chaussée,Conducteur,1,M,26-27,,Autre,Non déterminable,1,1,05 - mai,6 - dimanche,Lyon 7e  Arrondissement
,201700053216,2017-05-14,75,16,75105,48.8488,2.34172,Place,Aucune,Plein jour,Normale,Voie Communale,,4,Pente,,,,,,,Conducteur,1,F,23-24,Utilisation professionnelle,Casque,Non déterminable,,1,05 - mai,6 - dimanche,Paris 5e  Arrondissement
,201700056123,2017-05-14,75,19,75116,48.8724,2.27715,Place,Deux véhicules - par le coté,Plein jour,Normale,Voie Communale,,2,Plat,Partie rectiligne,,,normale,,Sur piste cyclable,Conducteur,1,F,30-31,Promenade - loisirs,Casque,Non déterminable,1,1,05 - mai,6 - dimanche,Paris 16e  Arrondissement
,201700059728,2017-05-14,972,8,97213,0,0,Hors intersection,Deux véhicules - par le coté,Plein jour,Normale,Route Départementale,,2,Plat,Partie rectiligne,,,,,,Conducteur,1,M,53-54,Domicile - travail,Casque,Oui,1,1,05 - mai,6 - dimanche,Lamentin
,201700002714,2017-05-13,74,9,74220,46.12633,6.24434,Hors intersection,Deux véhicules - frontale,Plein jour,Normale,Voie Communale,,2,Pente,,5,10,normale,,Sur chaussée,Conducteur,2,M,58-59,Promenade - loisirs,Casque,Oui,1,1,05 - mai,5 - samedi,Reignier-Ésery
,201700003284,2017-05-13,68,11,68251,48.00153,7.20476,Hors intersection,Deux véhicules - par le coté,Plein jour,Normale,Route Départementale,,2,Pente,En courbe à droite,,56,normale,,Sur chaussée,Conducteur,2,M,44-45,Promenade - loisirs,Casque,Oui,1,,05 - mai,5 - samedi,Osenbach
,201700005357,2017-05-13,45,10,45036,47.78855,2.73405,Hors intersection,Deux véhicules - frontale,Plein jour,Normale,Route Départementale,,3,Plat,Partie rectiligne,,,normale,,Sur chaussée,Conducteur,2,M,45-46,Promenade - loisirs,Casque,Non,1,,05 - mai,5 - samedi,Boismorand
,201700009613,2017-05-13,13,4,13055,43.29762,5.38102,Intersection en X,Deux véhicules - par le coté,Nuit avec éclairage public allumé,Normale,Voie Communale,,4,Pente,Partie rectiligne,,100,normale,,,Conducteur,2,M,22-23,Promenade - loisirs,Casque,Non,1,1,05 - mai,5 - samedi,Marseille
,201700014147,2017-05-13,60,19,60374,49.55194,2.50888,Autre intersection,Deux véhicules - par le coté,Plein jour,Normale,Route Départementale,,2,Plat,,6,610,normale,,Sur accotement,Conducteur,2,M,7-8,Promenade - loisirs,Casque,Oui,1,1,05 - mai,5 - samedi,Maignelay-Montigny
,201700019267,2017-05-13,65,14,65077,42.97325,-0.02742,Hors intersection,Autre,Plein jour,Normale,Route Départementale,,2,Pente,En courbe à droite,,85,normale,,Sur chaussée,Conducteur,2,M,51-52,Promenade - loisirs,Autre,Oui,,,05 - mai,5 - samedi,Beaucens
,201700024713,2017-05-13,31,16,31555,43.60805,1.44626,Hors intersection,Deux véhicules - par le coté,Plein jour,Normale,Voie Communale,,3,Plat,Partie rectiligne,,,normale,,Sur chaussée,Conducteur,1,M,46-47,Autre,Casque,Oui,1,1,05 - mai,5 - samedi,Toulouse
,201700025759,2017-05-13,33,14,33063,44.8787,-0.56846,Intersection en T,Deux véhicules - frontale,Plein jour,Normale,Voie Communale,,3,Plat,Partie rectiligne,,,normale,,Sur chaussée,Conducteur,1,M,39-40,,Autre,Non,1,1,05 - mai,5 - samedi,Bordeaux
,201700028120,2017-05-13,42,8,42330,45.46903,4.35606,Hors intersection,Deux véhicules - par l’arrière,Plein jour,Normale,Route Départementale,,1,Plat,Partie rectiligne,,40,normale,,Sur chaussée,Conducteur,2,M,68-69,Promenade - loisirs,Casque,Oui,1,1,05 - mai,5 - samedi,Villars
,201700037597,2017-05-13,30,15,30011,43.96066,4.74986,Giratoire,Deux véhicules - par l’arrière,Plein jour,Normale,Voie Communale,,2,Plat,Partie rectiligne,30,30,normale,,Sur chaussée,Conducteur,1,M,57-58,Promenade - loisirs,Autre,Non,1,1,05 - mai,5 - samedi,Angles
,201700056587,2017-05-13,75,14,75117,48.8888,2.32328,Intersection en T,Deux véhicules - par le coté,Plein jour,Normale,Voie Communale,,,Pente,Partie rectiligne,,,normale,,Sur chaussée,Conducteur,1,M,51-52,Promenade - loisirs,Casque,Non déterminable,1,1,05 - mai,5 - samedi,Paris 17e  Arrondissement
,201700012642,2017-05-12,85,12,85201,46.42915,-1.34415,Intersection en T,Deux véhicules - par le coté,Plein jour,Normale,Route Départementale,,2,Plat,,5,110,normale,,,Conducteur,2,M,77-78,Promenade - loisirs,Autre,Non déterminable,1,,05 - mai,4 - vendredi,Saint-Benoist-sur-Mer
,201700032834,2017-05-12,63,17,63113,45.76841,3.10459,Intersection en Y,Deux véhicules - par le coté,Plein jour,Normale,Voie Communale,,2,Pente,Partie rectiligne,,,normale,,Sur chaussée,Conducteur,2,M,35-36,Utilisation professionnelle,Autre,Oui,1,1,05 - mai,4 - vendredi,Clermont-Ferrand
,201700041159,2017-05-12,92,11,92077,0,0,Intersection en T,Deux véhicules - par le coté,Plein jour,Normale,Route Départementale,,2,Pente,Partie rectiligne,,70,normale,,Sur chaussée,Conducteur,1,F,25-26,Autre,Casque,Non,1,1,05 - mai,4 - vendredi,'Ville-d''Avray'
,201700052758,2017-05-12,75,19,75101,48.8573,2.34679,Place,Deux véhicules - par l’arrière,Plein jour,Normale,Voie Communale,,4,Plat,Partie rectiligne,,150,mouillée,,Sur chaussée,Conducteur,1,F,26-27,Domicile - travail,Casque,Non,1,1,05 - mai,4 - vendredi,Paris 1er Arrondissement
,201700053349,2017-05-12,75,10,75106,48.8529,2.33505,Intersection en T,Autre,Plein jour,Normale,Voie Communale,,2,Plat,Partie rectiligne,,,normale,,Sur piste cyclable,Conducteur,1,M,52-53,Utilisation professionnelle,Casque,Non déterminable,1,1,05 - mai,4 - vendredi,Paris 6e  Arrondissement
,201700054206,2017-05-12,75,10,75110,48.8787,2.36624,Intersection en T,Deux véhicules - par le coté,Plein jour,Normale,Voie Communale,,1,Pente,Partie rectiligne,,,normale,,Sur piste cyclable,Conducteur,1,F,25-26,Domicile - travail,Casque,Oui,1,1,05 - mai,4 - vendredi,Paris 10e  Arrondissement
,201700054733,2017-05-12,75,1,75112,48.8478,2.39906,Place,Deux véhicules - par le coté,Nuit avec éclairage public allumé,Normale,Voie Communale,,8,Plat,Partie rectiligne,,220,normale,,Sur chaussée,Conducteur,2,M,67-68,Promenade - loisirs,Casque,Oui,1,1,05 - mai,4 - vendredi,Paris 12e  Arrondissement
,201700055775,2017-05-12,75,13,75115,48.8364,2.28232,Hors intersection,Deux véhicules - par le coté,Plein jour,Normale,Voie Communale,,1,Plat,Partie rectiligne,,,normale,,Sur chaussée,Conducteur,1,M,30-31,Utilisation professionnelle,Casque,Non déterminable,1,1,05 - mai,4 - vendredi,Paris 15e  Arrondissement
,201700022374,2017-05-11,22,9,22113,48.72797,-3.4576,Giratoire,Deux véhicules - par le coté,Plein jour,Normale,Route Départementale,,,,,,,normale,Carrefour aménagé,Sur chaussée,Conducteur,1,M,41-42,Domicile - travail,Casque,Oui,1,1,05 - mai,3 - jeudi,Lannion
,201700024491,2017-05-11,85,18,85199,46.50821,-1.05054,Hors intersection,Deux véhicules - par l’arrière,Plein jour,Normale,Route Départementale,,2,Plat,Partie rectiligne,,35,normale,,Sur chaussée,Conducteur,2,M,49-50,Promenade - loisirs,Casque,Oui,1,,05 - mai,3 - jeudi,Saint-Aubin-la-Plaine
,201700027198,2017-05-11,37,12,37214,47.40043,0.679,Giratoire,Deux véhicules - par le coté,Plein jour,Pluie légère,Voie Communale,,2,Plat,Partie rectiligne,,,mouillée,,Sur chaussée,Conducteur,1,F,18-19,Promenade - loisirs,Casque,Non,1,1,05 - mai,3 - jeudi,Saint-Cyr-sur-Loire
,201700029276,2017-05-11,49,18,49007,47.46643,-0.55293,Hors intersection,Autre,Plein jour,Normale,Voie Communale,,2,Plat,Partie rectiligne,,43,normale,,Sur chaussée,Conducteur,0,M,34-35,Promenade - loisirs,Casque,Non déterminable,,1,05 - mai,3 - jeudi,Angers
,201700034973,2017-05-11,24,18,24299,45.03672,0.36559,Intersection en T,Deux véhicules - par l’arrière,Plein jour,Normale,Route Départementale,Avec voies d’affectation variable,,,,,,,,,Conducteur,1,M,17-18,,Casque,Non,1,1,05 - mai,3 - jeudi,Mussidan
,201700039027,2017-05-11,91,6,91471,48.71513,2.17988,Hors intersection,Deux véhicules - frontale,Crépuscule ou aube,Normale,Route Départementale,,2,Plat,Partie rectiligne,,,normale,,Sur chaussée,Conducteur,1,M,26-27,Autre,Casque,Oui,1,1,05 - mai,3 - jeudi,Orsay
,201700045555,2017-05-11,94,20,94078,0,0,Giratoire,Deux véhicules - par le coté,Nuit avec éclairage public allumé,Pluie légère,Route Départementale,,,Plat,En courbe à gauche,,,mouillée,,Sur chaussée,Conducteur,1,M,19-20,,Casque,Non,1,1,05 - mai,3 - jeudi,Villeneuve-Saint-Georges
,201700053754,2017-05-11,75,12,75108,48.8664,2.30511,Intersection en T,Deux véhicules - par le coté,Plein jour,Normale,Voie Communale,,3,,,,,,,Sur chaussée,Conducteur,1,F,34-35,Autre,Casque,Non déterminable,1,1,05 - mai,3 - jeudi,Paris 8e  Arrondissement
,201700055470,2017-05-11,75,19,75114,48.8227,2.32263,Intersection en X,Deux véhicules - par le coté,Plein jour,Pluie légère,Voie Communale,,2,Plat,Partie rectiligne,,60,normale,,Sur chaussée,Conducteur,1,F,60-61,Promenade - loisirs,Casque,Non déterminable,1,1,05 - mai,3 - jeudi,Paris 14e  Arrondissement
,201700001008,2017-05-10,49,12,49162,47.20131,-0.84399,Hors intersection,Deux véhicules - par le coté,Plein jour,Normale,Route Départementale,,2,Plat,,,67,normale,,Sur chaussée,Conducteur,3,M,83-84,Promenade - loisirs,Casque,Non,1,,05 - mai,2 - mercredi,Jallais
,201700002340,2017-05-10,2,12,2304,49.6598,3.3795,Hors intersection,Aucune,Plein jour,Normale,Voie Communale,,2,Plat,,,145,normale,,Sur chaussée,Conducteur,1,M,14-15,Domicile - école,Autre,Non,,1,05 - mai,2 - mercredi,Fère
,201700014911,2017-05-10,72,14,72386,48.01215,0.26675,Hors intersection,Deux véhicules - par le coté,Plein jour,Normale,Voie Communale,,2,Pente,Partie rectiligne,,59,normale,,Sur chaussée,Conducteur,2,M,75-76,Promenade - loisirs,Casque,Oui,1,1,05 - mai,2 - mercredi,'Yvré-l''Évêque'
,201700015884,2017-05-10,2,18,2090,49.22629,3.294,Intersection en Y,Deux véhicules - par le coté,Plein jour,Normale,Voie Communale,,2,,,,,,,Sur chaussée,Conducteur,2,F,9-10,Promenade - loisirs,Dispositif enfants,Non,1,,05 - mai,2 - mercredi,Billy-sur-Ourcq
,201700017450,2017-05-10,68,16,68082,47.86582,7.35862,Intersection en T,Deux véhicules - par le coté,Plein jour,Temps éblouissant,Route Départementale,,2,Plat,Partie rectiligne,,98,normale,Carrefour aménagé,Sur chaussée,Conducteur,2,M,59-60,Promenade - loisirs,Casque,Oui,1,1,05 - mai,2 - mercredi,Ensisheim
,201700020285,2017-05-10,56,15,56109,47.61591,-2.53905,Hors intersection,Aucune,Plein jour,Normale,Route Départementale,,2,Pente,Partie rectiligne,25,25,normale,,Sur chaussée,Conducteur,2,M,70-71,Promenade - loisirs,Casque,Oui,,,05 - mai,2 - mercredi,Lauzach
,201700027196,2017-05-10,37,17,37261,47.38302,0.66894,Intersection en T,Deux véhicules - par le coté,Plein jour,Normale,Voie Communale,,2,Plat,Partie rectiligne,,,normale,,,Conducteur,1,F,70-71,Promenade - loisirs,Casque,Non,1,1,05 - mai,2 - mercredi,Tours
,201700029275,2017-05-10,49,7,49246,47.43754,-0.51253,Hors intersection,Deux véhicules - par le coté,Plein jour,Normale,Voie Communale,,2,Plat,Partie rectiligne,,99,normale,,Sur chaussée,Conducteur,1,M,11-12,Domicile - école,Casque,Non déterminable,1,1,05 - mai,2 - mercredi,Ponts-de-Cé
,201700030421,2017-05-10,54,10,54395,0,0,Intersection en T,Deux véhicules - par le coté,Plein jour,Normale,Voie Communale,,1,Plat,Partie rectiligne,,,normale,,Sur chaussée,Conducteur,1,M,69-70,Promenade - loisirs,Autre,Non déterminable,1,1,05 - mai,2 - mercredi,Nancy
,201700031289,2017-05-10,57,14,57306,49.31492,6.0573,Intersection en T,Deux véhicules - par le coté,Plein jour,Normale,Route Départementale,,2,Plat,Partie rectiligne,36,108,normale,,Sur chaussée,Conducteur,2,M,64-65,Promenade - loisirs,Casque,Oui,1,,05 - mai,2 - mercredi,Hayange
,201700034457,2017-05-10,68,17,68224,47.74815,7.33333,Hors intersection,Aucune,Plein jour,Normale,Voie Communale,,2,Plat,Partie rectiligne,10,106,normale,,Sur chaussée,Conducteur,2,M,55-56,Promenade - loisirs,Casque,Non,1,1,05 - mai,2 - mercredi,Mulhouse
,201700053074,2017-05-10,75,13,75104,48.8535,2.3665,Intersection en T,Deux véhicules - par le coté,Plein jour,Normale,Voie Communale,,2,Plat,,,170,normale,,Sur chaussée,Conducteur,1,F,25-26,,Casque,Non déterminable,1,1,05 - mai,2 - mercredi,Paris 4e  Arrondissement
,201700054421,2017-05-10,75,16,75111,48.8566,2.37729,Hors intersection,Aucune,Plein jour,Normale,Voie Communale,,,Plat,Partie rectiligne,,70,normale,,Sur chaussée,Conducteur,1,F,48-49,Promenade - loisirs,Casque,Non déterminable,,1,05 - mai,2 - mercredi,Paris 11e  Arrondissement
,201700056583,2017-05-10,75,8,75117,48.8807,2.3119,Hors intersection,Deux véhicules - par le coté,Plein jour,Normale,Voie Communale,,1,Plat,Partie rectiligne,,,normale,,Sur piste cyclable,Conducteur,1,F,37-38,Domicile - travail,Casque,Non déterminable,1,1,05 - mai,2 - mercredi,Paris 17e  Arrondissement
,201700000175,2017-05-09,62,15,62324,50.35777,2.82216,Hors intersection,Deux véhicules - par le coté,Plein jour,Normale,Route Départementale,,2,Plat,,,,normale,,Sur chaussée,Conducteur,2,M,57-58,Utilisation professionnelle,Casque,Oui,1,1,05 - mai,1 - mardi,Farbus
,201700000386,2017-05-09,76,18,76758,49.61603,0.76426,Intersection en T,Deux véhicules - frontale,Plein jour,Temps éblouissant,Voie Communale,,2,Plat,,8,10,normale,,,Conducteur,1,M,25-26,Domicile - travail,Autre,Non,1,1,05 - mai,1 - mardi,Yvetot
,201700017488,2017-05-09,34,15,34028,43.6094,3.1487,Hors intersection,Autre,Plein jour,Normale,Voie Communale,,2,Bas de côte,En courbe à droite,,40,normale,,Sur chaussée,Conducteur,2,M,26-27,Promenade - loisirs,Casque,Oui,,1,05 - mai,1 - mardi,Bédarieux
,201700018307,2017-05-09,61,13,61496,48.75598,0.004,Hors intersection,Deux véhicules - par le coté,Plein jour,Normale,Route Départementale,,2,Plat,Partie rectiligne,,56,normale,,Sur chaussée,Conducteur,2,F,60-61,Domicile - travail,Casque,Non,1,1,05 - mai,1 - mardi,Urou-et-Crennes
,201700021164,2017-05-09,17,17,17300,46.16265,-1.15397,Hors intersection,Deux véhicules - par le coté,Plein jour,Normale,Parc de stationnement ouvert à la circulation publique,,,Plat,Partie rectiligne,,,normale,,Sur chaussée,Conducteur,1,M,25-26,Promenade - loisirs,Autre,Oui,1,1,05 - mai,1 - mardi,Rochelle
,201700022519,2017-05-09,24,18,24037,44.82646,0.49384,Hors intersection,Deux véhicules - par l’arrière,Plein jour,Normale,Route Départementale,,2,Plat,Partie rectiligne,,76,normale,,Sur chaussée,Conducteur,2,M,56-57,Domicile - travail,Autre,Non,1,,05 - mai,1 - mardi,Bergerac
,201700026607,2017-05-09,35,13,35238,48.08672,-1.67498,Intersection en X,Deux véhicules - par le coté,Plein jour,Normale,Voie Communale,,2,Plat,Partie rectiligne,,,normale,Carrefour aménagé,Sur chaussée,Conducteur,1,M,25-26,,Casque,Non déterminable,1,1,05 - mai,1 - mardi,Rennes
,201700029273,2017-05-09,49,16,49007,47.47414,-0.56764,Hors intersection,Deux véhicules - par l’arrière,Plein jour,Normale,Voie Communale,,2,Plat,Partie rectiligne,,70,normale,,Sur chaussée,Conducteur,1,M,18-19,Promenade - loisirs,Casque,Non déterminable,1,1,05 - mai,1 - mardi,Angers
,201700029274,2017-05-09,49,19,49007,47.46952,-0.59934,Hors intersection,Autre,Plein jour,Normale,Voie Communale,,2,Plat,,,65,,,Sur chaussée,Conducteur,1,F,19-20,Domicile - école,Casque,Non déterminable,1,1,05 - mai,1 - mardi,Angers
,201700031288,2017-05-09,57,17,57672,49.35666,6.14299,Hors intersection,Deux véhicules - par le coté,Plein jour,Normale,Route Départementale,,4,Plat,Partie rectiligne,18,140,normale,,Sur chaussée,Conducteur,1,M,33-34,Promenade - loisirs,Casque,Non,1,1,05 - mai,1 - mardi,Thionville
,201700032719,2017-05-09,62,13,62842,50.45862,2.83771,Hors intersection,Deux véhicules - par le coté,Plein jour,Normale,Voie Communale,,2,Plat,Partie rectiligne,,,normale,,Sur chaussée,Conducteur,2,M,35-36,Domicile - travail,Casque,Oui,1,1,05 - mai,1 - mardi,Vendin-le-Vieil
,201700034086,2017-05-09,67,17,67482,48.57102,7.764,Intersection à plus de 4 branches,Deux véhicules - par le coté,Plein jour,Normale,Route Départementale,,5,,,85,146,,,Sur chaussée,Conducteur,1,F,16-17,Promenade - loisirs,Casque,Non déterminable,1,1,05 - mai,1 - mardi,Strasbourg
,201700037107,2017-05-09,81,10,81004,43.92488,2.1485,Hors intersection,Deux véhicules - par l’arrière,Plein jour,Normale,Voie Communale,,4,Plat,Partie rectiligne,,,normale,,Sur chaussée,Conducteur,2,F,79-80,Promenade - loisirs,Casque,Non,1,1,05 - mai,1 - mardi,Albi
,201700039278,2017-05-09,92,9,92004,0,0,Hors intersection,Deux véhicules - par l’arrière,Plein jour,Normale,Route Départementale,,2,Plat,Partie rectiligne,,,normale,,Sur chaussée,Conducteur,1,F,25-26,,Equipement réfléchissant,Oui,1,1,05 - mai,1 - mardi,Asnières-sur-Seine
,201700050082,2017-05-09,69,19,69382,0,0,Hors intersection,Deux véhicules - par le coté,Plein jour,Normale,Voie Communale,,,Plat,Partie rectiligne,,,normale,,Sur chaussée,Conducteur,1,M,49-50,Domicile - travail,Casque,Oui,1,1,05 - mai,1 - mardi,Lyon 2e  Arrondissement
,201700058881,2017-05-09,973,12,97304,0,0,Hors intersection,Deux véhicules - par l’arrière,Plein jour,Pluie forte,Route Départementale,,2,Plat,,600,20,normale,,,Conducteur,2,M,48-49,Domicile - travail,Autre,Non déterminable,1,1,05 - mai,1 - mardi,Kourou
,201700005196,2017-05-08,77,10,77195,48.58562,2.76167,Intersection en Y,Deux véhicules - frontale,Plein jour,Normale,Route Départementale,,2,Plat,Partie rectiligne,,,normale,,,Conducteur,1,M,63-64,Promenade - loisirs,Casque,Oui,1,,05 - mai,0 - lundi,Fouju
,201700015762,2017-05-08,3,11,3109,46.13999,3.25664,Hors intersection,Deux véhicules - par l’arrière,Plein jour,Pluie légère,Route Départementale,,2,Plat,Partie rectiligne,,50,mouillée,,Sur chaussée,Conducteur,2,M,59-60,Promenade - loisirs,Casque,Oui,1,,05 - mai,0 - lundi,Escurolles
,201700015762,2017-05-08,3,11,3109,46.13999,3.25664,Hors intersection,Deux véhicules - par l’arrière,Plein jour,Pluie légère,Route Départementale,,2,Plat,Partie rectiligne,,50,mouillée,,Sur chaussée,Conducteur,0,M,62-63,Promenade - loisirs,Casque,Oui,1,,05 - mai,0 - lundi,Escurolles
,201700019105,2017-05-08,69,9,69135,46.21075,4.53164,Hors intersection,Autre,Plein jour,Normale,Route Départementale,,2,Pente,Partie rectiligne,,70,normale,,Sur chaussée,Conducteur,2,M,52-53,Promenade - loisirs,Casque,Oui,,,05 - mai,0 - lundi,Monsols
,201700022989,2017-05-08,6,11,6033,43.78788,7.18487,Intersection en T,Deux véhicules - par le coté,Plein jour,Normale,Route Départementale,,2,Pente,,,20,normale,,,Conducteur,1,M,42-43,Promenade - loisirs,Casque,Oui,1,1,05 - mai,0 - lundi,Carros
,201700022990,2017-05-08,6,8,6126,43.81603,7.18829,Hors intersection,Deux véhicules - par l’arrière,Plein jour,Normale,Route Départementale,,3,Plat,Partie rectiligne,,,normale,,Sur chaussée,Conducteur,2,M,38-39,Promenade - loisirs,Casque,Oui,1,,05 - mai,0 - lundi,Saint-Martin-du-Var
,201700025180,2017-05-08,68,10,68295,48.01233,7.38536,Intersection en X,Deux véhicules - par le coté,Plein jour,Pluie légère,Route Départementale,,2,Plat,Partie rectiligne,,70,normale,,Sur chaussée,Conducteur,2,M,69-70,Promenade - loisirs,Casque,Oui,1,1,05 - mai,0 - lundi,Sainte-Croix-en-Plaine
,201700030832,2017-05-08,56,14,56121,47.74664,-3.36626,Giratoire,Deux véhicules - par le coté,Plein jour,Normale,Autre,,,Plat,Partie rectiligne,,,normale,,Sur chaussée,Conducteur,1,M,37-38,,Autre,Non déterminable,1,1,05 - mai,0 - lundi,Lorient
,201700041158,2017-05-08,92,14,92022,0,0,Intersection en T,Deux véhicules - par le coté,Plein jour,Normale,Route Départementale,,3,Pente,Partie rectiligne,,142,normale,,Sur piste cyclable,Conducteur,1,M,22-23,Autre,Casque,Oui,1,1,05 - mai,0 - lundi,Chaville
,201700050796,2017-05-08,69,13,69386,45.76752,4.85875,Hors intersection,Deux véhicules - frontale,Plein jour,Normale,Voie Communale,,4,Plat,En courbe à gauche,,,normale,,Sur chaussée,Conducteur,1,M,53-54,Promenade - loisirs,Casque,Non déterminable,1,1,05 - mai,0 - lundi,Lyon 6e  Arrondissement
,201700013959,2017-05-07,64,17,64188,43.23958,-0.86995,Intersection en T,Deux véhicules - par le coté,Plein jour,Normale,Route Départementale,,2,Plat,,,15,,,,Conducteur,2,M,83-84,Promenade - loisirs,Casque,Non,1,,05 - mai,6 - dimanche,Chéraute
,201700019192,2017-05-07,33,12,33423,45.14739,-0.74134,Intersection en Y,Deux véhicules - par le coté,Plein jour,Normale,Route Départementale,,1,,Partie rectiligne,,,,Carrefour aménagé,,Conducteur,2,M,44-45,Promenade - loisirs,Casque,Oui,1,1,05 - mai,6 - dimanche,Saint-Julien-Beychevelle
,201700034713,2017-05-07,69,11,69282,45.78402,5.00126,Hors intersection,Deux véhicules - par le coté,Plein jour,Normale,Voie Communale,,1,Plat,Partie rectiligne,,71,,,Sur chaussée,Conducteur,1,M,10-11,Promenade - loisirs,Casque,Oui,1,1,05 - mai,6 - dimanche,Meyzieu
,201700045675,2017-05-07,94,18,94081,0,0,Intersection en X,Deux véhicules - par l’arrière,Plein jour,Normale,Route Départementale,,1,Plat,Partie rectiligne,,,normale,,Sur chaussée,Conducteur,1,M,28-29,Promenade - loisirs,Autre,Non déterminable,1,1,05 - mai,6 - dimanche,Vitry-sur-Seine
,201700056117,2017-05-07,75,12,75116,48.8758,2.28866,Hors intersection,Deux véhicules - par le coté,Plein jour,Normale,Voie Communale,,3,Plat,Partie rectiligne,,,mouillée,,Sur chaussée,Conducteur,1,M,31-32,Domicile - travail,Casque,Non déterminable,1,1,05 - mai,6 - dimanche,Paris 16e  Arrondissement
,201700056118,2017-05-07,75,11,75116,48.8452,2.26189,Intersection en X,Deux véhicules - par le coté,Plein jour,Normale,Voie Communale,,2,Plat,Partie rectiligne,,,normale,,Sur chaussée,Conducteur,1,M,50-51,Promenade - loisirs,Casque,Oui,1,1,05 - mai,6 - dimanche,Paris 16e  Arrondissement
,201700022862,2017-05-06,26,13,26057,0,0,Hors intersection,Autre,Plein jour,Normale,Route Départementale,,1,Plat,Partie rectiligne,,,mouillée,,Sur chaussée,Conducteur,0,M,56-57,Promenade - loisirs,Casque,Oui,1,1,05 - mai,5 - samedi,Bourg-de-Péage
,201700030417,2017-05-06,54,15,54482,48.70065,6.20836,Hors intersection,Deux véhicules - par l’arrière,Plein jour,Normale,Voie Communale,,3,Plat,Partie rectiligne,,,normale,,Sur chaussée,Conducteur,1,M,16-17,Promenade - loisirs,Casque,Oui,1,1,05 - mai,5 - samedi,Saint-Max
,201700044490,2017-05-06,94,15,94033,0,0,Hors intersection,Autre,Plein jour,Pluie légère,Voie Communale,,1,Plat,Partie rectiligne,,60,mouillée,,Sur chaussée,Conducteur,0,M,36-37,Domicile - école,Casque,Non,,1,05 - mai,5 - samedi,Fontenay-sous-Bois
,201700053750,2017-05-06,75,18,75108,48.8742,2.29955,Intersection en Y,Deux véhicules - par le coté,Plein jour,Temps couvert,Voie Communale,,3,Pente,Partie rectiligne,,,mouillée,,Sur chaussée,Conducteur,1,F,40-41,Promenade - loisirs,Casque,Non déterminable,1,1,05 - mai,5 - samedi,Paris 8e  Arrondissement
,201700056116,2017-05-06,75,5,75116,48.8629,2.29191,Intersection en X,Deux véhicules - par l’arrière,Nuit avec éclairage public allumé,Normale,Voie Communale,,1,Pente,En courbe à droite,,,normale,,Sur chaussée,Conducteur,1,M,35-36,Promenade - loisirs,Casque,Non déterminable,1,1,05 - mai,5 - samedi,Paris 16e  Arrondissement
,201700058935,2017-05-06,974,7,97408,-20.943,55.35582,Hors intersection,Deux véhicules - frontale,Plein jour,Normale,Voie Communale,,2,Pente,Partie rectiligne,,60,normale,,Sur chaussée,Conducteur,1,M,43-44,Promenade - loisirs,Casque,Oui,1,1,05 - mai,5 - samedi,Possession
,201700059925,2017-05-06,973,9,97302,4.93982,-52.33074,Intersection en X,Deux véhicules - par le coté,Plein jour,Normale,Voie Communale,,,Plat,Partie rectiligne,,60,normale,,Sur chaussée,Conducteur,1,M,22-23,,Casque,Oui,1,1,05 - mai,5 - samedi,Cayenne
,201700000899,2017-05-05,1,11,1053,46.20269,5.24528,Hors intersection,Aucune,Plein jour,Normale,Route Départementale,,2,Plat,Partie rectiligne,38,150,normale,Carrefour aménagé,Sur chaussée,Conducteur,2,M,40-41,Promenade - loisirs,Casque,Oui,1,1,05 - mai,4 - vendredi,Bourg-en-Bresse
,201700005180,2017-05-05,77,16,77453,48.54747,2.76575,Intersection en X,Deux véhicules - par le coté,Plein jour,Normale,Route Départementale,,2,Plat,Partie rectiligne,,30,normale,Carrefour aménagé,Sur chaussée,Conducteur,2,M,75-76,Promenade - loisirs,Casque,Oui,1,,05 - mai,4 - vendredi,Sivry-Courtry
,201700008487,2017-05-05,12,15,12202,0,0,Hors intersection,Aucune,Plein jour,Normale,Voie Communale,,2,,,,,,,,Conducteur,2,M,53-54,Promenade - loisirs,Autre,Oui,,1,05 - mai,4 - vendredi,Rodez