test,identifiantAccident,date,departement,heure,commune,lat,lon,typeIntersection,typeCollision,luminosite,conditionsAtmosperiques,typeRoute,circulation,nbVoies,profilLongRoute,tracePlanRoute,largeurTPC,largeurRoute,etatSurface,amenagement,situation,categorieUsager,graviteAccident,sexe,age,motifDeplacement,existenceSecurite,usageSecurite,nombreAutresVehicules,enAgglomeration,mois,jour,NCCENR
,201700014005,2017-05-05,45,17,45175,47.77543,1.82041,Hors intersection,Deux véhicules - par l’arrière,Plein jour,Normale,Route Départementale,,2,Plat,Partie rectiligne,,65,normale,,Sur chaussée,Conducteur,1,M,50-51,Promenade - loisirs,Casque,Oui,1,,05 - mai,4 - vendredi,Jouy-le-Potier
,201700021160,2017-05-05,17,17,17300,46.17583,-1.17493,Hors intersection,Deux véhicules - frontale,Plein jour,Normale,Voie Communale,,2,Plat,Partie rectiligne,,41,normale,,Sur chaussée,Conducteur,1,M,72-73,Promenade - loisirs,Casque,Oui,1,,05 - mai,4 - vendredi,Rochelle
,201700025342,2017-05-05,32,15,32013,43.6354,0.58903,Hors intersection,Deux véhicules - par l’arrière,Plein jour,Normale,Voie Communale,,2,Plat,Partie rectiligne,,,normale,,Sur chaussée,Conducteur,1,M,16-17,Promenade - loisirs,Casque,Oui,1,1,05 - mai,4 - vendredi,Auch
,201700028389,2017-05-05,44,18,44109,47.23784,-1.54475,Hors intersection,Autre,Plein jour,Normale,Voie Communale,,,,,,,,,Sur chaussée,Conducteur,1,M,25-26,,Casque,Oui,1,1,05 - mai,4 - vendredi,Nantes
,201700029084,2017-05-05,47,15,47032,44.2038,0.69806,Hors intersection,Deux véhicules - frontale,Plein jour,Normale,Voie Communale,,2,Pente,En courbe à droite,,,normale,,Sur chaussée,Conducteur,2,M,14-15,Domicile - école,Casque,Oui,1,,05 - mai,4 - vendredi,Bon-Encontre
,201700033170,2017-05-05,64,7,64445,43.31108,-0.35161,Intersection en X,Deux véhicules - par le coté,Plein jour,Normale,Voie Communale,,3,Plat,Partie rectiligne,,55,normale,Carrefour aménagé,Sur chaussée,Conducteur,3,F,21-22,Domicile - école,Autre,Non,1,1,05 - mai,4 - vendredi,Pau
,201700036984,2017-05-05,80,16,80021,49.89478,2.2933,Hors intersection,Autre,Plein jour,Normale,Voie Communale,,2,Plat,Partie rectiligne,,,normale,,Sur trottoir,Conducteur,0,F,40-41,,Casque,Oui,,1,05 - mai,4 - vendredi,Amiens
,201700038468,2017-05-05,91,23,91347,48.62979,2.28959,Intersection en T,Deux véhicules - par le coté,Nuit avec éclairage public allumé,Normale,Voie Communale,,2,Plat,Partie rectiligne,,,normale,,Sur chaussée,Conducteur,1,F,17-18,Promenade - loisirs,Casque,Non,1,1,05 - mai,4 - vendredi,Longpont-sur-Orge
,201700041870,2017-05-05,93,18,93047,0,0,Hors intersection,Deux véhicules - frontale,Plein jour,Normale,Voie Communale,,,Pente,Partie rectiligne,,,normale,,Sur chaussée,Conducteur,2,M,59-60,Courses - achats,Casque,Non,1,1,05 - mai,4 - vendredi,Montfermeil
,201700043858,2017-05-05,94,19,94017,0,0,Hors intersection,Autre,Plein jour,Normale,Voie Communale,,,,,,,normale,,Sur trottoir,Conducteur,1,M,15-16,Promenade - loisirs,Casque,Non,1,1,05 - mai,4 - vendredi,Champigny-sur-Marne
,201700050075,2017-05-05,69,8,69385,45.75461,4.7883,Intersection en X,Deux véhicules - frontale,Plein jour,Normale,Voie Communale,,2,Pente,Partie rectiligne,20,94,normale,,,Conducteur,1,M,34-35,Domicile - travail,Casque,Oui,1,1,05 - mai,4 - vendredi,Lyon 5e  Arrondissement
,201700053073,2017-05-05,75,17,75104,48.8522,2.36595,Intersection en Y,Deux véhicules - par le coté,Plein jour,Normale,Voie Communale,,3,Plat,Partie rectiligne,,90,normale,,Sur chaussée,Conducteur,1,M,26-27,Utilisation professionnelle,Casque,Non déterminable,1,1,05 - mai,4 - vendredi,Paris 4e  Arrondissement
,201700053488,2017-05-05,75,19,75107,48.8593,2.33019,Intersection en T,Autre,Plein jour,Normale,Voie Communale,,4,Plat,Partie rectiligne,,,normale,,Sur chaussée,Conducteur,1,M,30-31,Domicile - travail,Casque,Non déterminable,1,1,05 - mai,4 - vendredi,Paris 7e  Arrondissement
,201700003765,2017-05-04,13,20,13097,43.64436,4.82074,Giratoire,Deux véhicules - par le coté,Plein jour,Normale,Route Départementale,,2,Plat,,6,10,normale,,,Conducteur,2,F,43-44,Promenade - loisirs,Casque,Non,1,,05 - mai,3 - jeudi,Saint-Martin-de-Crau
,201700012137,2017-05-04,87,7,87185,45.8778,1.01384,Hors intersection,Deux véhicules - frontale,Plein jour,Normale,Route Départementale,,2,Plat,Partie rectiligne,,57,normale,,,Conducteur,1,M,19-20,Promenade - loisirs,Casque,Oui,1,1,05 - mai,3 - jeudi,Saint-Victurnien
,201700015852,2017-05-04,2,14,2566,49.6073,3.18918,Intersection en T,Deux véhicules - frontale,Plein jour,Normale,Voie Communale,,1,Plat,Partie rectiligne,,,normale,,Sur chaussée,Conducteur,2,M,63-64,Promenade - loisirs,Casque,Oui,1,1,05 - mai,3 - jeudi,Ognes
,201700021159,2017-05-04,17,7,17300,46.15298,-1.14888,Intersection en X,Deux véhicules - par le coté,Plein jour,Normale,Voie Communale,,2,Pente,Partie rectiligne,,107,normale,,Sur chaussée,Conducteur,1,F,20-21,Domicile - travail,Casque,Non,1,1,05 - mai,3 - jeudi,Rochelle
,201700021631,2017-05-04,62,17,62196,50.47752,1.71995,Intersection en X,Deux véhicules - frontale,Plein jour,Normale,Route Départementale,,2,,,,,,,Sur chaussée,Conducteur,2,M,76-77,Promenade - loisirs,Casque,Oui,1,1,05 - mai,3 - jeudi,Calotterie
,201700028750,2017-05-04,45,22,45234,47.91121,1.92959,Intersection en X,Deux véhicules - par le coté,Nuit avec éclairage public allumé,Normale,Voie Communale,,2,Plat,Partie rectiligne,,50,normale,,Sur chaussée,Conducteur,1,M,16-17,Autre,Casque,Oui,1,1,05 - mai,3 - jeudi,Orléans
,201700032377,2017-05-04,60,5,60175,49.26273,2.47405,Autre intersection,Deux véhicules - par le coté,Nuit avec éclairage public allumé,Normale,Voie Communale,,,Plat,,,,normale,Carrefour aménagé,Sur chaussée,Conducteur,1,M,39-40,Domicile - travail,Equipement réfléchissant,Non,1,1,05 - mai,3 - jeudi,Creil
,201700038926,2017-05-04,91,8,91421,48.70405,2.44425,Hors intersection,Deux véhicules - frontale,Plein jour,Normale,Voie Communale,,2,Plat,Partie rectiligne,,,normale,,Sur chaussée,Conducteur,1,M,12-13,Autre,Casque,Oui,1,1,05 - mai,3 - jeudi,Montgeron
,201700041028,2017-05-04,92,9,92064,0,0,Hors intersection,Deux véhicules - par le coté,Plein jour,Normale,Voie Communale,,1,Plat,Partie rectiligne,,,normale,,Sur chaussée,Conducteur,1,F,56-57,Promenade - loisirs,Casque,Oui,1,1,05 - mai,3 - jeudi,Saint-Cloud
,201700053748,2017-05-04,75,9,75108,48.8704,2.31291,Intersection en T,Deux véhicules - par le coté,Plein jour,Normale,Voie Communale,,3,Plat,Partie rectiligne,,100,normale,,Sur chaussée,Conducteur,1,F,52-53,,Casque,Non déterminable,1,1,05 - mai,3 - jeudi,Paris 8e  Arrondissement
,201700053749,2017-05-04,75,15,75108,48.8647,2.31363,Intersection à plus de 4 branches,Deux véhicules - par l’arrière,Plein jour,Pluie légère,Voie Communale,,4,Plat,En courbe à gauche,,80,normale,,Sur chaussée,Conducteur,1,M,21-22,Domicile - travail,Casque,Non déterminable,1,1,05 - mai,3 - jeudi,Paris 8e  Arrondissement
,201700055132,2017-05-04,75,16,75113,48.8309,2.35665,Hors intersection,Autre,Plein jour,Normale,Voie Communale,,6,Pente,Partie rectiligne,200,400,normale,Voie ferrée,Sur chaussée,Conducteur,0,M,18-19,Autre,Casque,Non déterminable,,1,05 - mai,3 - jeudi,Paris 13e  Arrondissement
,201700056945,2017-05-04,75,18,75118,48.8866,2.34954,Intersection en X,Deux véhicules - par l’arrière,Plein jour,Pluie forte,Voie Communale,,4,Plat,Partie rectiligne,,,mouillée,,Sur chaussée,Conducteur,1,M,29-30,Utilisation professionnelle,Casque,Non déterminable,1,1,05 - mai,3 - jeudi,Paris 18e  Arrondissement
,201700009610,2017-05-03,13,15,13055,43.28438,5.38425,Hors intersection,Aucune,Plein jour,Normale,Voie Communale,,1,Plat,Partie rectiligne,,,,,Sur chaussée,Conducteur,1,M,39-40,,Casque,Oui,1,1,05 - mai,2 - mercredi,Marseille
,201700015281,2017-05-03,26,17,26144,0,0,Hors intersection,Autre,Plein jour,Normale,Route Départementale,,2,Plat,,,,normale,,Sur chaussée,Conducteur,2,M,68-69,,Casque,Non déterminable,1,,05 - mai,2 - mercredi,Grane
,201700015281,2017-05-03,26,17,26144,0,0,Hors intersection,Autre,Plein jour,Normale,Route Départementale,,2,Plat,,,,normale,,Sur chaussée,Conducteur,1,M,58-59,Promenade - loisirs,Casque,Non déterminable,1,,05 - mai,2 - mercredi,Grane
,201700015550,2017-05-03,1,16,1267,46.18038,5.52039,Intersection en T,Deux véhicules - frontale,Plein jour,Normale,Voie Communale,Avec voies d’affectation variable,,,,,,,,,Conducteur,2,M,13-14,Promenade - loisirs,Casque,Non,1,1,05 - mai,2 - mercredi,Nurieux-Volognat
,201700015899,2017-05-03,2,20,2095,49.98548,3.4577,Intersection en Y,Deux véhicules - par le coté,Plein jour,Normale,Route Départementale,,2,Plat,Partie rectiligne,,60,normale,,Sur chaussée,Conducteur,2,M,8-9,Promenade - loisirs,Casque,Non,1,1,05 - mai,2 - mercredi,Bohain-en-Vermandois
,201700025746,2017-05-03,33,20,33522,44.8141,-0.58879,Intersection en Y,Deux véhicules - frontale,Plein jour,Normale,Voie Communale,,4,Plat,Partie rectiligne,,25,normale,,Sur chaussée,Conducteur,1,M,30-31,,Casque,Non déterminable,1,1,05 - mai,2 - mercredi,Talence
,201700026600,2017-05-03,35,18,35238,48.12592,-1.66579,Hors intersection,Deux véhicules - par le coté,Plein jour,Normale,Voie Communale,,3,Plat,Partie rectiligne,,,normale,,Sur chaussée,Conducteur,1,M,35-36,,Casque,Non déterminable,1,1,05 - mai,2 - mercredi,Rennes
,201700026980,2017-05-03,36,9,36044,46.80877,1.67956,Hors intersection,Autre,Plein jour,Normale,Voie Communale,,2,Plat,Partie rectiligne,,,normale,,Sur chaussée,Conducteur,1,M,66-67,Domicile - travail,,,1,1,05 - mai,2 - mercredi,Châteauroux
,201700027186,2017-05-03,37,11,37261,47.39751,0.6994,Intersection en X,Deux véhicules - par le coté,Plein jour,Normale,Voie Communale,,3,Pente,Partie rectiligne,,,normale,Pont - autopont,Sur chaussée,Conducteur,1,M,35-36,Autre,Casque,Non,1,1,05 - mai,2 - mercredi,Tours
,201700027629,2017-05-03,38,18,38421,45.18496,5.76499,Intersection en Y,Deux véhicules - par le coté,Plein jour,Normale,Voie Communale,,2,Plat,Partie rectiligne,,,normale,,Sur chaussée,Conducteur,1,M,28-29,Domicile - travail,Casque,Non déterminable,1,1,05 - mai,2 - mercredi,'Saint-Martin-d''Hères'
,201700027704,2017-05-03,38,16,38544,45.53189,4.87419,Intersection en Y,Deux véhicules - par le coté,Plein jour,Normale,Voie Communale,,,Plat,,,,,,Sur chaussée,Conducteur,2,M,80-81,,Autre,Non,1,1,05 - mai,2 - mercredi,Vienne
,201700028543,2017-05-03,44,16,44184,47.25237,-2.26138,Intersection en T,Deux véhicules - par le coté,Plein jour,Normale,Voie Communale,,,Plat,Partie rectiligne,,,normale,,,Conducteur,1,M,49-50,,Casque,Oui,1,1,05 - mai,2 - mercredi,Saint-Nazaire
,201700032920,2017-05-03,64,14,64024,43.47763,-1.52398,Giratoire,Deux véhicules - par le coté,Plein jour,Normale,Route Départementale,,2,Plat,Partie rectiligne,,80,normale,Bretelle d’échangeur ou de raccordement,Sur chaussée,Conducteur,2,M,67-68,Promenade - loisirs,Casque,Oui,1,1,05 - mai,2 - mercredi,Anglet
,201700044595,2017-05-03,94,15,94076,0,0,Intersection en X,Deux véhicules - par le coté,Plein jour,Pluie légère,Route Départementale,,1,Plat,Partie rectiligne,,,mouillée,,Sur chaussée,Conducteur,2,M,19-20,Utilisation professionnelle,Casque,Non déterminable,1,1,05 - mai,2 - mercredi,Villejuif
,201700011676,2017-05-02,52,12,52429,48.60538,5.02649,Intersection en X,Deux véhicules - frontale,Plein jour,Normale,Route Nationale,,3,Plat,,11,210,normale,,,Conducteur,3,M,54-55,Promenade - loisirs,Casque,Non,1,,05 - mai,1 - mardi,Roches-sur-Marne
,201700020695,2017-05-02,91,7,91225,48.6384,2.45958,Giratoire,Deux véhicules - par le coté,Crépuscule ou aube,Pluie légère,Route Départementale,,2,Plat,En courbe à gauche,8,25,mouillée,,Sur chaussée,Conducteur,1,M,19-20,Domicile - école,Casque,Non,1,1,05 - mai,1 - mardi,Étiolles
,201700029265,2017-05-02,49,18,49007,47.47304,-0.57722,Intersection en T,Deux véhicules - par le coté,Plein jour,Normale,Voie Communale,,2,Plat,Partie rectiligne,,178,normale,,Sur chaussée,Conducteur,1,M,42-43,Domicile - travail,Casque,Non déterminable,1,1,05 - mai,1 - mardi,Angers
,201700036892,2017-05-02,79,18,79329,46.979,-0.20019,Intersection en X,Deux véhicules - par le coté,Plein jour,Normale,Voie Communale,,2,Plat,Partie rectiligne,,70,normale,Carrefour aménagé,Sur chaussée,Conducteur,1,M,62-63,,Autre,Non déterminable,1,1,05 - mai,1 - mardi,Thouars
,201700055127,2017-05-02,75,15,75113,48.8273,2.36852,Intersection en X,Deux véhicules - par le coté,Plein jour,Normale,Voie Communale,,1,Pente,Partie rectiligne,,45,normale,,Sur chaussée,Conducteur,1,M,22-23,Autre,Casque,Non déterminable,1,1,05 - mai,1 - mardi,Paris 13e  Arrondissement
,201700056942,2017-05-02,75,12,75118,48.8931,2.33776,Intersection en X,Deux véhicules - par le coté,Plein jour,Normale,Voie Communale,,,Plat,Partie rectiligne,,,normale,,Sur chaussée,Conducteur,1,M,39-40,,Casque,Oui,1,1,05 - mai,1 - mardi,Paris 18e  Arrondissement
,201700057281,2017-05-02,75,20,75119,48.8892,2.39387,Hors intersection,Deux véhicules - par le coté,Plein jour,Normale,Voie Communale,,3,Pente,Partie rectiligne,,,normale,,Sur piste cyclable,Conducteur,1,M,21-22,Promenade - loisirs,Casque,Non déterminable,1,1,05 - mai,1 - mardi,Paris 19e  Arrondissement
,201700059724,2017-05-02,972,14,97213,0,0,Hors intersection,Deux véhicules - par le coté,Plein jour,Normale,Voie Communale,,2,Plat,Partie rectiligne,,,normale,,Sur chaussée,Conducteur,1,M,21-22,Courses - achats,Casque,Oui,1,1,05 - mai,1 - mardi,Lamentin
,201700001033,2017-05-01,49,13,49179,47.02152,-1.03821,Hors intersection,Aucune,Plein jour,Pluie légère,Route Départementale,,2,Plat,Partie rectiligne,,,normale,,Sur chaussée,Conducteur,2,M,53-54,Promenade - loisirs,Casque,Oui,,,05 - mai,0 - lundi,Longeron
,201700020331,2017-05-01,56,12,56177,47.75948,-3.02093,Hors intersection,Deux véhicules - par l’arrière,Plein jour,Normale,Route Départementale,,2,Plat,Partie rectiligne,,,normale,,Sur chaussée,Conducteur,2,M,66-67,Promenade - loisirs,Casque,Oui,1,,05 - mai,0 - lundi,Pluvigner
,201700024690,2017-05-01,31,16,31555,43.6217,1.45803,Hors intersection,Deux véhicules - frontale,Plein jour,Normale,Route Départementale,,2,Plat,Partie rectiligne,,,normale,,Sur chaussée,Conducteur,1,M,32-33,,Autre,Non,1,1,05 - mai,0 - lundi,Toulouse
,201700026067,2017-05-01,34,21,34032,43.353,3.21848,Hors intersection,Autre,Nuit avec éclairage public allumé,Normale,Voie Communale,,,,,,,,,,Conducteur,0,M,26-27,,Casque,Oui,,1,05 - mai,0 - lundi,Béziers
,201700026067,2017-05-01,34,21,34032,43.353,3.21848,Hors intersection,Autre,Nuit avec éclairage public allumé,Normale,Voie Communale,,,,,,,,,,Piéton,1,M,48-49,,,,,1,05 - mai,0 - lundi,Béziers
,201700001436,2017-04-30,64,11,64478,43.28001,-0.44035,Hors intersection,Deux véhicules - frontale,Plein jour,Normale,Route Départementale,,2,Pente,,,50,normale,,Sur chaussée,Conducteur,2,M,63-64,,Casque,Oui,1,,04 - avril,6 - dimanche,Saint-Faust
,201700003013,2017-04-30,54,10,54532,48.80133,5.95633,Hors intersection,Deux véhicules - frontale,Plein jour,Temps éblouissant,Route Départementale,,2,Plat,,18,910,normale,,,Conducteur,2,M,65-66,,Casque,Oui,1,,04 - avril,6 - dimanche,Tremblecourt
,201700004126,2017-04-30,83,9,83119,43.26751,6.64272,Hors intersection,Autre,Plein jour,Normale,Voie Communale,,2,Plat,Partie rectiligne,,,normale,Zone piétonne,Sur chaussée,Conducteur,2,M,24-25,Promenade - loisirs,Casque,Oui,,1,04 - avril,6 - dimanche,Saint-Tropez
,201700005104,2017-04-30,91,11,91093,48.66907,2.04083,Hors intersection,Deux véhicules - par le coté,Plein jour,Normale,Route Départementale,,2,Plat,Partie rectiligne,,60,normale,,Sur chaussée,Conducteur,2,M,43-44,Promenade - loisirs,Casque,Oui,1,,04 - avril,6 - dimanche,Boullay-les-Troux
,201700007838,2017-04-30,35,10,35131,48.12309,-1.82241,Passage à niveau,Aucune,Plein jour,Pluie légère,Route Départementale,,2,Plat,,906,224,normale,,Sur chaussée,Conducteur,2,M,66-67,Promenade - loisirs,Casque,Oui,,1,04 - avril,6 - dimanche,Hermitage
,201700007981,2017-04-30,10,11,10387,48.28998,4.0678,Giratoire,Deux véhicules - par le coté,Plein jour,Normale,Voie Communale,,2,Plat,En courbe à gauche,,,normale,,Sur piste cyclable,Conducteur,2,M,59-60,Promenade - loisirs,Casque,Non déterminable,1,1,04 - avril,6 - dimanche,Troyes
,201700011418,2017-04-30,68,14,68375,47.78735,7.22522,Intersection en T,Deux véhicules - par le coté,Plein jour,Normale,Route Départementale,,2,Plat,Partie rectiligne,,103,normale,,Sur piste cyclable,Conducteur,2,M,39-40,Promenade - loisirs,Casque,Oui,1,1,04 - avril,6 - dimanche,Wittelsheim
,201700018664,2017-04-30,89,10,89022,47.54015,3.99283,Hors intersection,Deux véhicules - par le coté,Plein jour,Normale,Route Départementale,,2,Plat,Partie rectiligne,,30,normale,,Sur chaussée,Conducteur,2,M,66-67,Promenade - loisirs,Casque,Non,1,,04 - avril,6 - dimanche,Athie
,201700025745,2017-04-30,33,3,33063,44.8283,-0.55722,Intersection en X,Deux véhicules - par le coté,Nuit avec éclairage public allumé,Normale,Voie Communale,,3,Plat,Partie rectiligne,,16,normale,Voie ferrée,Sur chaussée,Conducteur,0,M,17-18,Promenade - loisirs,Equipement réfléchissant,Non déterminable,1,1,04 - avril,6 - dimanche,Bordeaux
,201700025745,2017-04-30,33,3,33063,44.8283,-0.55722,Intersection en X,Deux véhicules - par le coté,Nuit avec éclairage public allumé,Normale,Voie Communale,,3,Plat,Partie rectiligne,,16,normale,Voie ferrée,Sur chaussée,Passager,1,F,15-16,Promenade - loisirs,Autre,Non déterminable,1,1,04 - avril,6 - dimanche,Bordeaux
,201700044342,2017-04-30,94,14,94028,0,0,Hors intersection,Deux véhicules - frontale,Plein jour,Normale,Voie Communale,,,,Partie rectiligne,,,,,Sur chaussée,Piéton en roller ou en trottinette,1,M,52-53,Domicile - travail,Autre,Non déterminable,1,1,04 - avril,6 - dimanche,Créteil
,201700054198,2017-04-30,75,19,75110,48.8787,2.37009,Hors intersection,Deux véhicules - par le coté,Crépuscule ou aube,Pluie forte,Voie Communale,,2,Plat,Partie rectiligne,,,mouillée,,Sur piste cyclable,Conducteur,1,F,51-52,Autre,Casque,Non déterminable,1,1,04 - avril,6 - dimanche,Paris 10e  Arrondissement
,201700054199,2017-04-30,75,21,75110,48.8732,2.36567,Hors intersection,Autre,Nuit avec éclairage public allumé,Pluie légère,Voie Communale,,1,,,,,mouillée,,Sur chaussée,Conducteur,1,M,22-23,Utilisation professionnelle,Casque,Oui,1,1,04 - avril,6 - dimanche,Paris 10e  Arrondissement
,201700001638,2017-04-29,31,10,31381,43.45497,1.5831,Intersection en T,Deux véhicules - par le coté,Plein jour,Normale,Route Départementale,,2,,Partie rectiligne,,,normale,,Sur chaussée,Conducteur,2,M,29-30,Promenade - loisirs,Casque,Oui,1,1,04 - avril,5 - samedi,Montgiscard
,201700004476,2017-04-29,34,12,34088,43.56112,3.72894,Hors intersection,Deux véhicules - frontale,Plein jour,Normale,Route Départementale,,2,Bas de côte,En courbe à droite,,35,normale,,Sur chaussée,Conducteur,2,M,49-50,,Autre,Non déterminable,1,1,04 - avril,5 - samedi,Cournonterral
,201700008757,2017-04-29,13,8,13028,43.19076,5.64079,Intersection en Y,Deux véhicules - par le coté,Plein jour,Normale,Route Départementale,,2,Plat,Partie rectiligne,20,40,normale,,Sur chaussée,Conducteur,2,M,65-66,,Casque,Oui,1,1,04 - avril,5 - samedi,Ciotat
,201700011417,2017-04-29,68,11,68375,47.80812,7.22427,Giratoire,Deux véhicules - par le coté,Plein jour,Normale,Route Départementale,,1,Plat,En courbe à gauche,7,810,normale,,,Conducteur,2,M,60-61,Promenade - loisirs,Casque,Oui,1,1,04 - avril,5 - samedi,Wittelsheim
,201700011535,2017-04-29,88,14,88408,47.9252,6.66373,Hors intersection,Trois véhicules et plus - collisions multiples,Plein jour,Normale,Voie Communale,,2,Pente,En courbe à droite,,30,normale,,Sur chaussée,Conducteur,2,M,42-43,Promenade - loisirs,Casque,Oui,1,,04 - avril,5 - samedi,Rupt-sur-Moselle
,201700011535,2017-04-29,88,14,88408,47.9252,6.66373,Hors intersection,Trois véhicules et plus - collisions multiples,Plein jour,Normale,Voie Communale,,2,Pente,En courbe à droite,,30,normale,,Sur chaussée,Conducteur,1,M,39-40,Promenade - loisirs,Casque,Oui,1,,04 - avril,5 - samedi,Rupt-sur-Moselle
,201700014996,2017-04-29,72,18,72104,48.28171,0.27868,Hors intersection,Deux véhicules - par l’arrière,Plein jour,Normale,Route Départementale,,2,Pente,En courbe à droite,,67,normale,,Sur chaussée,Conducteur,3,M,52-53,Promenade - loisirs,Casque,Non,1,,04 - avril,5 - samedi,Courgains
,201700015506,2017-04-29,1,13,1370,46.302,4.83611,Giratoire,Deux véhicules - par le coté,Plein jour,Normale,Route Départementale,,2,Plat,,,15,normale,,,Conducteur,2,M,84-85,,Casque,Non déterminable,1,1,04 - avril,5 - samedi,Saint-Laurent-sur-Saône
,201700016669,2017-04-29,34,11,34154,43.55709,4.03535,Hors intersection,Aucune,Plein jour,Normale,Autre,,2,Plat,Partie rectiligne,,,normale,,Sur piste cyclable,Conducteur,2,M,50-51,Promenade - loisirs,Casque,Oui,,,04 - avril,5 - samedi,Mauguio
,201700026594,2017-04-29,35,10,35238,48.1202,-1.68271,Hors intersection,Autre,Plein jour,Normale,Voie Communale,,2,Plat,Partie rectiligne,,,normale,,Sur piste cyclable,Conducteur,1,M,54-55,,Casque,Non déterminable,,1,04 - avril,5 - samedi,Rennes
,201700028217,2017-04-29,44,16,44132,47.26265,-2.33432,Hors intersection,Deux véhicules - par le coté,Plein jour,Normale,Route Départementale,,2,Plat,Partie rectiligne,,,normale,,Sur chaussée,Conducteur,2,F,77-78,Promenade - loisirs,Casque,Oui,1,1,04 - avril,5 - samedi,Pornichet
,201700031921,2017-04-29,59,17,59512,50.68515,3.18203,Hors intersection,Autre,Plein jour,Normale,Voie Communale,,1,Plat,Partie rectiligne,,,normale,,Sur piste cyclable,Conducteur,2,M,42-43,Promenade - loisirs,Casque,Non,1,1,04 - avril,5 - samedi,Roubaix
,201700036062,2017-04-29,76,15,76108,49.45377,1.10472,Hors intersection,Deux véhicules - par le coté,Plein jour,Normale,Route Départementale,,3,Pente,Partie rectiligne,,105,normale,,Sur chaussée,Conducteur,1,M,28-29,Promenade - loisirs,Casque,Oui,1,1,04 - avril,5 - samedi,Bois-Guillaume
,201700043799,2017-04-29,94,9,94075,0,0,Hors intersection,Deux véhicules - par le coté,Plein jour,Normale,Voie Communale,,2,Plat,Partie rectiligne,,53,normale,,Sur chaussée,Conducteur,1,M,51-52,Promenade - loisirs,Casque,Oui,1,1,04 - avril,5 - samedi,Villecresnes
,201700052988,2017-04-29,75,17,75103,48.8667,2.36171,Hors intersection,Trois véhicules et plus - collisions multiples,Plein jour,Normale,Voie Communale,,3,Plat,Partie rectiligne,80,91,normale,,Sur chaussée,Conducteur,1,M,50-51,,Casque,Non,2,1,04 - avril,5 - samedi,Paris 3e  Arrondissement
,201700059502,2017-04-29,971,5,97113,16.21731,-61.51503,Giratoire,Deux véhicules - par l’arrière,Plein jour,Pluie légère,Voie Communale,,2,Plat,Partie rectiligne,,35,normale,,Sur chaussée,Conducteur,2,M,21-22,,Casque,Non,1,,04 - avril,5 - samedi,Gosier
,201700015260,2017-04-28,58,15,58067,47.10085,3.07498,Hors intersection,Deux véhicules - par le coté,Plein jour,Normale,Route Départementale,,2,Pente,Partie rectiligne,,,normale,,Sur chaussée,Conducteur,1,M,52-53,Promenade - loisirs,Casque,Oui,1,,04 - avril,4 - vendredi,Chaulgnes
,201700018788,2017-04-28,71,16,71463,46.24035,4.26417,Hors intersection,Deux véhicules - par le coté,Plein jour,Normale,Route Départementale,,2,Plat,Partie rectiligne,,65,normale,,Sur chaussée,Conducteur,1,M,73-74,Promenade - loisirs,Casque,Oui,1,,04 - avril,4 - vendredi,Saint-Maurice-lès-Châteauneuf
,201700023158,2017-04-28,91,9,91665,48.6686,2.27925,Hors intersection,Deux véhicules - par le coté,Plein jour,Pluie légère,Route Nationale,,2,Plat,Partie rectiligne,,,mouillée,,Sur chaussée,Conducteur,1,M,72-73,Promenade - loisirs,Casque,Non,1,1,04 - avril,4 - vendredi,Ville-du-Bois
,201700026164,2017-04-28,34,12,34172,43.62065,3.86481,Hors intersection,Deux véhicules - par le coté,Plein jour,Normale,Voie Communale,,4,Plat,Partie rectiligne,10,90,normale,,Sur trottoir,Conducteur,1,F,27-28,Domicile - travail,Casque,Non,1,1,04 - avril,4 - vendredi,Montpellier
,201700026591,2017-04-28,35,16,35051,48.10761,-1.61791,Hors intersection,Autre,Plein jour,Normale,Voie Communale,,2,Plat,Partie rectiligne,,,normale,,Sur trottoir,Conducteur,1,M,32-33,Domicile - travail,Casque,Oui,1,1,04 - avril,4 - vendredi,Cesson-Sévigné
,201700035287,2017-04-28,72,16,72095,48.01897,0.20166,Hors intersection,Deux véhicules - par le coté,Plein jour,Normale,Voie Communale,,2,Plat,Partie rectiligne,,,normale,,Sur trottoir,Conducteur,2,M,33-34,Domicile - travail,Casque,Oui,1,1,04 - avril,4 - vendredi,Coulaines
,201700035524,2017-04-28,74,10,74010,45.9204,6.1236,Hors intersection,Autre,Plein jour,Normale,Voie Communale,,2,Plat,Partie rectiligne,,60,normale,,Sur chaussée,Conducteur,1,M,84-85,,Casque,Oui,1,1,04 - avril,4 - vendredi,Annecy
,201700035544,2017-04-28,74,12,74010,45.90939,6.14181,Intersection en T,Autre,Plein jour,Normale,Voie Communale,,2,Plat,Partie rectiligne,,50,normale,,,Conducteur,1,F,47-48,,Casque,Non déterminable,1,1,04 - avril,4 - vendredi,Annecy
,201700037878,2017-04-28,86,4,86194,46.5782,0.35063,Intersection en X,Deux véhicules - par le coté,Nuit avec éclairage public allumé,Normale,Voie Communale,,4,Plat,Partie rectiligne,,170,normale,,Sur chaussée,Conducteur,1,M,22-23,,Autre,Oui,1,1,04 - avril,4 - vendredi,Poitiers
,201700037878,2017-04-28,86,4,86194,46.5782,0.35063,Intersection en X,Deux véhicules - par le coté,Nuit avec éclairage public allumé,Normale,Voie Communale,,4,Plat,Partie rectiligne,,170,normale,,Sur chaussée,Passager,1,F,22-23,,Autre,Oui,1,1,04 - avril,4 - vendredi,Poitiers