test,identifiantAccident,date,departement,heure,commune,lat,lon,typeIntersection,typeCollision,luminosite,conditionsAtmosperiques,typeRoute,circulation,nbVoies,profilLongRoute,tracePlanRoute,largeurTPC,largeurRoute,etatSurface,amenagement,situation,categorieUsager,graviteAccident,sexe,age,motifDeplacement,existenceSecurite,usageSecurite,nombreAutresVehicules,enAgglomeration,mois,jour,NCCENR
,201700039896,2017-04-28,92,16,92025,0,0,Intersection en T,Deux véhicules - par le coté,Plein jour,Normale,Voie Communale,,1,Plat,Partie rectiligne,,,normale,,Sur chaussée,Conducteur,2,F,82-83,,Casque,Non,1,1,04 - avril,4 - vendredi,Colombes
,201700041730,2017-04-28,93,9,93010,0,0,Hors intersection,Deux véhicules - par l’arrière,Plein jour,Pluie légère,Voie Communale,,3,Pente,Partie rectiligne,,,mouillée,,Sur piste cyclable,Conducteur,1,M,83-84,Autre,Casque,Non,1,1,04 - avril,4 - vendredi,Bondy
,201700053343,2017-04-28,75,9,75106,48.8558,2.33411,Hors intersection,Deux véhicules - par le coté,Plein jour,Normale,Voie Communale,,2,Plat,Partie rectiligne,,61,mouillée,,Sur chaussée,Conducteur,2,F,33-34,Domicile - travail,Casque,Oui,1,1,04 - avril,4 - vendredi,Paris 6e  Arrondissement
,201700054197,2017-04-28,75,7,75110,48.8787,2.36624,Intersection en T,Autre,Plein jour,Pluie légère,Voie Communale,,1,Plat,Partie rectiligne,5,80,mouillée,,Sur piste cyclable,Conducteur,1,M,15-16,Domicile - école,Casque,Non déterminable,1,1,04 - avril,4 - vendredi,Paris 10e  Arrondissement
,201700001501,2017-04-27,17,7,17051,46.18487,-1.39334,Intersection en Y,Deux véhicules - par le coté,Plein jour,Normale,Route Départementale,,2,Plat,,6,57,normale,,Sur chaussée,Conducteur,2,M,71-72,Promenade - loisirs,Casque,Non,1,1,04 - avril,3 - jeudi,Bois-Plage-en-Ré
,201700002433,2017-04-27,44,10,44035,47.28193,-1.56002,Giratoire,Deux véhicules - par le coté,Plein jour,Temps éblouissant,Voie Communale,,2,Plat,,,15,normale,,,Conducteur,2,F,62-63,Courses - achats,Casque,Non,1,1,04 - avril,3 - jeudi,Chapelle-sur-Erdre
,201700004238,2017-04-27,84,17,84129,44.00762,4.87763,Hors intersection,Deux véhicules - par le coté,Plein jour,Normale,Route Départementale,,2,Plat,Partie rectiligne,,,normale,,Sur chaussée,Conducteur,1,M,14-15,Domicile - école,Autre,Non,1,1,04 - avril,3 - jeudi,Sorgues
,201700015469,2017-04-27,1,10,1457,46.22719,4.99289,Intersection en T,Deux véhicules - frontale,Plein jour,Normale,Route Départementale,,2,Pente,,6,110,normale,,,Conducteur,2,M,65-66,Promenade - loisirs,Casque,Oui,1,1,04 - avril,3 - jeudi,Vonnas
,201700024685,2017-04-27,31,17,31555,43.60741,1.45387,Intersection en X,Deux véhicules - par le coté,Plein jour,Normale,Voie Communale,,1,Plat,Partie rectiligne,,,normale,,Sur chaussée,Conducteur,1,M,26-27,,Autre,Non déterminable,1,1,04 - avril,3 - jeudi,Toulouse
,201700035439,2017-04-27,73,17,73065,45.56612,5.93401,Giratoire,Deux véhicules - par le coté,Plein jour,Temps couvert,Voie Communale,,2,Plat,,,,normale,Carrefour aménagé,Sur chaussée,Conducteur,1,F,50-51,,Casque,Oui,1,1,04 - avril,3 - jeudi,Chambéry
,201700039359,2017-04-27,92,18,92007,0,0,Hors intersection,Autre,Plein jour,Normale,Voie Communale,,1,Plat,Partie rectiligne,,55,normale,,Sur chaussée,Conducteur,1,M,44-45,Autre,Casque,Non,1,1,04 - avril,3 - jeudi,Bagneux
,201700039359,2017-04-27,92,18,92007,0,0,Hors intersection,Autre,Plein jour,Normale,Voie Communale,,1,Plat,Partie rectiligne,,55,normale,,Sur chaussée,Passager,2,F,2-3,Autre,Casque,Oui,1,1,04 - avril,3 - jeudi,Bagneux
,201700039763,2017-04-27,92,18,92024,48.90026,2.30823,Intersection en T,Deux véhicules - par le coté,Plein jour,Normale,Route Départementale,,3,Plat,Partie rectiligne,,,normale,,Sur chaussée,Conducteur,1,F,41-42,Domicile - travail,Casque,Oui,1,1,04 - avril,3 - jeudi,Clichy
,201700050776,2017-04-27,69,17,69387,45.75171,4.83898,Hors intersection,Deux véhicules - par le coté,Plein jour,Normale,Voie Communale,,1,Plat,Partie rectiligne,,70,normale,,Sur chaussée,Conducteur,1,M,23-24,,Casque,Oui,1,,04 - avril,3 - jeudi,Lyon 7e  Arrondissement
,201700053070,2017-04-27,75,7,75104,48.8581,2.35178,Hors intersection,Deux véhicules - par le coté,Plein jour,Normale,Voie Communale,,3,Plat,Partie rectiligne,5,140,normale,,Sur chaussée,Conducteur,1,F,55-56,Domicile - travail,Casque,Non déterminable,1,1,04 - avril,3 - jeudi,Paris 4e  Arrondissement
,201700054411,2017-04-27,75,14,75111,48.8574,2.38484,Hors intersection,Deux véhicules - par l’arrière,Plein jour,Normale,Voie Communale,,1,Plat,Partie rectiligne,,75,normale,,Sur chaussée,Conducteur,1,F,48-49,Utilisation professionnelle,Casque,Non,1,1,04 - avril,3 - jeudi,Paris 11e  Arrondissement
,201700054412,2017-04-27,75,19,75111,48.8572,2.37897,Hors intersection,Deux véhicules - par l’arrière,Plein jour,Normale,Voie Communale,,1,Plat,Partie rectiligne,,50,normale,,Sur chaussée,Conducteur,1,M,57-58,Domicile - travail,Casque,Non,1,1,04 - avril,3 - jeudi,Paris 11e  Arrondissement
,201700055459,2017-04-27,75,18,75114,48.8281,2.32145,Intersection en T,Deux véhicules - par l’arrière,Plein jour,Normale,Voie Communale,,1,Plat,Partie rectiligne,,,normale,,Sur chaussée,Conducteur,1,M,15-16,Promenade - loisirs,Casque,Non,1,1,04 - avril,3 - jeudi,Paris 14e  Arrondissement
,201700020249,2017-04-26,56,13,56164,47.66668,-2.8009,Hors intersection,Deux véhicules - par le coté,Plein jour,Normale,Voie Communale,,2,Plat,,,,normale,,Sur chaussée,Conducteur,1,M,56-57,Domicile - travail,Casque,Non,1,1,04 - avril,2 - mercredi,Ploeren
,201700023632,2017-04-26,29,12,29019,48.42761,-4.47654,Intersection en T,Autre,Plein jour,Normale,Voie Communale,,,,,,,,,,Conducteur,1,M,25-26,,Casque,Non déterminable,1,1,04 - avril,2 - mercredi,Brest
,201700026166,2017-04-26,34,9,34172,43.61761,3.90223,Intersection en X,Deux véhicules - par le coté,Plein jour,Normale,Voie Communale,,2,Pente,Partie rectiligne,,,normale,,Sur chaussée,Conducteur,2,M,36-37,,Casque,Non,1,1,04 - avril,2 - mercredi,Montpellier
,201700028362,2017-04-26,44,12,44143,47.18803,-1.55142,Hors intersection,Deux véhicules - par le coté,Plein jour,Normale,Voie Communale,,,Plat,Partie rectiligne,,,normale,,Sur chaussée,Conducteur,2,M,10-11,,Casque,Non,1,1,04 - avril,2 - mercredi,Rezé
,201700039205,2017-04-26,92,8,92002,0,0,Hors intersection,Deux véhicules - par le coté,Plein jour,Normale,Route Départementale,,4,Plat,Partie rectiligne,,,normale,,Sur piste cyclable,Conducteur,1,M,16-17,Domicile - école,Casque,Non,1,1,04 - avril,2 - mercredi,Antony
,201700042787,2017-04-26,93,8,93053,0,0,Place,Deux véhicules - par le coté,Plein jour,Normale,Voie Communale,,1,Plat,Partie rectiligne,,,normale,,,Conducteur,2,M,41-42,,Casque,Oui,1,1,04 - avril,2 - mercredi,Noisy-le-Sec
,201700053069,2017-04-26,75,20,75104,48.8579,2.35785,Intersection en X,Autre,Crépuscule ou aube,Normale,Voie Communale,,2,Plat,Partie rectiligne,,35,normale,,Sur chaussée,Conducteur,1,F,54-55,Domicile - travail,Casque,Non déterminable,,1,04 - avril,2 - mercredi,Paris 4e  Arrondissement
,201700055121,2017-04-26,75,12,75113,48.8247,2.34919,Hors intersection,Deux véhicules - par le coté,Plein jour,Normale,Voie Communale,,2,,,,,,,,Conducteur,1,F,25-26,Domicile - travail,Casque,Non déterminable,1,1,04 - avril,2 - mercredi,Paris 13e  Arrondissement
,201700056939,2017-04-26,75,11,75118,48.896,2.35926,Hors intersection,Autre,Plein jour,Normale,Voie Communale,,4,Plat,Partie rectiligne,,,normale,,Sur chaussée,Conducteur,1,M,64-65,Promenade - loisirs,Casque,Non déterminable,,1,04 - avril,2 - mercredi,Paris 18e  Arrondissement
,201700057574,2017-04-26,75,8,75120,48.8634,2.40881,Intersection en T,Deux véhicules - par le coté,Plein jour,Normale,Voie Communale,,2,Pente,Partie rectiligne,,,normale,,,Conducteur,1,M,38-39,Domicile - travail,Casque,Non déterminable,1,1,04 - avril,2 - mercredi,Paris 20e  Arrondissement
,201700011108,2017-04-25,13,8,13026,43.3929,5.15055,Hors intersection,Deux véhicules - par l’arrière,Plein jour,Normale,Route Départementale,,2,Plat,Partie rectiligne,,,normale,,Sur chaussée,Conducteur,1,M,79-80,,Casque,Non déterminable,1,1,04 - avril,1 - mardi,Châteauneuf-les-Martigues
,201700054034,2017-04-25,75,13,75109,48.8762,2.33109,Place,Autre,Plein jour,Normale,Voie Communale,,3,Plat,Partie rectiligne,,,normale,,Sur chaussée,Conducteur,0,M,45-46,,Casque,Oui,,1,04 - avril,1 - mardi,Paris 9e  Arrondissement
,201700002054,2017-04-24,69,14,69160,46.16718,4.44152,Giratoire,Deux véhicules - par le coté,Plein jour,Normale,Route Départementale,,2,Plat,,8,815,normale,,,Conducteur,2,M,83-84,Promenade - loisirs,Casque,Non,1,,04 - avril,0 - lundi,Poule-les-Écharmeaux
,201700003297,2017-04-24,68,17,68154,47.76508,7.366,Hors intersection,Deux véhicules - frontale,Plein jour,Normale,Voie Communale,,2,Plat,Partie rectiligne,,70,normale,,Sur chaussée,Conducteur,1,M,14-15,Promenade - loisirs,Casque,Non,1,1,04 - avril,0 - lundi,Illzach
,201700011489,2017-04-24,14,8,14225,49.2835,-0.10761,Intersection en X,Deux véhicules - par le coté,Plein jour,Normale,Voie Communale,,2,Plat,Partie rectiligne,,60,normale,,Sur chaussée,Conducteur,1,F,60-61,Domicile - travail,Autre,Non déterminable,1,1,04 - avril,0 - lundi,Dives-sur-Mer
,201700013681,2017-04-24,43,16,43012,45.3695,4.20397,Giratoire,Deux véhicules - par le coté,Plein jour,Normale,Route Départementale,,1,Plat,En courbe à gauche,,35,normale,,Sur chaussée,Conducteur,2,M,79-80,Promenade - loisirs,Casque,Oui,1,1,04 - avril,0 - lundi,Aurec-sur-Loire
,201700026584,2017-04-24,35,8,35238,48.11628,-1.66553,Intersection en T,Deux véhicules - par le coté,Plein jour,Normale,Voie Communale,,2,Plat,Partie rectiligne,,,normale,,Sur chaussée,Conducteur,1,M,17-18,,Casque,Oui,1,1,04 - avril,0 - lundi,Rennes
,201700026585,2017-04-24,35,12,35238,48.09114,-1.64875,Hors intersection,Autre,Plein jour,Normale,Voie Communale,,1,Plat,Partie rectiligne,,,normale,,Sur trottoir,Conducteur,0,M,23-24,,Autre,Oui,,1,04 - avril,0 - lundi,Rennes
,201700032705,2017-04-24,62,18,62065,50.41492,2.84349,Hors intersection,Deux véhicules - par le coté,Plein jour,Normale,Voie Communale,,2,Plat,Partie rectiligne,,50,normale,,Sur chaussée,Conducteur,2,M,81-82,Promenade - loisirs,Autre,Non déterminable,1,,04 - avril,0 - lundi,Avion
,201700034712,2017-04-24,69,18,69266,45.75499,4.88593,Passage à niveau,Deux véhicules - par le coté,Plein jour,Normale,Voie Communale,,1,Plat,Partie rectiligne,,20,normale,Carrefour aménagé,Sur chaussée,Conducteur,1,F,32-33,,Casque,Oui,1,1,04 - avril,0 - lundi,Villeurbanne
,201700041261,2017-04-24,92,18,92046,0,0,Intersection en T,Autre,Plein jour,Normale,Voie Communale,,,Plat,,,,normale,,Sur chaussée,Conducteur,1,M,21-22,Domicile - travail,Autre,Non déterminable,1,1,04 - avril,0 - lundi,Malakoff
,201700044334,2017-04-24,94,12,94028,0,0,Hors intersection,Autre,Plein jour,Normale,Voie Communale,,,Plat,,,,normale,,Sur chaussée,Conducteur,0,M,26-27,,Autre,Non déterminable,,1,04 - avril,0 - lundi,Créteil
,201700054031,2017-04-24,75,9,75103,48.869,2.35558,Intersection à plus de 4 branches,Deux véhicules - par le coté,Plein jour,Normale,Voie Communale,,3,Plat,Partie rectiligne,,,normale,,Sur chaussée,Conducteur,0,M,37-38,,Casque,Non,1,1,04 - avril,0 - lundi,Paris 3e  Arrondissement
,201700054032,2017-04-24,75,9,75109,48.8719,2.3407,Hors intersection,Autre,Plein jour,Normale,Voie Communale,,2,Plat,Partie rectiligne,,,normale,,Sur chaussée,Conducteur,1,M,45-46,Autre,Casque,Non,2,1,04 - avril,0 - lundi,Paris 9e  Arrondissement
,201700054717,2017-04-24,75,8,75112,48.8526,2.36962,Place,Deux véhicules - par le coté,Plein jour,Normale,Voie Communale,,2,Plat,Partie rectiligne,20,60,normale,,Sur chaussée,Conducteur,1,M,49-50,Domicile - travail,Casque,Oui,1,1,04 - avril,0 - lundi,Paris 12e  Arrondissement
,201700057573,2017-04-24,75,18,75120,48.8626,2.4109,Intersection en X,Autre,Plein jour,Normale,Voie Communale,,,Pente,Partie rectiligne,,,normale,,Sur piste cyclable,Conducteur,0,M,43-44,Domicile - travail,Casque,Oui,,1,04 - avril,0 - lundi,Paris 20e  Arrondissement
,201700002297,2017-04-23,38,16,38540,45.26989,5.61777,Hors intersection,Deux véhicules - par l’arrière,Plein jour,Normale,Route Départementale,,2,Pente,En courbe à droite,,60,normale,,Sur chaussée,Conducteur,1,M,37-38,Promenade - loisirs,Casque,Oui,1,1,04 - avril,6 - dimanche,Veurey-Voroize
,201700002759,2017-04-23,63,18,63254,45.81678,3.05618,Intersection en X,Deux véhicules - par le coté,Plein jour,Normale,Route Départementale,Avec voies d’affectation variable,,,,,,,,,Conducteur,2,M,13-14,Promenade - loisirs,Autre,Non,1,,04 - avril,6 - dimanche,Nohanent
,201700002981,2017-04-23,3,18,3094,46.16769,3.42476,Hors intersection,Autre,Crépuscule ou aube,Normale,Voie Communale,,2,Plat,Partie rectiligne,,100,normale,,,Conducteur,2,F,42-43,,Autre,Non,1,1,04 - avril,6 - dimanche,Creuzier-le-Vieux
,201700012442,2017-04-23,27,6,27056,49.09868,0.56302,Hors intersection,Deux véhicules - par l’arrière,Crépuscule ou aube,Brouillard - fumée,Route Départementale,,2,Plat,Partie rectiligne,,80,normale,,Sur chaussée,Conducteur,3,M,18-19,,Equipement réfléchissant,Non,1,,04 - avril,6 - dimanche,Bernay
,201700012625,2017-04-23,85,11,85047,46.84223,-1.87362,Intersection en X,Trois véhicules et plus - collisions multiples,Plein jour,Normale,Voie Communale,,2,Plat,,,,normale,,,Conducteur,2,M,41-42,Promenade - loisirs,Casque,Non,1,1,04 - avril,6 - dimanche,Challans
,201700012625,2017-04-23,85,11,85047,46.84223,-1.87362,Intersection en X,Trois véhicules et plus - collisions multiples,Plein jour,Normale,Voie Communale,,2,Plat,,,,normale,,,Conducteur,0,M,9-10,Promenade - loisirs,Casque,Oui,1,1,04 - avril,6 - dimanche,Challans
,201700013130,2017-04-23,53,16,53215,47.78925,-0.72925,Hors intersection,Deux véhicules - par le coté,Plein jour,Normale,Voie Communale,,2,Plat,Partie rectiligne,,,normale,,Sur chaussée,Conducteur,1,M,43-44,Promenade - loisirs,Casque,Non déterminable,1,,04 - avril,6 - dimanche,Saint-Fort
,201700013130,2017-04-23,53,16,53215,47.78925,-0.72925,Hors intersection,Deux véhicules - par le coté,Plein jour,Normale,Voie Communale,,2,Plat,Partie rectiligne,,,normale,,Sur chaussée,Conducteur,2,M,13-14,Promenade - loisirs,Casque,Non déterminable,1,,04 - avril,6 - dimanche,Saint-Fort
,201700013879,2017-04-23,64,11,64216,43.25338,-0.17701,Hors intersection,Deux véhicules - par le coté,Plein jour,Normale,Voie Communale,,2,Plat,Partie rectiligne,,35,normale,,Sur chaussée,Conducteur,2,M,39-40,Promenade - loisirs,Casque,Oui,1,,04 - avril,6 - dimanche,Espoey
,201700014719,2017-04-23,14,14,14113,0,0,Hors intersection,Deux véhicules - par le coté,Plein jour,Normale,Voie Communale,,2,Plat,Partie rectiligne,,48,normale,,Sur chaussée,Conducteur,2,M,12-13,Promenade - loisirs,Casque,Non,1,,04 - avril,6 - dimanche,Burcy
,201700014810,2017-04-23,6,13,6059,43.7271,7.35305,Hors intersection,Deux véhicules - par le coté,Plein jour,Normale,Route Départementale,,4,Pente,Partie rectiligne,,,normale,,Sur chaussée,Conducteur,2,M,58-59,Promenade - loisirs,Casque,Oui,1,,04 - avril,6 - dimanche,Èze
,201700014979,2017-04-23,72,11,72182,47.74359,0.13529,Hors intersection,Deux véhicules - par le coté,Plein jour,Normale,Route Départementale,,2,Plat,,,10,normale,,,Conducteur,2,M,58-59,Promenade - loisirs,Casque,Non déterminable,1,1,04 - avril,6 - dimanche,Mansigné
,201700017089,2017-04-23,39,11,39154,46.57427,5.7473,Giratoire,Deux véhicules - par l’arrière,Plein jour,Normale,Route Départementale,,2,Plat,Partie rectiligne,,15,normale,Carrefour aménagé,Sur chaussée,Conducteur,1,F,54-55,Promenade - loisirs,Casque,Oui,1,1,04 - avril,6 - dimanche,Clairvaux-les-Lacs
,201700020329,2017-04-23,56,10,56096,47.74729,-3.07689,Intersection en X,Deux véhicules - frontale,Plein jour,Normale,Route Départementale,,2,Sommet de côte,,,10,normale,,,Conducteur,2,M,52-53,Promenade - loisirs,Casque,Oui,1,1,04 - avril,6 - dimanche,Landaul
,201700021151,2017-04-23,17,19,17300,46.15887,-1.14645,Intersection en X,Deux véhicules - par le coté,Plein jour,Normale,Voie Communale,,2,Plat,Partie rectiligne,,39,normale,,Sur chaussée,Conducteur,2,M,13-14,Promenade - loisirs,Casque,Non,1,1,04 - avril,6 - dimanche,Rochelle
,201700035437,2017-04-23,73,19,73065,45.57062,5.91452,Hors intersection,Deux véhicules - par le coté,Plein jour,Normale,Voie Communale,,2,Plat,Partie rectiligne,,,normale,,Sur chaussée,Conducteur,1,M,20-21,Promenade - loisirs,Casque,Non déterminable,1,1,04 - avril,6 - dimanche,Chambéry
,201700035517,2017-04-23,74,16,74010,45.9054,6.1441,Hors intersection,Deux véhicules - par l’arrière,Plein jour,Normale,Voie Communale,,2,Plat,Partie rectiligne,,80,normale,,Sur chaussée,Conducteur,1,M,52-53,,Casque,Oui,1,1,04 - avril,6 - dimanche,Annecy
,201700039603,2017-04-23,92,18,92071,0,0,Hors intersection,Deux véhicules - par le coté,Plein jour,Normale,Route Départementale,,2,Plat,Partie rectiligne,,80,normale,,Sur chaussée,Conducteur,1,M,39-40,Promenade - loisirs,Casque,Non déterminable,1,1,04 - avril,6 - dimanche,Sceaux
,201700041670,2017-04-23,93,9,93008,48.90831,2.42718,Hors intersection,Deux véhicules - par l’arrière,Plein jour,Normale,Route Départementale,,4,Plat,Partie rectiligne,,,normale,,Sur chaussée,Conducteur,2,M,44-45,Domicile - travail,Autre,Non,1,1,04 - avril,6 - dimanche,Bobigny
,201700050059,2017-04-23,69,3,69382,45.76304,4.8333,Hors intersection,Aucune,Nuit avec éclairage public allumé,Normale,Route Départementale,,2,Plat,Partie rectiligne,,,normale,,Sur chaussée,Conducteur,1,M,26-27,Promenade - loisirs,Casque,Non,,1,04 - avril,6 - dimanche,Lyon 2e  Arrondissement
,201700002357,2017-04-22,38,19,38170,45.25781,5.66176,Hors intersection,Autre,Plein jour,Normale,Voie Communale,,1,Pente,En courbe à droite,,,normale,,Sur chaussée,Conducteur,2,M,15-16,Promenade - loisirs,Autre,Non,,1,04 - avril,5 - samedi,Fontanil-Cornillon
,201700002527,2017-04-22,42,19,42211,45.53373,4.23266,Hors intersection,Deux véhicules - par le coté,Plein jour,Normale,Route Départementale,,2,Plat,Partie rectiligne,,,normale,,Sur chaussée,Conducteur,2,M,42-43,,Autre,Non,1,1,04 - avril,5 - samedi,Saint-Cyprien
,201700003921,2017-04-22,5,16,5151,44.83253,6.58322,Intersection en T,Deux véhicules - par le coté,Plein jour,Normale,Route Nationale,,2,Pente,En courbe à gauche,,73,normale,Carrefour aménagé,Sur accotement,Conducteur,3,M,51-52,Promenade - loisirs,Casque,Oui,1,,04 - avril,5 - samedi,Saint-Martin-de-Queyrières
,201700013235,2017-04-22,7,16,7083,44.83824,4.6476,Hors intersection,Autre,Plein jour,Normale,Route Départementale,,2,Pente,En courbe à gauche,,60,normale,,Sur accotement,Conducteur,1,M,55-56,Promenade - loisirs,Casque,Oui,,,04 - avril,5 - samedi,Dunière-sur-Eyrieux
,201700013808,2017-04-22,18,18,18134,47.13047,2.05646,Hors intersection,Deux véhicules - par le coté,Plein jour,Normale,Route Départementale,,2,Plat,Partie rectiligne,65,65,normale,,Sur chaussée,Conducteur,2,F,73-74,Promenade - loisirs,Equipement réfléchissant,Non,1,1,04 - avril,5 - samedi,Lury-sur-Arnon
,201700014519,2017-04-22,5,11,5145,44.65781,6.20669,Hors intersection,Deux véhicules - par le coté,Plein jour,Normale,Route Départementale,,2,Plat,Partie rectiligne,,73,normale,,Sur chaussée,Conducteur,2,F,57-58,Promenade - loisirs,Casque,Oui,1,,04 - avril,5 - samedi,Saint-Jean-Saint-Nicolas
,201700016687,2017-04-22,35,12,35133,48.15507,-2.01609,Intersection en X,Deux véhicules - par le coté,Plein jour,Normale,Route Départementale,,2,Plat,Partie rectiligne,,15,normale,Carrefour aménagé,Sur chaussée,Conducteur,2,M,69-70,Promenade - loisirs,Casque,Non déterminable,1,,04 - avril,5 - samedi,Iffendic
,201700021150,2017-04-22,17,11,17300,46.15485,-1.13581,Intersection en X,Deux véhicules - par le coté,Plein jour,Normale,Voie Communale,,4,Plat,Partie rectiligne,,117,normale,,Sur chaussée,Conducteur,1,M,19-20,Domicile - travail,Casque,Oui,1,1,04 - avril,5 - samedi,Rochelle
,201700025737,2017-04-22,33,1,33063,44.8531,-0.58001,Intersection en X,Deux véhicules - par le coté,Nuit avec éclairage public allumé,Normale,Voie Communale,,2,Plat,Partie rectiligne,,,normale,,Sur chaussée,Conducteur,2,M,23-24,Autre,Casque,Non déterminable,1,1,04 - avril,5 - samedi,Bordeaux
,201700028352,2017-04-22,44,18,44162,47.21984,-1.62406,Hors intersection,Autre,Plein jour,Normale,Voie Communale,,,Plat,,,,normale,,,Conducteur,1,M,29-30,,Casque,Oui,1,1,04 - avril,5 - samedi,Saint-Herblain
,201700030403,2017-04-22,54,18,54357,0,0,Intersection en T,Deux véhicules - par le coté,Plein jour,Normale,Voie Communale,,2,Plat,Partie rectiligne,,,normale,,Sur chaussée,Conducteur,1,M,51-52,Promenade - loisirs,Casque,Oui,1,1,04 - avril,5 - samedi,Maxéville
,201700037730,2017-04-22,85,20,85194,46.49933,-1.78421,Giratoire,Deux véhicules - par l’arrière,Crépuscule ou aube,Normale,Voie Communale,,1,Plat,,,60,normale,,Sur chaussée,Conducteur,1,M,18-19,Promenade - loisirs,Equipement réfléchissant,Oui,1,1,04 - avril,5 - samedi,'Sables-d''Olonne'
,201700053342,2017-04-22,75,18,75106,48.8466,2.32099,Hors intersection,Deux véhicules - par l’arrière,Plein jour,Normale,Voie Communale,,1,Plat,Partie rectiligne,,70,normale,,Sur chaussée,Conducteur,1,M,18-19,Promenade - loisirs,Casque,Non déterminable,1,1,04 - avril,5 - samedi,Paris 6e  Arrondissement
,201700054716,2017-04-22,75,12,75112,48.8458,2.3676,Place,Deux véhicules - par le coté,Plein jour,Normale,Voie Communale,,3,Plat,En courbe à gauche,,,normale,,,Conducteur,1,M,54-55,Domicile - travail,Casque,Non déterminable,1,1,04 - avril,5 - samedi,Paris 12e  Arrondissement
,201700056567,2017-04-22,75,18,75117,48.8786,2.2819,Place,Deux véhicules - par le coté,Plein jour,Normale,Voie Communale,,4,Plat,En courbe à gauche,,,normale,,Sur chaussée,Conducteur,1,F,30-31,,Casque,Non déterminable,1,1,04 - avril,5 - samedi,Paris 17e  Arrondissement
,201700000745,2017-04-21,14,14,14170,49.2645,-0.42113,Hors intersection,Deux véhicules - par l’arrière,Plein jour,Normale,Route Départementale,,2,Plat,Partie rectiligne,,,normale,,Sur chaussée,Conducteur,2,M,65-66,Promenade - loisirs,Casque,Oui,1,,04 - avril,4 - vendredi,Colomby-sur-Thaon
,201700001143,2017-04-21,85,15,85163,47.00312,-2.23516,Hors intersection,Deux véhicules - par le coté,Plein jour,Normale,Voie Communale,,2,Plat,Partie rectiligne,,60,normale,,Sur chaussée,Conducteur,2,M,13-14,Promenade - loisirs,Autre,Non,1,1,04 - avril,4 - vendredi,'Noirmoutier-en-l''Île'
,201700006181,2017-04-21,6,18,6088,43.73695,7.29918,Hors intersection,Deux véhicules - par le coté,Plein jour,Normale,Voie Communale,,,Plat,Partie rectiligne,,,normale,,Sur chaussée,Conducteur,1,M,15-16,Promenade - loisirs,Autre,Non,1,1,04 - avril,4 - vendredi,Nice
,201700015114,2017-04-21,14,8,14220,0,0,Hors intersection,Deux véhicules - par le coté,Plein jour,Normale,Voie Communale,,2,Plat,En courbe à gauche,,,normale,,Sur chaussée,Conducteur,1,F,34-35,Promenade - loisirs,Casque,Non,1,1,04 - avril,4 - vendredi,Deauville
,201700016058,2017-04-21,38,18,38334,45.19861,5.8478,Hors intersection,Deux véhicules - frontale,Plein jour,Normale,Route Départementale,,2,Pente,En courbe à droite,,53,normale,,Sur chaussée,Conducteur,2,M,28-29,Promenade - loisirs,Casque,Oui,1,,04 - avril,4 - vendredi,Revel
,201700021149,2017-04-21,17,8,17300,46.14147,-1.13887,Hors intersection,Deux véhicules - par le coté,Plein jour,Normale,Voie Communale,,2,Plat,Partie rectiligne,,88,normale,,Sur piste cyclable,Conducteur,2,F,52-53,Promenade - loisirs,Autre,Oui,1,1,04 - avril,4 - vendredi,Rochelle
,201700026978,2017-04-21,36,9,36044,46.805,1.69823,Hors intersection,Autre,Plein jour,Normale,Voie Communale,,2,Plat,Partie rectiligne,,,normale,,,Conducteur,2,M,62-63,Domicile - travail,Casque,Oui,1,1,04 - avril,4 - vendredi,Châteauroux
,201700028341,2017-04-21,44,9,44109,47.21456,-1.57282,Intersection en T,Autre,Plein jour,Normale,Voie Communale,,,Plat,Partie rectiligne,,,normale,,,Conducteur,2,M,21-22,,Autre,Oui,1,1,04 - avril,4 - vendredi,Nantes
,201700030400,2017-04-21,54,18,54395,0,0,Hors intersection,Deux véhicules - par le coté,Plein jour,Normale,Voie Communale,,2,Plat,Partie rectiligne,,,normale,,Sur chaussée,Conducteur,1,M,8-9,Promenade - loisirs,Casque,Oui,1,1,04 - avril,4 - vendredi,Nancy
,201700033388,2017-04-21,64,21,64260,43.38829,-1.67306,Hors intersection,Deux véhicules - frontale,Nuit avec éclairage public allumé,Normale,Route Départementale,,2,,Partie rectiligne,,,normale,,Sur chaussée,Conducteur,1,M,35-36,,Casque,Oui,1,1,04 - avril,4 - vendredi,Hendaye
,201700034070,2017-04-21,67,6,67482,48.56958,7.73463,Hors intersection,Deux véhicules - frontale,Plein jour,Normale,Voie Communale,,2,Plat,En « S »,,60,normale,Pont - autopont,Sur chaussée,Conducteur,0,M,33-34,,Autre,Oui,1,1,04 - avril,4 - vendredi,Strasbourg
,201700034070,2017-04-21,67,6,67482,48.56958,7.73463,Hors intersection,Deux véhicules - frontale,Plein jour,Normale,Voie Communale,,2,Plat,En « S »,,60,normale,Pont - autopont,Sur chaussée,Conducteur,1,M,53-54,Domicile - travail,Casque,Oui,1,1,04 - avril,4 - vendredi,Strasbourg
,201700034072,2017-04-21,67,20,67482,0,0,Intersection en X,Deux véhicules - frontale,Plein jour,Normale,Voie Communale,,3,Plat,Partie rectiligne,,100,normale,,Sur chaussée,Conducteur,1,M,61-62,,Casque,Oui,1,1,04 - avril,4 - vendredi,Strasbourg
,201700043633,2017-04-21,94,,94002,0,0,Intersection en T,Deux véhicules - par le coté,Nuit avec éclairage public allumé,Normale,Route Départementale,,1,Plat,Partie rectiligne,,87,normale,,Sur chaussée,Conducteur,1,M,31-32,,Ceinture,Oui,1,1,04 - avril,4 - vendredi,Alfortville