test,identifiantAccident,date,departement,heure,commune,lat,lon,typeIntersection,typeCollision,luminosite,conditionsAtmosperiques,typeRoute,circulation,nbVoies,profilLongRoute,tracePlanRoute,largeurTPC,largeurRoute,etatSurface,amenagement,situation,categorieUsager,graviteAccident,sexe,age,motifDeplacement,existenceSecurite,usageSecurite,nombreAutresVehicules,enAgglomeration,mois,jour,NCCENR
,201700045156,2017-04-21,94,15,94046,0,0,Hors intersection,Deux véhicules - par le coté,Plein jour,Normale,Route Départementale,,1,Plat,Partie rectiligne,,40,normale,,Sur chaussée,Conducteur,1,F,41-42,,Casque,Non,1,1,04 - avril,4 - vendredi,Maisons-Alfort
,201700054713,2017-04-21,75,10,75112,48.8376,2.39092,Hors intersection,Deux véhicules - par le coté,Plein jour,Normale,Voie Communale,,3,Pente,Partie rectiligne,,90,normale,,Sur chaussée,Conducteur,0,M,23-24,Autre,Casque,Non déterminable,1,1,04 - avril,4 - vendredi,Paris 12e  Arrondissement
,201700002267,2017-04-20,38,17,38158,45.15936,5.74515,Hors intersection,Deux véhicules - par l’arrière,Plein jour,Normale,Route Départementale,,2,Plat,Partie rectiligne,10,70,normale,,Sur chaussée,Conducteur,2,M,81-82,Promenade - loisirs,Casque,Non,1,1,04 - avril,3 - jeudi,Eybens
,201700006517,2017-04-20,7,10,7281,44.94,4.84,Giratoire,Autre,Plein jour,Normale,Route Départementale,,1,Plat,En courbe à gauche,,,normale,,Sur chaussée,Conducteur,2,F,36-37,Utilisation professionnelle,Autre,Oui,1,1,04 - avril,3 - jeudi,Saint-Péray
,201700020356,2017-04-20,56,16,56078,47.75468,-3.50833,Hors intersection,Aucune,Plein jour,Normale,Voie Communale,,2,Plat,,,,normale,,Sur accotement,Conducteur,2,M,52-53,Promenade - loisirs,Autre,Non déterminable,,,04 - avril,3 - jeudi,Guidel
,201700024343,2017-04-20,35,19,35318,48.33828,-1.93244,Hors intersection,Deux véhicules - frontale,Plein jour,Normale,Route Départementale,,2,Plat,Partie rectiligne,,,normale,,Sur chaussée,Conducteur,1,M,8-9,,Casque,Oui,1,1,04 - avril,3 - jeudi,Saint-Thual
,201700026579,2017-04-20,35,16,35238,48.09139,-1.64101,Place,Autre,Plein jour,Normale,Parc de stationnement ouvert à la circulation publique,Avec voies d’affectation variable,,Plat,,,,normale,,,Conducteur,1,F,54-55,Courses - achats,Casque,Non,1,1,04 - avril,3 - jeudi,Rennes
,201700026649,2017-04-20,35,17,35238,48.08968,-1.68546,Intersection en T,Autre,Plein jour,Normale,Voie Communale,,1,Plat,Partie rectiligne,,,normale,,Sur chaussée,Conducteur,2,M,45-46,,Casque,Non déterminable,1,1,04 - avril,3 - jeudi,Rennes
,201700033156,2017-04-20,64,17,64445,43.31251,-0.3043,Hors intersection,Deux véhicules - par l’arrière,Plein jour,Normale,Route Départementale,,2,Plat,Partie rectiligne,,72,normale,,Sur chaussée,Conducteur,2,M,75-76,Promenade - loisirs,Casque,Oui,1,,04 - avril,3 - jeudi,Pau
,201700033960,2017-04-20,67,9,67462,0,0,Hors intersection,Deux véhicules - par l’arrière,Plein jour,Normale,Voie Communale,,1,Plat,Partie rectiligne,,,normale,,Sur chaussée,Conducteur,2,F,83-84,Courses - achats,Autre,Non,1,1,04 - avril,3 - jeudi,Sélestat
,201700036060,2017-04-20,76,17,76540,49.4543,1.13763,Hors intersection,Deux véhicules - par le coté,Plein jour,Normale,Voie Communale,,2,Plat,Partie rectiligne,,60,normale,,Sur chaussée,Conducteur,1,M,15-16,Promenade - loisirs,Equipement réfléchissant,Oui,1,,04 - avril,3 - jeudi,Rouen
,201700037449,2017-04-20,83,10,83137,43.12643,5.91182,Hors intersection,Autre,Plein jour,Normale,Voie Communale,,1,Plat,Partie rectiligne,,60,normale,,,Conducteur,2,M,20-21,Promenade - loisirs,Casque,Oui,,,04 - avril,3 - jeudi,Toulon
,201700039271,2017-04-20,92,8,92004,0,0,Intersection en X,Deux véhicules - frontale,Plein jour,Normale,Route Départementale,,2,Plat,Partie rectiligne,,,normale,,Sur chaussée,Conducteur,1,F,36-37,Utilisation professionnelle,Autre,Oui,1,1,04 - avril,3 - jeudi,Asnières-sur-Seine
,201700039891,2017-04-20,92,9,92025,0,0,Hors intersection,Autre,Plein jour,Normale,Voie Communale,,1,Plat,,,,normale,Zone piétonne,,Conducteur,1,F,32-33,Domicile - travail,Casque,Oui,,1,04 - avril,3 - jeudi,Colombes
,201700053339,2017-04-20,75,11,75106,48.8452,2.33209,Hors intersection,Deux véhicules - par l’arrière,Plein jour,Normale,Voie Communale,,2,Plat,Partie rectiligne,,70,normale,,Sur chaussée,Conducteur,1,F,52-53,,Casque,Non,1,1,04 - avril,3 - jeudi,Paris 6e  Arrondissement
,201700053737,2017-04-20,75,9,75108,48.874,2.29728,Intersection en X,Deux véhicules - par le coté,Plein jour,Normale,Voie Communale,,1,Plat,En courbe à gauche,,,normale,,Sur chaussée,Conducteur,1,F,51-52,Domicile - travail,Casque,Non,1,1,04 - avril,3 - jeudi,Paris 8e  Arrondissement
,201700056564,2017-04-20,75,9,75117,48.8831,2.30822,Hors intersection,Deux véhicules - par l’arrière,Plein jour,Normale,Voie Communale,,,Plat,Partie rectiligne,,,normale,,Sur piste cyclable,Conducteur,1,M,27-28,Domicile - travail,Casque,Non,1,1,04 - avril,3 - jeudi,Paris 17e  Arrondissement
,201700057262,2017-04-20,75,8,75119,48.8827,2.39014,Hors intersection,Autre,Plein jour,Normale,Voie Communale,,2,Pente,Partie rectiligne,,,normale,,Sur chaussée,Conducteur,1,F,50-51,,Casque,Oui,1,1,04 - avril,3 - jeudi,Paris 19e  Arrondissement
,201700057262,2017-04-20,75,8,75119,48.8827,2.39014,Hors intersection,Autre,Plein jour,Normale,Voie Communale,,2,Pente,Partie rectiligne,,,normale,,Sur chaussée,Passager,1,M,7-8,,Casque,Oui,1,1,04 - avril,3 - jeudi,Paris 19e  Arrondissement
,201700059714,2017-04-20,972,18,97213,0,0,Hors intersection,Deux véhicules - par l’arrière,Crépuscule ou aube,Normale,Voie Communale,,2,Plat,Partie rectiligne,,,normale,,Sur chaussée,Conducteur,1,M,24-25,Promenade - loisirs,Casque,Non,1,1,04 - avril,3 - jeudi,Lamentin
,201700059714,2017-04-20,972,18,97213,0,0,Hors intersection,Deux véhicules - par l’arrière,Crépuscule ou aube,Normale,Voie Communale,,2,Plat,Partie rectiligne,,,normale,,Sur chaussée,Conducteur,1,M,7-8,Promenade - loisirs,Autre,Non déterminable,1,1,04 - avril,3 - jeudi,Lamentin
,201700059715,2017-04-20,972,4,97213,0,0,Giratoire,Deux véhicules - par le coté,Nuit avec éclairage public allumé,Normale,Autoroute,,2,Plat,En courbe à droite,,,normale,Bretelle d’échangeur ou de raccordement,Sur chaussée,Conducteur,1,M,18-19,Promenade - loisirs,Casque,Non,1,,04 - avril,3 - jeudi,Lamentin
,201700059715,2017-04-20,972,4,97213,0,0,Giratoire,Deux véhicules - par le coté,Nuit avec éclairage public allumé,Normale,Autoroute,,2,Plat,En courbe à droite,,,normale,Bretelle d’échangeur ou de raccordement,Sur chaussée,Passager,1,M,19-20,Promenade - loisirs,Casque,Non,1,,04 - avril,3 - jeudi,Lamentin
,201700002266,2017-04-19,38,8,38158,45.15241,5.74828,Intersection en X,Deux véhicules - par le coté,Plein jour,Normale,Route Départementale,,2,Plat,,,10,normale,,,Conducteur,1,M,26-27,Domicile - travail,Autre,Non,1,1,04 - avril,2 - mercredi,Eybens
,201700016910,2017-04-19,44,19,44002,47.08345,-1.41199,Autre intersection,Deux véhicules - frontale,Plein jour,Normale,Autre,,2,Pente,,7,10,normale,,,Conducteur,2,M,59-60,Promenade - loisirs,Casque,Non,1,1,04 - avril,2 - mercredi,Aigrefeuille-sur-Maine
,201700017207,2017-04-19,22,12,22183,48.17956,-2.54976,Hors intersection,Aucune,Plein jour,Normale,Voie Communale,,2,Plat,Partie rectiligne,,52,normale,,Sur accotement,Conducteur,3,M,72-73,Promenade - loisirs,Casque,Oui,,,04 - avril,2 - mercredi,Moulins
,201700018306,2017-04-19,61,15,61444,48.84329,-0.37897,Intersection en T,Deux véhicules - par le coté,Plein jour,Normale,Route Départementale,,2,Pente,En courbe à gauche,,50,normale,,Sur chaussée,Conducteur,1,M,19-20,Promenade - loisirs,Casque,Oui,1,1,04 - avril,2 - mercredi,Saint-Philbert-sur-Orne
,201700026574,2017-04-19,35,12,35238,48.09832,-1.64378,Intersection en T,Deux véhicules - par l’arrière,Plein jour,Normale,Voie Communale,,1,Plat,Partie rectiligne,,,normale,,,Conducteur,1,M,39-40,,Casque,Non déterminable,1,1,04 - avril,2 - mercredi,Rennes
,201700027172,2017-04-19,37,12,37261,0,0,Intersection en X,Deux véhicules - par le coté,Plein jour,Normale,Voie Communale,,1,Plat,Partie rectiligne,,,normale,,Sur chaussée,Conducteur,1,M,19-20,Domicile - école,Casque,Non,1,1,04 - avril,2 - mercredi,Tours
,201700028732,2017-04-19,45,8,45234,47.91155,1.89369,Hors intersection,Deux véhicules - par le coté,Plein jour,Normale,Voie Communale,,2,Plat,Partie rectiligne,,65,normale,,Sur chaussée,Conducteur,2,F,39-40,Domicile - travail,Autre,Non,1,1,04 - avril,2 - mercredi,Orléans
,201700041260,2017-04-19,92,13,92046,0,0,Intersection en X,Autre,Plein jour,Normale,Voie Communale,,,Plat,Partie rectiligne,,,normale,,,Conducteur,1,M,17-18,,Casque,Non,1,1,04 - avril,2 - mercredi,Malakoff
,201700041867,2017-04-19,93,12,93014,0,0,Hors intersection,Aucune,Plein jour,Normale,Voie Communale,,,Plat,Partie rectiligne,,,normale,,Sur chaussée,Conducteur,2,M,16-17,,Casque,Non,,1,04 - avril,2 - mercredi,Clichy-sous-Bois
,201700045808,2017-04-19,95,11,95018,48.9456,2.2333,Intersection en X,Deux véhicules - par le coté,Plein jour,Normale,Route Départementale,,2,Plat,Partie rectiligne,,,normale,,,Conducteur,2,M,82-83,Promenade - loisirs,Casque,Oui,1,1,04 - avril,2 - mercredi,Argenteuil
,201700050759,2017-04-19,69,7,69383,45.75485,4.84996,Intersection en X,Deux véhicules - par le coté,Plein jour,Normale,Voie Communale,,,Plat,Partie rectiligne,,,normale,,Sur chaussée,Conducteur,1,M,24-25,Domicile - travail,Autre,Non déterminable,1,1,04 - avril,2 - mercredi,Lyon 3e  Arrondissement
,201700050761,2017-04-19,69,15,69387,45.7381,4.83766,Hors intersection,Deux véhicules - par le coté,Plein jour,Normale,Voie Communale,,4,Plat,Partie rectiligne,,,normale,,Sur chaussée,Conducteur,2,M,41-42,Promenade - loisirs,Casque,Oui,1,1,04 - avril,2 - mercredi,Lyon 7e  Arrondissement
,201700053735,2017-04-19,75,22,75108,48.875,2.30914,Intersection en X,Autre,Nuit avec éclairage public allumé,Normale,Voie Communale,,3,Plat,Partie rectiligne,,,normale,,Sur chaussée,Conducteur,1,F,30-31,Autre,Casque,Oui,1,1,04 - avril,2 - mercredi,Paris 8e  Arrondissement
,201700055114,2017-04-19,75,17,75113,48.8297,2.34949,Intersection en T,Autre,Plein jour,Normale,Voie Communale,,2,Pente,Partie rectiligne,10,100,normale,,Sur chaussée,Conducteur,0,M,45-46,Domicile - travail,Casque,Non,,1,04 - avril,2 - mercredi,Paris 13e  Arrondissement
,201700056097,2017-04-19,75,12,75116,48.8426,2.26863,Hors intersection,Deux véhicules - par le coté,Plein jour,Normale,Voie Communale,,3,Plat,Partie rectiligne,,,normale,,Sur chaussée,Conducteur,1,M,29-30,Promenade - loisirs,Casque,Non,1,1,04 - avril,2 - mercredi,Paris 16e  Arrondissement
,201700057566,2017-04-19,75,17,75120,48.8535,2.40582,Intersection en T,Deux véhicules - par le coté,Plein jour,Normale,Voie Communale,,1,Plat,Partie rectiligne,,,normale,,Sur chaussée,Conducteur,1,M,17-18,Promenade - loisirs,Casque,Oui,1,1,04 - avril,2 - mercredi,Paris 20e  Arrondissement
,201700057841,2017-04-19,75,9,75118,48.885,2.34948,Hors intersection,Deux véhicules - par le coté,Plein jour,Normale,Voie Communale,,4,Plat,Partie rectiligne,,139,normale,,Sur chaussée,Conducteur,2,M,72-73,Autre,Casque,Non,1,1,04 - avril,2 - mercredi,Paris 18e  Arrondissement
,201700001671,2017-04-18,9,16,9303,42.8588,1.57679,Hors intersection,Autre,Plein jour,Normale,Route Départementale,,2,Pente,En courbe à droite,,50,normale,,Sur accotement,Conducteur,2,M,33-34,Promenade - loisirs,Casque,Oui,,1,04 - avril,1 - mardi,Surba
,201700011981,2017-04-18,14,18,14366,49.1632,0.20672,Hors intersection,Deux véhicules - frontale,Plein jour,Normale,Voie Communale,,2,Bas de côte,En courbe à gauche,,,normale,,Sur chaussée,Conducteur,2,M,14-15,Promenade - loisirs,Casque,Non,1,,04 - avril,1 - mardi,Lisieux
,201700015267,2017-04-18,58,11,58058,47.39426,3.34417,Hors intersection,Deux véhicules - frontale,Plein jour,Normale,Voie Communale,,2,Plat,Partie rectiligne,,50,normale,,Sur chaussée,Conducteur,2,M,9-10,Promenade - loisirs,Casque,Non,1,1,04 - avril,1 - mardi,Chapelle-Saint-André
,201700018999,2017-04-18,32,15,32208,43.9284,0.66728,Intersection en T,Aucune,Plein jour,Normale,Voie Communale,,2,Plat,,3,510,flaques,,,Conducteur,3,M,66-67,Promenade - loisirs,Casque,Non,,,04 - avril,1 - mardi,Lectoure
,201700019265,2017-04-18,65,7,65025,43.00145,-0.10027,Hors intersection,Autre,Plein jour,Normale,Voie Communale,,2,Pente,,,,normale,,Sur chaussée,Conducteur,2,M,12-13,Domicile - école,Casque,Non,,1,04 - avril,1 - mardi,Argelès-Gazost
,201700020384,2017-04-18,56,11,56013,47.66557,-3.17992,Hors intersection,Deux véhicules - par le coté,Plein jour,Normale,Route Départementale,,2,Pente,Partie rectiligne,,,normale,,Sur chaussée,Conducteur,2,F,62-63,Promenade - loisirs,Casque,Non,1,1,04 - avril,1 - mardi,Belz
,201700028357,2017-04-18,44,18,44109,47.22407,-1.59637,Hors intersection,Autre,Plein jour,Normale,Voie Communale,,,Pente,Partie rectiligne,,,normale,,Sur chaussée,Conducteur,2,M,16-17,,Casque,Non déterminable,1,1,04 - avril,1 - mardi,Nantes
,201700036682,2017-04-18,78,16,78227,49.00539,1.90937,Hors intersection,Deux véhicules - frontale,Plein jour,Normale,Route Départementale,,2,,,,,normale,,Sur chaussée,Conducteur,1,M,54-55,,Casque,Oui,1,,04 - avril,1 - mardi,Évecquemont
,201700037223,2017-04-18,83,11,83069,43.07441,6.15305,Intersection en T,Deux véhicules - par le coté,Plein jour,Normale,Route Départementale,,2,Plat,Partie rectiligne,,,normale,,Sur chaussée,Conducteur,2,M,44-45,,Casque,Oui,1,1,04 - avril,1 - mardi,Hyères
,201700038930,2017-04-18,91,9,91421,48.69787,2.46538,Hors intersection,Deux véhicules - frontale,Plein jour,Normale,Voie Communale,,1,Plat,Partie rectiligne,,,normale,,Sur chaussée,Conducteur,1,M,11-12,Autre,Autre,Oui,1,1,04 - avril,1 - mardi,Montgeron
,201700044880,2017-04-18,94,16,94034,0,0,Intersection en T,Deux véhicules - par le coté,Plein jour,Normale,Voie Communale,,2,Plat,Partie rectiligne,,,normale,,Sur chaussée,Conducteur,2,F,52-53,,Autre,Non déterminable,1,1,04 - avril,1 - mardi,Fresnes
,201700050048,2017-04-18,69,16,69034,45.79911,4.84645,Intersection en T,Deux véhicules - par le coté,Plein jour,Normale,Route Départementale,,,Pente,Partie rectiligne,,,,,Sur chaussée,Conducteur,1,F,11-12,Promenade - loisirs,Casque,Oui,1,1,04 - avril,1 - mardi,Caluire-et-Cuire
,201700052752,2017-04-18,75,15,75101,48.8615,2.33907,Intersection en T,Deux véhicules - par le coté,Plein jour,Normale,Voie Communale,,2,Plat,Partie rectiligne,,120,normale,,Sur chaussée,Conducteur,1,M,72-73,Promenade - loisirs,Casque,Oui,1,1,04 - avril,1 - mardi,Paris 1er Arrondissement
,201700054028,2017-04-18,75,19,75109,48.873,2.32898,Hors intersection,Deux véhicules - par le coté,Plein jour,Normale,Voie Communale,,1,Plat,Partie rectiligne,,,normale,,Sur chaussée,Conducteur,1,M,22-23,,Casque,Non,1,1,04 - avril,1 - mardi,Paris 9e  Arrondissement
,201700000643,2017-04-17,29,19,29046,48.09595,-4.34127,Hors intersection,Autre,Plein jour,Normale,Voie Communale,,2,Plat,Partie rectiligne,,,normale,,Sur chaussée,Conducteur,0,M,14-15,Promenade - loisirs,Autre,Non,,1,04 - avril,0 - lundi,Douarnenez
,201700016470,2017-04-17,29,18,29212,48.38141,-4.61539,Hors intersection,Deux véhicules - par l’arrière,Plein jour,Normale,Route Départementale,,2,Plat,Partie rectiligne,,,normale,,Sur chaussée,Conducteur,1,M,63-64,Promenade - loisirs,Casque,Oui,1,1,04 - avril,0 - lundi,Plouzané
,201700025726,2017-04-17,33,1,33063,44.8269,-0.56922,Intersection en X,Deux véhicules - frontale,Nuit avec éclairage public allumé,Normale,Voie Communale,,2,Plat,Partie rectiligne,,71,normale,,Sur chaussée,Conducteur,2,M,45-46,Autre,Casque,Oui,1,1,04 - avril,0 - lundi,Bordeaux
,201700027804,2017-04-17,41,23,41018,47.58725,1.32764,Hors intersection,Deux véhicules - frontale,Nuit avec éclairage public allumé,Normale,Voie Communale,,2,Pente,En courbe à gauche,,,normale,,Sur chaussée,Conducteur,3,M,17-18,Promenade - loisirs,Casque,Non,1,1,04 - avril,0 - lundi,Blois
,201700029255,2017-04-17,49,16,49246,47.40716,-0.52561,Hors intersection,Deux véhicules - par le coté,Plein jour,Normale,Route Départementale,,2,Plat,Partie rectiligne,,110,normale,,Sur chaussée,Conducteur,2,M,37-38,Autre,Casque,Oui,1,1,04 - avril,0 - lundi,Ponts-de-Cé
,201700031285,2017-04-17,57,17,57757,49.34919,6.20352,Giratoire,Deux véhicules - par le coté,Plein jour,Normale,Route Départementale,,2,Plat,Partie rectiligne,,62,normale,,Sur chaussée,Conducteur,2,M,45-46,Promenade - loisirs,Casque,Oui,1,1,04 - avril,0 - lundi,Yutz
,201700035512,2017-04-17,74,18,74010,45.8902,6.1324,Hors intersection,Deux véhicules - frontale,Plein jour,Normale,Route Départementale,,,Pente,,,,normale,,Sur chaussée,Conducteur,1,M,23-24,,Casque,Oui,1,,04 - avril,0 - lundi,Annecy
,201700060405,2017-04-17,974,6,97416,-21.29987,55.42295,Hors intersection,Deux véhicules - frontale,Nuit sans éclairage public,Normale,Route Nationale,,,Plat,Partie rectiligne,125,106,normale,,Sur chaussée,Conducteur,3,M,51-52,Promenade - loisirs,Casque,Oui,1,,04 - avril,0 - lundi,Saint-Pierre
,201700007753,2017-04-16,6,12,6152,43.64381,7.01443,Intersection en X,Aucune,Plein jour,Normale,Route Départementale,,2,Pente,,,10,normale,,,Conducteur,1,M,76-77,Promenade - loisirs,Casque,Oui,,1,04 - avril,6 - dimanche,Valbonne
,201700011944,2017-04-16,37,1,37027,47.32207,0.99963,Hors intersection,Deux véhicules - par l’arrière,Nuit avec éclairage public allumé,Normale,Route Départementale,,2,Plat,Partie rectiligne,,60,normale,,Sur chaussée,Conducteur,2,M,19-20,Domicile - travail,Equipement réfléchissant,Non,1,1,04 - avril,6 - dimanche,Bléré
,201700013234,2017-04-16,7,14,7295,44.81826,4.59668,Hors intersection,Aucune,Plein jour,Normale,Voie Communale,,2,Plat,En courbe à droite,,32,normale,Pont - autopont,,Conducteur,2,M,54-55,Promenade - loisirs,Casque,Oui,,1,04 - avril,6 - dimanche,Saint-Sauveur-de-Montagut
,201700020892,2017-04-16,62,9,62297,50.81336,2.17458,Intersection en Y,Deux véhicules - par l’arrière,Plein jour,Normale,Route Départementale,,2,,,,,,,,Conducteur,2,M,57-58,Promenade - loisirs,Casque,Oui,1,1,04 - avril,6 - dimanche,Éperlecques
,201700025538,2017-04-16,33,19,33529,44.6361,-1.14452,Hors intersection,Autre,Plein jour,Normale,Voie Communale,,2,Plat,Partie rectiligne,,75,normale,,Sur chaussée,Conducteur,1,M,15-16,Promenade - loisirs,Casque,Non,1,1,04 - avril,6 - dimanche,Teste-de-Buch
,201700032520,2017-04-16,62,10,62516,50.58471,2.4774,Hors intersection,Aucune,Plein jour,Normale,Voie Communale,,2,Plat,Partie rectiligne,,58,normale,,Sur chaussée,Conducteur,2,M,63-64,Promenade - loisirs,Casque,Oui,,,04 - avril,6 - dimanche,Lillers
,201700054406,2017-04-16,75,20,75111,48.8587,2.38431,Intersection en T,Deux véhicules - par le coté,Plein jour,Normale,Voie Communale,,2,Pente,Partie rectiligne,,70,normale,,Sur chaussée,Conducteur,1,M,26-27,Utilisation professionnelle,Casque,Non déterminable,1,1,04 - avril,6 - dimanche,Paris 11e  Arrondissement
,201700000043,2017-04-15,59,11,59212,50.64736,2.72026,Hors intersection,Autre,Plein jour,Normale,Route Départementale,,2,Plat,Partie rectiligne,,,normale,,Sur chaussée,Conducteur,1,M,27-28,Promenade - loisirs,Casque,Oui,,1,04 - avril,5 - samedi,Estaires
,201700008295,2017-04-15,11,13,11262,43.18385,2.97583,Hors intersection,Deux véhicules - par le coté,Plein jour,Temps couvert,Voie Communale,,1,Plat,Partie rectiligne,,,normale,,Sur chaussée,Conducteur,1,M,12-13,,Casque,Non déterminable,1,1,04 - avril,5 - samedi,Narbonne
,201700013254,2017-04-15,7,11,7199,44.48712,4.27008,Hors intersection,Deux véhicules - par le coté,Plein jour,Normale,Route Départementale,,2,Plat,Partie rectiligne,,,normale,,Sur chaussée,Conducteur,2,M,71-72,Promenade - loisirs,Casque,Oui,1,1,04 - avril,5 - samedi,Rosières
,201700016090,2017-04-15,38,9,38099,45.18604,5.2816,Intersection en X,Deux véhicules - frontale,Plein jour,Temps couvert,Route Départementale,,2,Bas de côte,,4,410,normale,,,Conducteur,3,M,68-69,Promenade - loisirs,Casque,Oui,1,,04 - avril,5 - samedi,Chevrières
,201700016166,2017-04-15,38,11,38480,45.55732,4.9562,Hors intersection,Aucune,Plein jour,Normale,Route Départementale,,2,Plat,Partie rectiligne,24,74,normale,,Sur accotement,Conducteur,2,M,38-39,Promenade - loisirs,Casque,Oui,,,04 - avril,5 - samedi,Septème
,201700029970,2017-04-15,51,14,51172,49.2139,4.0469,Hors intersection,Deux véhicules - frontale,Plein jour,Normale,Voie Communale,,2,Plat,Partie rectiligne,,,normale,,Sur chaussée,Conducteur,0,M,40-41,,Casque,Oui,1,1,04 - avril,5 - samedi,Cormontreuil
,201700029970,2017-04-15,51,14,51172,49.2139,4.0469,Hors intersection,Deux véhicules - frontale,Plein jour,Normale,Voie Communale,,2,Plat,Partie rectiligne,,,normale,,Sur chaussée,Passager,2,F,42-43,,Casque,Oui,1,1,04 - avril,5 - samedi,Cormontreuil
,201700030393,2017-04-15,54,1,54395,48.67827,6.17921,Intersection en T,Deux véhicules - par l’arrière,Nuit avec éclairage public allumé,Normale,Voie Communale,,2,Plat,Partie rectiligne,,,normale,,Sur chaussée,Conducteur,1,M,30-31,Promenade - loisirs,Autre,Non déterminable,1,1,04 - avril,5 - samedi,Nancy
,201700053479,2017-04-15,75,,75107,48.8624,2.30201,Place,Autre,Nuit avec éclairage public allumé,Normale,Voie Communale,,5,Plat,Partie rectiligne,,190,normale,Pont - autopont,Sur chaussée,Conducteur,1,F,23-24,Promenade - loisirs,Casque,Oui,1,1,04 - avril,5 - samedi,Paris 7e  Arrondissement
,201700055108,2017-04-15,75,4,75113,48.8263,2.36146,Intersection en T,Autre,Nuit avec éclairage public allumé,Normale,Voie Communale,,3,Pente,Partie rectiligne,,,normale,,Sur chaussée,Conducteur,1,M,22-23,Promenade - loisirs,Casque,Non déterminable,,1,04 - avril,5 - samedi,Paris 13e  Arrondissement
,201700001973,2017-04-14,69,15,69179,45.60387,4.69083,Intersection en T,Deux véhicules - par le coté,Plein jour,Normale,Route Départementale,Avec voies d’affectation variable,,,,,,,,,Conducteur,3,M,70-71,Promenade - loisirs,Casque,Non,1,,04 - avril,4 - vendredi,Saint-Andéol-le-Château
,201700002751,2017-04-14,63,5,63307,0,0,Hors intersection,Trois véhicules et plus - en chaîne,Nuit sans éclairage public,Normale,Route Départementale,,3,Pente,Partie rectiligne,,67,normale,,Sur chaussée,Conducteur,2,M,46-47,Domicile - travail,Equipement réfléchissant,Oui,2,,04 - avril,4 - vendredi,Romagnat
,201700012897,2017-04-14,24,17,24172,44.9356,1.0197,Hors intersection,Deux véhicules - par l’arrière,Plein jour,Normale,Route Départementale,,2,Plat,Partie rectiligne,,45,normale,,Sur chaussée,Conducteur,2,M,64-65,Promenade - loisirs,Casque,Non déterminable,1,1,04 - avril,4 - vendredi,Eyzies-de-Tayac-Sireuil
,201700017255,2017-04-14,22,16,22229,48.30023,-3.22968,Intersection en T,Deux véhicules - par le coté,Plein jour,Normale,Voie Communale,,2,Plat,Partie rectiligne,,,normale,,,Conducteur,2,M,14-15,Domicile - travail,Autre,Non,1,,04 - avril,4 - vendredi,Plounévez-Quintin
,201700022745,2017-04-14,79,18,79106,45.99325,-0.08594,Intersection en X,Deux véhicules - par le coté,Plein jour,Normale,Route Départementale,,2,Plat,Partie rectiligne,,,normale,,,Conducteur,2,F,12-13,Promenade - loisirs,Casque,Oui,1,1,04 - avril,4 - vendredi,'Couture-d''Argenson'
,201700024671,2017-04-14,31,12,31557,43.5885,1.35889,Giratoire,Deux véhicules - par le coté,Plein jour,Normale,Route Départementale,,,Plat,Partie rectiligne,,,normale,,Sur chaussée,Conducteur,1,M,54-55,Autre,Autre,Oui,1,1,04 - avril,4 - vendredi,Tournefeuille
,201700024672,2017-04-14,31,14,31069,43.6343,1.39125,Intersection en T,Deux véhicules - par le coté,Plein jour,Normale,Route Départementale,,3,Plat,Partie rectiligne,,,normale,,Sur chaussée,Conducteur,2,M,20-21,Promenade - loisirs,Autre,Oui,1,1,04 - avril,4 - vendredi,Blagnac
,201700032713,2017-04-14,62,17,62510,50.41844,2.77897,Intersection en X,Deux véhicules - par le coté,Plein jour,Normale,Voie Communale,,2,Plat,Partie rectiligne,,74,normale,,Sur chaussée,Conducteur,1,M,15-16,Promenade - loisirs,Casque,Non,1,1,04 - avril,4 - vendredi,Liévin
,201700035433,2017-04-14,73,20,73029,45.56492,5.9425,Intersection en T,Deux véhicules - frontale,Plein jour,Normale,Route Départementale,,2,Plat,En courbe à gauche,,,autre,,Sur chaussée,Conducteur,1,M,23-24,,Casque,Oui,1,1,04 - avril,4 - vendredi,Barberaz
,201700036052,2017-04-14,76,11,76231,49.29499,0.99822,Intersection en T,Deux véhicules - par le coté,Plein jour,Normale,Route Départementale,,2,Plat,Partie rectiligne,,,normale,,Sur chaussée,Conducteur,2,M,78-79,Autre,Autre,Non déterminable,1,1,04 - avril,4 - vendredi,Elbeuf
,201700037871,2017-04-14,86,19,86194,46.57277,0.3275,Hors intersection,Deux véhicules - frontale,Plein jour,Normale,Voie Communale,,4,Plat,Partie rectiligne,,120,normale,,Sur chaussée,Conducteur,1,M,54-55,,Casque,Oui,1,1,04 - avril,4 - vendredi,Poitiers
,201700039086,2017-04-14,91,12,91549,48.6241,2.33796,Intersection en T,Deux véhicules - frontale,Plein jour,Normale,Voie Communale,,2,Plat,En courbe à droite,,,normale,,Sur chaussée,Conducteur,1,M,16-17,Promenade - loisirs,Casque,Non,1,1,04 - avril,4 - vendredi,Sainte-Geneviève-des-Bois
,201700041025,2017-04-14,92,19,92064,0,0,Intersection en X,Deux véhicules - par le coté,Plein jour,Normale,Voie Communale,,1,Plat,Partie rectiligne,,43,normale,,Sur chaussée,Conducteur,1,M,31-32,Promenade - loisirs,Casque,Oui,1,1,04 - avril,4 - vendredi,Saint-Cloud
,201700050050,2017-04-14,69,11,69385,45.76304,4.82939,Hors intersection,Autre,Plein jour,Normale,Voie Communale,,,Plat,Partie rectiligne,,61,normale,,Sur chaussée,Conducteur,0,M,28-29,Promenade - loisirs,Autre,Non déterminable,,1,04 - avril,4 - vendredi,Lyon 5e  Arrondissement