test,identifiantAccident,date,departement,heure,commune,lat,lon,typeIntersection,typeCollision,luminosite,conditionsAtmosperiques,typeRoute,circulation,nbVoies,profilLongRoute,tracePlanRoute,largeurTPC,largeurRoute,etatSurface,amenagement,situation,categorieUsager,graviteAccident,sexe,age,motifDeplacement,existenceSecurite,usageSecurite,nombreAutresVehicules,enAgglomeration,mois,jour,NCCENR
,201700053477,2017-04-14,75,10,75107,48.8522,2.29928,Intersection en X,Deux véhicules - par le coté,Plein jour,Normale,Voie Communale,,1,Plat,Partie rectiligne,,,normale,,Sur chaussée,Conducteur,1,M,59-60,,Casque,Non déterminable,1,1,04 - avril,4 - vendredi,Paris 7e  Arrondissement
,201700054707,2017-04-14,75,21,75112,48.8473,2.37529,Intersection à plus de 4 branches,Deux véhicules - par le coté,Nuit avec éclairage public allumé,Normale,Voie Communale,,1,Plat,Partie rectiligne,,,normale,,Sur chaussée,Conducteur,1,M,21-22,Domicile - travail,Casque,Non déterminable,1,1,04 - avril,4 - vendredi,Paris 12e  Arrondissement
,201700056558,2017-04-14,75,19,75117,48.8811,2.31467,Hors intersection,Autre,Plein jour,Normale,Voie Communale,,3,Plat,Partie rectiligne,,,normale,,Sur piste cyclable,Conducteur,1,M,29-30,Utilisation professionnelle,Casque,Oui,,1,04 - avril,4 - vendredi,Paris 17e  Arrondissement
,201700001176,2017-04-13,33,8,33051,44.64189,-0.96875,Intersection en X,Deux véhicules - par le coté,Plein jour,Normale,Voie Communale,,2,Plat,,,,normale,,Sur chaussée,Conducteur,1,F,15-16,Domicile - école,Casque,Non,1,1,04 - avril,3 - jeudi,Biganos
,201700005298,2017-04-13,77,15,77232,48.91566,2.81503,Hors intersection,Deux véhicules - par l’arrière,Plein jour,Normale,Voie Communale,,2,Plat,Partie rectiligne,,40,normale,,Sur chaussée,Conducteur,2,M,45-46,,Casque,Oui,1,,04 - avril,3 - jeudi,Isles-lès-Villenoy
,201700012327,2017-04-13,17,12,17224,45.86442,-0.31697,Intersection en X,Deux véhicules - par le coté,Plein jour,Normale,Voie Communale,,2,Pente,,,88,,,Sur chaussée,Conducteur,2,M,13-14,Promenade - loisirs,Casque,Non,1,1,04 - avril,3 - jeudi,Matha
,201700016311,2017-04-13,31,14,31177,42.92472,0.68083,Hors intersection,Deux véhicules - par le coté,Plein jour,Normale,Route Nationale,,2,Plat,Partie rectiligne,,69,normale,,Sur chaussée,Conducteur,2,M,57-58,Promenade - loisirs,Casque,Oui,1,,04 - avril,3 - jeudi,Eup
,201700018362,2017-04-13,61,14,61135,48.51299,-0.41092,Hors intersection,Deux véhicules - par le coté,Plein jour,Normale,Route Départementale,,2,Plat,Partie rectiligne,,,normale,,Sur chaussée,Conducteur,2,M,13-14,Promenade - loisirs,Casque,Non déterminable,1,1,04 - avril,3 - jeudi,Couterne
,201700020927,2017-04-13,83,17,83018,43.34628,6.17985,Hors intersection,Deux véhicules - par le coté,Plein jour,Normale,Route Départementale,,2,Pente,Partie rectiligne,30,60,normale,,Sur chaussée,Conducteur,1,M,68-69,Promenade - loisirs,Casque,Oui,1,,04 - avril,3 - jeudi,Besse-sur-Issole
,201700029252,2017-04-13,49,9,49007,47.47454,-0.54676,Intersection en X,Deux véhicules - par le coté,Plein jour,Normale,Voie Communale,,2,Plat,Partie rectiligne,,,normale,,Sur chaussée,Conducteur,1,M,43-44,Promenade - loisirs,Casque,Non déterminable,1,1,04 - avril,3 - jeudi,Angers
,201700031409,2017-04-13,58,22,58194,0,0,Hors intersection,Autre,Nuit avec éclairage public allumé,Normale,Voie Communale,,2,Pente,En courbe à droite,,131,normale,,,Conducteur,2,M,18-19,Promenade - loisirs,Autre,Non déterminable,,1,04 - avril,3 - jeudi,Nevers
,201700036743,2017-04-13,78,21,78551,48.905,2.0936,Hors intersection,Autre,Nuit sans éclairage public,Normale,Route Départementale,,2,Plat,Partie rectiligne,,30,normale,,Sur chaussée,Conducteur,2,F,28-29,Promenade - loisirs,Autre,Non,1,,04 - avril,3 - jeudi,Saint-Germain-en-Laye
,201700037869,2017-04-13,86,12,86194,46.5846,0.37478,Hors intersection,Autre,Plein jour,Normale,Route Départementale,,2,Plat,Partie rectiligne,,60,normale,,,Conducteur,1,M,62-63,,Casque,Oui,,1,04 - avril,3 - jeudi,Poitiers
,201700053337,2017-04-13,75,11,75106,48.8528,2.33216,Hors intersection,Trois véhicules et plus - en chaîne,Plein jour,Normale,Voie Communale,,3,Plat,Partie rectiligne,,,normale,,Sur chaussée,Conducteur,0,M,28-29,Promenade - loisirs,Casque,Non,1,1,04 - avril,3 - jeudi,Paris 6e  Arrondissement
,201700053337,2017-04-13,75,11,75106,48.8528,2.33216,Hors intersection,Trois véhicules et plus - en chaîne,Plein jour,Normale,Voie Communale,,3,Plat,Partie rectiligne,,,normale,,Sur chaussée,Conducteur,1,F,28-29,Promenade - loisirs,Casque,Non,1,1,04 - avril,3 - jeudi,Paris 6e  Arrondissement
,201700054025,2017-04-13,75,19,75109,48.8748,2.33976,Intersection en T,Autre,Plein jour,Normale,Voie Communale,,1,Plat,Partie rectiligne,,50,normale,,Sur chaussée,Conducteur,0,M,23-24,Domicile - travail,Casque,Non déterminable,,1,04 - avril,3 - jeudi,Paris 9e  Arrondissement
,201700054187,2017-04-13,75,7,75110,48.8833,2.34975,Intersection en Y,Deux véhicules - par le coté,Plein jour,Normale,Voie Communale,,4,Pente,Partie rectiligne,,,normale,,Sur chaussée,Conducteur,1,M,26-27,,Casque,Non,1,1,04 - avril,3 - jeudi,Paris 10e  Arrondissement
,201700054705,2017-04-13,75,10,75112,48.8397,2.39619,Place,Deux véhicules - par le coté,Plein jour,Normale,Voie Communale,,2,Plat,En courbe à gauche,,100,normale,,Sur chaussée,Conducteur,1,M,50-51,Domicile - travail,Casque,Oui,1,1,04 - avril,3 - jeudi,Paris 12e  Arrondissement
,201700057836,2017-04-13,75,7,75112,48.8367,2.40346,Intersection en X,Deux véhicules - par le coté,Plein jour,Normale,Voie Communale,,2,Plat,Partie rectiligne,,,normale,Carrefour aménagé,Sur chaussée,Conducteur,2,M,52-53,Domicile - travail,Casque,Oui,1,1,04 - avril,3 - jeudi,Paris 12e  Arrondissement
,201700000348,2017-04-12,60,16,60079,49.16246,2.87396,Autre intersection,Deux véhicules - par le coté,Plein jour,Normale,Voie Communale,,2,Plat,,,10,normale,,,Conducteur,1,M,59-60,Promenade - loisirs,Casque,Oui,1,1,04 - avril,2 - mercredi,Boissy-Fresnoy
,201700004021,2017-04-12,83,15,83133,43.59217,6.86327,Hors intersection,Deux véhicules - par le coté,Plein jour,Normale,Route Départementale,,2,Pente,,4,10,normale,,,Conducteur,2,M,42-43,Promenade - loisirs,Casque,Oui,1,,04 - avril,2 - mercredi,Tanneron
,201700006005,2017-04-12,6,15,6083,43.77123,7.49512,Intersection en T,Deux véhicules - par le coté,Plein jour,Normale,Route Départementale,,2,Plat,Partie rectiligne,,70,normale,,Sur chaussée,Conducteur,2,M,26-27,,Casque,Oui,1,1,04 - avril,2 - mercredi,Menton
,201700014162,2017-04-12,60,14,60188,49.39618,3.0043,Giratoire,Deux véhicules - par le coté,Plein jour,Normale,Voie Communale,,1,Plat,,,10,normale,,,Conducteur,2,M,13-14,Promenade - loisirs,Casque,Non,1,1,04 - avril,2 - mercredi,Cuise-la-Motte
,201700016525,2017-04-12,29,15,29029,48.26738,-3.61662,Intersection en T,Deux véhicules - par le coté,Plein jour,Temps éblouissant,Route Départementale,,2,Plat,,6,510,normale,,,Conducteur,2,M,71-72,Promenade - loisirs,Casque,Oui,1,,04 - avril,2 - mercredi,Cléden-Poher
,201700017375,2017-04-12,68,14,68031,47.6913,7.15988,Hors intersection,Deux véhicules - par l’arrière,Plein jour,Normale,Route Départementale,,2,Plat,Partie rectiligne,,112,normale,,Sur chaussée,Conducteur,3,F,53-54,Promenade - loisirs,Casque,Oui,1,,04 - avril,2 - mercredi,Bernwiller
,201700017619,2017-04-12,86,15,86264,46.27912,0.37216,Place,Aucune,Plein jour,Normale,Route Départementale,,2,Plat,,4,10,normale,,,Conducteur,2,M,71-72,Promenade - loisirs,Casque,Oui,,1,04 - avril,2 - mercredi,Sommières-du-Clain
,201700020926,2017-04-12,83,14,83026,43.44493,6.20761,Hors intersection,Deux véhicules - par l’arrière,Plein jour,Normale,Route Départementale,,2,Plat,En « S »,,66,normale,,Sur chaussée,Conducteur,2,M,33-34,Promenade - loisirs,Casque,Oui,1,,04 - avril,2 - mercredi,Cabasse
,201700022860,2017-04-12,26,14,26281,45.04103,5.02725,Hors intersection,Deux véhicules - par le coté,Plein jour,Normale,Voie Communale,,1,,,,,,,Sur chaussée,Conducteur,1,F,10-11,Promenade - loisirs,Autre,Oui,1,1,04 - avril,2 - mercredi,Romans-sur-Isère
,201700027194,2017-04-12,37,17,37214,0,0,Hors intersection,Aucune,Plein jour,Normale,Voie Communale,,2,Plat,Partie rectiligne,,,normale,,Sur chaussée,Conducteur,2,F,40-41,Autre,Casque,Non,,1,04 - avril,2 - mercredi,Saint-Cyr-sur-Loire
,201700029851,2017-04-12,50,14,50502,49.11363,-1.08558,Giratoire,Deux véhicules - frontale,Plein jour,Normale,Voie Communale,,2,Plat,Partie rectiligne,30,70,normale,Carrefour aménagé,Sur chaussée,Conducteur,1,M,66-67,Promenade - loisirs,Casque,Non,1,1,04 - avril,2 - mercredi,Saint-Lô
,201700030388,2017-04-12,54,14,54184,0,0,Hors intersection,Deux véhicules - par le coté,Plein jour,Normale,Route Départementale,,2,Pente,Partie rectiligne,,,normale,,Sur chaussée,Conducteur,1,M,16-17,Promenade - loisirs,Casque,Oui,1,,04 - avril,2 - mercredi,Essey-lès-Nancy
,201700035432,2017-04-12,73,18,73087,45.56861,5.89235,Giratoire,Deux véhicules - par le coté,Plein jour,Temps éblouissant,Route Départementale,,2,Plat,Partie rectiligne,,,normale,,Sur chaussée,Conducteur,1,M,59-60,,Casque,Non déterminable,1,1,04 - avril,2 - mercredi,Cognin
,201700038382,2017-04-12,89,9,89387,48.19571,3.28324,Hors intersection,Deux véhicules - par l’arrière,Plein jour,Normale,Voie Communale,,1,Plat,Partie rectiligne,,55,normale,,Sur chaussée,Conducteur,1,M,59-60,,Casque,Non,1,1,04 - avril,2 - mercredi,Sens
,201700041276,2017-04-12,92,21,92078,0,0,Hors intersection,Deux véhicules - frontale,Nuit avec éclairage public allumé,Normale,Voie Communale,,2,Plat,Partie rectiligne,,,normale,,Sur chaussée,Conducteur,1,M,52-53,,Autre,Non déterminable,1,1,04 - avril,2 - mercredi,Villeneuve-la-Garenne
,201700050749,2017-04-12,69,17,69386,45.76417,4.85335,Intersection en T,Deux véhicules - par le coté,Plein jour,Normale,Voie Communale,,1,Plat,Partie rectiligne,,,normale,,Sur chaussée,Conducteur,1,M,43-44,,Autre,Non déterminable,1,1,04 - avril,2 - mercredi,Lyon 6e  Arrondissement
,201700052750,2017-04-12,75,14,75101,48.8639,2.34233,Intersection en X,Autre,Plein jour,Normale,Voie Communale,,2,Plat,Partie rectiligne,,60,normale,,Sur chaussée,Conducteur,0,M,21-22,,Casque,Non déterminable,,1,04 - avril,2 - mercredi,Paris 1er Arrondissement
,201700053732,2017-04-12,75,9,75108,48.8752,2.29803,Hors intersection,Autre,Plein jour,Normale,Voie Communale,,1,Plat,Partie rectiligne,,80,normale,,Sur chaussée,Conducteur,1,M,21-22,Promenade - loisirs,Casque,Oui,,1,04 - avril,2 - mercredi,Paris 8e  Arrondissement
,201700054703,2017-04-12,75,19,75112,48.8444,2.38971,Intersection en T,Autre,Plein jour,Normale,Voie Communale,,1,Pente,Partie rectiligne,,60,normale,,Sur chaussée,Conducteur,1,F,24-25,Autre,Casque,Non,1,1,04 - avril,2 - mercredi,Paris 12e  Arrondissement
,201700054704,2017-04-12,75,20,75112,48.8375,2.45197,Intersection en X,Deux véhicules - par le coté,Plein jour,Normale,Voie Communale,,,Plat,Partie rectiligne,,70,normale,,Sur chaussée,Conducteur,1,F,20-21,Domicile - travail,Casque,Non,1,1,04 - avril,2 - mercredi,Paris 12e  Arrondissement
,201700000953,2017-04-11,44,15,44026,47.31355,-1.43832,Hors intersection,Deux véhicules - par le coté,Plein jour,Normale,Voie Communale,,2,Pente,,,,normale,,Sur chaussée,Conducteur,2,M,16-17,Promenade - loisirs,Casque,Oui,1,,04 - avril,1 - mardi,Carquefou
,201700000953,2017-04-11,44,15,44026,47.31355,-1.43832,Hors intersection,Deux véhicules - par le coté,Plein jour,Normale,Voie Communale,,2,Pente,,,,normale,,Sur chaussée,Conducteur,2,M,14-15,Promenade - loisirs,Casque,Oui,1,,04 - avril,1 - mardi,Carquefou
,201700004104,2017-04-11,83,17,83094,43.34144,6.56174,Hors intersection,Autre,Plein jour,Normale,Route Départementale,,2,Plat,Partie rectiligne,,76,normale,,Sur chaussée,Conducteur,2,M,60-61,Promenade - loisirs,Casque,Oui,,,04 - avril,1 - mardi,Plan-de-la-Tour
,201700005119,2017-04-11,91,11,91044,48.66819,2.28572,Giratoire,Deux véhicules - par le coté,Plein jour,Normale,Route Départementale,,1,Plat,En courbe à gauche,3,115,normale,,Sur chaussée,Conducteur,2,M,4-5,Promenade - loisirs,Casque,Oui,1,1,04 - avril,1 - mardi,Ballainvilliers
,201700011877,2017-04-11,37,17,37099,47.27856,0.53717,Hors intersection,Deux véhicules - par l’arrière,Plein jour,Temps éblouissant,Route Départementale,,2,Plat,Partie rectiligne,,52,normale,,Sur chaussée,Conducteur,2,F,69-70,Promenade - loisirs,Casque,Oui,1,,04 - avril,1 - mardi,Druye
,201700012638,2017-04-11,85,11,85294,46.35009,-1.43162,Hors intersection,Aucune,Plein jour,Normale,Voie Communale,,2,Plat,,,60,normale,,Sur chaussée,Conducteur,2,M,12-13,Promenade - loisirs,Autre,Oui,,1,04 - avril,1 - mardi,Tranche-sur-Mer
,201700013588,2017-04-11,10,19,10323,48.52009,3.72648,Giratoire,Deux véhicules - par le coté,Plein jour,Normale,Route Départementale,,2,Plat,,5,110,normale,,,Conducteur,1,M,17-18,Promenade - loisirs,Casque,Non,1,1,04 - avril,1 - mardi,Romilly-sur-Seine
,201700015829,2017-04-11,84,12,84017,44.14323,5.28063,Hors intersection,Aucune,Plein jour,Normale,Route Départementale,,2,Pente,En courbe à droite,,60,normale,,Sur accotement,Conducteur,3,M,62-63,Promenade - loisirs,Casque,Oui,,,04 - avril,1 - mardi,Bédoin
,201700016548,2017-04-11,29,17,29016,48.30031,-3.96291,Hors intersection,Aucune,Plein jour,Normale,Route Départementale,,2,Pente,Partie rectiligne,,,normale,,Sur chaussée,Conducteur,2,M,12-13,Promenade - loisirs,Casque,Non,,,04 - avril,1 - mardi,Brasparts
,201700016548,2017-04-11,29,17,29016,48.30031,-3.96291,Hors intersection,Aucune,Plein jour,Normale,Route Départementale,,2,Pente,Partie rectiligne,,,normale,,Sur chaussée,Passager,2,M,13-14,Promenade - loisirs,Casque,Non,,,04 - avril,1 - mardi,Brasparts
,201700027162,2017-04-11,37,9,37261,47.42638,0.67653,Intersection en Y,Deux véhicules - par l’arrière,Plein jour,Normale,Voie Communale,,2,Plat,Partie rectiligne,,,normale,,Sur chaussée,Conducteur,2,M,77-78,Courses - achats,Casque,Non,1,1,04 - avril,1 - mardi,Tours
,201700028102,2017-04-11,42,17,42218,45.42237,4.42311,Hors intersection,Deux véhicules - frontale,Plein jour,Normale,Voie Communale,,2,Plat,Partie rectiligne,,,normale,,Sur chaussée,Conducteur,3,M,20-21,,Casque,Oui,1,1,04 - avril,1 - mardi,Saint-Étienne
,201700028364,2017-04-11,44,12,44109,47.23971,-1.51332,Hors intersection,Autre,Plein jour,Normale,Voie Communale,,,,,,,,,,Conducteur,1,M,51-52,,Casque,Oui,1,1,04 - avril,1 - mardi,Nantes
,201700029782,2017-04-11,50,8,50537,49.04632,-1.42551,Intersection en Y,Deux véhicules - frontale,Plein jour,Temps éblouissant,Route Départementale,,1,Plat,En courbe à droite,,70,normale,,Sur chaussée,Conducteur,3,F,37-38,Domicile - travail,Casque,Non,1,,04 - avril,1 - mardi,Saint-Pierre-de-Coutances
,201700029967,2017-04-11,51,18,51454,49.27522,4.01828,Hors intersection,Deux véhicules - par le coté,Plein jour,Normale,Voie Communale,,2,Plat,Partie rectiligne,,60,normale,,Sur chaussée,Conducteur,1,M,54-55,Autre,Casque,Oui,1,1,04 - avril,1 - mardi,Reims
,201700031117,2017-04-11,40,18,40065,43.64847,-1.44393,Autre intersection,Deux véhicules - par le coté,Plein jour,Normale,Autre,,2,Plat,,6,10,normale,,Sur chaussée,Conducteur,2,M,16-17,Promenade - loisirs,Equipement réfléchissant,Non,1,1,04 - avril,1 - mardi,Capbreton
,201700036059,2017-04-11,76,12,76498,49.42564,1.052,Intersection en T,Autre,Plein jour,Normale,Voie Communale,,2,Bas de côte,En courbe à gauche,,60,normale,,Sur chaussée,Conducteur,1,M,53-54,Autre,Casque,Oui,1,1,04 - avril,1 - mardi,Petit-Quevilly
,201700036388,2017-04-11,77,18,77114,48.73198,2.68845,Hors intersection,Deux véhicules - par le coté,Plein jour,Normale,Route Départementale,,2,Plat,Partie rectiligne,,,normale,,Sur accotement,Conducteur,3,M,66-67,Autre,Casque,Non,1,,04 - avril,1 - mardi,Chevry-Cossigny
,201700054023,2017-04-11,75,9,75109,48.8736,2.32832,Intersection en X,Autre,Plein jour,Normale,Voie Communale,,2,Plat,Partie rectiligne,,150,normale,,Sur chaussée,Conducteur,0,F,26-27,Domicile - travail,Casque,Non déterminable,,1,04 - avril,1 - mardi,Paris 9e  Arrondissement
,201700054401,2017-04-11,75,10,75111,48.8513,2.39822,Intersection à plus de 4 branches,Deux véhicules - par le coté,Plein jour,Pluie forte,Voie Communale,,1,Plat,Partie rectiligne,180,70,normale,,Sur chaussée,Conducteur,1,F,34-35,Domicile - travail,Casque,Non déterminable,1,1,04 - avril,1 - mardi,Paris 11e  Arrondissement
,201700003061,2017-04-10,88,18,88401,48.30442,5.77684,Hors intersection,Deux véhicules - par l’arrière,Plein jour,Normale,Route Départementale,,3,Plat,Partie rectiligne,,113,normale,,Sur chaussée,Conducteur,2,M,77-78,Promenade - loisirs,Casque,Oui,1,,04 - avril,0 - lundi,Rouvres-la-Chétive
,201700006166,2017-04-10,6,15,6088,43.67356,7.20782,Hors intersection,Autre,Plein jour,Normale,Voie Communale,,1,Plat,Partie rectiligne,,,normale,,,Conducteur,0,M,44-45,,Autre,Non déterminable,,1,04 - avril,0 - lundi,Nice
,201700006166,2017-04-10,6,15,6088,43.67356,7.20782,Hors intersection,Autre,Plein jour,Normale,Voie Communale,,1,Plat,Partie rectiligne,,,normale,,,Piéton,1,M,14-15,,,,,1,04 - avril,0 - lundi,Nice
,201700007913,2017-04-10,13,6,13069,43.62626,5.15066,Giratoire,Deux véhicules - par le coté,Crépuscule ou aube,Normale,Route Départementale,,,Plat,,,,,,Sur chaussée,Conducteur,1,M,41-42,Domicile - travail,Casque,Oui,1,,04 - avril,0 - lundi,Pélissanne
,201700009417,2017-04-10,13,13,13055,43.30679,5.36774,Hors intersection,Deux véhicules - par le coté,Plein jour,Normale,Voie Communale,,4,Plat,,120,120,normale,Voie ferrée,,Conducteur,2,M,42-43,Autre,Casque,Non,1,1,04 - avril,0 - lundi,Marseille
,201700013732,2017-04-10,18,17,18211,47.18626,2.4173,Hors intersection,Autre,Plein jour,Normale,Voie Communale,,2,Pente,Partie rectiligne,,53,normale,,Sur chaussée,Conducteur,2,M,56-57,Promenade - loisirs,Casque,Non,,1,04 - avril,0 - lundi,Saint-Georges-sur-Moulon
,201700017955,2017-04-10,42,14,42015,46.16702,4.34825,Hors intersection,Aucune,Plein jour,Temps éblouissant,Route Départementale,,2,Pente,Partie rectiligne,,60,normale,,Sur chaussée,Conducteur,2,M,24-25,Promenade - loisirs,Casque,Non,,1,04 - avril,0 - lundi,Belmont-de-la-Loire
,201700021142,2017-04-10,17,16,17300,46.16812,-1.1326,Hors intersection,Deux véhicules - par le coté,Plein jour,Normale,Voie Communale,,4,Pente,Partie rectiligne,19,132,normale,,Sur chaussée,Conducteur,1,F,80-81,Promenade - loisirs,Casque,Non,1,1,04 - avril,0 - lundi,Rochelle
,201700029964,2017-04-10,51,8,51454,49.27468,4.0331,Giratoire,Deux véhicules - par le coté,Plein jour,Normale,Voie Communale,,2,Plat,Partie rectiligne,,,normale,,Sur chaussée,Conducteur,1,M,36-37,Domicile - travail,Casque,Oui,1,1,04 - avril,0 - lundi,Reims
,201700031753,2017-04-10,59,20,59328,50.64811,3.04458,Intersection en T,Deux véhicules - frontale,Crépuscule ou aube,Normale,Route Départementale,,3,Plat,Partie rectiligne,,,normale,Carrefour aménagé,Sur chaussée,Conducteur,1,F,21-22,Domicile - école,Casque,Oui,1,1,04 - avril,0 - lundi,Lambersart
,201700034061,2017-04-10,67,18,67043,48.61556,7.7322,Hors intersection,Autre,Plein jour,Normale,Voie Communale,,2,Plat,Partie rectiligne,,72,normale,,Sur trottoir,Conducteur,1,F,4-5,,Casque,Oui,1,1,04 - avril,0 - lundi,Bischheim
,201700038880,2017-04-10,91,12,91377,48.72766,2.28112,Hors intersection,Autre,Plein jour,Normale,Voie Communale,,2,Plat,Partie rectiligne,,,normale,,Sur chaussée,Conducteur,0,M,34-35,Autre,Casque,Oui,,1,04 - avril,0 - lundi,Massy
,201700039753,2017-04-10,92,12,92024,48.90709,2.30065,Intersection en T,Deux véhicules - par le coté,Plein jour,Normale,Route Départementale,,3,Plat,Partie rectiligne,,,normale,,Sur chaussée,Conducteur,1,M,64-65,Courses - achats,Casque,Non,1,1,04 - avril,0 - lundi,Clichy
,201700054399,2017-04-10,75,10,75111,48.8571,2.3712,Intersection en T,Autre,Plein jour,Normale,Voie Communale,,2,Plat,Partie rectiligne,,180,normale,,Sur piste cyclable,Conducteur,0,M,43-44,Promenade - loisirs,Casque,Non déterminable,,1,04 - avril,0 - lundi,Paris 11e  Arrondissement
,201700054400,2017-04-10,75,14,75111,48.8683,2.38135,Intersection en T,Deux véhicules - par le coté,Plein jour,Normale,Voie Communale,,1,Plat,Partie rectiligne,,,normale,,,Conducteur,1,M,38-39,,Casque,Non déterminable,1,1,04 - avril,0 - lundi,Paris 11e  Arrondissement
,201700056552,2017-04-10,75,13,75117,48.8886,2.31562,Place,Autre,Plein jour,Normale,Voie Communale,,2,Plat,Partie rectiligne,,80,normale,,Sur chaussée,Conducteur,0,M,20-21,Utilisation professionnelle,Casque,Non déterminable,,1,04 - avril,0 - lundi,Paris 17e  Arrondissement
,201700058895,2017-04-10,973,14,97312,0,0,Hors intersection,Deux véhicules - par l’arrière,Plein jour,Pluie légère,Route Nationale,,2,Plat,,6,20,normale,,,Conducteur,2,M,36-37,,Autre,Non,1,,04 - avril,0 - lundi,Sinnamary
,201700000479,2017-04-09,35,20,35152,48.18726,-1.51448,Intersection en X,Deux véhicules - par le coté,Plein jour,Normale,Route Départementale,,2,Plat,Partie rectiligne,,,normale,Carrefour aménagé,Sur chaussée,Conducteur,2,M,50-51,Promenade - loisirs,Casque,Oui,1,,04 - avril,6 - dimanche,Liffré
,201700001947,2017-04-09,69,11,69249,45.68528,4.63782,Hors intersection,Autre,Plein jour,Normale,Route Départementale,,2,Pente,Partie rectiligne,,60,normale,,Sur chaussée,Conducteur,1,M,51-52,Promenade - loisirs,Casque,Oui,1,,04 - avril,6 - dimanche,Thurins
,201700002694,2017-04-09,74,8,74250,46.05964,6.36854,Intersection en T,Deux véhicules - par le coté,Plein jour,Normale,Route Départementale,,2,Plat,,5,810,normale,,Sur chaussée,Conducteur,2,M,60-61,Courses - achats,Autre,Non,1,1,04 - avril,6 - dimanche,Saint-Pierre-en-Faucigny
,201700004356,2017-04-09,34,18,34344,43.56264,4.08031,Hors intersection,Deux véhicules - par le coté,Plein jour,Normale,Autre,,4,Plat,Partie rectiligne,,,normale,Zone piétonne,Sur chaussée,Conducteur,1,F,60-61,Promenade - loisirs,Equipement réfléchissant,Oui,1,1,04 - avril,6 - dimanche,Grande-Motte
,201700006489,2017-04-09,7,15,7331,44.6597,4.36781,Place,Deux véhicules - frontale,Plein jour,Normale,Autre,,2,Plat,Partie rectiligne,,,normale,,Sur chaussée,Conducteur,2,M,51-52,Promenade - loisirs,Casque,Oui,1,1,04 - avril,6 - dimanche,Vals-les-Bains
,201700008145,2017-04-09,11,14,11069,43.21029,2.38736,Giratoire,Deux véhicules - par le coté,Plein jour,Normale,Voie Communale,,2,Plat,En courbe à gauche,,80,normale,,Sur chaussée,Conducteur,1,M,17-18,Promenade - loisirs,Casque,Oui,1,,04 - avril,6 - dimanche,Carcassonne
,201700013818,2017-04-09,73,17,73085,45.79833,5.86241,Hors intersection,Deux véhicules - par l’arrière,Plein jour,Normale,Route Départementale,,2,Pente,En courbe à droite,,39,normale,,Sur chaussée,Conducteur,2,M,51-52,Promenade - loisirs,Casque,Oui,1,,04 - avril,6 - dimanche,Chindrieux
,201700015747,2017-04-09,3,14,3029,46.23188,3.44008,Hors intersection,Aucune,Plein jour,Temps éblouissant,Route Départementale,,2,Pente,Partie rectiligne,,,normale,,Sur chaussée,Conducteur,2,M,57-58,,Casque,Non,,,04 - avril,6 - dimanche,Billy
,201700015748,2017-04-09,3,17,3126,46.07734,3.43898,Hors intersection,Deux véhicules - par le coté,Plein jour,Temps éblouissant,Route Départementale,,2,Plat,Partie rectiligne,,,normale,,Sur chaussée,Conducteur,2,F,29-30,Promenade - loisirs,Casque,Oui,1,,04 - avril,6 - dimanche,Hauterive
,201700016620,2017-04-09,29,10,29147,47.89717,-3.59361,Hors intersection,Deux véhicules - par le coté,Plein jour,Temps éblouissant,Voie Communale,,2,Pente,Partie rectiligne,,,normale,,Sur chaussée,Conducteur,2,M,67-68,,Casque,Oui,1,,04 - avril,6 - dimanche,Mellac
,201700017088,2017-04-09,39,12,39109,46.61052,5.73017,Intersection en Y,Deux véhicules - par le coté,Plein jour,Normale,Route Départementale,,2,Pente,Partie rectiligne,,,normale,,,Conducteur,2,M,53-54,Promenade - loisirs,Casque,Oui,1,,04 - avril,6 - dimanche,Charézier
,201700019738,2017-04-09,2B,10,2B283,41.89523,9.39098,Hors intersection,Deux véhicules - par le coté,Plein jour,Normale,Route Nationale,,2,Plat,Partie rectiligne,,64,normale,,Sur chaussée,Conducteur,1,M,78-79,Promenade - loisirs,Autre,Non déterminable,1,,04 - avril,6 - dimanche,Solaro
,201700020835,2017-04-09,57,16,57628,49.00915,6.99411,Autre intersection,Deux véhicules - par le coté,Plein jour,Normale,Route Départementale,,2,Pente,,7,710,normale,,,Conducteur,3,M,30-31,Promenade - loisirs,Casque,Non,1,,04 - avril,6 - dimanche,Sarralbe
,201700030387,2017-04-09,54,1,54395,0,0,Intersection en X,Deux véhicules - par le coté,Nuit avec éclairage public allumé,Normale,Voie Communale,,1,Plat,Partie rectiligne,,,normale,,Sur chaussée,Conducteur,2,M,20-21,Promenade - loisirs,Autre,Non déterminable,1,1,04 - avril,6 - dimanche,Nancy
,201700036482,2017-04-09,77,19,77350,48.77779,2.67954,Hors intersection,Deux véhicules - par le coté,Plein jour,Normale,Route Départementale,,2,Plat,,,60,normale,Zone piétonne,Sur chaussée,Conducteur,1,M,6-7,Promenade - loisirs,Casque,Non,1,1,04 - avril,6 - dimanche,Ozoir-la-Ferrière
,201700056927,2017-04-09,75,23,75118,48.8992,2.33624,Intersection en X,Autre,Nuit avec éclairage public allumé,Normale,Voie Communale,,2,Plat,Partie rectiligne,,100,normale,,Sur chaussée,Conducteur,1,M,18-19,,Casque,Non,1,1,04 - avril,6 - dimanche,Paris 18e  Arrondissement
,201700057831,2017-04-09,75,2,75114,48.8413,2.32486,Place,Deux véhicules - par le coté,Nuit avec éclairage public allumé,Normale,Voie Communale,,,Plat,Partie rectiligne,,,normale,,Sur chaussée,Conducteur,1,M,28-29,Promenade - loisirs,Casque,Non,1,1,04 - avril,6 - dimanche,Paris 14e  Arrondissement
,201700003330,2017-04-08,68,14,68106,47.87549,7.12739,Intersection en X,Deux véhicules - par le coté,Plein jour,Normale,Route Départementale,,2,Sommet de côte,En courbe à gauche,,60,normale,,,Conducteur,2,M,28-29,Promenade - loisirs,Casque,Oui,1,,04 - avril,5 - samedi,Goldbach-Altenbach