test,identifiantAccident,date,departement,heure,commune,lat,lon,typeIntersection,typeCollision,luminosite,conditionsAtmosperiques,typeRoute,circulation,nbVoies,profilLongRoute,tracePlanRoute,largeurTPC,largeurRoute,etatSurface,amenagement,situation,categorieUsager,graviteAccident,sexe,age,motifDeplacement,existenceSecurite,usageSecurite,nombreAutresVehicules,enAgglomeration,mois,jour,NCCENR
,201700008123,2017-04-08,11,9,11069,43.2088,2.3799,Hors intersection,Deux véhicules - par le coté,Plein jour,Normale,Voie Communale,,2,Sommet de côte,En courbe à gauche,,60,normale,,Sur chaussée,Conducteur,1,M,63-64,Promenade - loisirs,Casque,Oui,1,1,04 - avril,5 - samedi,Carcassonne
,201700008144,2017-04-08,11,18,11069,43.21633,2.35613,Intersection en X,Deux véhicules - par le coté,Plein jour,Normale,Voie Communale,,1,Plat,Partie rectiligne,,52,normale,,Sur chaussée,Conducteur,1,M,22-23,Promenade - loisirs,Casque,Non,1,1,04 - avril,5 - samedi,Carcassonne
,201700011550,2017-04-08,88,16,88375,48.26612,7.04619,Hors intersection,Deux véhicules - par le coté,Plein jour,Normale,Route Départementale,,3,Plat,Partie rectiligne,,140,normale,,Sur chaussée,Conducteur,2,M,66-67,Promenade - loisirs,Casque,Oui,1,,04 - avril,5 - samedi,Raves
,201700013901,2017-04-08,64,19,64536,43.472,-0.34351,Hors intersection,Deux véhicules - par le coté,Crépuscule ou aube,Normale,Route Départementale,,2,Pente,Partie rectiligne,,76,normale,,Sur chaussée,Conducteur,2,M,32-33,Promenade - loisirs,Casque,Oui,1,1,04 - avril,5 - samedi,Thèze
,201700016296,2017-04-08,31,11,31539,43.14783,0.5473,Hors intersection,Aucune,Plein jour,Normale,Route Départementale,,2,Plat,Partie rectiligne,,35,normale,,Sur accotement,Conducteur,3,M,78-79,,Equipement réfléchissant,Oui,,1,04 - avril,5 - samedi,Sédeilhac
,201700017870,2017-04-08,42,9,42234,45.53848,4.35857,Intersection en X,Deux véhicules - par le coté,Plein jour,Temps éblouissant,Route Départementale,,2,Plat,,6,10,normale,,,Conducteur,1,M,42-43,Promenade - loisirs,Casque,Oui,1,,04 - avril,5 - samedi,Saint-Héand
,201700019233,2017-04-08,65,15,65062,43.19935,0.13833,Hors intersection,Trois véhicules et plus - collisions multiples,Plein jour,Normale,Route Départementale,,2,Plat,Partie rectiligne,,,normale,,Sur chaussée,Conducteur,2,F,43-44,Promenade - loisirs,Casque,Oui,1,,04 - avril,5 - samedi,Barbazan-Debat
,201700019233,2017-04-08,65,15,65062,43.19935,0.13833,Hors intersection,Trois véhicules et plus - collisions multiples,Plein jour,Normale,Route Départementale,,2,Plat,Partie rectiligne,,,normale,,Sur chaussée,Conducteur,1,M,45-46,Promenade - loisirs,Casque,Oui,1,,04 - avril,5 - samedi,Barbazan-Debat
,201700020943,2017-04-08,74,18,74171,46.31299,6.33897,Hors intersection,Deux véhicules - frontale,Plein jour,Normale,Route Départementale,,2,Pente,En « S »,,,normale,,Sur chaussée,Conducteur,2,F,33-34,Promenade - loisirs,Casque,Oui,1,1,04 - avril,5 - samedi,Massongy
,201700024656,2017-04-08,31,1,31555,43.60607,1.46204,Hors intersection,Autre,Nuit avec éclairage public allumé,Normale,Voie Communale,,2,Pente,Partie rectiligne,,,normale,,Sur chaussée,Conducteur,1,M,20-21,Promenade - loisirs,Casque,Non,,1,04 - avril,5 - samedi,Toulouse
,201700025175,2017-04-08,68,14,68295,48.01467,7.3668,Hors intersection,Deux véhicules - par l’arrière,Plein jour,Normale,Route Départementale,,2,Plat,Partie rectiligne,,58,normale,,Sur chaussée,Conducteur,2,M,68-69,Promenade - loisirs,Casque,Oui,1,,04 - avril,5 - samedi,Sainte-Croix-en-Plaine
,201700034700,2017-04-08,69,8,69266,45.77348,4.89535,Hors intersection,Deux véhicules - par l’arrière,Plein jour,Normale,Voie Communale,,2,Plat,Partie rectiligne,,,normale,,Sur chaussée,Conducteur,2,M,59-60,Promenade - loisirs,Casque,Oui,1,1,04 - avril,5 - samedi,Villeurbanne
,201700050740,2017-04-08,69,22,69383,45.75817,4.84494,Intersection en X,Deux véhicules - par le coté,Nuit avec éclairage public allumé,Normale,Voie Communale,,1,Plat,Partie rectiligne,,,normale,,Sur chaussée,Conducteur,2,M,19-20,Utilisation professionnelle,Autre,Non déterminable,1,1,04 - avril,5 - samedi,Lyon 3e  Arrondissement
,201700053065,2017-04-08,75,,75104,48.8569,2.3538,Intersection en X,Deux véhicules - par le coté,Nuit avec éclairage public allumé,Normale,Voie Communale,,3,Plat,Partie rectiligne,,110,normale,,Sur chaussée,Conducteur,1,F,27-28,Promenade - loisirs,Casque,Non déterminable,1,1,04 - avril,5 - samedi,Paris 4e  Arrondissement
,201700053201,2017-04-08,75,,75105,48.8466,2.35159,Intersection à plus de 4 branches,Deux véhicules - par le coté,Nuit avec éclairage public allumé,Normale,Voie Communale,,2,Pente,Partie rectiligne,,130,normale,Carrefour aménagé,,Conducteur,1,M,16-17,Promenade - loisirs,Casque,Non déterminable,1,1,04 - avril,5 - samedi,Paris 5e  Arrondissement
,201700053202,2017-04-08,75,2,75105,48.8496,2.34483,Intersection en X,Autre,Nuit avec éclairage public allumé,Normale,Voie Communale,,4,Plat,Partie rectiligne,,116,normale,,Sur chaussée,Conducteur,1,M,26-27,Promenade - loisirs,Casque,Non déterminable,1,1,04 - avril,5 - samedi,Paris 5e  Arrondissement
,201700053726,2017-04-08,75,11,75108,48.8693,2.32391,Place,Deux véhicules - par le coté,Plein jour,Normale,Voie Communale,,3,Plat,En courbe à droite,,,normale,,Sur chaussée,Conducteur,2,F,36-37,Promenade - loisirs,Casque,Non déterminable,1,1,04 - avril,5 - samedi,Paris 8e  Arrondissement
,201700054184,2017-04-08,75,18,75110,48.875,2.35988,Hors intersection,Autre,Plein jour,Normale,Voie Communale,,2,Pente,,,35,normale,,Sur piste cyclable,Conducteur,0,M,29-30,Promenade - loisirs,Equipement réfléchissant,Oui,,1,04 - avril,5 - samedi,Paris 10e  Arrondissement
,201700054185,2017-04-08,75,20,75110,48.8686,2.363,Place,Deux véhicules - par le coté,Crépuscule ou aube,Normale,Voie Communale,,4,Plat,Partie rectiligne,,,normale,,Sur piste cyclable,Conducteur,1,M,55-56,,Casque,Non déterminable,1,1,04 - avril,5 - samedi,Paris 10e  Arrondissement
,201700055743,2017-04-08,75,13,75115,48.8434,2.31404,Intersection en T,Deux véhicules - par le coté,Plein jour,Normale,Voie Communale,,2,Plat,Partie rectiligne,,40,normale,,Sur piste cyclable,Conducteur,1,F,36-37,Autre,Casque,Non déterminable,1,1,04 - avril,5 - samedi,Paris 15e  Arrondissement
,201700056925,2017-04-08,75,21,75118,48.8869,2.32584,Hors intersection,Autre,Nuit avec éclairage public allumé,Normale,Voie Communale,,2,Plat,Partie rectiligne,,,normale,,Sur chaussée,Conducteur,0,M,28-29,Domicile - travail,Casque,Non déterminable,,1,04 - avril,5 - samedi,Paris 18e  Arrondissement
,201700057256,2017-04-08,75,19,75119,48.8827,2.3899,Intersection en Y,Autre,Plein jour,Normale,Voie Communale,,2,Pente,Partie rectiligne,,80,normale,,Sur chaussée,Conducteur,1,M,26-27,Promenade - loisirs,Casque,Oui,1,1,04 - avril,5 - samedi,Paris 19e  Arrondissement
,201700057828,2017-04-08,75,11,75106,48.8577,2.33536,Intersection à plus de 4 branches,Aucune,Plein jour,Normale,Voie Communale,,6,Plat,Partie rectiligne,,,normale,,Sur chaussée,Conducteur,2,M,25-26,Utilisation professionnelle,Casque,Oui,,1,04 - avril,5 - samedi,Paris 6e  Arrondissement
,201700013844,2017-04-07,73,16,73241,45.6019,6.30388,Hors intersection,Deux véhicules - par le coté,Plein jour,Normale,Route Départementale,,2,Pente,En courbe à gauche,,70,normale,,Sur chaussée,Conducteur,2,M,73-74,Promenade - loisirs,Casque,Oui,1,,04 - avril,4 - vendredi,Sainte-Hélène-sur-Isère
,201700014316,2017-04-07,50,17,50046,49.13326,-0.98099,Hors intersection,Deux véhicules - par le coté,Plein jour,Normale,Route Départementale,,2,Plat,Partie rectiligne,,110,normale,,Sur chaussée,Conducteur,2,M,77-78,Promenade - loisirs,Casque,Non,1,,04 - avril,4 - vendredi,Bérigny
,201700016833,2017-04-07,44,9,44015,47.47582,-1.76075,Hors intersection,Autre,Plein jour,Normale,Voie Communale,,2,Plat,Partie rectiligne,,,normale,,Sur chaussée,Conducteur,0,F,37-38,Utilisation professionnelle,Autre,Non déterminable,,1,04 - avril,4 - vendredi,Blain
,201700017412,2017-04-07,68,14,68267,47.74916,7.23091,Hors intersection,Deux véhicules - par le coté,Plein jour,Normale,Route Départementale,,2,Plat,Partie rectiligne,,,normale,,Sur chaussée,Conducteur,2,M,55-56,,Casque,Non,1,1,04 - avril,4 - vendredi,Reiningue
,201700021050,2017-04-07,17,17,17299,45.92564,-0.95998,Intersection en X,Deux véhicules - par le coté,Plein jour,Normale,Voie Communale,,2,Plat,En courbe à gauche,,80,normale,Carrefour aménagé,Sur chaussée,Conducteur,1,M,78-79,Promenade - loisirs,Equipement réfléchissant,Oui,1,1,04 - avril,4 - vendredi,Rochefort
,201700022933,2017-04-07,26,16,26362,44.93256,4.89859,Giratoire,Deux véhicules - par le coté,Plein jour,Normale,Voie Communale,,2,Plat,En courbe à gauche,,,normale,,Sur chaussée,Conducteur,2,F,70-71,,Casque,Non déterminable,1,1,04 - avril,4 - vendredi,Valence
,201700026558,2017-04-07,35,11,35238,48.11027,-1.66844,Hors intersection,Autre,Plein jour,Normale,Voie Communale,,1,Plat,Partie rectiligne,,,normale,,Sur piste cyclable,Conducteur,1,F,41-42,Domicile - travail,Casque,Non,1,1,04 - avril,4 - vendredi,Rennes
,201700026559,2017-04-07,35,16,35238,48.1117,-1.65608,Intersection en T,Autre,Plein jour,Normale,Voie Communale,,2,Plat,Partie rectiligne,,,normale,,Sur chaussée,Conducteur,1,M,53-54,,Casque,Oui,1,1,04 - avril,4 - vendredi,Rennes
,201700028363,2017-04-07,44,23,44109,47.19702,-1.54291,Hors intersection,Autre,Nuit avec éclairage public allumé,Normale,Voie Communale,,,,,,,,,,Conducteur,1,F,30-31,,Casque,Oui,1,1,04 - avril,4 - vendredi,Nantes
,201700034055,2017-04-07,67,8,67482,48.59001,7.74007,Intersection à plus de 4 branches,Deux véhicules - par le coté,Plein jour,Normale,Voie Communale,,1,Plat,Partie rectiligne,,50,normale,,Sur chaussée,Conducteur,1,M,34-35,,Autre,Non déterminable,1,1,04 - avril,4 - vendredi,Strasbourg
,201700034453,2017-04-07,68,20,68224,47.73,7.33,Hors intersection,Autre,Nuit avec éclairage public allumé,Normale,Voie Communale,,2,Plat,En courbe à gauche,,7,normale,Pont - autopont,,Conducteur,2,M,16-17,,Casque,Oui,1,,04 - avril,4 - vendredi,Mulhouse
,201700035648,2017-04-07,74,13,74012,46.19294,6.22866,Giratoire,Deux véhicules - par le coté,Plein jour,Normale,Route Départementale,,2,Plat,Partie rectiligne,,,normale,Carrefour aménagé,Sur chaussée,Conducteur,2,F,66-67,Promenade - loisirs,Casque,Oui,1,1,04 - avril,4 - vendredi,Annemasse
,201700041258,2017-04-07,92,17,92046,0,0,Intersection en T,Autre,Plein jour,Normale,Voie Communale,,2,Plat,Partie rectiligne,,,normale,,Sur chaussée,Conducteur,1,F,31-32,Domicile - travail,Casque,Non,1,1,04 - avril,4 - vendredi,Malakoff
,201700042078,2017-04-07,93,16,93027,0,0,Hors intersection,Deux véhicules - par le coté,Plein jour,Normale,Voie Communale,,1,Plat,Partie rectiligne,,,normale,,Sur chaussée,Conducteur,2,M,13-14,Promenade - loisirs,Autre,Non,1,1,04 - avril,4 - vendredi,Courneuve
,201700043989,2017-04-07,94,15,94069,0,0,Hors intersection,Deux véhicules - par le coté,Plein jour,Normale,Route Départementale,,2,Plat,Partie rectiligne,,108,normale,,Sur chaussée,Conducteur,1,F,76-77,Promenade - loisirs,Autre,Non,1,1,04 - avril,4 - vendredi,Saint-Maurice
,201700053471,2017-04-07,75,19,75107,48.8627,2.31867,Hors intersection,Deux véhicules - par le coté,Plein jour,Normale,Voie Communale,,6,Plat,Partie rectiligne,,,normale,,Sur chaussée,Conducteur,1,M,36-37,Promenade - loisirs,Casque,Non déterminable,1,1,04 - avril,4 - vendredi,Paris 7e  Arrondissement
,201700054022,2017-04-07,75,17,75109,48.8773,2.34226,Intersection en X,Autre,Plein jour,Normale,Voie Communale,,1,Plat,Partie rectiligne,,60,normale,,Sur piste cyclable,Conducteur,0,M,18-19,Domicile - travail,Casque,Non déterminable,,1,04 - avril,4 - vendredi,Paris 9e  Arrondissement
,201700054397,2017-04-07,75,19,75111,48.8501,2.39486,Hors intersection,Autre,Plein jour,Pluie forte,Voie Communale,,1,Plat,Partie rectiligne,,,normale,,Sur chaussée,Conducteur,1,F,61-62,Promenade - loisirs,Casque,Non déterminable,1,1,04 - avril,4 - vendredi,Paris 11e  Arrondissement
,201700054398,2017-04-07,75,19,75111,48.8533,2.37701,Intersection en T,Autre,Plein jour,Normale,Voie Communale,,2,Plat,Partie rectiligne,,,normale,,Sur chaussée,Conducteur,1,M,48-49,Promenade - loisirs,Casque,Non déterminable,1,1,04 - avril,4 - vendredi,Paris 11e  Arrondissement
,201700054697,2017-04-07,75,8,75112,48.8385,2.39583,Hors intersection,Deux véhicules - par le coté,Plein jour,Normale,Voie Communale,,1,Pente,Partie rectiligne,,,normale,,Sur chaussée,Conducteur,1,F,28-29,Promenade - loisirs,Casque,Non déterminable,1,1,04 - avril,4 - vendredi,Paris 12e  Arrondissement
,201700054698,2017-04-07,75,17,75112,48.8384,2.39868,Intersection en T,Aucune,Plein jour,Normale,Voie Communale,,2,Sommet de côte,Partie rectiligne,,40,flaques,,,Conducteur,2,F,57-58,Promenade - loisirs,Casque,Oui,,1,04 - avril,4 - vendredi,Paris 12e  Arrondissement
,201700054699,2017-04-07,75,23,75112,48.8385,2.38972,Hors intersection,Autre,Nuit avec éclairage public allumé,Temps éblouissant,Voie Communale,,3,Pente,Partie rectiligne,,,normale,,Sur chaussée,Conducteur,2,F,41-42,,Casque,Non déterminable,1,1,04 - avril,4 - vendredi,Paris 12e  Arrondissement
,201700060397,2017-04-07,974,15,97416,-21.33593,55.47648,Hors intersection,Deux véhicules - frontale,Plein jour,Normale,Voie Communale,,1,Plat,Partie rectiligne,,40,normale,,Sur chaussée,Conducteur,1,M,10-11,,Casque,Non,1,1,04 - avril,4 - vendredi,Saint-Pierre
,201700001323,2017-04-06,33,15,33220,45.09551,-0.72645,Intersection en X,Deux véhicules - par le coté,Plein jour,Normale,Route Départementale,,2,Pente,,13,915,normale,Carrefour aménagé,Sur chaussée,Conducteur,2,M,66-67,Promenade - loisirs,Casque,Oui,1,,04 - avril,3 - jeudi,Lamarque
,201700007750,2017-04-06,6,18,6152,43.6235,7.00833,Autre intersection,Deux véhicules - par l’arrière,Plein jour,Normale,Route Départementale,,2,Plat,,9,10,normale,,,Conducteur,1,M,14-15,Promenade - loisirs,Casque,Oui,1,1,04 - avril,3 - jeudi,Valbonne
,201700020547,2017-04-06,59,15,59474,50.08177,3.76458,Intersection en T,Deux véhicules - par le coté,Plein jour,Normale,Route Départementale,,2,Plat,,,10,normale,,,Conducteur,2,M,18-19,Promenade - loisirs,Casque,Non,1,1,04 - avril,3 - jeudi,Prisches
,201700023186,2017-04-06,59,16,59266,50.54186,2.98218,Intersection en T,Deux véhicules - par le coté,Plein jour,Normale,Route Départementale,,2,Plat,,,62,normale,,Sur chaussée,Conducteur,2,M,80-81,Promenade - loisirs,Casque,Non,1,1,04 - avril,3 - jeudi,Gondecourt
,201700023878,2017-04-06,29,16,29232,48.00595,-4.09724,Giratoire,Deux véhicules - par le coté,Plein jour,Normale,Voie Communale,,2,Bas de côte,Partie rectiligne,,,normale,,Sur chaussée,Conducteur,1,M,53-54,,Casque,Non,1,1,04 - avril,3 - jeudi,Quimper
,201700026041,2017-04-06,34,15,34003,43.3,3.49,Hors intersection,Autre,Plein jour,Normale,Voie Communale,,1,Pente,Partie rectiligne,,,normale,,Sur trottoir,Conducteur,2,M,72-73,Promenade - loisirs,Casque,Non,,1,04 - avril,3 - jeudi,Agde
,201700026150,2017-04-06,34,13,34129,43.57219,3.90195,Intersection en T,Deux véhicules - par le coté,Plein jour,Normale,Voie Communale,,2,Plat,Partie rectiligne,,68,normale,,Sur chaussée,Conducteur,2,M,12-13,Promenade - loisirs,Casque,Non déterminable,1,1,04 - avril,3 - jeudi,Lattes
,201700027153,2017-04-06,37,17,37208,47.45667,0.7311,Hors intersection,Deux véhicules - frontale,Plein jour,Normale,Voie Communale,,2,Plat,Partie rectiligne,,70,normale,,Sur piste cyclable,Conducteur,1,M,11-12,Promenade - loisirs,Casque,Non,1,1,04 - avril,3 - jeudi,Saint-Avertin
,201700027153,2017-04-06,37,17,37208,47.45667,0.7311,Hors intersection,Deux véhicules - frontale,Plein jour,Normale,Voie Communale,,2,Plat,Partie rectiligne,,70,normale,,Sur piste cyclable,Conducteur,1,M,13-14,Promenade - loisirs,Casque,Non,1,1,04 - avril,3 - jeudi,Saint-Avertin
,201700028350,2017-04-06,44,17,44143,47.19279,-1.55476,Hors intersection,Deux véhicules - par le coté,Plein jour,Normale,Voie Communale,,,Plat,En courbe à gauche,,,normale,,Sur chaussée,Conducteur,1,M,20-21,,Casque,Oui,1,1,04 - avril,3 - jeudi,Rezé
,201700029246,2017-04-06,49,3,49007,47.46507,-0.54946,Hors intersection,Aucune,Nuit avec éclairage public allumé,Normale,Voie Communale,,4,Plat,Partie rectiligne,,140,normale,,Sur chaussée,Conducteur,2,M,30-31,Promenade - loisirs,Casque,Non,,1,04 - avril,3 - jeudi,Angers
,201700034053,2017-04-06,67,14,67482,48.56763,7.75798,Hors intersection,Autre,Plein jour,Normale,Voie Communale,,2,Plat,Partie rectiligne,,64,normale,,Sur chaussée,Conducteur,1,F,58-59,Promenade - loisirs,Autre,Non déterminable,1,1,04 - avril,3 - jeudi,Strasbourg
,201700039889,2017-04-06,92,16,92025,0,0,Hors intersection,Deux véhicules - par le coté,Plein jour,Normale,Route Départementale,,,Plat,Partie rectiligne,,,normale,,Sur chaussée,Conducteur,1,M,66-67,,Casque,Oui,1,1,04 - avril,3 - jeudi,Colombes
,201700050045,2017-04-06,69,9,69382,45.75379,4.82523,Hors intersection,Deux véhicules - par l’arrière,Plein jour,Normale,Voie Communale,,3,Plat,Partie rectiligne,,,normale,,Sur chaussée,Conducteur,1,M,22-23,Domicile - travail,Casque,Oui,1,1,04 - avril,3 - jeudi,Lyon 2e  Arrondissement
,201700053198,2017-04-06,75,9,75105,48.8518,2.34333,Hors intersection,Autre,Plein jour,Normale,Voie Communale,,4,Plat,Partie rectiligne,,,normale,,Sur chaussée,Conducteur,1,F,26-27,Promenade - loisirs,Casque,Oui,,1,04 - avril,3 - jeudi,Paris 5e  Arrondissement
,201700053199,2017-04-06,75,9,75105,48.8444,2.35477,Hors intersection,Deux véhicules - par l’arrière,Plein jour,Normale,Voie Communale,,2,Plat,Partie rectiligne,,130,normale,,Sur chaussée,Conducteur,1,F,57-58,,Casque,Oui,1,1,04 - avril,3 - jeudi,Paris 5e  Arrondissement
,201700053199,2017-04-06,75,9,75105,48.8444,2.35477,Hors intersection,Deux véhicules - par l’arrière,Plein jour,Normale,Voie Communale,,2,Plat,Partie rectiligne,,130,normale,,Sur chaussée,Conducteur,0,M,51-52,Domicile - travail,Casque,Oui,1,1,04 - avril,3 - jeudi,Paris 5e  Arrondissement
,201700055767,2017-04-06,75,9,75115,48.8323,2.28904,Place,Autre,Plein jour,Normale,Voie Communale,,1,Pente,Partie rectiligne,,,normale,,,Conducteur,2,F,50-51,,Casque,Non déterminable,,1,04 - avril,3 - jeudi,Paris 15e  Arrondissement
,201700002276,2017-04-05,38,18,38382,45.23707,5.68004,Intersection en T,Deux véhicules - par le coté,Plein jour,Normale,Voie Communale,Avec voies d’affectation variable,,,,,,normale,,,Conducteur,2,F,73-74,Promenade - loisirs,Casque,Oui,1,1,04 - avril,2 - mercredi,Saint-Égrève
,201700005522,2017-04-05,6,15,6004,43.5698,7.0844,Hors intersection,Deux véhicules - par l’arrière,Plein jour,Normale,Voie Communale,,,Plat,Partie rectiligne,,,normale,,Sur chaussée,Conducteur,1,M,64-65,Promenade - loisirs,Casque,Oui,1,,04 - avril,2 - mercredi,Antibes
,201700023631,2017-04-05,29,14,29019,48.41495,-4.47246,Hors intersection,Deux véhicules - par le coté,Plein jour,Normale,Voie Communale,,,Sommet de côte,Partie rectiligne,,,normale,,Sur chaussée,Conducteur,1,M,8-9,Domicile - école,Casque,Non,1,1,04 - avril,2 - mercredi,Brest
,201700029245,2017-04-05,49,17,49007,47.46256,-0.53229,Hors intersection,Deux véhicules - par le coté,Plein jour,Normale,Voie Communale,,2,Plat,Partie rectiligne,,45,normale,,Sur chaussée,Conducteur,1,M,16-17,Promenade - loisirs,Casque,Non déterminable,1,1,04 - avril,2 - mercredi,Angers
,201700029245,2017-04-05,49,17,49007,47.46256,-0.53229,Hors intersection,Deux véhicules - par le coté,Plein jour,Normale,Voie Communale,,2,Plat,Partie rectiligne,,45,normale,,Sur chaussée,Conducteur,1,M,15-16,Promenade - loisirs,Casque,Non déterminable,1,1,04 - avril,2 - mercredi,Angers
,201700030735,2017-04-05,55,18,55545,49.152,5.38397,Hors intersection,Deux véhicules - frontale,Plein jour,Normale,Voie Communale,,1,Pente,Partie rectiligne,,,normale,,Sur chaussée,Conducteur,1,M,73-74,Promenade - loisirs,Autre,Oui,1,,04 - avril,2 - mercredi,Verdun
,201700032396,2017-04-05,84,9,84088,44.02641,5.05022,Hors intersection,Deux véhicules - par le coté,Plein jour,Normale,Voie Communale,,2,Plat,,,61,normale,,Sur chaussée,Conducteur,2,F,30-31,Utilisation professionnelle,Casque,Non,1,,04 - avril,2 - mercredi,Pernes-les-Fontaines
,201700033147,2017-04-05,64,17,64335,43.34831,-0.44157,Hors intersection,Deux véhicules - par le coté,Plein jour,Normale,Voie Communale,,2,Plat,Partie rectiligne,,40,normale,,Sur chaussée,Conducteur,2,M,67-68,Promenade - loisirs,Casque,Oui,1,,04 - avril,2 - mercredi,Lescar
,201700044876,2017-04-05,94,18,94073,0,0,Intersection en X,Deux véhicules - par le coté,Plein jour,Normale,Voie Communale,,2,Pente,En courbe à gauche,,,normale,,Sur chaussée,Conducteur,2,M,60-61,,Autre,Non,1,1,04 - avril,2 - mercredi,Thiais
,201700050735,2017-04-05,69,16,69388,45.733,4.862,Intersection en X,Deux véhicules - frontale,Plein jour,Normale,Voie Communale,,,Plat,Partie rectiligne,,,normale,,Sur chaussée,Conducteur,1,M,30-31,,Casque,Oui,1,1,04 - avril,2 - mercredi,Lyon 8e  Arrondissement
,201700050736,2017-04-05,69,16,69387,45.73135,4.83365,Intersection en X,Deux véhicules - par le coté,Plein jour,Normale,Voie Communale,,4,Plat,Partie rectiligne,,,normale,,Sur chaussée,Conducteur,0,F,39-40,,Autre,Non déterminable,1,1,04 - avril,2 - mercredi,Lyon 7e  Arrondissement
,201700050736,2017-04-05,69,16,69387,45.73135,4.83365,Intersection en X,Deux véhicules - par le coté,Plein jour,Normale,Voie Communale,,4,Plat,Partie rectiligne,,,normale,,Sur chaussée,Passager,1,F,1-2,,Casque,Oui,1,1,04 - avril,2 - mercredi,Lyon 7e  Arrondissement
,201700055740,2017-04-05,75,10,75115,48.8478,2.29655,Intersection en X,Autre,Plein jour,Normale,Voie Communale,,1,Plat,Partie rectiligne,,50,normale,,Sur chaussée,Conducteur,0,M,20-21,,Casque,Oui,,1,04 - avril,2 - mercredi,Paris 15e  Arrondissement
,201700056548,2017-04-05,75,21,75117,48.888,2.31502,Hors intersection,Deux véhicules - par l’arrière,Nuit avec éclairage public allumé,Normale,Voie Communale,,3,Plat,Partie rectiligne,,,normale,,Sur chaussée,Conducteur,1,M,21-22,Utilisation professionnelle,Casque,Non déterminable,1,1,04 - avril,2 - mercredi,Paris 17e  Arrondissement
,201700000062,2017-04-04,59,7,59258,50.53189,3.20942,Intersection en T,Deux véhicules - par le coté,Plein jour,Normale,Route Départementale,,2,Plat,,6,10,normale,,,Conducteur,2,M,56-57,Domicile - travail,Casque,Non,1,1,04 - avril,1 - mardi,Genech
,201700002978,2017-04-04,3,,3001,46.10125,3.44297,Hors intersection,Autre,Nuit sans éclairage public,Normale,Voie Communale,,1,,,,,,,,Conducteur,1,M,22-23,,Casque,Non déterminable,1,1,04 - avril,1 - mardi,Abrest
,201700005363,2017-04-04,45,7,45122,47.76138,2.5428,Hors intersection,Deux véhicules - par le coté,Crépuscule ou aube,Normale,Route Départementale,,2,Plat,Partie rectiligne,,50,normale,,Sur chaussée,Conducteur,2,M,55-56,Domicile - travail,Autre,Non déterminable,1,,04 - avril,1 - mardi,Dampierre-en-Burly
,201700006516,2017-04-04,7,15,7102,0,0,Giratoire,Deux véhicules - par le coté,Plein jour,Normale,Voie Communale,,1,Plat,En courbe à gauche,,,normale,,Sur chaussée,Conducteur,1,M,55-56,Promenade - loisirs,Casque,Oui,1,1,04 - avril,1 - mardi,Guilherand-Granges
,201700007636,2017-04-04,6,16,6085,43.60551,6.99292,Intersection en T,Deux véhicules - par le coté,Plein jour,Normale,Route Départementale,,2,Plat,Partie rectiligne,,,normale,,Sur chaussée,Conducteur,1,M,30-31,Promenade - loisirs,Casque,Oui,1,1,04 - avril,1 - mardi,Mougins
,201700014736,2017-04-04,6,16,6079,43.52951,6.94761,Intersection en Y,Deux véhicules - par le coté,Plein jour,Normale,Route Départementale,,2,Plat,,6,10,normale,,,Conducteur,1,M,43-44,Domicile - travail,Casque,Non déterminable,1,1,04 - avril,1 - mardi,Mandelieu-la-Napoule
,201700022303,2017-04-04,21,18,21054,47.03189,4.83438,Hors intersection,Deux véhicules - par le coté,Plein jour,Normale,Voie Communale,,2,Plat,Partie rectiligne,,89,normale,,Sur chaussée,Conducteur,2,F,61-62,Promenade - loisirs,Autre,Non,1,1,04 - avril,1 - mardi,Beaune
,201700024324,2017-04-04,11,16,11164,43.28773,2.87012,Intersection en T,Autre,Plein jour,Vent fort - tempête,Route Départementale,,2,Plat,Partie rectiligne,,,normale,,Sur chaussée,Conducteur,2,M,69-70,Promenade - loisirs,Casque,Oui,1,,04 - avril,1 - mardi,Ginestas
,201700024650,2017-04-04,31,8,31555,43.55878,1.4961,Giratoire,Deux véhicules - par le coté,Plein jour,Normale,Voie Communale,,2,Plat,Partie rectiligne,,,normale,,Sur chaussée,Conducteur,1,M,29-30,Autre,Casque,Oui,1,,04 - avril,1 - mardi,Toulouse
,201700026548,2017-04-04,35,9,35238,48.09819,-1.68828,Intersection en X,Deux véhicules - par le coté,Plein jour,Normale,Voie Communale,,1,,,,,,,Sur chaussée,Conducteur,1,F,44-45,,Casque,Non,1,1,04 - avril,1 - mardi,Rennes
,201700026551,2017-04-04,35,17,35238,48.10556,-1.65067,Hors intersection,Deux véhicules - par le coté,Plein jour,Normale,Voie Communale,,2,Plat,Partie rectiligne,,,normale,,Sur trottoir,Conducteur,1,M,22-23,Domicile - travail,Casque,Oui,1,1,04 - avril,1 - mardi,Rennes
,201700027150,2017-04-04,37,5,37122,47.3449,0.63568,Hors intersection,Autre,Nuit sans éclairage public,Normale,Route Départementale,,2,Plat,Partie rectiligne,,,normale,,Sur piste cyclable,Conducteur,1,F,36-37,Domicile - travail,Casque,Non,,1,04 - avril,1 - mardi,Joué-lès-Tours
,201700030379,2017-04-04,54,14,54395,48.70012,6.18337,Hors intersection,Deux véhicules - par le coté,Plein jour,Normale,Voie Communale,,2,Sommet de côte,Partie rectiligne,,,normale,,Sur chaussée,Conducteur,1,M,26-27,,Casque,Oui,1,1,04 - avril,1 - mardi,Nancy