test,identifiantAccident,date,departement,heure,commune,lat,lon,typeIntersection,typeCollision,luminosite,conditionsAtmosperiques,typeRoute,circulation,nbVoies,profilLongRoute,tracePlanRoute,largeurTPC,largeurRoute,etatSurface,amenagement,situation,categorieUsager,graviteAccident,sexe,age,motifDeplacement,existenceSecurite,usageSecurite,nombreAutresVehicules,enAgglomeration,mois,jour,NCCENR
,201700035363,2017-04-04,65,9,65154,43.00065,0.57876,Hors intersection,Deux véhicules - par l’arrière,Plein jour,Normale,Route Départementale,,2,Plat,En courbe à droite,,56,normale,,Sur chaussée,Conducteur,0,M,71-72,Promenade - loisirs,Casque,Oui,1,,04 - avril,1 - mardi,Créchets
,201700035363,2017-04-04,65,9,65154,43.00065,0.57876,Hors intersection,Deux véhicules - par l’arrière,Plein jour,Normale,Route Départementale,,2,Plat,En courbe à droite,,56,normale,,Sur chaussée,Conducteur,3,M,73-74,Promenade - loisirs,Casque,Oui,1,,04 - avril,1 - mardi,Créchets
,201700036385,2017-04-04,77,9,77180,48.71912,2.64877,Hors intersection,Trois véhicules et plus - collisions multiples,Plein jour,Normale,Route Départementale,,2,Plat,Partie rectiligne,,40,normale,,Sur chaussée,Conducteur,2,M,59-60,Autre,Casque,Oui,2,,04 - avril,1 - mardi,Férolles-Attilly
,201700042903,2017-04-04,93,8,93062,48.89459,2.51337,Intersection en T,Deux véhicules - par le coté,Plein jour,Normale,Voie Communale,,1,Pente,En courbe à droite,,,normale,,Sur chaussée,Conducteur,1,F,39-40,Domicile - travail,Casque,Oui,1,1,04 - avril,1 - mardi,Raincy
,201700050732,2017-04-04,69,13,69386,45.76596,4.84398,Hors intersection,Deux véhicules - par le coté,Plein jour,Normale,Voie Communale,,,Plat,Partie rectiligne,,,normale,,,Conducteur,1,M,20-21,,Casque,Oui,1,1,04 - avril,1 - mardi,Lyon 6e  Arrondissement
,201700055096,2017-04-04,75,9,75113,48.8391,2.35918,Intersection en T,Deux véhicules - par le coté,Plein jour,Normale,Voie Communale,,1,Plat,Partie rectiligne,,80,normale,,Sur chaussée,Conducteur,1,F,27-28,,Casque,Oui,1,1,04 - avril,1 - mardi,Paris 13e  Arrondissement
,201700001702,2017-04-03,2,18,2168,49.04939,3.37994,Hors intersection,Deux véhicules - par le coté,Plein jour,Normale,Voie Communale,,2,Pente,En courbe à gauche,,65,normale,,Sur chaussée,Conducteur,2,M,69-70,Promenade - loisirs,Casque,Non,1,1,04 - avril,0 - lundi,Château-Thierry
,201700003428,2017-04-03,21,15,21105,47.31155,5.18991,Hors intersection,Trois véhicules et plus - en chaîne,Plein jour,Normale,Route Départementale,,2,Plat,Partie rectiligne,,30,normale,,Sur chaussée,Conducteur,2,M,72-73,Promenade - loisirs,Casque,Oui,1,,04 - avril,0 - lundi,Bressey-sur-Tille
,201700003428,2017-04-03,21,15,21105,47.31155,5.18991,Hors intersection,Trois véhicules et plus - en chaîne,Plein jour,Normale,Route Départementale,,2,Plat,Partie rectiligne,,30,normale,,Sur chaussée,Conducteur,1,F,66-67,Promenade - loisirs,Casque,Oui,1,,04 - avril,0 - lundi,Bressey-sur-Tille
,201700004372,2017-04-03,34,11,34340,43.73216,4.13701,Hors intersection,Aucune,Plein jour,Normale,Route Départementale,,2,Pente,,,10,normale,,,Conducteur,2,M,73-74,Promenade - loisirs,Casque,Oui,,1,04 - avril,0 - lundi,Villetelle
,201700007727,2017-04-03,42,7,42279,45.51028,4.23849,Giratoire,Deux véhicules - par le coté,Crépuscule ou aube,Normale,Route Départementale,,1,Plat,,8,810,normale,,,Conducteur,1,M,43-44,Domicile - travail,Casque,Oui,1,1,04 - avril,0 - lundi,Saint-Just-Saint-Rambert
,201700013731,2017-04-03,18,12,18179,47.17448,2.44217,Hors intersection,Aucune,Plein jour,Normale,Route Départementale,,2,Pente,Partie rectiligne,,80,normale,,Sur chaussée,Conducteur,2,M,55-56,Promenade - loisirs,Casque,Non,,1,04 - avril,0 - lundi,Pigny
,201700015295,2017-04-03,26,14,26183,0,0,Hors intersection,Deux véhicules - par le coté,Plein jour,Normale,Route Départementale,,2,Plat,Partie rectiligne,,90,normale,,,Conducteur,1,F,62-63,Promenade - loisirs,Casque,Oui,1,,04 - avril,0 - lundi,Mirabel-et-Blacons
,201700022425,2017-04-03,22,16,22360,48.48623,-2.75056,Giratoire,Deux véhicules - par le coté,Plein jour,Normale,Route Départementale,,2,Plat,Partie rectiligne,,50,normale,Carrefour aménagé,,Conducteur,2,M,48-49,,Casque,Non,1,1,04 - avril,0 - lundi,Trégueux
,201700026547,2017-04-03,35,15,35238,48.10858,-1.6768,Hors intersection,Aucune,Plein jour,Normale,Voie Communale,,1,Plat,Partie rectiligne,,,normale,,Sur chaussée,Conducteur,1,M,66-67,Promenade - loisirs,Casque,Non,,1,04 - avril,0 - lundi,Rennes
,201700027147,2017-04-03,37,6,37122,0,0,Intersection en X,Deux véhicules - frontale,Nuit avec éclairage public allumé,Normale,Voie Communale,,2,Plat,Partie rectiligne,,,normale,,,Conducteur,1,M,16-17,Domicile - travail,Autre,Non,1,1,04 - avril,0 - lundi,Joué-lès-Tours
,201700027148,2017-04-03,37,10,37261,47.38138,0.70642,Giratoire,Deux véhicules - par le coté,Plein jour,Normale,Voie Communale,,1,Plat,En courbe à gauche,,,normale,,Sur chaussée,Conducteur,1,F,37-38,Courses - achats,Casque,Oui,1,1,04 - avril,0 - lundi,Tours
,201700027966,2017-04-03,42,12,42187,46.03138,4.04711,Hors intersection,Autre,Plein jour,Normale,Voie Communale,,,,,,,,,,Conducteur,1,F,21-22,,Casque,Oui,,,04 - avril,0 - lundi,Roanne
,201700028715,2017-04-03,45,11,45147,47.9196,1.9183,Place,Deux véhicules - par le coté,Plein jour,Normale,Route Départementale,,2,Plat,Partie rectiligne,,30,normale,,Sur chaussée,Conducteur,1,M,6-7,Domicile - école,Casque,Non déterminable,1,1,04 - avril,0 - lundi,Fleury-les-Aubrais
,201700032039,2017-04-03,59,12,59599,50.72017,3.14935,Intersection en X,Deux véhicules - frontale,Plein jour,Normale,Voie Communale,,2,Plat,Partie rectiligne,,,normale,,,Conducteur,3,M,16-17,Domicile - école,Casque,Non,1,1,04 - avril,0 - lundi,Tourcoing
,201700034049,2017-04-03,67,7,67218,48.53723,7.72743,Intersection en X,Deux véhicules - par le coté,Plein jour,Normale,Voie Communale,,2,Plat,Partie rectiligne,47,63,normale,,Sur piste cyclable,Conducteur,1,M,43-44,,Autre,Non déterminable,1,1,04 - avril,0 - lundi,Illkirch-Graffenstaden
,201700035831,2017-04-03,76,20,76351,49.49935,0.15039,Hors intersection,Deux véhicules - frontale,Plein jour,Normale,Voie Communale,,2,Plat,Partie rectiligne,,89,normale,,Sur chaussée,Conducteur,2,M,14-15,Promenade - loisirs,Casque,Non,1,1,04 - avril,0 - lundi,Havre
,201700038924,2017-04-03,91,9,91421,48.69521,2.4524,Hors intersection,Deux véhicules - par l’arrière,Plein jour,Normale,Route Départementale,,2,Plat,Partie rectiligne,,110,normale,,Sur chaussée,Conducteur,1,F,66-67,Promenade - loisirs,Casque,Oui,1,1,04 - avril,0 - lundi,Montgeron
,201700039732,2017-04-03,92,18,92023,0,0,Intersection en Y,Deux véhicules - par le coté,Plein jour,Normale,Route Nationale,,2,,Partie rectiligne,,,normale,,Sur chaussée,Conducteur,1,M,60-61,Domicile - travail,Casque,Oui,1,1,04 - avril,0 - lundi,Clamart
,201700039887,2017-04-03,92,18,92025,0,0,Hors intersection,Autre,Plein jour,Normale,Route Départementale,,,Plat,Partie rectiligne,,,normale,,Sur chaussée,Conducteur,0,M,16-17,Promenade - loisirs,Casque,Oui,,1,04 - avril,0 - lundi,Colombes
,201700050728,2017-04-03,69,17,69276,45.6664,4.85868,Hors intersection,Deux véhicules - par l’arrière,Plein jour,Normale,Route Départementale,,2,Pente,Partie rectiligne,,60,normale,Carrefour aménagé,Sur chaussée,Conducteur,1,M,49-50,Domicile - travail,Autre,Oui,1,1,04 - avril,0 - lundi,Feyzin
,201700056542,2017-04-03,75,20,75117,48.8807,2.28525,Place,Deux véhicules - par le coté,Crépuscule ou aube,Normale,Voie Communale,,2,Plat,Partie rectiligne,,,normale,Carrefour aménagé,Sur chaussée,Conducteur,1,M,20-21,Domicile - travail,Casque,Non déterminable,1,1,04 - avril,0 - lundi,Paris 17e  Arrondissement
,201700007836,2017-04-02,35,14,35210,48.17185,-1.78836,Hors intersection,Deux véhicules - par l’arrière,Plein jour,Normale,Route Départementale,,2,Pente,Partie rectiligne,,,normale,,Sur chaussée,Conducteur,2,F,68-69,Promenade - loisirs,Casque,Non,1,,04 - avril,6 - dimanche,Pacé
,201700012637,2017-04-02,85,16,85288,46.46873,-1.61818,Hors intersection,Deux véhicules - frontale,Plein jour,Normale,Route Départementale,,2,Pente,Partie rectiligne,,34,normale,,Sur accotement,Conducteur,2,M,67-68,Promenade - loisirs,Autre,Non,1,1,04 - avril,6 - dimanche,Talmont-Saint-Hilaire
,201700032136,2017-04-02,59,18,59606,50.35677,3.50472,Giratoire,Autre,Plein jour,Normale,Voie Communale,,2,Plat,En courbe à gauche,,,normale,Carrefour aménagé,Sur chaussée,Conducteur,2,M,50-51,Promenade - loisirs,Autre,Non déterminable,1,1,04 - avril,6 - dimanche,Valenciennes
,201700050022,2017-04-02,69,20,69382,0,0,Hors intersection,Autre,Crépuscule ou aube,Normale,Route Départementale,,4,Plat,Partie rectiligne,,102,normale,,Sur chaussée,Conducteur,1,F,27-28,Promenade - loisirs,Casque,Non,1,1,04 - avril,6 - dimanche,Lyon 2e  Arrondissement
,201700053063,2017-04-02,75,20,75104,48.8579,2.35166,Hors intersection,Autre,Nuit avec éclairage public allumé,Normale,Voie Communale,,3,Pente,Partie rectiligne,2,120,normale,,Sur chaussée,Conducteur,2,M,65-66,,Casque,Non déterminable,,1,04 - avril,6 - dimanche,Paris 4e  Arrondissement
,201700057559,2017-04-02,75,19,75120,48.8535,2.4106,Intersection en X,Deux véhicules - par le coté,Plein jour,Normale,Voie Communale,,1,Plat,Partie rectiligne,,,normale,Voie ferrée,,Conducteur,1,M,25-26,,Casque,Non déterminable,1,1,04 - avril,6 - dimanche,Paris 20e  Arrondissement
,201700003806,2017-04-01,13,11,13007,43.37211,5.64572,Hors intersection,Deux véhicules - par l’arrière,Plein jour,Temps couvert,Route Départementale,,2,Pente,Partie rectiligne,,,normale,,Sur chaussée,Conducteur,2,M,56-57,,Casque,Non,1,1,04 - avril,5 - samedi,Auriol
,201700024646,2017-04-01,31,22,31555,43.59948,1.42951,Hors intersection,Deux véhicules - par le coté,Nuit avec éclairage public allumé,Pluie légère,Voie Communale,,2,Plat,Partie rectiligne,,,mouillée,,Sur chaussée,Conducteur,1,F,43-44,,Autre,Non déterminable,1,1,04 - avril,5 - samedi,Toulouse
,201700026545,2017-04-01,35,9,35238,48.13178,-1.6936,Hors intersection,Deux véhicules - par le coté,Plein jour,Normale,Voie Communale,,2,Pente,Partie rectiligne,,,normale,,Sur chaussée,Conducteur,1,F,59-60,,Casque,Oui,1,1,04 - avril,5 - samedi,Rennes
,201700036261,2017-04-01,77,10,77186,48.39669,2.70456,Hors intersection,Deux véhicules - par l’arrière,Plein jour,Normale,Route Départementale,,4,Plat,Partie rectiligne,,,normale,,Sur chaussée,Conducteur,2,M,39-40,Promenade - loisirs,Casque,Oui,1,,04 - avril,5 - samedi,Fontainebleau
,201700050019,2017-04-01,69,1,69381,45.76756,4.83793,Hors intersection,Deux véhicules - par le coté,Nuit avec éclairage public allumé,Normale,Voie Communale,,1,Pente,Partie rectiligne,,,normale,,Sur chaussée,Conducteur,1,M,30-31,Promenade - loisirs,Autre,Non déterminable,1,1,04 - avril,5 - samedi,Lyon 1er Arrondissement
,201700054387,2017-04-01,75,16,75111,48.8575,2.37968,Intersection à plus de 4 branches,Deux véhicules - par le coté,Plein jour,Normale,Voie Communale,,2,Plat,En courbe à gauche,,30,normale,,Sur chaussée,Conducteur,1,M,12-13,Promenade - loisirs,Casque,Non déterminable,1,1,04 - avril,5 - samedi,Paris 11e  Arrondissement
,201700055090,2017-04-01,75,19,75113,48.8389,2.35836,Hors intersection,Deux véhicules - par le coté,Plein jour,Normale,Voie Communale,,4,Plat,Partie rectiligne,,,normale,,Sur chaussée,Conducteur,1,F,28-29,Promenade - loisirs,Casque,Oui,1,1,04 - avril,5 - samedi,Paris 13e  Arrondissement
,201700001655,2017-03-31,9,17,9160,42.93388,1.84927,Hors intersection,Autre,Plein jour,Normale,Route Départementale,,2,Plat,Partie rectiligne,,,normale,,Sur chaussée,Conducteur,1,M,67-68,Promenade - loisirs,Casque,Oui,,1,03 - mars,4 - vendredi,Lavelanet
,201700004698,2017-03-31,2B,18,2B036,42.52784,9.30413,Hors intersection,Deux véhicules - frontale,Plein jour,Normale,Route Départementale,,2,Pente,En courbe à gauche,,50,normale,,Sur chaussée,Conducteur,1,M,47-48,Promenade - loisirs,Casque,Oui,1,,03 - mars,4 - vendredi,Bigorno
,201700013839,2017-03-31,73,13,73171,45.50063,6.04943,Intersection en T,Deux véhicules - par le coté,Plein jour,Normale,Route Départementale,,2,Plat,,6,10,normale,,,Conducteur,2,M,55-56,Promenade - loisirs,Casque,Oui,1,1,03 - mars,4 - vendredi,Montmélian
,201700024132,2017-03-31,30,14,30189,0,0,Hors intersection,Deux véhicules - par l’arrière,Plein jour,Normale,Route Départementale,,2,Plat,Partie rectiligne,,60,normale,,Sur chaussée,Conducteur,1,M,73-74,Promenade - loisirs,Casque,Non,1,1,03 - mars,4 - vendredi,Nîmes
,201700024648,2017-03-31,31,16,31149,43.60962,1.3278,Hors intersection,Deux véhicules - par le coté,Plein jour,Normale,Route Départementale,,2,Plat,Partie rectiligne,,,normale,,Sur chaussée,Conducteur,2,M,72-73,Promenade - loisirs,Casque,Oui,1,1,03 - mars,4 - vendredi,Colomiers
,201700026539,2017-03-31,35,8,35281,48.07231,-1.70965,Hors intersection,Deux véhicules - par l’arrière,Plein jour,Normale,Voie Communale,,2,Plat,Partie rectiligne,,,normale,,Sur chaussée,Conducteur,1,M,42-43,Domicile - travail,Casque,Non déterminable,1,1,03 - mars,4 - vendredi,Saint-Jacques-de-la-Lande
,201700032905,2017-03-31,64,6,64102,43.48428,-1.46631,Hors intersection,Deux véhicules - par le coté,Nuit avec éclairage public allumé,Normale,Voie Communale,,2,Plat,Partie rectiligne,,120,normale,,Sur chaussée,Conducteur,2,M,32-33,Domicile - travail,Autre,Non,1,1,03 - mars,4 - vendredi,Bayonne
,201700034044,2017-03-31,67,13,67482,48.58295,7.74035,Hors intersection,Autre,Plein jour,Normale,Voie Communale,,1,Plat,Partie rectiligne,,72,normale,,Sur chaussée,Conducteur,2,F,26-27,Promenade - loisirs,Casque,Oui,,1,03 - mars,4 - vendredi,Strasbourg
,201700034045,2017-03-31,67,15,67482,48.58263,7.75203,Hors intersection,Autre,Plein jour,Normale,Voie Communale,,,Plat,Partie rectiligne,,80,normale,,Sur chaussée,Conducteur,1,F,43-44,Promenade - loisirs,Autre,Non déterminable,2,1,03 - mars,4 - vendredi,Strasbourg
,201700053060,2017-03-31,75,15,75103,48.8634,2.35094,Intersection en X,Deux véhicules - par le coté,Plein jour,Normale,Voie Communale,,3,,,,,,,,Conducteur,1,M,37-38,,Casque,Oui,1,1,03 - mars,4 - vendredi,Paris 3e  Arrondissement
,201700055437,2017-03-31,75,9,75114,48.8237,2.3232,Intersection en X,Deux véhicules - par le coté,Plein jour,Normale,Voie Communale,,1,Plat,Partie rectiligne,,,normale,,Sur piste cyclable,Conducteur,1,M,24-25,Domicile - travail,Casque,Non déterminable,1,1,03 - mars,4 - vendredi,Paris 14e  Arrondissement
,201700058736,2017-03-31,971,14,97118,0,0,Hors intersection,Deux véhicules - par l’arrière,Plein jour,Normale,Route Nationale,,4,Plat,Partie rectiligne,,70,normale,,Sur chaussée,Conducteur,3,M,30-31,Promenade - loisirs,Autre,Non,1,,03 - mars,4 - vendredi,Petit-Bourg
,201700060395,2017-03-31,974,9,97416,-21.33001,55.45001,Hors intersection,Autre,Plein jour,Normale,Voie Communale,,2,,,,,,,Sur piste cyclable,Conducteur,1,M,52-53,Promenade - loisirs,Casque,Oui,1,,03 - mars,4 - vendredi,Saint-Pierre
,201700000478,2017-03-30,35,14,35334,48.13997,-1.58244,Giratoire,Trois véhicules et plus - collisions multiples,Plein jour,Autre,Route Nationale,,2,Sommet de côte,En courbe à gauche,,,normale,,Sur chaussée,Conducteur,1,M,72-73,Promenade - loisirs,Casque,Oui,1,,03 - mars,3 - jeudi,Thorigné-Fouillard
,201700000478,2017-03-30,35,14,35334,48.13997,-1.58244,Giratoire,Trois véhicules et plus - collisions multiples,Plein jour,Autre,Route Nationale,,2,Sommet de côte,En courbe à gauche,,,normale,,Sur chaussée,Conducteur,1,M,67-68,Promenade - loisirs,Casque,Oui,1,,03 - mars,3 - jeudi,Thorigné-Fouillard
,201700004800,2017-03-30,5,15,5061,44.55606,6.07111,Hors intersection,Deux véhicules - par l’arrière,Plein jour,Normale,Voie Communale,,3,Pente,En courbe à droite,17,73,normale,,Sur chaussée,Conducteur,2,M,54-55,Promenade - loisirs,Casque,Oui,1,1,03 - mars,3 - jeudi,Gap
,201700005521,2017-03-30,6,11,6004,43.60237,7.09177,Intersection en T,Autre,Plein jour,Normale,Voie Communale,,2,Sommet de côte,Partie rectiligne,,,,,,Conducteur,1,M,51-52,Domicile - travail,Casque,Oui,1,1,03 - mars,3 - jeudi,Antibes
,201700020167,2017-03-30,74,6,74262,46.12337,6.31119,Intersection en X,Deux véhicules - par le coté,Nuit avec éclairage public allumé,Normale,Route Départementale,,2,Plat,,6,10,normale,,Sur chaussée,Conducteur,2,M,39-40,Domicile - travail,Casque,Oui,1,,03 - mars,3 - jeudi,Scientrier
,201700023521,2017-03-30,68,11,68020,47.82461,7.51539,Hors intersection,Deux véhicules - par le coté,Plein jour,Normale,Route Départementale,,2,Plat,Partie rectiligne,,56,normale,,Sur chaussée,Conducteur,1,M,53-54,Promenade - loisirs,Casque,Oui,1,1,03 - mars,3 - jeudi,Bantzenheim
,201700023532,2017-03-30,1,8,1398,46.00071,4.8492,Hors intersection,Deux véhicules - par l’arrière,Plein jour,Normale,Route Départementale,,2,Plat,Partie rectiligne,,,normale,,Sur chaussée,Conducteur,2,F,61-62,Domicile - travail,Casque,Non,1,1,03 - mars,3 - jeudi,Savigneux
,201700023873,2017-03-30,29,17,29232,48.0156,-4.09522,Hors intersection,Deux véhicules - par le coté,Plein jour,Normale,Voie Communale,,2,Bas de côte,Partie rectiligne,,,normale,,Sur chaussée,Conducteur,1,M,57-58,Domicile - travail,Casque,Oui,1,1,03 - mars,3 - jeudi,Quimper
,201700028321,2017-03-30,44,9,44109,47.23354,-1.51101,Hors intersection,Autre,Plein jour,Normale,Voie Communale,,,,,,,,,Sur chaussée,Conducteur,0,M,46-47,,Casque,Oui,,1,03 - mars,3 - jeudi,Nantes
,201700029237,2017-03-30,49,11,49007,47.47518,-0.5482,Hors intersection,Aucune,Plein jour,Normale,Voie Communale,,7,Plat,Partie rectiligne,,109,normale,,Sur chaussée,Conducteur,1,F,26-27,Promenade - loisirs,Casque,Non déterminable,,1,03 - mars,3 - jeudi,Angers
,201700032502,2017-03-30,62,10,62041,50.2969,2.76701,Hors intersection,Autre,Plein jour,Normale,Voie Communale,,2,Pente,Partie rectiligne,,,normale,,Sur piste cyclable,Conducteur,2,M,58-59,Promenade - loisirs,Casque,Oui,1,1,03 - mars,3 - jeudi,Arras
,201700033948,2017-03-30,24,15,24010,45.20375,0.61056,Intersection en T,Deux véhicules - par le coté,Plein jour,Temps éblouissant,Route Départementale,,2,Pente,,,10,normale,,,Conducteur,1,M,38-39,Promenade - loisirs,Casque,Oui,1,,03 - mars,3 - jeudi,Annesse-et-Beaulieu
,201700035528,2017-03-30,74,9,74010,45.91192,6.12783,Intersection en T,Deux véhicules - par le coté,Plein jour,Normale,Voie Communale,,2,Plat,Partie rectiligne,,68,normale,Carrefour aménagé,Sur chaussée,Conducteur,1,M,41-42,Promenade - loisirs,Equipement réfléchissant,Non,1,1,03 - mars,3 - jeudi,Annecy
,201700037143,2017-03-30,82,17,82121,44.02063,1.37555,Intersection en X,Deux véhicules - par le coté,Plein jour,Normale,Voie Communale,,2,Plat,Partie rectiligne,,,normale,,Sur chaussée,Conducteur,1,F,12-13,Domicile - école,Casque,Non,1,1,03 - mars,3 - jeudi,Montauban
,201700039885,2017-03-30,92,18,92025,0,0,Intersection en T,Autre,Plein jour,Normale,Route Départementale,,,Plat,,,,normale,,Sur chaussée,Conducteur,1,M,79-80,,Casque,Oui,1,1,03 - mars,3 - jeudi,Colombes
,201700042821,2017-03-30,93,19,93055,0,0,Hors intersection,Autre,Plein jour,Normale,Autre,,1,Plat,Partie rectiligne,,,normale,Zone piétonne,Sur piste cyclable,Conducteur,2,M,23-24,,Autre,Non déterminable,,1,03 - mars,3 - jeudi,Pantin
,201700050720,2017-03-30,69,17,69387,0,0,Intersection en X,Autre,Plein jour,Normale,Voie Communale,,2,Plat,Partie rectiligne,,,normale,,Sur chaussée,Conducteur,0,M,26-27,Domicile - travail,Autre,Non déterminable,,1,03 - mars,3 - jeudi,Lyon 7e  Arrondissement
,201700052982,2017-03-30,75,13,75103,48.8587,2.36279,Intersection en T,Autre,Plein jour,Normale,Voie Communale,,1,,,,101,,,,Conducteur,0,M,36-37,Utilisation professionnelle,Casque,Non déterminable,,1,03 - mars,3 - jeudi,Paris 3e  Arrondissement
,201700053192,2017-03-30,75,13,75105,48.8471,2.34509,Hors intersection,Deux véhicules - par l’arrière,Plein jour,Normale,Voie Communale,,1,,,,60,,,,Conducteur,1,F,21-22,,Casque,Non,1,1,03 - mars,3 - jeudi,Paris 5e  Arrondissement
,201700054688,2017-03-30,75,12,75112,48.8443,2.41032,Intersection en X,Deux véhicules - par le coté,Plein jour,Normale,Voie Communale,,2,Plat,Partie rectiligne,,30,normale,Carrefour aménagé,Sur piste cyclable,Conducteur,1,M,63-64,Promenade - loisirs,Casque,Non,1,1,03 - mars,3 - jeudi,Paris 12e  Arrondissement
,201700056072,2017-03-30,75,19,75116,48.8507,2.26717,Intersection à plus de 4 branches,Deux véhicules - par l’arrière,Plein jour,Normale,Voie Communale,,1,Pente,Partie rectiligne,,,normale,,,Conducteur,1,M,14-15,Promenade - loisirs,Casque,Non,1,1,03 - mars,3 - jeudi,Paris 16e  Arrondissement
,201700057246,2017-03-30,75,21,75119,48.883,2.38608,Hors intersection,Trois véhicules et plus - en chaîne,Nuit avec éclairage public allumé,Normale,Voie Communale,,2,Plat,Partie rectiligne,,60,normale,,Sur chaussée,Conducteur,1,M,27-28,,Casque,Non déterminable,3,1,03 - mars,3 - jeudi,Paris 19e  Arrondissement
,201700057246,2017-03-30,75,21,75119,48.883,2.38608,Hors intersection,Trois véhicules et plus - en chaîne,Nuit avec éclairage public allumé,Normale,Voie Communale,,2,Plat,Partie rectiligne,,60,normale,,Sur chaussée,Conducteur,0,M,19-20,Utilisation professionnelle,Casque,Oui,3,1,03 - mars,3 - jeudi,Paris 19e  Arrondissement
,201700057556,2017-03-30,75,8,75120,48.8635,2.41069,Intersection en X,Deux véhicules - par le coté,Plein jour,Normale,Voie Communale,,2,Pente,Partie rectiligne,,,normale,,Sur piste cyclable,Conducteur,1,M,34-35,Domicile - travail,Casque,Non,1,1,03 - mars,3 - jeudi,Paris 20e  Arrondissement
,201700005054,2017-03-29,91,7,91654,48.47423,2.43093,Hors intersection,Deux véhicules - par l’arrière,Plein jour,Temps éblouissant,Route Départementale,,2,Plat,Partie rectiligne,,57,normale,,Sur chaussée,Conducteur,1,M,72-73,Promenade - loisirs,Casque,Oui,1,,03 - mars,2 - mercredi,Videlles
,201700006553,2017-03-29,34,14,34259,43.60828,3.79058,Hors intersection,Aucune,Plein jour,Normale,Route Départementale,,2,Plat,Partie rectiligne,,60,normale,,,Conducteur,2,M,52-53,Promenade - loisirs,Casque,Oui,,,03 - mars,2 - mercredi,'Saint-Georges-d''Orques'
,201700007977,2017-03-29,10,16,10343,48.27314,4.10306,Hors intersection,Deux véhicules - frontale,Plein jour,Normale,Voie Communale,,1,Plat,En courbe à gauche,,,normale,,Sur trottoir,Conducteur,1,M,8-9,Promenade - loisirs,Autre,Non,1,1,03 - mars,2 - mercredi,Saint-Julien-les-Villas
,201700012764,2017-03-29,4,10,4241,43.8578,5.70316,Hors intersection,Aucune,Plein jour,Normale,Voie Communale,,2,Pente,Partie rectiligne,,,normale,,Sur chaussée,Conducteur,2,M,76-77,Promenade - loisirs,Casque,Oui,,,03 - mars,2 - mercredi,Villemus
,201700013750,2017-03-29,18,18,18038,46.76913,2.42942,Hors intersection,Autre,Plein jour,Normale,Voie Communale,,2,Pente,Partie rectiligne,,41,normale,,Sur chaussée,Conducteur,2,M,68-69,Promenade - loisirs,Casque,Non,,1,03 - mars,2 - mercredi,Bruère-Allichamps
,201700017679,2017-03-29,41,13,41164,47.27294,1.37628,Hors intersection,Deux véhicules - par l’arrière,Plein jour,Normale,Route Départementale,,2,Plat,Partie rectiligne,,,normale,,Sur chaussée,Conducteur,2,M,30-31,Promenade - loisirs,Casque,Non,1,1,03 - mars,2 - mercredi,Noyers-sur-Cher
,201700022779,2017-03-29,1,17,1033,46.10551,5.82006,Intersection en T,Deux véhicules - par le coté,Plein jour,Autre,Voie Communale,Avec voies d’affectation variable,,,,,,,,,Conducteur,1,M,48-49,Promenade - loisirs,Casque,Oui,1,1,03 - mars,2 - mercredi,Bellegarde-sur-Valserine
,201700022857,2017-03-29,26,17,26281,45.06177,5.01673,Giratoire,Deux véhicules - par le coté,Plein jour,Normale,Voie Communale,,1,Plat,Partie rectiligne,,,normale,,Sur chaussée,Conducteur,1,M,26-27,,Casque,Oui,1,,03 - mars,2 - mercredi,Romans-sur-Isère
,201700023870,2017-03-29,29,8,29232,47.9876,-4.10881,Giratoire,Deux véhicules - par le coté,Plein jour,Pluie légère,Voie Communale,,2,Plat,En courbe à gauche,,,mouillée,Carrefour aménagé,Sur chaussée,Conducteur,1,M,48-49,,Casque,Non,1,1,03 - mars,2 - mercredi,Quimper
,201700024635,2017-03-29,31,7,31555,43.62674,1.47737,Hors intersection,Deux véhicules - par le coté,Plein jour,Normale,Route Départementale,,,Plat,Partie rectiligne,,,normale,,Sur chaussée,Conducteur,1,M,50-51,Autre,Autre,Non déterminable,1,1,03 - mars,2 - mercredi,Toulouse
,201700024637,2017-03-29,31,17,31555,43.59045,1.43282,Hors intersection,Deux véhicules - par l’arrière,Plein jour,Normale,Voie Communale,,2,Plat,Partie rectiligne,,,normale,,Sur chaussée,Conducteur,1,M,56-57,Autre,Autre,Non déterminable,1,1,03 - mars,2 - mercredi,Toulouse
,201700024638,2017-03-29,31,18,31555,43.63669,1.44087,Hors intersection,Deux véhicules - frontale,Plein jour,Normale,Voie Communale,,2,Plat,Partie rectiligne,,,normale,,Sur chaussée,Conducteur,1,F,39-40,,Autre,Non déterminable,1,1,03 - mars,2 - mercredi,Toulouse
,201700027143,2017-03-29,37,12,37122,47.34613,0.64539,Intersection en Y,Autre,Plein jour,Normale,Route Départementale,,4,Plat,Partie rectiligne,,,normale,,Sur chaussée,Conducteur,1,M,24-25,Autre,Casque,Oui,1,1,03 - mars,2 - mercredi,Joué-lès-Tours
,201700029236,2017-03-29,49,17,49007,47.47573,-0.59391,Intersection en X,Autre,Plein jour,Normale,Voie Communale,,2,Plat,Partie rectiligne,,70,normale,,Sur chaussée,Conducteur,1,M,12-13,Promenade - loisirs,Casque,Non,1,1,03 - mars,2 - mercredi,Angers
,201700036258,2017-03-29,77,12,77014,48.41095,2.73386,Hors intersection,Deux véhicules - par le coté,Plein jour,Normale,Voie Communale,,2,Plat,Partie rectiligne,,88,normale,,Sur chaussée,Conducteur,2,M,16-17,Autre,Casque,Non,1,,03 - mars,2 - mercredi,Avon