test,identifiantAccident,date,departement,heure,commune,lat,lon,typeIntersection,typeCollision,luminosite,conditionsAtmosperiques,typeRoute,circulation,nbVoies,profilLongRoute,tracePlanRoute,largeurTPC,largeurRoute,etatSurface,amenagement,situation,categorieUsager,graviteAccident,sexe,age,motifDeplacement,existenceSecurite,usageSecurite,nombreAutresVehicules,enAgglomeration,mois,jour,NCCENR
,201700036530,2017-03-29,77,22,77459,48.54915,3.32922,Hors intersection,Autre,Nuit sans éclairage public,Normale,Route Départementale,,2,Pente,Partie rectiligne,,,normale,,Sur chaussée,Conducteur,2,M,22-23,Domicile - travail,Autre,Non,1,,03 - mars,2 - mercredi,Sourdun
,201700045242,2017-03-29,94,19,94042,0,0,Intersection en T,Deux véhicules - frontale,Plein jour,Normale,Voie Communale,,1,Pente,Partie rectiligne,,51,normale,,Sur chaussée,Conducteur,1,M,28-29,Domicile - travail,Autre,Non,1,1,03 - mars,2 - mercredi,Joinville-le-Pont
,201700050011,2017-03-29,69,12,69382,0,0,Hors intersection,Autre,Plein jour,Normale,Voie Communale,,3,Plat,Partie rectiligne,,,normale,,Sur chaussée,Conducteur,2,M,31-32,Promenade - loisirs,Casque,Non,1,1,03 - mars,2 - mercredi,Lyon 2e  Arrondissement
,201700053191,2017-03-29,75,23,75105,48.839,2.35395,Intersection en T,Deux véhicules - par le coté,Nuit avec éclairage public allumé,Normale,Voie Communale,,1,Plat,Partie rectiligne,35,35,normale,,Sur chaussée,Conducteur,1,F,23-24,Promenade - loisirs,Casque,Oui,1,1,03 - mars,2 - mercredi,Paris 5e  Arrondissement
,201700053191,2017-03-29,75,23,75105,48.839,2.35395,Intersection en T,Deux véhicules - par le coté,Nuit avec éclairage public allumé,Normale,Voie Communale,,1,Plat,Partie rectiligne,35,35,normale,,Sur chaussée,Conducteur,0,M,27-28,Promenade - loisirs,Casque,Oui,1,1,03 - mars,2 - mercredi,Paris 5e  Arrondissement
,201700057245,2017-03-29,75,16,75119,48.8957,2.37135,Intersection en T,Deux véhicules - par le coté,Plein jour,Normale,Voie Communale,,1,,,,,,,,Conducteur,2,M,53-54,,Casque,Non,1,1,03 - mars,2 - mercredi,Paris 19e  Arrondissement
,201700001068,2017-03-28,72,17,72154,47.70798,-0.06837,Giratoire,Deux véhicules - par le coté,Plein jour,Normale,Route Départementale,,2,Plat,,,15,normale,,Sur chaussée,Conducteur,2,M,74-75,Promenade - loisirs,Casque,Non,1,1,03 - mars,1 - mardi,Flèche
,201700002265,2017-03-28,38,18,38309,45.15729,5.7568,Hors intersection,Deux véhicules - par le coté,Plein jour,Normale,Route Départementale,,2,Plat,,90,,normale,,Sur chaussée,Conducteur,1,M,72-73,,Casque,Oui,1,1,03 - mars,1 - mardi,Poisat
,201700002844,2017-03-28,3,15,3185,46.34761,2.60258,Giratoire,Autre,Plein jour,Normale,Voie Communale,,1,Plat,En courbe à droite,,,normale,,Sur chaussée,Conducteur,2,M,65-66,,Casque,Non déterminable,1,1,03 - mars,1 - mardi,Montluçon
,201700007976,2017-03-28,10,7,10387,48.29345,4.06873,Intersection en T,Deux véhicules - par le coté,Plein jour,Normale,Voie Communale,,2,Pente,Partie rectiligne,,,normale,,Sur chaussée,Conducteur,2,M,29-30,Domicile - école,Casque,Oui,1,1,03 - mars,1 - mardi,Troyes
,201700017500,2017-03-28,34,9,34074,43.4557,3.03838,Hors intersection,Deux véhicules - frontale,Plein jour,Temps éblouissant,Voie Communale,,2,Plat,,6,515,normale,,,Conducteur,2,M,59-60,Courses - achats,Casque,Non,1,1,03 - mars,1 - mardi,Cessenon-sur-Orb
,201700021655,2017-03-28,62,18,62045,50.35063,2.58446,Hors intersection,Deux véhicules - par le coté,Plein jour,Normale,Route Départementale,,2,Plat,En courbe à droite,,48,normale,,Sur chaussée,Conducteur,2,F,64-65,Promenade - loisirs,Casque,Non,1,1,03 - mars,1 - mardi,Aubigny-en-Artois
,201700024043,2017-03-28,30,18,30007,44.12913,4.10324,Hors intersection,Autre,Plein jour,Temps éblouissant,Voie Communale,,3,Plat,Partie rectiligne,,84,normale,,Sur chaussée,Conducteur,3,M,83-84,Promenade - loisirs,,,1,1,03 - mars,1 - mardi,Alès
,201700024629,2017-03-28,31,7,31555,43.59917,1.41676,Hors intersection,Deux véhicules - frontale,Crépuscule ou aube,Normale,Route Nationale,,2,Plat,Partie rectiligne,,,normale,,Sur chaussée,Conducteur,2,M,22-23,Domicile - école,Autre,Non déterminable,1,1,03 - mars,1 - mardi,Toulouse
,201700024632,2017-03-28,31,16,31149,43.6129,1.33184,Giratoire,Deux véhicules - par le coté,Plein jour,Normale,Voie Communale,,,Plat,Partie rectiligne,,,normale,,Sur chaussée,Conducteur,1,M,57-58,Autre,Autre,Non déterminable,1,1,03 - mars,1 - mardi,Colomiers
,201700025701,2017-03-28,33,13,33522,44.80725,-0.5915,Hors intersection,Deux véhicules - frontale,Plein jour,Normale,Voie Communale,,4,Plat,Partie rectiligne,,,normale,,Sur chaussée,Conducteur,1,M,31-32,,Casque,Non déterminable,1,1,03 - mars,1 - mardi,Talence
,201700026532,2017-03-28,35,12,35238,48.10706,-1.69508,Hors intersection,Autre,Plein jour,Normale,Voie Communale,,2,Plat,Partie rectiligne,,,normale,,,Conducteur,0,F,28-29,,Casque,Non déterminable,,1,03 - mars,1 - mardi,Rennes
,201700026532,2017-03-28,35,12,35238,48.10706,-1.69508,Hors intersection,Autre,Plein jour,Normale,Voie Communale,,2,Plat,Partie rectiligne,,,normale,,,Piéton,2,M,4-5,,,,,1,03 - mars,1 - mardi,Rennes
,201700027808,2017-03-28,41,11,41018,47.5968,1.32587,Intersection en T,Deux véhicules - frontale,Plein jour,Normale,Voie Communale,,2,Plat,Partie rectiligne,,,normale,,Sur chaussée,Conducteur,1,M,30-31,Domicile - travail,Autre,Non,1,1,03 - mars,1 - mardi,Blois
,201700028776,2017-03-28,45,9,45302,47.94584,1.91251,Hors intersection,Deux véhicules - par le coté,Plein jour,Normale,Voie Communale,,,,,,,,,,Conducteur,1,M,78-79,,Casque,Oui,1,1,03 - mars,1 - mardi,Saran
,201700032127,2017-03-28,59,7,59014,50.37117,3.50758,Intersection en X,Deux véhicules - par le coté,Nuit avec éclairage public allumé,Normale,Voie Communale,,2,Plat,Partie rectiligne,,,,Carrefour aménagé,,Conducteur,1,M,21-22,Domicile - travail,Casque,Non déterminable,1,,03 - mars,1 - mardi,Anzin
,201700033144,2017-03-28,64,19,64445,43.29194,-0.37765,Hors intersection,Deux véhicules - frontale,Crépuscule ou aube,Normale,Voie Communale,,1,Plat,En courbe à gauche,,70,normale,,Sur chaussée,Conducteur,1,M,48-49,Domicile - travail,Casque,Oui,1,1,03 - mars,1 - mardi,Pau
,201700033474,2017-03-28,65,15,65286,43.1044,-0.04212,Intersection en T,Deux véhicules - par l’arrière,Plein jour,Normale,Route Départementale,,1,Plat,Partie rectiligne,,,normale,,Sur chaussée,Conducteur,1,M,19-20,Promenade - loisirs,Casque,Oui,1,1,03 - mars,1 - mardi,Lourdes
,201700034037,2017-03-28,67,11,67482,48.57723,7.73159,Intersection en X,Deux véhicules - par le coté,Plein jour,Normale,Voie Communale,,4,Plat,Partie rectiligne,40,80,normale,,Sur chaussée,Conducteur,1,M,66-67,Promenade - loisirs,Autre,Oui,1,1,03 - mars,1 - mardi,Strasbourg
,201700034038,2017-03-28,67,13,67482,48.57861,7.7717,Hors intersection,Deux véhicules - par le coté,Plein jour,Normale,Voie Communale,,2,Plat,Partie rectiligne,,55,normale,,Sur chaussée,Conducteur,1,M,11-12,Domicile - école,Autre,Non déterminable,1,1,03 - mars,1 - mardi,Strasbourg
,201700035507,2017-03-28,74,15,74010,45.9119,6.1313,Giratoire,Deux véhicules - par le coté,Plein jour,Normale,Voie Communale,,2,Plat,Partie rectiligne,,,normale,Carrefour aménagé,Sur chaussée,Conducteur,3,M,83-84,Promenade - loisirs,Casque,Oui,1,1,03 - mars,1 - mardi,Annecy
,201700050014,2017-03-28,69,15,69381,0,0,Hors intersection,Autre,Plein jour,Normale,Voie Communale,,2,Plat,Partie rectiligne,,26,normale,Pont - autopont,Sur piste cyclable,Conducteur,2,F,53-54,Promenade - loisirs,Autre,Non déterminable,1,1,03 - mars,1 - mardi,Lyon 1er Arrondissement
,201700055087,2017-03-28,75,19,75113,48.8399,2.36179,Intersection en Y,Deux véhicules - par le coté,Plein jour,Normale,Voie Communale,,4,Plat,Partie rectiligne,,,normale,,Sur chaussée,Conducteur,1,M,46-47,Promenade - loisirs,Casque,Non déterminable,1,1,03 - mars,1 - mardi,Paris 13e  Arrondissement
,201700055435,2017-03-28,75,16,75114,48.8341,2.33328,Place,Deux véhicules - par le coté,Plein jour,Normale,Voie Communale,,2,Plat,,30,30,normale,,Sur chaussée,Conducteur,1,M,48-49,Domicile - travail,Casque,Non déterminable,1,1,03 - mars,1 - mardi,Paris 14e  Arrondissement
,201700056539,2017-03-28,75,11,75117,48.8831,2.32483,Hors intersection,Deux véhicules - par le coté,Plein jour,Normale,Voie Communale,,2,Plat,Partie rectiligne,,,normale,,Sur piste cyclable,Conducteur,1,M,37-38,Domicile - travail,Casque,Non déterminable,1,1,03 - mars,1 - mardi,Paris 17e  Arrondissement
,201700056913,2017-03-28,75,18,75118,48.8884,2.34956,Intersection en X,Deux véhicules - par le coté,Plein jour,Normale,Voie Communale,,,Pente,Partie rectiligne,,,normale,,Sur chaussée,Conducteur,1,M,29-30,,Casque,Non déterminable,1,1,03 - mars,1 - mardi,Paris 18e  Arrondissement
,201700057815,2017-03-28,75,8,75118,48.8999,2.35863,Hors intersection,Deux véhicules - par le coté,Plein jour,Normale,Voie Communale,,1,Plat,Partie rectiligne,,120,normale,,Sur piste cyclable,Conducteur,2,M,36-37,Domicile - travail,Casque,Non déterminable,1,1,03 - mars,1 - mardi,Paris 18e  Arrondissement
,201700000220,2017-03-27,80,17,80016,50.00223,2.64994,Hors intersection,Deux véhicules - par le coté,Plein jour,Temps éblouissant,Voie Communale,,2,Plat,Partie rectiligne,,,normale,,Sur chaussée,Conducteur,1,M,13-14,Promenade - loisirs,Casque,Oui,1,1,03 - mars,0 - lundi,Albert
,201700002442,2017-03-27,38,18,38110,45.58934,4.86093,Hors intersection,Deux véhicules - frontale,Plein jour,Normale,Route Nationale,,3,Pente,,,10,normale,,,Conducteur,1,M,54-55,Promenade - loisirs,Casque,Non déterminable,1,,03 - mars,0 - lundi,Chuzelles
,201700002567,2017-03-27,73,14,73328,45.64811,5.89163,Hors intersection,Deux véhicules - par le coté,Plein jour,Normale,Route Départementale,,2,Plat,Partie rectiligne,,,normale,,Sur piste cyclable,Conducteur,2,M,61-62,Promenade - loisirs,Casque,Non déterminable,1,,03 - mars,0 - lundi,Viviers-du-Lac
,201700002567,2017-03-27,73,14,73328,45.64811,5.89163,Hors intersection,Deux véhicules - par le coté,Plein jour,Normale,Route Départementale,,2,Plat,Partie rectiligne,,,normale,,Sur piste cyclable,Conducteur,0,M,40-41,Promenade - loisirs,Casque,Non,1,,03 - mars,0 - lundi,Viviers-du-Lac
,201700008749,2017-03-27,13,17,13028,43.18903,5.6278,Giratoire,Deux véhicules - par le coté,Plein jour,Normale,Route Départementale,,2,Plat,Partie rectiligne,,,normale,,,Conducteur,1,M,62-63,Promenade - loisirs,Casque,Non,1,1,03 - mars,0 - lundi,Ciotat
,201700011431,2017-03-27,67,17,67558,48.91787,7.58885,Hors intersection,Deux véhicules - par le coté,Plein jour,Normale,Voie Communale,,2,Pente,,5,10,normale,,,Conducteur,2,M,44-45,Promenade - loisirs,Casque,Non,1,1,03 - mars,0 - lundi,Zinswiller
,201700012973,2017-03-27,40,17,40217,44.35137,-1.07814,Intersection en T,Deux véhicules - par le coté,Plein jour,Normale,Voie Communale,Avec voies d’affectation variable,,Plat,Partie rectiligne,,,normale,,Sur chaussée,Conducteur,2,M,80-81,Promenade - loisirs,Casque,Oui,1,1,03 - mars,0 - lundi,Parentis-en-Born
,201700017954,2017-03-27,42,8,42177,46.14404,4.10992,Intersection en T,Deux véhicules - par le coté,Plein jour,Temps éblouissant,Voie Communale,Avec voies d’affectation variable,,,,,,,,,Conducteur,2,M,76-77,Promenade - loisirs,Casque,Non,1,1,03 - mars,0 - lundi,Pouilly-sous-Charlieu
,201700022527,2017-03-27,24,17,24322,45.19972,0.67498,Giratoire,Deux véhicules - frontale,Plein jour,Pluie légère,Route Départementale,,,Plat,En courbe à droite,,61,mouillée,,Sur chaussée,Conducteur,2,M,67-68,Promenade - loisirs,Casque,Oui,1,1,03 - mars,0 - lundi,Périgueux
,201700025331,2017-03-27,32,18,32013,43.6644,0.59617,Intersection en T,Deux véhicules - par le coté,Plein jour,Normale,Voie Communale,,2,Plat,Partie rectiligne,,,normale,,Sur chaussée,Conducteur,1,M,65-66,Promenade - loisirs,Autre,Non,1,1,03 - mars,0 - lundi,Auch
,201700026531,2017-03-27,35,13,35238,48.11886,-1.66415,Intersection en T,Deux véhicules - par le coté,Plein jour,Normale,Voie Communale,,1,Plat,Partie rectiligne,,,normale,,Sur chaussée,Conducteur,2,M,19-20,Domicile - école,Casque,Non,1,1,03 - mars,0 - lundi,Rennes
,201700031177,2017-03-27,57,10,57463,49.10072,6.18854,Intersection en X,Deux véhicules - frontale,Plein jour,Normale,Voie Communale,,3,Bas de côte,Partie rectiligne,,80,normale,,Sur chaussée,Conducteur,1,M,17-18,Promenade - loisirs,Casque,Non déterminable,1,1,03 - mars,0 - lundi,Metz
,201700031268,2017-03-27,57,18,57631,49.12352,7.10573,Hors intersection,Deux véhicules - par l’arrière,Plein jour,Normale,Route Départementale,,2,Plat,Partie rectiligne,,70,normale,,Sur chaussée,Conducteur,1,M,25-26,Promenade - loisirs,Casque,Oui,1,1,03 - mars,0 - lundi,Sarreguemines
,201700034034,2017-03-27,67,13,67482,48.58595,7.71402,Intersection en Y,Deux véhicules - frontale,Plein jour,Normale,Voie Communale,,1,Plat,Partie rectiligne,,75,normale,,Sur chaussée,Conducteur,1,M,45-46,Promenade - loisirs,Autre,Non,1,1,03 - mars,0 - lundi,Strasbourg
,201700040084,2017-03-27,92,17,92026,0,0,Hors intersection,Aucune,Plein jour,Normale,Route Départementale,,2,Plat,Partie rectiligne,,150,normale,,Sur chaussée,Conducteur,1,M,65-66,Promenade - loisirs,Casque,Non déterminable,,1,03 - mars,0 - lundi,Courbevoie
,201700040314,2017-03-27,92,13,92040,0,0,Hors intersection,Autre,Plein jour,Normale,Route Départementale,,2,Plat,Partie rectiligne,,,normale,,Sur chaussée,Conducteur,1,M,33-34,Domicile - travail,Casque,Oui,1,1,03 - mars,0 - lundi,Issy-les-Moulineaux
,201700050713,2017-03-27,69,9,69388,45.727,4.853,Hors intersection,Autre,Plein jour,Normale,Voie Communale,,2,Plat,Partie rectiligne,,,normale,,Sur chaussée,Conducteur,1,M,35-36,,Casque,Oui,,1,03 - mars,0 - lundi,Lyon 8e  Arrondissement
,201700052981,2017-03-27,75,13,75103,48.8673,2.36338,Place,Autre,Plein jour,Normale,Voie Communale,,5,Plat,Partie rectiligne,20,179,normale,,Sur chaussée,Conducteur,1,M,44-45,Promenade - loisirs,Casque,Oui,,1,03 - mars,0 - lundi,Paris 3e  Arrondissement
,201700054180,2017-03-27,75,19,75110,48.8787,2.36624,Intersection en T,Deux véhicules - par le coté,Plein jour,Normale,Voie Communale,,1,Plat,Partie rectiligne,,40,normale,,Sur chaussée,Conducteur,1,F,27-28,,Casque,Oui,1,1,03 - mars,0 - lundi,Paris 10e  Arrondissement
,201700054684,2017-03-27,75,18,75112,48.847,2.38376,Intersection en X,Deux véhicules - par le coté,Plein jour,Normale,Voie Communale,,2,Plat,Partie rectiligne,,60,normale,,Sur piste cyclable,Conducteur,1,M,11-12,Promenade - loisirs,Casque,Non,1,1,03 - mars,0 - lundi,Paris 12e  Arrondissement
,201700055084,2017-03-27,75,15,75113,48.836,2.37267,Hors intersection,Deux véhicules - par l’arrière,Plein jour,Normale,Voie Communale,,1,Pente,Partie rectiligne,,30,normale,,Sur chaussée,Conducteur,1,M,44-45,Autre,Casque,Non déterminable,1,1,03 - mars,0 - lundi,Paris 13e  Arrondissement
,201700015350,2017-03-26,26,19,26172,0,0,Hors intersection,Deux véhicules - frontale,Crépuscule ou aube,Normale,Route Départementale,,2,Plat,En courbe à droite,,35,normale,,Sur chaussée,Conducteur,2,M,76-77,Promenade - loisirs,Casque,Oui,1,1,03 - mars,6 - dimanche,Manthes
,201700016056,2017-03-26,38,12,38422,45.15222,5.84777,Intersection en T,Deux véhicules - par le coté,Plein jour,Normale,Route Départementale,,2,Pente,,100,10,normale,,,Conducteur,2,M,18-19,Promenade - loisirs,Casque,Oui,1,1,03 - mars,6 - dimanche,'Saint-Martin-d''Uriage'
,201700025197,2017-03-26,68,13,68310,48.12893,7.3148,Hors intersection,Trois véhicules et plus - collisions multiples,Plein jour,Normale,Autre,,2,Plat,Partie rectiligne,,42,normale,,Sur chaussée,Conducteur,2,F,70-71,Promenade - loisirs,Casque,Non,1,,03 - mars,6 - dimanche,Sigolsheim
,201700025197,2017-03-26,68,13,68310,48.12893,7.3148,Hors intersection,Trois véhicules et plus - collisions multiples,Plein jour,Normale,Autre,,2,Plat,Partie rectiligne,,42,normale,,Sur chaussée,Conducteur,0,M,74-75,Promenade - loisirs,Casque,Non,1,,03 - mars,6 - dimanche,Sigolsheim
,201700036574,2017-03-26,78,19,78643,48.9763,1.98194,Giratoire,Deux véhicules - frontale,Plein jour,Normale,Route Départementale,,2,,,,,,,Sur chaussée,Conducteur,1,M,58-59,,Casque,Non déterminable,1,1,03 - mars,6 - dimanche,Vernouillet
,201700037321,2017-03-26,83,11,83129,43.11301,5.81088,Hors intersection,Autre,Plein jour,Normale,Voie Communale,,2,Plat,Partie rectiligne,,,normale,,Sur piste cyclable,Conducteur,0,M,27-28,,Casque,Oui,,1,03 - mars,6 - dimanche,Six-Fours-les-Plages
,201700045574,2017-03-26,94,9,94080,0,0,Hors intersection,Autre,Plein jour,Normale,Route Départementale,,1,Plat,Partie rectiligne,,,normale,,Sur chaussée,Conducteur,1,M,73-74,Promenade - loisirs,Autre,Non déterminable,1,1,03 - mars,6 - dimanche,Vincennes
,201700055082,2017-03-26,75,21,75113,48.8289,2.3737,Hors intersection,Deux véhicules - par l’arrière,Nuit avec éclairage public allumé,Normale,Voie Communale,,3,Pente,Partie rectiligne,100,100,normale,,Sur chaussée,Conducteur,1,M,18-19,Utilisation professionnelle,Casque,Non,1,1,03 - mars,6 - dimanche,Paris 13e  Arrondissement
,201700056536,2017-03-26,75,13,75117,48.8796,2.30499,Intersection en X,Deux véhicules - par le coté,Plein jour,Normale,Voie Communale,,3,Plat,Partie rectiligne,,,normale,,Sur chaussée,Conducteur,1,F,55-56,Promenade - loisirs,Casque,Non déterminable,1,1,03 - mars,6 - dimanche,Paris 17e  Arrondissement
,201700059420,2017-03-26,974,15,97422,-21.26519,55.49661,Hors intersection,Deux véhicules - par le coté,Plein jour,Temps couvert,Voie Communale,,2,Pente,En courbe à droite,,35,mouillée,,Sur chaussée,Conducteur,1,M,16-17,Promenade - loisirs,Autre,Non,1,1,03 - mars,6 - dimanche,Tampon
,201700059420,2017-03-26,974,15,97422,-21.26519,55.49661,Hors intersection,Deux véhicules - par le coté,Plein jour,Temps couvert,Voie Communale,,2,Pente,En courbe à droite,,35,mouillée,,Sur chaussée,Passager,1,F,15-16,Promenade - loisirs,Autre,Non,1,1,03 - mars,6 - dimanche,Tampon
,201700001858,2017-03-25,69,14,69163,45.93197,4.7659,Hors intersection,Deux véhicules - par l’arrière,Plein jour,Autre,Route Départementale,,2,Plat,,,10,normale,,,Conducteur,1,F,28-29,Promenade - loisirs,Casque,Oui,1,,03 - mars,5 - samedi,Quincieux
,201700002370,2017-03-25,38,15,38059,45.13542,5.77149,Giratoire,Deux véhicules - par le coté,Plein jour,Pluie forte,Route Départementale,,2,Pente,,8,25,normale,Carrefour aménagé,,Conducteur,1,M,71-72,Promenade - loisirs,Casque,Non,1,1,03 - mars,5 - samedi,Brié-et-Angonnes
,201700002873,2017-03-25,57,10,57620,49.19137,6.0038,Hors intersection,Deux véhicules - par l’arrière,Plein jour,Normale,Route Départementale,,2,Plat,,,,normale,,Sur chaussée,Conducteur,1,M,60-61,Courses - achats,Autre,Non,1,1,03 - mars,5 - samedi,Sainte-Marie-aux-Chênes
,201700002948,2017-03-25,54,16,54090,48.74936,6.16344,Hors intersection,Deux véhicules - par le coté,Plein jour,Normale,Autre,,2,Plat,,7,515,normale,,,Conducteur,2,M,68-69,Promenade - loisirs,Casque,Oui,1,1,03 - mars,5 - samedi,Bouxières-aux-Dames
,201700003294,2017-03-25,68,7,68154,47.77399,7.36153,Giratoire,Deux véhicules - par le coté,Crépuscule ou aube,Normale,Route Départementale,,2,Plat,,,15,normale,,,Conducteur,1,F,52-53,Promenade - loisirs,Equipement réfléchissant,Oui,1,1,03 - mars,5 - samedi,Illzach
,201700005090,2017-03-25,91,13,91579,48.53363,2.30513,Hors intersection,Deux véhicules - par le coté,Plein jour,Temps éblouissant,Route Départementale,,2,Plat,Partie rectiligne,,57,normale,,Sur chaussée,Conducteur,1,M,33-34,Promenade - loisirs,Casque,Oui,1,1,03 - mars,5 - samedi,Saint-Vrain
,201700006145,2017-03-25,6,4,6088,0,0,Intersection en X,Deux véhicules - par le coté,Nuit avec éclairage public allumé,Temps couvert,Route Départementale,,3,Plat,Partie rectiligne,,,mouillée,,Sur chaussée,Conducteur,2,M,24-25,,Autre,Non déterminable,1,1,03 - mars,5 - samedi,Nice
,201700012595,2017-03-25,85,17,85028,46.37909,-0.66041,Hors intersection,Autre,Plein jour,Normale,Route Départementale,,2,Plat,Partie rectiligne,,50,normale,,Sur chaussée,Conducteur,2,M,62-63,Autre,Casque,Oui,,,03 - mars,5 - samedi,Bouillé-Courdault
,201700015484,2017-03-25,1,14,1266,46.34188,5.11852,Hors intersection,Trois véhicules et plus - collisions multiples,Plein jour,Normale,Voie Communale,,2,Bas de côte,En courbe à droite,,53,normale,,Sur chaussée,Conducteur,2,M,64-65,Promenade - loisirs,Casque,Oui,1,,03 - mars,5 - samedi,Montrevel-en-Bresse
,201700015484,2017-03-25,1,14,1266,46.34188,5.11852,Hors intersection,Trois véhicules et plus - collisions multiples,Plein jour,Normale,Voie Communale,,2,Bas de côte,En courbe à droite,,53,normale,,Sur chaussée,Conducteur,2,M,64-65,Promenade - loisirs,Casque,Oui,1,,03 - mars,5 - samedi,Montrevel-en-Bresse
,201700030370,2017-03-25,54,19,54395,0,0,Hors intersection,Autre,Plein jour,Normale,Voie Communale,,2,Plat,Partie rectiligne,,,normale,,Sur chaussée,Conducteur,1,M,39-40,Promenade - loisirs,Casque,Oui,2,1,03 - mars,5 - samedi,Nancy
,201700035423,2017-03-25,73,15,73065,45.57345,5.91712,Hors intersection,Deux véhicules - frontale,Plein jour,Temps couvert,Parc de stationnement ouvert à la circulation publique,,,Plat,En courbe à droite,,,normale,,Sur chaussée,Conducteur,1,M,52-53,Promenade - loisirs,Casque,Oui,1,1,03 - mars,5 - samedi,Chambéry
,201700050710,2017-03-25,69,,69383,0,0,Hors intersection,Deux véhicules - par le coté,Nuit avec éclairage public allumé,Normale,Voie Communale,,,Plat,Partie rectiligne,,,,,Sur chaussée,Conducteur,1,M,31-32,,Casque,Oui,1,1,03 - mars,5 - samedi,Lyon 3e  Arrondissement
,201700050711,2017-03-25,69,23,69383,45.75715,4.8412,Intersection en X,Deux véhicules - frontale,Nuit avec éclairage public allumé,Pluie légère,Voie Communale,,,Plat,Partie rectiligne,,,mouillée,Carrefour aménagé,Sur chaussée,Conducteur,2,M,19-20,Utilisation professionnelle,Autre,Non déterminable,1,1,03 - mars,5 - samedi,Lyon 3e  Arrondissement
,201700054016,2017-03-25,75,9,75109,48.8771,2.33717,Hors intersection,Aucune,Plein jour,Normale,Voie Communale,,1,Pente,Partie rectiligne,,,normale,,Sur chaussée,Conducteur,1,M,59-60,,Casque,Non déterminable,,1,03 - mars,5 - samedi,Paris 9e  Arrondissement
,201700055081,2017-03-25,75,18,75106,48.8457,2.33235,Hors intersection,Autre,Plein jour,Normale,Voie Communale,,1,Plat,Partie rectiligne,,,normale,,,Conducteur,0,F,75-76,,Casque,Oui,,1,03 - mars,5 - samedi,Paris 6e  Arrondissement
,201700017647,2017-03-24,86,10,86225,46.85663,0.1044,Intersection en Y,Deux véhicules - par le coté,Plein jour,Normale,Route Départementale,,2,Plat,Partie rectiligne,4,15,normale,Carrefour aménagé,Sur chaussée,Conducteur,2,M,62-63,Promenade - loisirs,Casque,Oui,1,,03 - mars,4 - vendredi,Saint-Jean-de-Sauves
,201700023633,2017-03-24,29,8,29019,48.38866,-4.51691,Intersection en Y,Deux véhicules - par le coté,Plein jour,Temps éblouissant,Voie Communale,,,,,,,,,Sur chaussée,Conducteur,1,M,56-57,,Casque,Oui,1,1,03 - mars,4 - vendredi,Brest
,201700026144,2017-03-24,34,9,34172,43.62554,3.83669,Hors intersection,Deux véhicules - par le coté,Plein jour,Pluie légère,Route Départementale,,4,Plat,En courbe à droite,,85,mouillée,,Sur chaussée,Conducteur,2,M,43-44,Domicile - travail,Autre,Non,1,1,03 - mars,4 - vendredi,Montpellier
,201700029230,2017-03-24,49,12,49007,47.45166,-0.54551,Hors intersection,Autre,Plein jour,Normale,Voie Communale,,4,Plat,Partie rectiligne,,128,normale,,Sur chaussée,Conducteur,2,F,49-50,Domicile - travail,Casque,Non déterminable,1,1,03 - mars,4 - vendredi,Angers
,201700030365,2017-03-24,54,17,54547,0,0,Hors intersection,Deux véhicules - par le coté,Plein jour,Normale,Voie Communale,,2,Plat,En courbe à gauche,,,normale,,Sur chaussée,Conducteur,2,M,18-19,,Casque,Oui,1,1,03 - mars,4 - vendredi,Vanduvre-lès-Nancy
,201700033139,2017-03-24,64,21,64445,43.31178,-0.37544,Intersection en T,Deux véhicules - par le coté,Nuit avec éclairage public allumé,Normale,Voie Communale,,2,Plat,Partie rectiligne,,70,normale,,Sur chaussée,Conducteur,1,M,14-15,Promenade - loisirs,Casque,Non,1,1,03 - mars,4 - vendredi,Pau
,201700052746,2017-03-24,75,16,75104,48.8572,2.34729,Place,Deux véhicules - par le coté,Plein jour,Normale,Voie Communale,,4,Plat,Partie rectiligne,,,normale,,Sur chaussée,Conducteur,1,M,24-25,Utilisation professionnelle,Casque,Non,1,1,03 - mars,4 - vendredi,Paris 4e  Arrondissement
,201700053190,2017-03-24,75,19,75105,48.8498,2.34896,Intersection en X,Autre,Nuit avec éclairage public allumé,Normale,Voie Communale,,2,,,,,,,Sur chaussée,Conducteur,2,M,71-72,Promenade - loisirs,Casque,Non,1,1,03 - mars,4 - vendredi,Paris 5e  Arrondissement
,201700058875,2017-03-24,973,17,97304,0,0,Intersection en X,Deux véhicules - par le coté,Plein jour,Normale,Voie Communale,,2,Plat,,,10,,,,Conducteur,2,F,16-17,Courses - achats,Autre,Non déterminable,1,1,03 - mars,4 - vendredi,Kourou
,201700005257,2017-03-23,77,13,77176,48.75639,3.01701,Hors intersection,Deux véhicules - par le coté,Plein jour,Normale,Route Départementale,,2,Plat,Partie rectiligne,,,normale,,Sur chaussée,Conducteur,1,M,47-48,Promenade - loisirs,Casque,Oui,1,,03 - mars,3 - jeudi,Faremoutiers
,201700025691,2017-03-23,33,8,33281,44.843,-0.6395,Intersection en Y,Deux véhicules - par le coté,Plein jour,Pluie légère,Voie Communale,,5,Plat,Partie rectiligne,,900,mouillée,,Sur chaussée,Conducteur,1,M,19-20,,Casque,Non déterminable,1,1,03 - mars,3 - jeudi,Mérignac
,201700027155,2017-03-23,37,18,37195,0,0,Hors intersection,Aucune,Nuit sans éclairage public,Pluie légère,Autre,,1,Plat,Partie rectiligne,,,mouillée,Zone piétonne,Sur chaussée,Conducteur,1,M,12-13,Promenade - loisirs,Casque,Oui,,1,03 - mars,3 - jeudi,Riche