test,identifiantAccident,date,departement,heure,commune,lat,lon,typeIntersection,typeCollision,luminosite,conditionsAtmosperiques,typeRoute,circulation,nbVoies,profilLongRoute,tracePlanRoute,largeurTPC,largeurRoute,etatSurface,amenagement,situation,categorieUsager,graviteAccident,sexe,age,motifDeplacement,existenceSecurite,usageSecurite,nombreAutresVehicules,enAgglomeration,mois,jour,NCCENR
,201700029229,2017-03-23,49,17,49007,47.47313,-0.60219,Intersection en X,Deux véhicules - par le coté,Plein jour,Normale,Voie Communale,,4,,,,97,,,Sur chaussée,Conducteur,1,M,21-22,Domicile - travail,Casque,Non déterminable,1,1,03 - mars,3 - jeudi,Angers
,201700033136,2017-03-23,64,8,64445,43.30753,-0.36436,Intersection en T,Deux véhicules - par le coté,Plein jour,Normale,Voie Communale,,2,Plat,Partie rectiligne,,70,mouillée,,Sur chaussée,Conducteur,1,M,54-55,,Autre,Oui,1,1,03 - mars,3 - jeudi,Pau
,201700043789,2017-03-23,94,6,94075,0,0,Hors intersection,Deux véhicules - par le coté,Plein jour,Normale,Voie Communale,,,Plat,Partie rectiligne,,,,,Sur piste cyclable,Conducteur,1,M,41-42,Domicile - travail,Casque,Oui,1,1,03 - mars,3 - jeudi,Villecresnes
,201700052979,2017-03-23,75,10,75103,48.8632,2.35248,Intersection en X,Autre,Plein jour,Normale,Voie Communale,,2,Plat,Partie rectiligne,,50,normale,Carrefour aménagé,Sur chaussée,Conducteur,1,M,17-18,,Casque,Non,1,1,03 - mars,3 - jeudi,Paris 3e  Arrondissement
,201700056530,2017-03-23,75,9,75117,48.887,2.30462,Place,Autre,Plein jour,Normale,Voie Communale,,2,Plat,Partie rectiligne,,,normale,,,Conducteur,1,F,29-30,Domicile - travail,Casque,Non,1,1,03 - mars,3 - jeudi,Paris 17e  Arrondissement
,201700057811,2017-03-23,75,12,75118,48.8937,2.34216,Hors intersection,Autre,Plein jour,Normale,Voie Communale,,2,Plat,Partie rectiligne,10,35,normale,,Sur chaussée,Conducteur,0,M,28-29,Utilisation professionnelle,Casque,Oui,,1,03 - mars,3 - jeudi,Paris 18e  Arrondissement
,201700000099,2017-03-22,59,20,59249,50.0186,4.05058,Giratoire,Deux véhicules - frontale,Nuit avec éclairage public allumé,Normale,Autre,,2,Plat,,,15,normale,,,Conducteur,1,M,35-36,Promenade - loisirs,Casque,Non,1,1,03 - mars,2 - mercredi,Fourmies
,201700015745,2017-03-22,3,15,3236,46.19239,3.42903,Hors intersection,Deux véhicules - par le coté,Plein jour,Normale,Route Départementale,,2,Bas de côte,,,10,normale,,,Conducteur,2,M,80-81,Promenade - loisirs,Casque,Non,1,,03 - mars,2 - mercredi,Saint-Germain-des-Fossés
,201700020924,2017-03-22,83,18,83067,43.32037,6.28572,Hors intersection,Deux véhicules - par le coté,Plein jour,Normale,Route Départementale,,2,Plat,,,10,normale,,,Conducteur,2,M,44-45,Promenade - loisirs,Casque,Oui,1,1,03 - mars,2 - mercredi,Gonfaron
,201700024130,2017-03-22,30,11,30189,43.81806,4.3476,Giratoire,Deux véhicules - par le coté,Plein jour,Normale,Voie Communale,,2,Plat,Partie rectiligne,,60,normale,,,Conducteur,1,M,30-31,Autre,Casque,Non,1,1,03 - mars,2 - mercredi,Nîmes
,201700032120,2017-03-22,59,18,59459,50.37843,3.47338,Hors intersection,Deux véhicules - par le coté,Plein jour,Normale,Voie Communale,,2,Sommet de côte,Partie rectiligne,,,normale,Pont - autopont,Sur chaussée,Conducteur,1,M,32-33,Promenade - loisirs,Casque,Non,1,1,03 - mars,2 - mercredi,Petite-Forêt
,201700034031,2017-03-22,67,7,67482,48.56674,7.75832,Intersection en T,Deux véhicules - par le coté,Plein jour,Pluie légère,Voie Communale,,1,Plat,Partie rectiligne,,44,mouillée,,,Conducteur,1,F,11-12,Domicile - école,Casque,Oui,1,1,03 - mars,2 - mercredi,Strasbourg
,201700036543,2017-03-22,77,10,77118,48.94579,2.66781,Autre intersection,Deux véhicules - par le coté,Plein jour,Normale,Route Départementale,,1,Pente,Partie rectiligne,,,normale,Bretelle d’échangeur ou de raccordement,Sur chaussée,Conducteur,1,M,39-40,Courses - achats,Autre,Non,1,,03 - mars,2 - mercredi,Claye-Souilly
,201700044315,2017-03-22,94,20,94011,0,0,Hors intersection,Deux véhicules - frontale,Nuit avec éclairage public allumé,Pluie légère,Route Départementale,,,,,,,,,Sur chaussée,Conducteur,1,M,7-8,,Equipement réfléchissant,Oui,1,1,03 - mars,2 - mercredi,Bonneuil-sur-Marne
,201700045238,2017-03-22,94,13,94052,0,0,Hors intersection,Deux véhicules - par l’arrière,Plein jour,Normale,Voie Communale,,1,Plat,Partie rectiligne,,32,normale,,Sur chaussée,Conducteur,1,M,15-16,Domicile - école,Autre,Non déterminable,1,1,03 - mars,2 - mercredi,Nogent-sur-Marne
,201700052745,2017-03-22,75,16,75101,48.8642,2.33346,Hors intersection,Deux véhicules - par le coté,Plein jour,Normale,Voie Communale,,1,Plat,,,,,,Sur chaussée,Conducteur,1,F,51-52,,Casque,Non déterminable,1,1,03 - mars,2 - mercredi,Paris 1er Arrondissement
,201700053704,2017-03-22,75,14,75108,48.8659,2.31989,Place,Deux véhicules - par le coté,Plein jour,Normale,Voie Communale,,4,Plat,,,100,normale,,,Conducteur,1,M,67-68,,Casque,Non déterminable,1,1,03 - mars,2 - mercredi,Paris 8e  Arrondissement
,201700054678,2017-03-22,75,15,75112,48.837,2.43159,Hors intersection,Deux véhicules - par le coté,Plein jour,Normale,Voie Communale,,2,Plat,Partie rectiligne,,70,normale,,Sur chaussée,Conducteur,1,M,46-47,Promenade - loisirs,Casque,Non déterminable,1,1,03 - mars,2 - mercredi,Paris 12e  Arrondissement
,201700059489,2017-03-22,971,17,97113,0,0,Hors intersection,Deux véhicules - par le coté,Plein jour,Normale,Route Départementale,,2,,,,,,,Sur chaussée,Conducteur,3,M,50-51,,Autre,Non déterminable,1,,03 - mars,2 - mercredi,Gosier
,201700009271,2017-03-21,13,9,13055,43.29202,5.39414,Hors intersection,Deux véhicules - par le coté,Plein jour,Normale,Voie Communale,,2,Plat,Partie rectiligne,,60,normale,,Sur chaussée,Conducteur,1,M,28-29,Domicile - école,Casque,Non,1,1,03 - mars,1 - mardi,Marseille
,201700011486,2017-03-21,14,11,14117,49.2858,-0.12283,Intersection en X,Deux véhicules - par le coté,Plein jour,Normale,Route Départementale,,2,Plat,Partie rectiligne,,103,normale,,Sur chaussée,Conducteur,2,F,72-73,Promenade - loisirs,Autre,Non,1,1,03 - mars,1 - mardi,Cabourg
,201700016270,2017-03-21,31,18,31135,43.20697,1.08726,Intersection en T,Autre,Plein jour,Normale,Voie Communale,,2,Sommet de côte,Partie rectiligne,,,normale,,Sur chaussée,Conducteur,0,M,33-34,Domicile - travail,Autre,Non déterminable,,1,03 - mars,1 - mardi,Cazères
,201700019945,2017-03-21,76,14,76606,49.77309,1.70874,Hors intersection,Deux véhicules - par l’arrière,Plein jour,Normale,Route Départementale,,2,Plat,Partie rectiligne,,60,normale,,Sur chaussée,Conducteur,2,M,82-83,Promenade - loisirs,Casque,Non,1,,03 - mars,1 - mardi,Morienne
,201700022561,2017-03-21,25,12,25056,47.22861,5.98706,Hors intersection,Deux véhicules - frontale,Plein jour,Normale,Voie Communale,,2,Plat,Partie rectiligne,,,,,Sur chaussée,Conducteur,2,M,40-41,,Autre,Oui,1,1,03 - mars,1 - mardi,Besançon
,201700027130,2017-03-21,37,9,37261,47.39291,0.68771,Intersection en X,Aucune,Plein jour,Pluie légère,Voie Communale,,2,Plat,Partie rectiligne,,70,mouillée,Zone piétonne,Sur trottoir,Conducteur,2,F,69-70,Promenade - loisirs,Casque,Non,,1,03 - mars,1 - mardi,Tours
,201700027801,2017-03-21,41,16,41018,47.59993,1.31987,Hors intersection,Deux véhicules - par l’arrière,Plein jour,Pluie légère,Voie Communale,,2,Plat,,,,normale,,Sur chaussée,Conducteur,2,F,64-65,Domicile - travail,Equipement réfléchissant,Oui,1,1,03 - mars,1 - mardi,Blois
,201700033848,2017-03-21,67,13,67180,0,0,Intersection en T,Deux véhicules - par le coté,Plein jour,Pluie forte,Voie Communale,,1,Plat,Partie rectiligne,,40,mouillée,,Sur chaussée,Conducteur,1,M,48-49,Domicile - travail,Autre,Non déterminable,1,1,03 - mars,1 - mardi,Haguenau
,201700040948,2017-03-21,92,14,92063,48.88438,2.18735,Hors intersection,Autre,Plein jour,Normale,Voie Communale,,1,Plat,Partie rectiligne,,35,normale,,Sur chaussée,Conducteur,3,M,80-81,Promenade - loisirs,Autre,Non,1,1,03 - mars,1 - mardi,Rueil-Malmaison
,201700043845,2017-03-21,94,11,94017,0,0,Hors intersection,Deux véhicules - par l’arrière,Plein jour,Normale,Voie Communale,,4,Plat,Partie rectiligne,,,mouillée,,Sur chaussée,Conducteur,1,M,81-82,Promenade - loisirs,Casque,Oui,1,1,03 - mars,1 - mardi,Champigny-sur-Marne
,201700043846,2017-03-21,94,10,94017,0,0,Hors intersection,Autre,Plein jour,Normale,Voie Communale,,1,Plat,Partie rectiligne,,,mouillée,,Sur chaussée,Conducteur,1,M,37-38,Courses - achats,Casque,Non,1,1,03 - mars,1 - mardi,Champigny-sur-Marne
,201700053467,2017-03-21,75,15,75107,48.8559,2.29349,Hors intersection,Deux véhicules - par le coté,Plein jour,Normale,Voie Communale,,2,Plat,Partie rectiligne,,,normale,,Sur chaussée,Conducteur,1,F,66-67,Domicile - travail,Casque,Non déterminable,1,1,03 - mars,1 - mardi,Paris 7e  Arrondissement
,201700054383,2017-03-21,75,18,75111,48.8606,2.38162,Hors intersection,Deux véhicules - par le coté,Crépuscule ou aube,Normale,Voie Communale,,1,Plat,Partie rectiligne,,60,normale,,Sur chaussée,Conducteur,1,F,49-50,Domicile - travail,Casque,Non déterminable,1,1,03 - mars,1 - mardi,Paris 11e  Arrondissement
,201700005152,2017-03-20,95,17,95039,49.0706,2.1778,Hors intersection,Aucune,Plein jour,Normale,Route Départementale,,2,Plat,Partie rectiligne,,,normale,,Sur chaussée,Conducteur,2,M,36-37,Promenade - loisirs,Autre,Non déterminable,,1,03 - mars,0 - lundi,Auvers-sur-Oise
,201700026538,2017-03-20,35,9,35238,48.10859,-1.69297,Intersection en X,Deux véhicules - par l’arrière,Plein jour,Normale,Voie Communale,,2,Plat,Partie rectiligne,,,normale,,Sur chaussée,Conducteur,2,M,30-31,Domicile - travail,Casque,Non,1,1,03 - mars,0 - lundi,Rennes
,201700037432,2017-03-20,83,12,83098,43.10928,6.00195,Hors intersection,Deux véhicules - par le coté,Plein jour,Normale,Autre,,2,,,,20,,,Sur piste cyclable,Conducteur,1,M,74-75,,Casque,Oui,1,,03 - mars,0 - lundi,Pradet
,201700040200,2017-03-20,92,20,92036,0,0,Intersection en X,Deux véhicules - par le coté,Nuit avec éclairage public allumé,Normale,Voie Communale,,3,Pente,Partie rectiligne,,100,normale,,Sur chaussée,Conducteur,1,M,62-63,Promenade - loisirs,Casque,Non,1,1,03 - mars,0 - lundi,Gennevilliers
,201700041338,2017-03-20,93,14,93001,0,0,Giratoire,Deux véhicules - par le coté,Plein jour,Normale,Voie Communale,,1,Plat,Partie rectiligne,,,normale,,Sur chaussée,Conducteur,1,M,29-30,,Autre,Non,1,1,03 - mars,0 - lundi,Aubervilliers
,201700054675,2017-03-20,75,9,75112,48.8367,2.40144,Hors intersection,Deux véhicules - par le coté,Plein jour,Normale,Voie Communale,,1,Plat,,,30,normale,,Sur piste cyclable,Conducteur,1,M,32-33,Domicile - travail,Casque,Non déterminable,1,1,03 - mars,0 - lundi,Paris 12e  Arrondissement
,201700055429,2017-03-20,75,8,75114,48.8345,2.33411,Hors intersection,Deux véhicules - par le coté,Plein jour,Normale,Voie Communale,,4,Plat,Partie rectiligne,,,normale,,Sur piste cyclable,Conducteur,1,F,44-45,Domicile - travail,Casque,Non déterminable,1,1,03 - mars,0 - lundi,Paris 14e  Arrondissement
,201700006138,2017-03-19,6,17,6159,0,0,Hors intersection,Deux véhicules - par le coté,Plein jour,Normale,Route Départementale,,2,Pente,Partie rectiligne,,,normale,,,Conducteur,2,M,23-24,,Casque,Oui,1,1,03 - mars,6 - dimanche,Villefranche-sur-Mer
,201700008286,2017-03-19,11,11,11262,43.18867,3.00467,Hors intersection,Autre,Plein jour,Normale,Voie Communale,,2,Plat,Partie rectiligne,,,normale,,Sur chaussée,Conducteur,1,M,56-57,Promenade - loisirs,Casque,Oui,1,1,03 - mars,6 - dimanche,Narbonne
,201700009260,2017-03-19,13,17,13055,43.33653,5.35231,Hors intersection,Autre,Plein jour,Normale,Route Départementale,,3,Pente,En courbe à gauche,,70,normale,Bretelle d’échangeur ou de raccordement,Sur chaussée,Conducteur,2,M,15-16,,Casque,Non,1,1,03 - mars,6 - dimanche,Marseille
,201700011894,2017-03-19,37,10,37149,47.63691,0.69128,Hors intersection,Aucune,Plein jour,Normale,Voie Communale,,2,Plat,Partie rectiligne,,34,normale,,Sur chaussée,Conducteur,2,M,60-61,Promenade - loisirs,Casque,Oui,,,03 - mars,6 - dimanche,Marray
,201700016684,2017-03-19,35,10,35351,48.05724,-1.93724,Intersection en T,Deux véhicules - par le coté,Plein jour,Normale,Route Départementale,,2,Plat,Partie rectiligne,,10,normale,,Sur chaussée,Conducteur,1,M,69-70,Promenade - loisirs,Casque,Oui,1,,03 - mars,6 - dimanche,Verger
,201700018071,2017-03-19,49,19,49153,47.24629,-0.60726,Autre intersection,Deux véhicules - par le coté,Nuit sans éclairage public,Normale,Route Départementale,,2,Plat,,,10,normale,,,Conducteur,2,M,67-68,Promenade - loisirs,Casque,Non,1,,03 - mars,6 - dimanche,Valanjou
,201700030799,2017-03-19,56,12,56162,47.73037,-3.43196,Hors intersection,Autre,Plein jour,Normale,Route Départementale,,2,Plat,Partie rectiligne,,,normale,,Sur chaussée,Conducteur,1,M,60-61,Promenade - loisirs,Casque,Oui,1,1,03 - mars,6 - dimanche,Ploemeur
,201700032316,2017-03-19,22,14,22357,48.55357,-2.1932,Hors intersection,Deux véhicules - par le coté,Plein jour,Temps couvert,Route Départementale,,2,Sommet de côte,Partie rectiligne,,,normale,,Sur chaussée,Conducteur,2,M,16-17,Promenade - loisirs,Casque,Oui,1,,03 - mars,6 - dimanche,Trégon
,201700032717,2017-03-19,62,17,62510,50.43196,2.75484,Hors intersection,Deux véhicules - par le coté,Plein jour,Normale,Voie Communale,,2,Plat,Partie rectiligne,,,normale,Pont - autopont,Sur chaussée,Conducteur,2,M,11-12,Promenade - loisirs,Autre,Oui,1,1,03 - mars,6 - dimanche,Liévin
,201700035417,2017-03-19,73,15,73065,45.5738,5.9105,Hors intersection,Deux véhicules - par l’arrière,Plein jour,Normale,Voie Communale,,2,Plat,Partie rectiligne,,,normale,,Sur chaussée,Conducteur,0,F,22-23,Promenade - loisirs,Casque,Non déterminable,1,1,03 - mars,6 - dimanche,Chambéry
,201700035417,2017-03-19,73,15,73065,45.5738,5.9105,Hors intersection,Deux véhicules - par l’arrière,Plein jour,Normale,Voie Communale,,2,Plat,Partie rectiligne,,,normale,,Sur chaussée,Conducteur,2,F,22-23,Promenade - loisirs,Casque,Non déterminable,1,1,03 - mars,6 - dimanche,Chambéry
,201700036742,2017-03-19,78,9,78551,0,0,Hors intersection,Deux véhicules - par le coté,Plein jour,Normale,Route Nationale,,2,Plat,Partie rectiligne,,106,normale,,Sur chaussée,Conducteur,3,M,44-45,Promenade - loisirs,Casque,Oui,1,,03 - mars,6 - dimanche,Saint-Germain-en-Laye
,201700058873,2017-03-19,973,3,97304,0,0,Giratoire,Deux véhicules - frontale,Nuit avec éclairage public allumé,Normale,Voie Communale,,2,Plat,,7,25,normale,,,Conducteur,2,M,51-52,Promenade - loisirs,Autre,Non,1,1,03 - mars,6 - dimanche,Kourou
,201700017953,2017-03-18,42,19,42131,46.17595,4.24334,Hors intersection,Aucune,Nuit sans éclairage public,Normale,Route Départementale,,2,Pente,Partie rectiligne,20,60,normale,,Sur chaussée,Conducteur,2,M,53-54,Promenade - loisirs,Casque,Non,,,03 - mars,5 - samedi,Maizilly
,201700022635,2017-03-18,70,12,70285,47.57577,6.75948,Hors intersection,Deux véhicules - par le coté,Plein jour,Normale,Route Départementale,,1,Plat,En courbe à gauche,,39,normale,,Sur chaussée,Conducteur,1,M,14-15,Promenade - loisirs,Autre,Oui,1,1,03 - mars,5 - samedi,Héricourt
,201700029223,2017-03-18,49,7,49007,47.45229,-0.5561,Hors intersection,Autre,Crépuscule ou aube,Normale,Voie Communale,,2,Plat,Partie rectiligne,,60,normale,,Sur trottoir,Conducteur,2,M,53-54,Promenade - loisirs,Casque,Oui,,1,03 - mars,5 - samedi,Angers
,201700030359,2017-03-18,54,10,54184,48.71462,6.24851,Hors intersection,Deux véhicules - par le coté,Plein jour,Pluie forte,Route Départementale,,2,Plat,Partie rectiligne,,,mouillée,,Sur chaussée,Conducteur,1,M,21-22,Domicile - travail,Casque,Oui,1,1,03 - mars,5 - samedi,Essey-lès-Nancy
,201700032900,2017-03-18,64,17,64102,43.49528,-1.47844,Hors intersection,Aucune,Plein jour,Normale,Voie Communale,,4,Plat,Partie rectiligne,,120,normale,,Sur chaussée,Conducteur,2,M,57-58,Promenade - loisirs,Casque,Non,,1,03 - mars,5 - samedi,Bayonne
,201700035495,2017-03-18,74,9,74010,45.9116,6.1228,Hors intersection,Deux véhicules - par le coté,Plein jour,Normale,Voie Communale,,1,Plat,Partie rectiligne,,,normale,,Sur trottoir,Conducteur,1,M,43-44,Promenade - loisirs,Autre,Non,1,1,03 - mars,5 - samedi,Annecy
,201700042148,2017-03-18,93,20,93031,0,0,Intersection en X,Deux véhicules - frontale,Nuit avec éclairage public allumé,Normale,Autre,,,Plat,,,,normale,,Sur chaussée,Conducteur,1,M,39-40,Autre,Autre,Non déterminable,1,1,03 - mars,5 - samedi,Épinay-sur-Seine
,201700049994,2017-03-18,69,1,69382,0,0,Hors intersection,Deux véhicules - par le coté,Nuit avec éclairage public allumé,Normale,Voie Communale,,3,Plat,Partie rectiligne,30,90,normale,,Sur chaussée,Conducteur,1,F,21-22,Promenade - loisirs,Autre,Non,1,1,03 - mars,5 - samedi,Lyon 2e  Arrondissement
,201700049995,2017-03-18,69,8,69389,45.79784,4.83007,Intersection en X,Deux véhicules - par le coté,Plein jour,Temps couvert,Voie Communale,,1,Plat,En courbe à gauche,,53,normale,,Sur chaussée,Conducteur,2,M,53-54,,Casque,Oui,1,1,03 - mars,5 - samedi,Lyon 9e  Arrondissement
,201700049996,2017-03-18,69,20,69381,45.7679,4.83775,Intersection en T,Deux véhicules - par le coté,Nuit sans éclairage public,Normale,Voie Communale,,4,Plat,Partie rectiligne,,110,normale,,Sur chaussée,Conducteur,2,M,20-21,Utilisation professionnelle,Casque,Non,1,1,03 - mars,5 - samedi,Lyon 1er Arrondissement
,201700050695,2017-03-18,69,15,69387,0,0,Hors intersection,Autre,Plein jour,Temps couvert,Voie Communale,,3,Plat,Partie rectiligne,,,normale,,Sur chaussée,Conducteur,0,M,21-22,,Casque,Non,,1,03 - mars,5 - samedi,Lyon 7e  Arrondissement
,201700053466,2017-03-18,75,18,75107,48.8542,2.31963,Intersection en T,Deux véhicules - par le coté,Crépuscule ou aube,Normale,Voie Communale,,1,Plat,Partie rectiligne,,,normale,,Sur chaussée,Conducteur,1,F,40-41,,Casque,Non déterminable,1,1,03 - mars,5 - samedi,Paris 7e  Arrondissement
,201700054382,2017-03-18,75,6,75111,48.8642,2.38023,Intersection en T,Deux véhicules - frontale,Nuit avec éclairage public allumé,Normale,Voie Communale,,1,Pente,Partie rectiligne,,60,normale,,Sur chaussée,Conducteur,2,M,28-29,Autre,Casque,Non déterminable,1,1,03 - mars,5 - samedi,Paris 11e  Arrondissement
,201700055427,2017-03-18,75,14,75114,48.84,2.32386,Hors intersection,Deux véhicules - par le coté,Plein jour,Normale,Voie Communale,,1,Plat,,,50,normale,,Sur chaussée,Conducteur,1,M,17-18,Promenade - loisirs,Casque,Non déterminable,1,1,03 - mars,5 - samedi,Paris 14e  Arrondissement
,201700055724,2017-03-18,75,,75115,48.8508,2.28426,Hors intersection,Autre,Nuit sans éclairage public,Pluie légère,Voie Communale,,4,Plat,Partie rectiligne,,,mouillée,,Sur chaussée,Conducteur,1,F,26-27,,Casque,Non déterminable,1,1,03 - mars,5 - samedi,Paris 15e  Arrondissement
,201700059009,2017-03-18,974,11,97417,0,0,Hors intersection,Deux véhicules - frontale,Plein jour,Pluie légère,Route Nationale,,2,Plat,En courbe à droite,,,mouillée,,Sur chaussée,Conducteur,2,M,41-42,Promenade - loisirs,Casque,Oui,1,,03 - mars,5 - samedi,Saint-Philippe
,201700004901,2017-03-17,78,22,78528,49.02035,1.61079,Hors intersection,Deux véhicules - par le coté,Nuit avec éclairage public allumé,Normale,Route Départementale,,2,Plat,Partie rectiligne,,,normale,,Sur chaussée,Conducteur,2,F,20-21,,Autre,Non,1,1,03 - mars,4 - vendredi,Rolleboise
,201700009394,2017-03-17,13,20,13055,43.2822,5.39944,Hors intersection,Autre,Nuit avec éclairage public allumé,Normale,Voie Communale,,4,Plat,Partie rectiligne,,60,normale,,,Conducteur,2,M,43-44,,Autre,Non déterminable,,1,03 - mars,4 - vendredi,Marseille
,201700015907,2017-03-17,2,18,2313,49.89755,3.67032,Hors intersection,Deux véhicules - par le coté,Plein jour,Normale,Route Départementale,,2,Plat,Partie rectiligne,,,normale,,Sur chaussée,Conducteur,1,M,13-14,Promenade - loisirs,Casque,Non,1,1,03 - mars,4 - vendredi,Flavigny-le-Grand-et-Beaurain
,201700016546,2017-03-17,29,16,29261,48.34902,-3.98768,Hors intersection,Aucune,Plein jour,Normale,Voie Communale,,2,Pente,Partie rectiligne,,,normale,,Sur chaussée,Conducteur,2,M,59-60,Promenade - loisirs,Casque,Oui,,,03 - mars,4 - vendredi,Saint-Rivoal
,201700026519,2017-03-17,35,12,35238,48.10668,-1.72954,Intersection en T,Autre,Plein jour,Normale,Route Nationale,,5,Plat,Partie rectiligne,,,normale,,Sur chaussée,Conducteur,1,M,31-32,Domicile - travail,Casque,Non déterminable,1,,03 - mars,4 - vendredi,Rennes
,201700027125,2017-03-17,37,9,37261,47.36534,0.67548,Giratoire,Autre,Plein jour,Normale,Voie Communale,,2,Plat,Partie rectiligne,,,normale,,Sur chaussée,Conducteur,1,M,58-59,Promenade - loisirs,Casque,Oui,1,1,03 - mars,4 - vendredi,Tours
,201700034028,2017-03-17,67,12,67447,48.6064,7.74835,Hors intersection,Deux véhicules - par l’arrière,Plein jour,Normale,Voie Communale,,2,Plat,Partie rectiligne,,40,normale,,Sur chaussée,Conducteur,1,M,19-20,,Autre,Oui,1,1,03 - mars,4 - vendredi,Schiltigheim
,201700034448,2017-03-17,68,7,68224,47.5299,7.33167,Autre intersection,Deux véhicules - par le coté,Plein jour,Normale,Autre,,1,Plat,Partie rectiligne,,30,normale,,Sur chaussée,Conducteur,2,F,54-55,Promenade - loisirs,Casque,Oui,1,1,03 - mars,4 - vendredi,Mulhouse
,201700038797,2017-03-17,91,16,91228,48.63554,2.45383,Intersection en T,Deux véhicules - par le coté,Plein jour,Normale,Voie Communale,,2,Plat,Partie rectiligne,,,normale,,Sur chaussée,Conducteur,2,M,73-74,Promenade - loisirs,Casque,Oui,1,1,03 - mars,4 - vendredi,Évry
,201700039451,2017-03-17,92,8,92012,0,0,Hors intersection,Deux véhicules - par le coté,Plein jour,Normale,Voie Communale,,,Plat,Partie rectiligne,,,normale,Pont - autopont,Sur chaussée,Conducteur,1,M,17-18,Domicile - école,Ceinture,Non déterminable,1,1,03 - mars,4 - vendredi,Boulogne-Billancourt
,201700053186,2017-03-17,75,12,75105,48.8406,2.34517,Intersection en T,Deux véhicules - par le coté,Plein jour,Normale,Voie Communale,,2,Pente,,,120,,,Sur chaussée,Conducteur,1,F,23-24,Promenade - loisirs,Casque,Oui,1,1,03 - mars,4 - vendredi,Paris 5e  Arrondissement
,201700053187,2017-03-17,75,19,75105,48.8496,2.34483,Intersection en X,Deux véhicules - par le coté,Nuit avec éclairage public allumé,Normale,Voie Communale,,3,Plat,Partie rectiligne,,,normale,,Sur chaussée,Conducteur,1,M,20-21,,Casque,Non déterminable,1,1,03 - mars,4 - vendredi,Paris 5e  Arrondissement
,201700053465,2017-03-17,75,19,75107,48.8627,2.31902,Intersection à plus de 4 branches,Deux véhicules - par le coté,Nuit avec éclairage public allumé,Normale,Voie Communale,,4,Plat,Partie rectiligne,,140,normale,,Sur chaussée,Conducteur,1,M,30-31,,Casque,Non déterminable,1,1,03 - mars,4 - vendredi,Paris 7e  Arrondissement
,201700002354,2017-03-16,38,16,38565,45.29849,5.62823,Hors intersection,Deux véhicules - par le coté,Plein jour,Normale,Route Départementale,,5,Plat,,,,normale,,Sur chaussée,Conducteur,2,M,68-69,Promenade - loisirs,Casque,Oui,1,,03 - mars,3 - jeudi,Voreppe
,201700006808,2017-03-16,95,11,95371,49.0946,2.5041,Hors intersection,Deux véhicules - par le coté,Plein jour,Normale,Route Départementale,,2,Plat,Partie rectiligne,,,normale,,Sur chaussée,Conducteur,1,M,50-51,Promenade - loisirs,Autre,Non déterminable,1,1,03 - mars,3 - jeudi,Marly-la-Ville
,201700011373,2017-03-16,78,14,78561,48.73375,2.00874,Hors intersection,Deux véhicules - frontale,Plein jour,Normale,Route Départementale,,2,Plat,En courbe à droite,,73,normale,,Sur chaussée,Conducteur,2,M,80-81,Promenade - loisirs,Autre,Oui,1,,03 - mars,3 - jeudi,Saint-Lambert
,201700011543,2017-03-16,88,16,88116,47.969,6.83342,Hors intersection,Deux véhicules - par le coté,Plein jour,Normale,Route Départementale,,2,Pente,Partie rectiligne,,71,normale,,Sur chaussée,Conducteur,2,M,74-75,Promenade - loisirs,Autre,Non,1,1,03 - mars,3 - jeudi,Cornimont
,201700017785,2017-03-16,47,10,47052,44.3256,0.08221,Intersection en T,Deux véhicules - par le coté,Plein jour,Normale,Route Départementale,,2,Plat,Partie rectiligne,,62,normale,,Sur chaussée,Conducteur,2,M,74-75,Promenade - loisirs,Casque,Non,1,1,03 - mars,3 - jeudi,Casteljaloux
,201700020154,2017-03-16,74,17,74164,46.08945,6.50544,Hors intersection,Deux véhicules - par le coté,Plein jour,Normale,Route Départementale,,2,Plat,Partie rectiligne,,,normale,,Sur chaussée,Conducteur,1,M,10-11,Promenade - loisirs,Casque,Oui,1,1,03 - mars,3 - jeudi,Marignier
,201700022330,2017-03-16,21,20,21231,47.31508,5.02972,Intersection en T,Deux véhicules - par le coté,Nuit avec éclairage public allumé,Normale,Voie Communale,,1,Plat,Partie rectiligne,,,normale,,Sur chaussée,Conducteur,1,M,20-21,,Autre,Oui,1,1,03 - mars,3 - jeudi,Dijon
,201700023502,2017-03-16,64,11,64410,43.38184,-0.59516,Hors intersection,Aucune,Plein jour,Normale,Route Départementale,,2,Plat,Partie rectiligne,,,normale,,Sur piste cyclable,Conducteur,2,F,63-64,Promenade - loisirs,Casque,Oui,,1,03 - mars,3 - jeudi,Mourenx
,201700027123,2017-03-16,37,6,37261,47.41207,0.68477,Hors intersection,Autre,Nuit avec éclairage public allumé,Normale,Voie Communale,,2,Plat,Partie rectiligne,,,normale,,Sur chaussée,Conducteur,1,M,29-30,Domicile - travail,Casque,Non,,1,03 - mars,3 - jeudi,Tours
,201700027613,2017-03-16,38,9,38185,45.16028,5.71955,Giratoire,Deux véhicules - par le coté,Plein jour,Normale,Voie Communale,,2,Plat,Partie rectiligne,,63,normale,,Sur piste cyclable,Conducteur,1,M,20-21,Domicile - travail,Casque,Oui,1,1,03 - mars,3 - jeudi,Grenoble
,201700029660,2017-03-16,50,9,50173,0,0,Intersection en X,Aucune,Plein jour,Normale,Voie Communale,,2,Bas de côte,Partie rectiligne,,,normale,Carrefour aménagé,Sur chaussée,Conducteur,1,F,53-54,Domicile - travail,Casque,Non,1,1,03 - mars,3 - jeudi,Équeurdreville-Hainneville