test,identifiantAccident,date,departement,heure,commune,lat,lon,typeIntersection,typeCollision,luminosite,conditionsAtmosperiques,typeRoute,circulation,nbVoies,profilLongRoute,tracePlanRoute,largeurTPC,largeurRoute,etatSurface,amenagement,situation,categorieUsager,graviteAccident,sexe,age,motifDeplacement,existenceSecurite,usageSecurite,nombreAutresVehicules,enAgglomeration,mois,jour,NCCENR
,201700035269,2017-03-16,72,16,72181,48.01757,0.21859,Giratoire,Deux véhicules - par le coté,Plein jour,Normale,Voie Communale,,2,Plat,Partie rectiligne,,,normale,,Sur chaussée,Conducteur,1,F,66-67,,Casque,Oui,1,1,03 - mars,3 - jeudi,Mans
,201700035527,2017-03-16,74,19,74010,45.91331,6.12491,Intersection en X,Deux véhicules - par le coté,Nuit avec éclairage public allumé,Normale,Voie Communale,,1,Plat,Partie rectiligne,,,normale,,Sur chaussée,Conducteur,1,M,36-37,Promenade - loisirs,Equipement réfléchissant,Non,1,1,03 - mars,3 - jeudi,Annecy
,201700035730,2017-03-16,76,11,76217,49.92272,1.07119,Hors intersection,Aucune,Plein jour,Normale,Route Départementale,,2,Pente,Partie rectiligne,,,normale,,Sur chaussée,Conducteur,1,M,15-16,Domicile - école,Casque,Non,,1,03 - mars,3 - jeudi,Dieppe
,201700037106,2017-03-16,81,18,81144,0,0,Intersection en T,Deux véhicules - par le coté,Plein jour,Normale,Voie Communale,,2,Plat,Partie rectiligne,,,normale,,Sur chaussée,Conducteur,2,M,47-48,Promenade - loisirs,Casque,Oui,1,1,03 - mars,3 - jeudi,'Lescure-d''Albigeois'
,201700050690,2017-03-16,69,23,69387,0,0,Intersection en X,Deux véhicules - par le coté,Nuit avec éclairage public allumé,Normale,Voie Communale,,1,Plat,Partie rectiligne,,40,mouillée,,Sur chaussée,Conducteur,2,M,30-31,Promenade - loisirs,Casque,Oui,1,1,03 - mars,3 - jeudi,Lyon 7e  Arrondissement
,201700052743,2017-03-16,75,18,75102,48.8709,2.34672,Intersection en T,Autre,Nuit avec éclairage public allumé,Normale,Voie Communale,,1,Pente,Partie rectiligne,,,normale,,Sur piste cyclable,Conducteur,0,M,15-16,Domicile - école,Casque,Non déterminable,,1,03 - mars,3 - jeudi,Paris 2e  Arrondissement
,201700052886,2017-03-16,75,22,75102,48.8684,2.34765,Intersection en X,Deux véhicules - par le coté,Nuit avec éclairage public allumé,Normale,Voie Communale,,,Pente,Partie rectiligne,,50,normale,Zone piétonne,Sur chaussée,Conducteur,1,M,21-22,,Casque,Non déterminable,1,1,03 - mars,3 - jeudi,Paris 2e  Arrondissement
,201700052976,2017-03-16,75,10,75103,48.8682,2.3536,Intersection en T,Deux véhicules - par le coté,Plein jour,Normale,Voie Communale,,3,Plat,Partie rectiligne,7,123,normale,,Sur chaussée,Conducteur,1,M,27-28,Promenade - loisirs,Casque,Non déterminable,1,1,03 - mars,3 - jeudi,Paris 3e  Arrondissement
,201700053698,2017-03-16,75,18,75108,48.8735,2.29579,Place,Deux véhicules - par le coté,Plein jour,Normale,Voie Communale,,,Plat,En courbe à gauche,,,normale,,Sur chaussée,Conducteur,1,M,54-55,Domicile - travail,Autre,Oui,1,1,03 - mars,3 - jeudi,Paris 8e  Arrondissement
,201700054667,2017-03-16,75,23,75112,48.8513,2.37612,Intersection à plus de 4 branches,Deux véhicules - par le coté,Nuit avec éclairage public allumé,Normale,Voie Communale,,4,,Partie rectiligne,,,normale,,Sur chaussée,Conducteur,1,F,22-23,Promenade - loisirs,Casque,Non déterminable,1,1,03 - mars,3 - jeudi,Paris 12e  Arrondissement
,201700055423,2017-03-16,75,9,75114,48.8313,2.32984,Intersection en X,Deux véhicules - par le coté,Plein jour,Normale,Voie Communale,,4,Plat,Partie rectiligne,,,normale,,Sur chaussée,Conducteur,1,M,40-41,,Casque,Non déterminable,1,1,03 - mars,3 - jeudi,Paris 14e  Arrondissement
,201700056046,2017-03-16,75,15,75116,48.8451,2.2574,Hors intersection,Autre,Plein jour,Normale,Voie Communale,,2,Plat,,,,normale,Zone piétonne,Sur chaussée,Conducteur,0,M,50-51,Promenade - loisirs,Casque,Non déterminable,,1,03 - mars,3 - jeudi,Paris 16e  Arrondissement
,201700056903,2017-03-16,75,18,75118,48.8884,2.34956,Intersection en X,Autre,Crépuscule ou aube,Normale,Voie Communale,,1,Plat,Partie rectiligne,,,normale,,,Conducteur,1,M,24-25,Promenade - loisirs,Casque,Oui,,1,03 - mars,3 - jeudi,Paris 18e  Arrondissement
,201700056904,2017-03-16,75,20,75118,48.8932,2.33919,Hors intersection,Deux véhicules - par le coté,Nuit avec éclairage public allumé,Normale,Voie Communale,,2,Plat,Partie rectiligne,,60,normale,,Sur chaussée,Conducteur,1,F,44-45,Promenade - loisirs,Casque,Non déterminable,1,1,03 - mars,3 - jeudi,Paris 18e  Arrondissement
,201700002325,2017-03-15,38,18,38225,45.12258,5.53062,Intersection en T,Deux véhicules - par le coté,Plein jour,Normale,Route Départementale,,2,Pente,,,15,normale,,,Conducteur,2,M,16-17,Domicile - école,Casque,Non,1,,03 - mars,2 - mercredi,Autrans-Méaudre en Vercors
,201700007438,2017-03-15,74,16,74169,46.05556,6.51817,Hors intersection,Deux véhicules - par le coté,Plein jour,Normale,Route Départementale,,2,Pente,En courbe à gauche,,,normale,,Sur chaussée,Conducteur,1,M,23-24,Domicile - travail,Casque,Non,1,,03 - mars,2 - mercredi,Marnaz
,201700014646,2017-03-15,14,15,14554,49.0749,-0.29658,Intersection en T,Deux véhicules - par le coté,Plein jour,Normale,Route Départementale,,2,Plat,,,89,normale,,Sur chaussée,Conducteur,1,M,72-73,Promenade - loisirs,Casque,Oui,1,,03 - mars,2 - mercredi,Saint-Aignan-de-Cramesnil
,201700018617,2017-03-15,63,15,63271,45.93085,3.48889,Hors intersection,Deux véhicules - frontale,Plein jour,Normale,Voie Communale,,2,Pente,En courbe à droite,,,normale,,Sur chaussée,Conducteur,2,M,13-14,Promenade - loisirs,Casque,Non,1,1,03 - mars,2 - mercredi,Paslières
,201700018887,2017-03-15,11,16,11344,43.08094,2.31845,Intersection en Y,Deux véhicules - frontale,Plein jour,Normale,Route Départementale,,2,Plat,,,10,,,,Conducteur,1,M,10-11,Promenade - loisirs,Equipement réfléchissant,Oui,1,1,03 - mars,2 - mercredi,Saint-Hilaire
,201700022791,2017-03-15,83,10,83049,43.23573,6.07121,Hors intersection,Deux véhicules - par l’arrière,Plein jour,Normale,Route Départementale,,2,Plat,,7,410,normale,,,Conducteur,1,F,51-52,Promenade - loisirs,Casque,Non,1,1,03 - mars,2 - mercredi,Cuers
,201700025676,2017-03-15,33,20,33063,44.8414,-0.55801,Hors intersection,Deux véhicules - par le coté,Nuit avec éclairage public allumé,Normale,Voie Communale,,8,Plat,Partie rectiligne,,,normale,Voie ferrée,Sur chaussée,Conducteur,2,M,21-22,Autre,Equipement réfléchissant,Non déterminable,1,1,03 - mars,2 - mercredi,Bordeaux
,201700026517,2017-03-15,35,18,35238,48.12399,-1.66814,Hors intersection,Aucune,Plein jour,Normale,Voie Communale,,2,Plat,Partie rectiligne,,,normale,,Sur chaussée,Conducteur,1,F,19-20,,Casque,Non,,1,03 - mars,2 - mercredi,Rennes
,201700027612,2017-03-15,38,7,38151,45.14545,5.71692,Hors intersection,Autre,Crépuscule ou aube,Normale,Route Départementale,,2,Plat,Partie rectiligne,,,normale,,,Conducteur,2,M,13-14,,Casque,Oui,1,1,03 - mars,2 - mercredi,Échirolles
,201700031896,2017-03-15,59,12,59650,50.7067,3.17977,Giratoire,Autre,Plein jour,Normale,Voie Communale,,,Plat,En courbe à gauche,,,normale,,Sur chaussée,Conducteur,2,F,49-50,Promenade - loisirs,Casque,Oui,1,1,03 - mars,2 - mercredi,Wattrelos
,201700036022,2017-03-15,76,7,76391,49.30085,0.97509,Intersection en X,Deux véhicules - par le coté,Crépuscule ou aube,Normale,Route Départementale,,2,Plat,Partie rectiligne,,,normale,Carrefour aménagé,Sur chaussée,Conducteur,3,M,84-85,Promenade - loisirs,Casque,Non,1,,03 - mars,2 - mercredi,Londe
,201700042071,2017-03-15,93,23,93029,0,0,Hors intersection,Deux véhicules - par le coté,Nuit avec éclairage public allumé,Normale,Voie Communale,,2,Plat,Partie rectiligne,,,normale,,Sur chaussée,Conducteur,1,M,16-17,Promenade - loisirs,Autre,Non déterminable,1,1,03 - mars,2 - mercredi,Drancy
,201700043354,2017-03-15,93,18,93070,0,0,Intersection en T,Deux véhicules - par le coté,Nuit avec éclairage public allumé,Normale,Voie Communale,,2,Plat,Partie rectiligne,,6,normale,,Sur chaussée,Conducteur,2,M,36-37,Domicile - travail,Casque,Non,1,1,03 - mars,2 - mercredi,Saint-Ouen
,201700052975,2017-03-15,75,19,75103,48.8638,2.35871,Hors intersection,Deux véhicules - par le coté,Nuit avec éclairage public allumé,Normale,Voie Communale,,1,Plat,Partie rectiligne,,52,normale,,Sur chaussée,Conducteur,1,M,30-31,Promenade - loisirs,Casque,Non déterminable,1,1,03 - mars,2 - mercredi,Paris 3e  Arrondissement
,201700054666,2017-03-15,75,18,75112,48.8346,2.41894,Hors intersection,Deux véhicules - frontale,Plein jour,Normale,Voie Communale,,,Plat,,,,normale,,Sur piste cyclable,Conducteur,1,M,15-16,Promenade - loisirs,Casque,Non déterminable,1,1,03 - mars,2 - mercredi,Paris 12e  Arrondissement
,201700054666,2017-03-15,75,18,75112,48.8346,2.41894,Hors intersection,Deux véhicules - frontale,Plein jour,Normale,Voie Communale,,,Plat,,,,normale,,Sur piste cyclable,Conducteur,1,M,42-43,Promenade - loisirs,Casque,Oui,1,1,03 - mars,2 - mercredi,Paris 12e  Arrondissement
,201700059887,2017-03-15,973,8,97302,0,0,Hors intersection,Deux véhicules - par le coté,Plein jour,Normale,Voie Communale,,1,Plat,En courbe à droite,,,normale,Carrefour aménagé,Sur chaussée,Conducteur,1,F,46-47,Autre,Autre,Non,1,1,03 - mars,2 - mercredi,Cayenne
,201700059888,2017-03-15,973,12,97302,0,0,Hors intersection,Deux véhicules - par le coté,Plein jour,Normale,Voie Communale,,,Plat,Partie rectiligne,,,normale,,Sur chaussée,Conducteur,1,F,17-18,Domicile - école,Casque,Non,1,1,03 - mars,2 - mercredi,Cayenne
,201700002756,2017-03-14,63,12,63263,45.79003,3.02119,Hors intersection,Deux véhicules - frontale,Plein jour,Normale,Route Départementale,,2,Pente,En courbe à droite,,48,normale,,Sur chaussée,Conducteur,2,M,37-38,Promenade - loisirs,Casque,Oui,1,1,03 - mars,1 - mardi,Orcines
,201700005412,2017-03-14,37,13,37003,47.4011,0.98574,Hors intersection,Deux véhicules - frontale,Plein jour,Normale,Autre,,2,Pente,,4,10,normale,,,Conducteur,2,M,68-69,Promenade - loisirs,Casque,Oui,1,1,03 - mars,1 - mardi,Amboise
,201700011515,2017-03-14,88,18,88304,48.3007,6.14188,Intersection en T,Deux véhicules - par le coté,Plein jour,Normale,Voie Communale,,2,Plat,,,10,normale,,,Conducteur,2,M,8-9,Promenade - loisirs,Casque,Non,1,1,03 - mars,1 - mardi,Mirecourt
,201700011976,2017-03-14,14,12,14069,49.1306,0.24609,Intersection en T,Deux véhicules - par le coté,Plein jour,Normale,Route Départementale,,2,Plat,Partie rectiligne,,,normale,,Sur chaussée,Conducteur,1,M,47-48,Promenade - loisirs,Casque,Oui,1,1,03 - mars,1 - mardi,Beuvillers
,201700013032,2017-03-14,21,16,21210,47.25262,4.59345,Intersection en T,Deux véhicules - par le coté,Plein jour,Normale,Voie Communale,,2,Plat,,5,10,normale,,,Conducteur,2,M,72-73,Autre,Casque,Non,1,1,03 - mars,1 - mardi,Créancey
,201700014159,2017-03-14,60,15,60188,49.40362,2.99961,Hors intersection,Deux véhicules - par le coté,Plein jour,Normale,Route Nationale,,2,Plat,,,70,normale,,Sur chaussée,Conducteur,2,M,63-64,,Casque,Non,1,1,03 - mars,1 - mardi,Cuise-la-Motte
,201700016055,2017-03-14,38,8,38150,45.21007,5.83232,Giratoire,Deux véhicules - par le coté,Plein jour,Normale,Route Départementale,,1,Plat,,8,10,normale,,Sur piste cyclable,Conducteur,2,M,33-34,Domicile - travail,Autre,Non,1,,03 - mars,1 - mardi,Domène
,201700019263,2017-03-14,65,17,65029,42.99906,-0.11145,Hors intersection,Aucune,Plein jour,Normale,Route Départementale,,2,Pente,En « S »,,66,normale,,Sur accotement,Conducteur,2,M,58-59,Promenade - loisirs,Casque,Oui,,,03 - mars,1 - mardi,Arras-en-Lavedan
,201700021130,2017-03-14,17,18,17300,46.15945,-1.20001,Intersection en T,Deux véhicules - par le coté,Plein jour,Normale,Voie Communale,,2,Plat,Partie rectiligne,,96,normale,,Sur chaussée,Conducteur,2,F,68-69,Promenade - loisirs,Autre,Non,1,1,03 - mars,1 - mardi,Rochelle
,201700023612,2017-03-14,29,16,29019,48.40771,-4.47174,Hors intersection,Deux véhicules - par le coté,Plein jour,Normale,Voie Communale,,4,Plat,,,,normale,,Sur chaussée,Conducteur,1,M,24-25,,Autre,Non déterminable,1,1,03 - mars,1 - mardi,Brest
,201700026515,2017-03-14,35,7,35238,48.10985,-1.67329,Hors intersection,Aucune,Plein jour,Normale,Voie Communale,,1,Plat,Partie rectiligne,,,normale,,Sur chaussée,Conducteur,2,M,28-29,,Casque,Non déterminable,,1,03 - mars,1 - mardi,Rennes
,201700028329,2017-03-14,44,20,44109,47.20927,-1.56666,Hors intersection,Autre,Nuit avec éclairage public allumé,Normale,Voie Communale,,1,Plat,En courbe à gauche,,,normale,,Sur chaussée,Conducteur,2,M,44-45,,Casque,Oui,1,1,03 - mars,1 - mardi,Nantes
,201700028796,2017-03-14,45,7,45285,47.91288,1.87338,Hors intersection,Deux véhicules - frontale,Plein jour,Normale,Voie Communale,,,,,,,,,,Conducteur,1,M,13-14,,Casque,Oui,1,1,03 - mars,1 - mardi,Saint-Jean-de-la-Ruelle
,201700029220,2017-03-14,49,11,49007,47.47519,-0.5828,Hors intersection,Autre,Plein jour,Normale,Voie Communale,,2,Plat,Partie rectiligne,,47,normale,,Sur chaussée,Conducteur,1,F,18-19,Domicile - école,Casque,Non déterminable,1,1,03 - mars,1 - mardi,Angers
,201700034024,2017-03-14,67,11,67482,48.58317,7.69769,Intersection en X,Deux véhicules - par le coté,Plein jour,Normale,Voie Communale,,2,Plat,Partie rectiligne,,20,normale,,Sur chaussée,Conducteur,1,M,16-17,Domicile - école,Equipement réfléchissant,Oui,1,1,03 - mars,1 - mardi,Strasbourg
,201700035821,2017-03-14,76,17,76351,49.5018,0.16346,Hors intersection,Autre,Plein jour,Normale,Voie Communale,,2,Plat,Partie rectiligne,,98,normale,,Sur chaussée,Conducteur,0,M,14-15,Domicile - école,Autre,Non déterminable,,1,03 - mars,1 - mardi,Havre
,201700038083,2017-03-14,87,10,87085,45.8138,1.28194,Hors intersection,Deux véhicules - par le coté,Plein jour,Normale,Voie Communale,,1,Plat,En courbe à gauche,,30,normale,,Sur chaussée,Conducteur,1,F,18-19,Domicile - travail,Autre,Non déterminable,1,1,03 - mars,1 - mardi,Limoges
,201700038877,2017-03-14,91,8,91377,48.72542,2.26164,Hors intersection,Deux véhicules - par l’arrière,Plein jour,Normale,Voie Communale,,2,Plat,Partie rectiligne,,,normale,,Sur chaussée,Conducteur,1,M,44-45,Utilisation professionnelle,Casque,Oui,1,1,03 - mars,1 - mardi,Massy
,201700039448,2017-03-14,92,7,92012,0,0,Hors intersection,Deux véhicules - par le coté,Crépuscule ou aube,Normale,Route Départementale,,,Plat,Partie rectiligne,,,normale,,Sur chaussée,Conducteur,1,F,33-34,Domicile - travail,Casque,Non,1,1,03 - mars,1 - mardi,Boulogne-Billancourt
,201700039728,2017-03-14,92,18,92023,0,0,Intersection en X,Autre,Plein jour,Normale,Voie Communale,,2,Plat,Partie rectiligne,,,normale,,Sur chaussée,Conducteur,1,M,65-66,,Autre,Non déterminable,1,1,03 - mars,1 - mardi,Clamart
,201700040946,2017-03-14,92,18,92063,0,0,Intersection en X,Deux véhicules - par le coté,Plein jour,Normale,Route Départementale,,2,Plat,Partie rectiligne,10,60,normale,Carrefour aménagé,Sur chaussée,Conducteur,1,M,15-16,Promenade - loisirs,Autre,Oui,1,1,03 - mars,1 - mardi,Rueil-Malmaison
,201700045143,2017-03-14,94,17,94046,0,0,Intersection en T,Deux véhicules - par le coté,Plein jour,Normale,Route Départementale,,2,Plat,Partie rectiligne,,80,normale,,Sur chaussée,Conducteur,1,M,17-18,,Autre,Non déterminable,1,1,03 - mars,1 - mardi,Maisons-Alfort
,201700045273,2017-03-14,94,7,94068,0,0,Intersection en X,Deux véhicules - par le coté,Plein jour,Normale,Voie Communale,,1,Plat,Partie rectiligne,,,normale,,Sur chaussée,Conducteur,1,M,16-17,Domicile - école,Casque,Non,1,1,03 - mars,1 - mardi,Saint-Maur-des-Fossés
,201700001067,2017-03-13,72,9,72154,47.6998,-0.07889,Hors intersection,Deux véhicules - par le coté,Plein jour,Normale,Autre,,2,Plat,,,10,normale,,,Conducteur,2,F,62-63,Courses - achats,Autre,Oui,1,1,03 - mars,0 - lundi,Flèche
,201700007834,2017-03-13,35,8,35210,48.13531,-1.78251,Hors intersection,Deux véhicules - par l’arrière,Plein jour,Normale,Voie Communale,,2,Pente,Partie rectiligne,,52,normale,,Sur chaussée,Conducteur,2,M,49-50,Domicile - travail,Casque,Oui,1,,03 - mars,0 - lundi,Pacé
,201700020194,2017-03-13,74,18,74173,45.85848,6.62067,Intersection en T,Aucune,Nuit avec éclairage public allumé,Normale,Route Départementale,,2,Plat,Partie rectiligne,,,normale,,Sur chaussée,Conducteur,2,M,64-65,Promenade - loisirs,Casque,Non,,1,03 - mars,0 - lundi,Megève
,201700021128,2017-03-13,17,9,17300,46.1691,-1.1499,Giratoire,Deux véhicules - par le coté,Plein jour,Pluie légère,Voie Communale,,2,Plat,Partie rectiligne,,82,mouillée,,Sur piste cyclable,Conducteur,1,F,36-37,Domicile - travail,Casque,Oui,1,1,03 - mars,0 - lundi,Rochelle
,201700022367,2017-03-13,22,9,22113,48.75177,-3.45254,Giratoire,Deux véhicules - par le coté,Plein jour,Normale,Voie Communale,,2,Plat,En courbe à gauche,,,normale,Carrefour aménagé,Sur chaussée,Conducteur,1,M,36-37,Domicile - travail,Casque,Oui,1,,03 - mars,0 - lundi,Lannion
,201700025196,2017-03-13,68,13,68162,48.13536,7.2659,Intersection en T,Deux véhicules - par le coté,Plein jour,Normale,Route Départementale,,3,Plat,Partie rectiligne,,100,normale,,Sur chaussée,Conducteur,1,M,69-70,Promenade - loisirs,Autre,Non,1,1,03 - mars,0 - lundi,Kaysersberg Vignoble
,201700026976,2017-03-13,36,11,36044,46.8077,1.69787,Hors intersection,Autre,Plein jour,Normale,Voie Communale,,2,Plat,Partie rectiligne,,,normale,,Sur chaussée,Conducteur,1,F,63-64,,,,1,1,03 - mars,0 - lundi,Châteauroux
,201700029658,2017-03-13,50,16,50129,49.6396,1.61864,Intersection en T,Deux véhicules - par l’arrière,Plein jour,Normale,Voie Communale,,3,Plat,Partie rectiligne,,,normale,,Sur chaussée,Conducteur,1,M,34-35,Domicile - travail,Casque,Oui,1,1,03 - mars,0 - lundi,Cherbourg-en-Cotentin
,201700042070,2017-03-13,93,19,93029,0,0,Hors intersection,Deux véhicules - frontale,Nuit avec éclairage public allumé,Normale,Voie Communale,,1,Plat,,,,normale,,Sur chaussée,Conducteur,1,M,66-67,Autre,Autre,Non,1,1,03 - mars,0 - lundi,Drancy
,201700045235,2017-03-13,94,19,94052,0,0,Hors intersection,Deux véhicules - par l’arrière,Nuit avec éclairage public allumé,Normale,Route Départementale,,3,Plat,Partie rectiligne,,120,normale,,Sur chaussée,Conducteur,1,F,58-59,Domicile - travail,Equipement réfléchissant,Oui,1,1,03 - mars,0 - lundi,Nogent-sur-Marne
,201700046478,2017-03-13,77,9,77514,48.93509,2.6087,Hors intersection,Aucune,Plein jour,Normale,Autoroute,,2,Plat,Partie rectiligne,25,60,normale,,,Conducteur,1,M,37-38,Domicile - travail,Casque,Oui,,,03 - mars,0 - lundi,Villeparisis
,201700053056,2017-03-13,75,9,75104,48.8607,2.34941,Hors intersection,Deux véhicules - par le coté,Plein jour,Normale,Voie Communale,,4,Plat,Partie rectiligne,5,130,normale,,Sur piste cyclable,Conducteur,1,M,46-47,Utilisation professionnelle,Casque,Non déterminable,1,1,03 - mars,0 - lundi,Paris 4e  Arrondissement
,201700054008,2017-03-13,75,12,75109,48.873,2.33862,Hors intersection,Deux véhicules - par le coté,Plein jour,Normale,Voie Communale,,2,Plat,Partie rectiligne,,,normale,,Sur chaussée,Conducteur,1,M,67-68,,Casque,Non déterminable,1,1,03 - mars,0 - lundi,Paris 9e  Arrondissement
,201700054009,2017-03-13,75,18,75109,48.8738,2.33794,Hors intersection,Deux véhicules - par le coté,Plein jour,Normale,Voie Communale,,1,Plat,Partie rectiligne,,,normale,,Sur chaussée,Conducteur,1,F,34-35,Domicile - travail,Casque,Non déterminable,1,1,03 - mars,0 - lundi,Paris 9e  Arrondissement
,201700054174,2017-03-13,75,9,75110,48.8695,2.36635,Hors intersection,Deux véhicules - par l’arrière,Plein jour,Normale,Voie Communale,,3,Plat,Partie rectiligne,,70,normale,,Sur chaussée,Conducteur,1,M,34-35,Utilisation professionnelle,Casque,Non déterminable,1,1,03 - mars,0 - lundi,Paris 10e  Arrondissement
,201700054378,2017-03-13,75,20,75111,48.8548,2.37811,Hors intersection,Deux véhicules - par le coté,Nuit avec éclairage public allumé,Normale,Voie Communale,,2,Plat,Partie rectiligne,,50,normale,,Sur chaussée,Conducteur,1,F,39-40,Domicile - travail,Casque,Oui,1,1,03 - mars,0 - lundi,Paris 11e  Arrondissement
,201700059885,2017-03-13,973,17,97302,4.94389,-52.30908,Hors intersection,Deux véhicules - par le coté,Plein jour,Normale,Voie Communale,,2,Plat,,,,normale,,Sur chaussée,Conducteur,0,M,13-14,,Autre,Non déterminable,1,1,03 - mars,0 - lundi,Cayenne
,201700017301,2017-03-12,68,15,68374,48.07314,7.28929,Intersection en X,Deux véhicules - par le coté,Plein jour,Normale,Voie Communale,,2,Plat,Partie rectiligne,,50,normale,,Sur chaussée,Conducteur,1,M,38-39,Utilisation professionnelle,Casque,Oui,1,1,03 - mars,6 - dimanche,Wintzenheim
,201700040454,2017-03-12,92,12,92048,0,0,Intersection en T,Deux véhicules - par le coté,Plein jour,Normale,Voie Communale,,1,,,,90,,,,Conducteur,1,F,49-50,Autre,Autre,Non,1,1,03 - mars,6 - dimanche,Meudon
,201700041858,2017-03-12,93,18,93014,0,0,Hors intersection,Deux véhicules - frontale,Crépuscule ou aube,Normale,Hors réseau public,,1,Plat,Partie rectiligne,,20,normale,,Sur chaussée,Conducteur,2,M,10-11,Promenade - loisirs,Casque,Non,1,1,03 - mars,6 - dimanche,Clichy-sous-Bois
,201700050685,2017-03-12,69,18,69387,0,0,Intersection en X,Deux véhicules - par le coté,Nuit avec éclairage public allumé,Normale,Voie Communale,,,Plat,,,,normale,,Sur chaussée,Conducteur,1,M,23-24,Utilisation professionnelle,Casque,Oui,1,1,03 - mars,6 - dimanche,Lyon 7e  Arrondissement
,201700058912,2017-03-12,973,18,97311,0,0,Hors intersection,Deux véhicules - frontale,Crépuscule ou aube,Normale,Route Départementale,,2,Plat,Partie rectiligne,,,normale,,Sur chaussée,Conducteur,2,F,13-14,,Casque,Non,1,1,03 - mars,6 - dimanche,Saint-Laurent-du-Maroni
,201700002353,2017-03-11,38,18,38170,45.24669,5.66295,Hors intersection,Deux véhicules - par l’arrière,Nuit sans éclairage public,Normale,Voie Communale,,2,Plat,En courbe à gauche,,,normale,,Sur chaussée,Conducteur,2,M,78-79,Promenade - loisirs,Equipement réfléchissant,Oui,1,1,03 - mars,5 - samedi,Fontanil-Cornillon
,201700012923,2017-03-11,40,19,40250,43.92907,-0.43054,Hors intersection,Deux véhicules - par l’arrière,Nuit sans éclairage public,Normale,Route Départementale,,2,Plat,Partie rectiligne,,76,normale,,Sur chaussée,Conducteur,2,M,40-41,Promenade - loisirs,Casque,Non,1,,03 - mars,5 - samedi,Saint-Avit
,201700015155,2017-03-11,66,9,66024,42.51401,2.82995,Giratoire,Deux véhicules - par le coté,Plein jour,Normale,Route Départementale,,2,Plat,,,15,,,,Conducteur,2,M,33-34,Promenade - loisirs,Casque,Oui,1,1,03 - mars,5 - samedi,Boulou
,201700025173,2017-03-11,68,11,68172,48.07642,7.53428,Intersection en X,Deux véhicules - par le coté,Plein jour,Normale,Route Départementale,,2,Plat,Partie rectiligne,,62,normale,,Sur chaussée,Conducteur,1,M,56-57,Promenade - loisirs,Casque,Oui,1,1,03 - mars,5 - samedi,Kunheim
,201700027119,2017-03-11,37,13,37214,47.41115,0.67559,Intersection en X,Deux véhicules - par le coté,Plein jour,Normale,Voie Communale,,2,Plat,Partie rectiligne,,,normale,,Sur chaussée,Conducteur,1,M,17-18,Promenade - loisirs,Casque,Non,1,1,03 - mars,5 - samedi,Saint-Cyr-sur-Loire
,201700028161,2017-03-11,42,8,42186,45.53151,4.62502,Intersection en T,Deux véhicules - par le coté,Plein jour,Normale,Route Départementale,,2,Plat,Partie rectiligne,,60,normale,,Sur piste cyclable,Conducteur,2,M,72-73,,Casque,Oui,1,1,03 - mars,5 - samedi,Rive-de-Gier
,201700033128,2017-03-11,64,15,64445,43.31703,-0.3682,Intersection en T,Deux véhicules - par le coté,Plein jour,Normale,Voie Communale,,2,Plat,Partie rectiligne,,,normale,,Sur chaussée,Conducteur,2,F,90-91,Promenade - loisirs,Casque,Oui,1,1,03 - mars,5 - samedi,Pau
,201700055069,2017-03-11,75,17,75113,48.8407,2.36958,Intersection en T,Deux véhicules - par le coté,Plein jour,Normale,Voie Communale,,4,Plat,Partie rectiligne,,150,normale,,Sur piste cyclable,Conducteur,1,F,30-31,,Casque,Non déterminable,1,1,03 - mars,5 - samedi,Paris 13e  Arrondissement
,201700056036,2017-03-11,75,8,75116,48.8537,2.2774,Intersection en X,Deux véhicules - par le coté,Plein jour,Normale,Voie Communale,,2,Pente,Partie rectiligne,,,normale,,Sur chaussée,Conducteur,1,M,18-19,Domicile - école,Casque,Non déterminable,1,1,03 - mars,5 - samedi,Paris 16e  Arrondissement
,201700002295,2017-03-10,38,16,38540,45.26395,5.58593,Hors intersection,Aucune,Plein jour,Normale,Route Départementale,,2,Pente,En courbe à gauche,,,normale,,Sur chaussée,Conducteur,2,M,50-51,Promenade - loisirs,Casque,Oui,,,03 - mars,4 - vendredi,Veurey-Voroize
,201700003614,2017-03-10,4,17,4112,43.8324,5.7625,Intersection en T,Deux véhicules - par le coté,Plein jour,Normale,Route Départementale,,2,,,,,normale,Carrefour aménagé,Sur chaussée,Conducteur,2,M,52-53,Promenade - loisirs,Casque,Non,1,,03 - mars,4 - vendredi,Manosque
,201700008112,2017-03-10,11,7,11069,43.21617,2.36095,Hors intersection,Deux véhicules - par le coté,Plein jour,Normale,Voie Communale,,2,Pente,Partie rectiligne,,87,normale,Pont - autopont,Sur chaussée,Conducteur,1,M,63-64,Domicile - travail,Casque,Oui,1,1,03 - mars,4 - vendredi,Carcassonne
,201700008472,2017-03-10,12,20,12145,0,0,Intersection en X,Deux véhicules - par le coté,Nuit avec éclairage public allumé,Normale,Voie Communale,,2,Pente,Partie rectiligne,,,normale,,,Conducteur,1,M,22-23,Promenade - loisirs,Casque,Oui,1,1,03 - mars,4 - vendredi,Millau
,201700015187,2017-03-10,58,17,58095,46.83756,3.47912,Hors intersection,Trois véhicules et plus - en chaîne,Crépuscule ou aube,Normale,Route Départementale,,2,Plat,Partie rectiligne,,60,normale,,Sur chaussée,Conducteur,2,F,58-59,Promenade - loisirs,Casque,Non,1,,03 - mars,4 - vendredi,Decize
,201700015187,2017-03-10,58,17,58095,46.83756,3.47912,Hors intersection,Trois véhicules et plus - en chaîne,Crépuscule ou aube,Normale,Route Départementale,,2,Plat,Partie rectiligne,,60,normale,,Sur chaussée,Conducteur,2,M,59-60,Promenade - loisirs,Casque,Non,1,,03 - mars,4 - vendredi,Decize