test,identifiantAccident,date,departement,heure,commune,lat,lon,typeIntersection,typeCollision,luminosite,conditionsAtmosperiques,typeRoute,circulation,nbVoies,profilLongRoute,tracePlanRoute,largeurTPC,largeurRoute,etatSurface,amenagement,situation,categorieUsager,graviteAccident,sexe,age,motifDeplacement,existenceSecurite,usageSecurite,nombreAutresVehicules,enAgglomeration,mois,jour,NCCENR
,201700021124,2017-03-10,17,14,17300,46.16483,-1.20419,Hors intersection,Deux véhicules - par le coté,Plein jour,Normale,Voie Communale,,2,Plat,Partie rectiligne,,53,normale,,Sur chaussée,Conducteur,1,M,28-29,Promenade - loisirs,Autre,Non,1,1,03 - mars,4 - vendredi,Rochelle
,201700025673,2017-03-10,33,23,33063,44.841,-0.56922,Hors intersection,Deux véhicules - par le coté,Nuit avec éclairage public allumé,Normale,Voie Communale,,9,Plat,Partie rectiligne,,,,,Sur chaussée,Conducteur,1,M,24-25,,Casque,Non déterminable,1,1,03 - mars,4 - vendredi,Bordeaux
,201700025972,2017-03-10,49,7,49192,47.01525,-0.74425,Intersection en X,Deux véhicules - par le coté,Crépuscule ou aube,Normale,Route Départementale,,2,Plat,Partie rectiligne,6,10,normale,Carrefour aménagé,Sur chaussée,Conducteur,2,M,65-66,Promenade - loisirs,Casque,Oui,1,,03 - mars,4 - vendredi,Maulévrier
,201700026002,2017-03-10,6,17,6161,43.63068,7.13422,Hors intersection,Deux véhicules - par le coté,Plein jour,Temps éblouissant,Route Départementale,,2,Plat,Partie rectiligne,,70,normale,,Sur piste cyclable,Conducteur,2,M,61-62,Promenade - loisirs,Casque,Oui,1,1,03 - mars,4 - vendredi,Villeneuve-Loubet
,201700030791,2017-03-10,56,7,56121,47.73643,-3.38301,Giratoire,Deux véhicules - par le coté,Plein jour,Brouillard - fumée,Route Départementale,,2,Bas de côte,Partie rectiligne,,,mouillée,,Sur chaussée,Conducteur,1,M,11-12,Domicile - école,Casque,Oui,1,1,03 - mars,4 - vendredi,Lorient
,201700034020,2017-03-10,67,10,67043,0,0,Intersection en T,Deux véhicules - par le coté,Plein jour,Normale,Route Départementale,,2,Pente,En courbe à gauche,,150,normale,,,Conducteur,1,M,41-42,,Equipement réfléchissant,Oui,1,1,03 - mars,4 - vendredi,Bischheim
,201700035492,2017-03-10,74,18,74010,45.90368,6.12739,Intersection en T,Autre,Crépuscule ou aube,Normale,Voie Communale,,2,Plat,Partie rectiligne,,66,normale,,Sur chaussée,Conducteur,1,M,19-20,Promenade - loisirs,Autre,Oui,1,1,03 - mars,4 - vendredi,Annecy
,201700039246,2017-03-10,92,14,92004,0,0,Intersection en X,Deux véhicules - par le coté,Plein jour,Normale,Voie Communale,,1,Plat,Partie rectiligne,,,normale,,Sur chaussée,Conducteur,1,M,12-13,Promenade - loisirs,Casque,Non,1,1,03 - mars,4 - vendredi,Asnières-sur-Seine
,201700049980,2017-03-10,69,15,69286,0,0,Hors intersection,Deux véhicules - par le coté,Plein jour,Normale,Voie Communale,,,Plat,En courbe à droite,,,normale,Carrefour aménagé,Sur chaussée,Conducteur,1,M,48-49,,Casque,Oui,1,1,03 - mars,4 - vendredi,Rillieux-la-Pape
,201700055065,2017-03-10,75,2,75113,48.8299,2.3503,Hors intersection,Autre,Nuit avec éclairage public allumé,Normale,Voie Communale,,1,Pente,Partie rectiligne,,50,normale,,Sur chaussée,Conducteur,1,M,25-26,,Casque,Non,,1,03 - mars,4 - vendredi,Paris 13e  Arrondissement
,201700056897,2017-03-10,75,,75118,48.8946,2.3471,Intersection en Y,Deux véhicules - par le coté,Nuit avec éclairage public allumé,Normale,Voie Communale,,2,Plat,Partie rectiligne,,200,normale,,Sur chaussée,Conducteur,1,M,46-47,Domicile - travail,Casque,Non,1,1,03 - mars,4 - vendredi,Paris 18e  Arrondissement
,201700057538,2017-03-10,75,9,75120,48.8738,2.40521,Hors intersection,Deux véhicules - par l’arrière,Plein jour,Normale,Voie Communale,,2,Pente,Partie rectiligne,,,normale,,Sur chaussée,Conducteur,1,M,56-57,Autre,Casque,Oui,1,1,03 - mars,4 - vendredi,Paris 20e  Arrondissement
,201700008666,2017-03-09,13,9,13005,43.29597,5.58365,Hors intersection,Deux véhicules - frontale,Plein jour,Normale,Route Départementale,,2,Pente,Partie rectiligne,,,normale,,Sur chaussée,Conducteur,1,M,59-60,Promenade - loisirs,Autre,Non déterminable,1,,03 - mars,3 - jeudi,Aubagne
,201700019822,2017-03-09,79,13,79220,46.21865,-0.63889,Hors intersection,Deux véhicules - par l’arrière,Plein jour,Normale,Route Départementale,,2,Pente,En courbe à gauche,,45,normale,,Sur chaussée,Conducteur,2,M,69-70,Promenade - loisirs,Equipement réfléchissant,Non,1,,03 - mars,3 - jeudi,Prin-Deyrançon
,201700032686,2017-03-09,62,17,62413,50.44506,2.90708,Hors intersection,Autre,Plein jour,Normale,Voie Communale,,2,Pente,Partie rectiligne,,70,normale,,Sur chaussée,Conducteur,1,F,71-72,Promenade - loisirs,Casque,Non,1,1,03 - mars,3 - jeudi,Harnes
,201700039200,2017-03-09,92,18,92002,0,0,Intersection en T,Deux véhicules - par le coté,Plein jour,Normale,Route Départementale,,4,Pente,Partie rectiligne,,,normale,,Sur chaussée,Conducteur,1,F,46-47,Promenade - loisirs,Casque,Non,1,1,03 - mars,3 - jeudi,Antony
,201700052737,2017-03-09,75,14,75101,48.8641,2.33604,Hors intersection,Deux véhicules - par l’arrière,Plein jour,Normale,Voie Communale,,2,Pente,Partie rectiligne,,80,normale,,Sur chaussée,Conducteur,1,M,48-49,Promenade - loisirs,Casque,Non,1,1,03 - mars,3 - jeudi,Paris 1er Arrondissement
,201700054659,2017-03-09,75,10,75112,48.8487,2.37253,Intersection en X,Deux véhicules - par le coté,Plein jour,Normale,Voie Communale,,3,Plat,Partie rectiligne,,90,normale,,Sur chaussée,Conducteur,1,F,31-32,Domicile - travail,Casque,Non,1,1,03 - mars,3 - jeudi,Paris 12e  Arrondissement
,201700056039,2017-03-09,75,12,75116,48.8732,2.29458,Place,Deux véhicules - par le coté,Plein jour,Normale,Voie Communale,,2,Plat,,,,normale,,Sur chaussée,Conducteur,1,M,40-41,Domicile - travail,Casque,Oui,1,1,03 - mars,3 - jeudi,Paris 16e  Arrondissement
,201700003241,2017-03-08,68,15,68231,48.01317,7.53315,Hors intersection,Deux véhicules - par le coté,Plein jour,Vent fort - tempête,Route Départementale,,2,Plat,Partie rectiligne,,60,mouillée,,Sur chaussée,Conducteur,2,M,57-58,Promenade - loisirs,Autre,Non déterminable,1,,03 - mars,2 - mercredi,Neuf-Brisach
,201700020414,2017-03-08,56,15,56006,47.92226,-2.30257,Hors intersection,Autre,Plein jour,Normale,Route Départementale,,2,Pente,En courbe à droite,,65,normale,,Sur chaussée,Conducteur,2,M,16-17,Promenade - loisirs,Casque,Oui,1,,03 - mars,2 - mercredi,Augan
,201700021550,2017-03-08,30,14,30292,44.10206,4.55651,Intersection en T,Deux véhicules - par le coté,Plein jour,Normale,Route Départementale,,2,Pente,,5,10,normale,,,Conducteur,2,M,11-12,Promenade - loisirs,Casque,Non,1,1,03 - mars,2 - mercredi,Saint-Pons-la-Calm
,201700022329,2017-03-08,21,17,21231,47.30047,5.06011,Intersection en T,Deux véhicules - par le coté,Plein jour,Pluie légère,Voie Communale,,4,Plat,Partie rectiligne,,150,mouillée,,Sur chaussée,Conducteur,1,M,59-60,,Casque,Oui,1,1,03 - mars,2 - mercredi,Dijon
,201700034494,2017-03-08,68,17,68297,47.58113,7.55354,Intersection en T,Deux véhicules - par le coté,Plein jour,Normale,Route Départementale,,3,Plat,Partie rectiligne,,114,autre,,Sur chaussée,Conducteur,2,M,95-96,Promenade - loisirs,Casque,Non,1,1,03 - mars,2 - mercredi,Saint-Louis
,201700035491,2017-03-08,74,11,74010,45.90545,6.13212,Giratoire,Autre,Plein jour,Pluie forte,Voie Communale,,,Plat,Partie rectiligne,,,mouillée,,Sur chaussée,Conducteur,1,F,62-63,,Autre,Non déterminable,1,1,03 - mars,2 - mercredi,Annecy
,201700040637,2017-03-08,92,9,92050,0,0,Hors intersection,Deux véhicules - frontale,Plein jour,Normale,Autre,,2,Pente,Partie rectiligne,,40,normale,,Sur chaussée,Conducteur,1,M,51-52,Autre,Casque,Oui,1,1,03 - mars,2 - mercredi,Nanterre
,201700043840,2017-03-08,94,22,94017,0,0,Hors intersection,Deux véhicules - par l’arrière,Nuit avec éclairage public allumé,Pluie légère,Voie Communale,,2,Plat,Partie rectiligne,,,mouillée,,Sur chaussée,Conducteur,1,M,46-47,,Autre,Oui,1,1,03 - mars,2 - mercredi,Champigny-sur-Marne
,201700050677,2017-03-08,69,20,69387,45.74532,4.84195,Intersection en X,Deux véhicules - par le coté,Nuit avec éclairage public allumé,Normale,Voie Communale,,2,Plat,Partie rectiligne,,170,normale,Voie ferrée,Sur chaussée,Conducteur,2,F,25-26,,Casque,Oui,1,1,03 - mars,2 - mercredi,Lyon 7e  Arrondissement
,201700053689,2017-03-08,75,19,75108,48.8785,2.31233,Intersection en T,Deux véhicules - par l’arrière,Nuit avec éclairage public allumé,Pluie légère,Voie Communale,,1,Pente,Partie rectiligne,,,mouillée,,Sur chaussée,Conducteur,1,F,30-31,,Casque,Oui,1,1,03 - mars,2 - mercredi,Paris 8e  Arrondissement
,201700054172,2017-03-08,75,14,75110,48.8778,2.35121,Place,Deux véhicules - par le coté,Plein jour,Temps couvert,Voie Communale,,3,Pente,Partie rectiligne,,100,normale,,Sur piste cyclable,Conducteur,1,M,50-51,Autre,Casque,Oui,1,1,03 - mars,2 - mercredi,Paris 10e  Arrondissement
,201700000042,2017-03-07,59,8,59268,50.63688,2.7342,Hors intersection,Autre,Plein jour,Normale,Voie Communale,,2,Plat,Partie rectiligne,,,normale,,Sur chaussée,Conducteur,2,M,69-70,Courses - achats,Equipement réfléchissant,Non,1,1,03 - mars,1 - mardi,Gorgue
,201700002215,2017-03-07,26,17,26004,45.00761,5.01352,Hors intersection,Deux véhicules - par le coté,Plein jour,Normale,Voie Communale,,2,Plat,Partie rectiligne,,,normale,,Sur chaussée,Conducteur,2,M,79-80,Promenade - loisirs,Casque,Oui,1,,03 - mars,1 - mardi,Alixan
,201700034016,2017-03-07,67,11,67482,48.57146,7.75068,Hors intersection,Deux véhicules - par le coté,Plein jour,Pluie légère,Voie Communale,,3,Plat,Partie rectiligne,,120,mouillée,,Sur chaussée,Conducteur,1,M,64-65,,Autre,Oui,1,1,03 - mars,1 - mardi,Strasbourg
,201700038378,2017-03-07,89,14,89387,48.2068,3.29982,Hors intersection,Deux véhicules - par le coté,Plein jour,Normale,Route Départementale,,1,Plat,,,,normale,,Sur chaussée,Conducteur,1,M,12-13,Domicile - école,Casque,Non,1,,03 - mars,1 - mardi,Sens
,201700039242,2017-03-07,92,9,92004,0,0,Intersection en T,Deux véhicules - frontale,Plein jour,Pluie légère,Voie Communale,,2,Plat,Partie rectiligne,,,mouillée,,Sur chaussée,Conducteur,1,M,15-16,Promenade - loisirs,Casque,Oui,1,1,03 - mars,1 - mardi,Asnières-sur-Seine
,201700054004,2017-03-07,75,16,75109,48.8824,2.34669,Intersection en T,Autre,Plein jour,Normale,Voie Communale,,1,Plat,Partie rectiligne,,60,normale,,Sur chaussée,Conducteur,0,M,23-24,,Casque,Non,,1,03 - mars,1 - mardi,Paris 9e  Arrondissement
,201700055717,2017-03-07,75,15,75115,48.8391,2.30003,Intersection en T,Deux véhicules - par l’arrière,Plein jour,Normale,Voie Communale,,3,Plat,Partie rectiligne,,100,normale,,Sur chaussée,Conducteur,1,M,31-32,Promenade - loisirs,Casque,Oui,1,1,03 - mars,1 - mardi,Paris 15e  Arrondissement
,201700006124,2017-03-06,6,10,6088,0,0,Hors intersection,Autre,Plein jour,Normale,Route Départementale,,3,Plat,Partie rectiligne,,,normale,Carrefour aménagé,Sur chaussée,Conducteur,1,M,66-67,Promenade - loisirs,Casque,Non,1,1,03 - mars,0 - lundi,Nice
,201700021121,2017-03-06,17,15,17300,46.1388,-1.15455,Giratoire,Deux véhicules - par le coté,Plein jour,Vent fort - tempête,Voie Communale,,2,Pente,En courbe à droite,,71,normale,,Sur piste cyclable,Conducteur,1,F,21-22,Domicile - école,Autre,Oui,1,1,03 - mars,0 - lundi,Rochelle
,201700025194,2017-03-06,68,8,68005,48.12421,7.28483,Intersection en X,Deux véhicules - par le coté,Plein jour,Pluie légère,Route Départementale,,2,Pente,Partie rectiligne,,75,mouillée,Carrefour aménagé,,Conducteur,1,M,62-63,Promenade - loisirs,Autre,Non,1,1,03 - mars,0 - lundi,Ammerschwihr
,201700044306,2017-03-06,94,11,94028,0,0,Hors intersection,Deux véhicules - frontale,Plein jour,Pluie légère,Voie Communale,,,,,,,mouillée,,Sur chaussée,Conducteur,2,M,44-45,Domicile - travail,Equipement réfléchissant,Oui,1,1,03 - mars,0 - lundi,Créteil
,201700053683,2017-03-06,75,6,75108,48.8666,2.3219,Place,Deux véhicules - par le coté,Nuit avec éclairage public allumé,Normale,Voie Communale,,4,Plat,En courbe à gauche,,260,normale,,Sur chaussée,Conducteur,1,M,53-54,Domicile - travail,Casque,Oui,1,1,03 - mars,0 - lundi,Paris 8e  Arrondissement
,201700055059,2017-03-06,75,22,75113,48.824,2.37702,Intersection en X,Deux véhicules - par le coté,Nuit avec éclairage public allumé,Pluie légère,Voie Communale,,2,Plat,Partie rectiligne,,,mouillée,,Sur chaussée,Conducteur,1,M,22-23,Promenade - loisirs,Autre,Non,1,1,03 - mars,0 - lundi,Paris 13e  Arrondissement
,201700001899,2017-03-05,69,10,69287,45.68443,5.02529,Giratoire,Deux véhicules - frontale,Plein jour,Normale,Voie Communale,,1,Plat,,,15,normale,,,Conducteur,2,M,52-53,Promenade - loisirs,Equipement réfléchissant,Oui,1,1,03 - mars,6 - dimanche,Saint-Bonnet-de-Mure
,201700015277,2017-03-05,26,12,26124,44.8396,4.88795,Hors intersection,Aucune,Plein jour,Pluie forte,Voie Communale,,2,Pente,,,20,normale,,,Conducteur,2,M,65-66,Promenade - loisirs,Casque,Non,,1,03 - mars,6 - dimanche,Étoile-sur-Rhône
,201700034014,2017-03-05,67,20,67482,48.56636,7.72068,Hors intersection,Deux véhicules - frontale,Nuit avec éclairage public allumé,Pluie légère,Voie Communale,,2,Plat,Partie rectiligne,,107,mouillée,,Sur chaussée,Conducteur,1,M,30-31,Promenade - loisirs,Autre,Non déterminable,1,1,03 - mars,6 - dimanche,Strasbourg
,201700040453,2017-03-05,92,22,92048,0,0,Hors intersection,Deux véhicules - par le coté,Nuit avec éclairage public allumé,Normale,Voie Communale,,2,Plat,Partie rectiligne,,75,normale,,Sur chaussée,Conducteur,1,M,41-42,,Casque,Oui,1,1,03 - mars,6 - dimanche,Meudon
,201700041144,2017-03-05,92,10,92022,0,0,Hors intersection,Autre,Plein jour,Pluie forte,Route Départementale,,2,Plat,Partie rectiligne,,135,mouillée,,Sur chaussée,Conducteur,0,M,20-21,Autre,Casque,Oui,,1,03 - mars,6 - dimanche,Chaville
,201700052735,2017-03-05,75,16,75101,48.8629,2.34136,Hors intersection,Autre,Plein jour,Temps éblouissant,Voie Communale,,1,Plat,Partie rectiligne,,,mouillée,,Sur chaussée,Conducteur,0,M,26-27,Promenade - loisirs,Casque,Oui,,1,03 - mars,6 - dimanche,Paris 1er Arrondissement
,201700053181,2017-03-05,75,9,75105,48.8427,2.35212,Place,Deux véhicules - par le coté,Plein jour,Pluie légère,Voie Communale,,2,Pente,Partie rectiligne,,100,mouillée,,Sur chaussée,Conducteur,1,M,10-11,,Casque,Non,1,1,03 - mars,6 - dimanche,Paris 5e  Arrondissement
,201700056028,2017-03-05,75,16,75116,48.8591,2.22921,Hors intersection,Autre,Plein jour,Temps couvert,Voie Communale,,1,Plat,En courbe à droite,,,mouillée,Zone piétonne,Sur piste cyclable,Conducteur,0,M,37-38,Promenade - loisirs,Casque,Oui,,1,03 - mars,6 - dimanche,Paris 16e  Arrondissement
,201700017148,2017-03-04,39,12,39160,46.78947,5.43927,Hors intersection,Deux véhicules - frontale,Plein jour,Pluie légère,Voie Communale,,2,Plat,Partie rectiligne,,32,mouillée,,Sur chaussée,Conducteur,2,M,58-59,Promenade - loisirs,Casque,Non,1,,03 - mars,5 - samedi,Commenailles
,201700028310,2017-03-04,44,16,44162,47.23125,-1.64891,Hors intersection,Deux véhicules - par l’arrière,Plein jour,Temps couvert,Route Départementale,,,Plat,Partie rectiligne,,,,,Sur chaussée,Conducteur,2,F,69-70,,Casque,Non,1,,03 - mars,5 - samedi,Saint-Herblain
,201700037769,2017-03-04,86,18,86066,46.77767,0.55182,Hors intersection,Deux véhicules - par l’arrière,Plein jour,Normale,Route Départementale,,2,Plat,Partie rectiligne,,,normale,,Sur chaussée,Conducteur,1,M,63-64,Promenade - loisirs,Casque,Oui,1,,03 - mars,5 - samedi,Châtellerault
,201700059449,2017-03-04,971,15,97107,0,0,Hors intersection,Deux véhicules - par le coté,Plein jour,Normale,Voie Communale,,2,Plat,Partie rectiligne,7,54,normale,,,Conducteur,2,M,21-22,Promenade - loisirs,Casque,Non,1,1,03 - mars,5 - samedi,Capesterre-Belle-Eau
,201700002275,2017-03-03,38,10,38382,45.23434,5.67054,Intersection en Y,Deux véhicules - frontale,Plein jour,Normale,Voie Communale,Avec voies d’affectation variable,,Pente,,,,enneigée,,,Conducteur,1,M,66-67,Promenade - loisirs,Casque,Non,1,1,03 - mars,4 - vendredi,Saint-Égrève
,201700002275,2017-03-03,38,10,38382,45.23434,5.67054,Intersection en Y,Deux véhicules - frontale,Plein jour,Normale,Voie Communale,Avec voies d’affectation variable,,Pente,,,,enneigée,,,Conducteur,1,M,24-25,Promenade - loisirs,Casque,Non,1,1,03 - mars,4 - vendredi,Saint-Égrève
,201700006119,2017-03-03,6,8,6088,43.70912,7.26701,Hors intersection,Deux véhicules - par l’arrière,Plein jour,Normale,Voie Communale,,,,,,,,,,Conducteur,2,F,21-22,Domicile - travail,Autre,Oui,1,1,03 - mars,4 - vendredi,Nice
,201700016767,2017-03-03,35,10,35061,48.13381,-1.10067,Intersection en X,Deux véhicules - par le coté,Plein jour,Normale,Route Départementale,,2,Plat,Partie rectiligne,,15,normale,Carrefour aménagé,Sur chaussée,Conducteur,2,M,72-73,Promenade - loisirs,Casque,Oui,1,,03 - mars,4 - vendredi,Chapelle-Erbrée
,201700023863,2017-03-03,29,12,29232,47.93405,-4.06922,Hors intersection,Deux véhicules - par l’arrière,Plein jour,Pluie légère,Route Départementale,,,,Partie rectiligne,,,mouillée,,Sur chaussée,Conducteur,2,M,31-32,,Casque,Non déterminable,1,,03 - mars,4 - vendredi,Quimper
,201700027108,2017-03-03,37,18,37261,47.38149,0.70655,Intersection en Y,Deux véhicules - par l’arrière,Crépuscule ou aube,Normale,Voie Communale,,2,Plat,Partie rectiligne,,70,normale,,Sur chaussée,Conducteur,1,F,83-84,Promenade - loisirs,Casque,Non,1,1,03 - mars,4 - vendredi,Tours
,201700029214,2017-03-03,49,12,49007,47.48579,-0.57563,Hors intersection,Autre,Plein jour,Vent fort - tempête,Voie Communale,,4,Plat,Partie rectiligne,,,mouillée,,Sur chaussée,Conducteur,1,F,39-40,Autre,Equipement réfléchissant,Oui,1,1,03 - mars,4 - vendredi,Angers
,201700029656,2017-03-03,50,14,50129,49.62811,1.65329,Intersection en T,Deux véhicules - par le coté,Plein jour,Normale,Voie Communale,,1,Plat,Partie rectiligne,,,normale,,Sur chaussée,Conducteur,2,M,23-24,Promenade - loisirs,Casque,Non,1,1,03 - mars,4 - vendredi,Cherbourg-en-Cotentin
,201700050671,2017-03-03,69,8,69388,45.738,4.884,Intersection en X,Deux véhicules - frontale,Plein jour,Normale,Voie Communale,,,,,,,,,Sur chaussée,Conducteur,2,M,24-25,,Casque,Oui,1,1,03 - mars,4 - vendredi,Lyon 8e  Arrondissement
,201700053180,2017-03-03,75,15,75106,48.8521,2.34008,Place,Autre,Plein jour,Normale,Voie Communale,,,Plat,Partie rectiligne,,130,normale,,Sur chaussée,Conducteur,0,M,59-60,,Casque,Non,,1,03 - mars,4 - vendredi,Paris 6e  Arrondissement
,201700060419,2017-03-03,974,8,97416,-21.3208,55.47706,Hors intersection,Aucune,Plein jour,Normale,Voie Communale,,1,Bas de côte,En courbe à gauche,,,normale,,Sur chaussée,Conducteur,1,M,25-26,,Casque,Oui,,,03 - mars,4 - vendredi,Saint-Pierre
,201700000328,2017-03-02,60,17,60141,49.20024,2.46325,Autre intersection,Autre,Plein jour,Normale,Parc de stationnement ouvert à la circulation publique,,,Plat,,,10,normale,,,Conducteur,0,M,12-13,Promenade - loisirs,Autre,Non,,1,03 - mars,3 - jeudi,Chantilly
,201700000328,2017-03-02,60,17,60141,49.20024,2.46325,Autre intersection,Autre,Plein jour,Normale,Parc de stationnement ouvert à la circulation publique,,,Plat,,,10,normale,,,Piéton,1,F,80-81,Promenade - loisirs,Autre,Non,,1,03 - mars,3 - jeudi,Chantilly
,201700004302,2017-03-02,84,16,84019,44.28297,4.75085,Giratoire,Deux véhicules - par le coté,Plein jour,Normale,Voie Communale,,1,Plat,,5,215,normale,,,Conducteur,2,M,79-80,Promenade - loisirs,Casque,Non,1,1,03 - mars,3 - jeudi,Bollène
,201700009159,2017-03-02,13,14,13055,43.29102,5.41778,Hors intersection,Autre,Plein jour,Normale,Voie Communale,,3,Plat,Partie rectiligne,,90,normale,,Sur chaussée,Conducteur,1,M,51-52,Promenade - loisirs,Casque,Oui,1,1,03 - mars,3 - jeudi,Marseille
,201700012583,2017-03-02,85,10,85104,46.34902,-1.32763,Hors intersection,Deux véhicules - par l’arrière,Plein jour,Normale,Route Départementale,,2,Plat,Partie rectiligne,,70,normale,,Sur chaussée,Conducteur,2,F,50-51,Promenade - loisirs,Casque,Oui,1,,03 - mars,3 - jeudi,Grues
,201700014692,2017-03-02,14,16,14749,49.0545,-0.11833,Intersection en X,Deux véhicules - par le coté,Plein jour,Normale,Route Départementale,,2,Pente,Partie rectiligne,,,normale,,Sur chaussée,Conducteur,2,M,81-82,Promenade - loisirs,Casque,Oui,1,,03 - mars,3 - jeudi,Vieux-Fumé
,201700016280,2017-03-02,31,13,31188,43.55668,1.18,Giratoire,Deux véhicules - par le coté,Plein jour,Normale,Route Départementale,,2,Plat,,6,15,normale,,,Conducteur,2,M,44-45,Promenade - loisirs,Casque,Oui,1,,03 - mars,3 - jeudi,Fontenilles
,201700025662,2017-03-02,33,18,33063,44.8232,-0.56278,Intersection en X,Trois véhicules et plus - collisions multiples,Plein jour,Normale,Voie Communale,,1,Pente,Partie rectiligne,,,normale,,Sur chaussée,Conducteur,1,M,46-47,Domicile - travail,Casque,Non déterminable,2,1,03 - mars,3 - jeudi,Bordeaux
,201700026377,2017-03-02,35,15,35115,48.35347,-1.21183,Hors intersection,Deux véhicules - frontale,Plein jour,Normale,Voie Communale,,2,Pente,En courbe à droite,,45,normale,,Sur chaussée,Conducteur,1,F,54-55,,Casque,Oui,1,1,03 - mars,3 - jeudi,Fougères
,201700028816,2017-03-02,45,18,45147,47.9462,1.90974,Hors intersection,Aucune,Plein jour,Normale,Voie Communale,,,,,,,,,,Conducteur,1,M,54-55,,Casque,Oui,,1,03 - mars,3 - jeudi,Fleury-les-Aubrais
,201700034009,2017-03-02,67,9,67482,48.58049,7.72763,Hors intersection,Autre,Plein jour,Normale,Voie Communale,,2,Plat,Partie rectiligne,,55,normale,,Sur chaussée,Conducteur,1,F,31-32,,Autre,Oui,1,1,03 - mars,3 - jeudi,Strasbourg
,201700034009,2017-03-02,67,9,67482,48.58049,7.72763,Hors intersection,Autre,Plein jour,Normale,Voie Communale,,2,Plat,Partie rectiligne,,55,normale,,Sur chaussée,Conducteur,0,M,45-46,,Autre,Oui,1,1,03 - mars,3 - jeudi,Strasbourg
,201700034011,2017-03-02,67,17,67482,48.59025,7.78209,Hors intersection,Deux véhicules - par le coté,Plein jour,Normale,Voie Communale,,2,Plat,Partie rectiligne,,25,normale,,Sur chaussée,Conducteur,1,M,53-54,Promenade - loisirs,Autre,Non,1,1,03 - mars,3 - jeudi,Strasbourg
,201700034011,2017-03-02,67,17,67482,48.59025,7.78209,Hors intersection,Deux véhicules - par le coté,Plein jour,Normale,Voie Communale,,2,Plat,Partie rectiligne,,25,normale,,Sur chaussée,Conducteur,0,M,31-32,Promenade - loisirs,Autre,Non déterminable,1,1,03 - mars,3 - jeudi,Strasbourg
,201700038441,2017-03-02,91,10,91552,48.5967,2.25017,Hors intersection,Deux véhicules - par le coté,Plein jour,Normale,Voie Communale,,2,Plat,En courbe à droite,,,normale,,Sur chaussée,Conducteur,1,M,58-59,Autre,Casque,Oui,1,,03 - mars,3 - jeudi,Saint-Germain-lès-Arpajon
,201700039876,2017-03-02,92,9,92025,0,0,Hors intersection,Autre,Plein jour,Normale,Route Départementale,,1,,,,,,,,Conducteur,0,M,35-36,Domicile - école,Autre,Non,,1,03 - mars,3 - jeudi,Colombes
,201700039876,2017-03-02,92,9,92025,0,0,Hors intersection,Autre,Plein jour,Normale,Route Départementale,,1,,,,,,,,Passager,1,F,3-4,Domicile - école,Autre,Non,,1,03 - mars,3 - jeudi,Colombes
,201700040940,2017-03-02,92,19,92063,0,0,Hors intersection,Deux véhicules - par l’arrière,Crépuscule ou aube,Normale,Route Départementale,,4,Plat,Partie rectiligne,,150,normale,,Sur chaussée,Conducteur,1,M,15-16,Promenade - loisirs,Autre,Non déterminable,1,1,03 - mars,3 - jeudi,Rueil-Malmaison
,201700050669,2017-03-02,69,19,69387,45.748,4.847,Intersection en X,Deux véhicules - par le coté,Nuit avec éclairage public allumé,Normale,Voie Communale,,,Plat,Partie rectiligne,,,normale,,,Conducteur,1,M,57-58,Domicile - travail,Casque,Oui,1,1,03 - mars,3 - jeudi,Lyon 7e  Arrondissement
,201700052974,2017-03-02,75,22,75103,48.8655,2.35571,Intersection à plus de 4 branches,Deux véhicules - par le coté,Nuit avec éclairage public allumé,Normale,Voie Communale,,3,Plat,Partie rectiligne,,80,normale,,Sur chaussée,Conducteur,1,F,39-40,Promenade - loisirs,Casque,Non,1,1,03 - mars,3 - jeudi,Paris 3e  Arrondissement
,201700054648,2017-03-02,75,7,75112,48.8206,2.44532,Intersection en X,Deux véhicules - par le coté,Crépuscule ou aube,Normale,Voie Communale,,2,Plat,Partie rectiligne,,60,mouillée,,Sur chaussée,Conducteur,1,M,55-56,Domicile - travail,Casque,Oui,1,1,03 - mars,3 - jeudi,Paris 12e  Arrondissement
,201700057531,2017-03-02,75,17,75120,48.8495,2.41128,Hors intersection,Deux véhicules - par le coté,Plein jour,Normale,Voie Communale,,2,Plat,Partie rectiligne,,,normale,,,Conducteur,1,M,50-51,Promenade - loisirs,Casque,Non,1,1,03 - mars,3 - jeudi,Paris 20e  Arrondissement
,201700019009,2017-03-01,32,15,32375,43.4315,0.49329,Hors intersection,Aucune,Plein jour,Normale,Route Départementale,,2,Pente,Partie rectiligne,,60,autre,,Sur chaussée,Conducteur,2,M,75-76,Promenade - loisirs,Casque,Oui,,,03 - mars,2 - mercredi,Saint-Élix-Theux
,201700026498,2017-03-01,35,14,35238,48.11395,-1.64581,Hors intersection,Autre,Plein jour,Pluie légère,Voie Communale,,2,Pente,Partie rectiligne,,,mouillée,,,Conducteur,1,M,20-21,,Autre,Oui,1,1,03 - mars,2 - mercredi,Rennes
,201700026499,2017-03-01,35,19,35238,48.09726,-1.65787,Intersection à plus de 4 branches,Autre,Nuit avec éclairage public allumé,Normale,Voie Communale,,2,Plat,Partie rectiligne,,,normale,,,Conducteur,2,M,53-54,,Casque,Oui,1,1,03 - mars,2 - mercredi,Rennes
,201700029208,2017-03-01,49,7,49007,47.4784,-0.54875,Hors intersection,Autre,Plein jour,Normale,Voie Communale,,1,Plat,Partie rectiligne,,44,normale,,Sur chaussée,Conducteur,1,F,45-46,Domicile - travail,Casque,Non déterminable,1,1,03 - mars,2 - mercredi,Angers
,201700031033,2017-03-01,56,15,56260,47.66131,-2.75711,Intersection en X,Trois véhicules et plus - collisions multiples,Plein jour,Normale,Voie Communale,,2,Pente,Partie rectiligne,,,normale,,Sur chaussée,Conducteur,1,M,14-15,Promenade - loisirs,Casque,Non,1,1,03 - mars,2 - mercredi,Vannes