test,identifiantAccident,date,departement,heure,commune,lat,lon,typeIntersection,typeCollision,luminosite,conditionsAtmosperiques,typeRoute,circulation,nbVoies,profilLongRoute,tracePlanRoute,largeurTPC,largeurRoute,etatSurface,amenagement,situation,categorieUsager,graviteAccident,sexe,age,motifDeplacement,existenceSecurite,usageSecurite,nombreAutresVehicules,enAgglomeration,mois,jour,NCCENR
,201700031033,2017-03-01,56,15,56260,47.66131,-2.75711,Intersection en X,Trois véhicules et plus - collisions multiples,Plein jour,Normale,Voie Communale,,2,Pente,Partie rectiligne,,,normale,,Sur chaussée,Conducteur,1,M,14-15,Promenade - loisirs,Casque,Non,1,1,03 - mars,2 - mercredi,Vannes
,201700034671,2017-03-01,69,10,69029,45.73361,4.90868,Intersection en X,Deux véhicules - par le coté,Plein jour,Normale,Voie Communale,,5,Plat,Partie rectiligne,,30,normale,Voie ferrée,Sur chaussée,Conducteur,1,M,20-21,Promenade - loisirs,Autre,Non,1,1,03 - mars,2 - mercredi,Bron
,201700036956,2017-03-01,80,18,80021,49.88861,2.30304,Hors intersection,Deux véhicules - par le coté,Nuit avec éclairage public allumé,Normale,Voie Communale,,2,,En courbe à droite,,,mouillée,,Sur chaussée,Conducteur,1,F,27-28,,Autre,Oui,1,1,03 - mars,2 - mercredi,Amiens
,201700042895,2017-03-01,93,17,93027,0,0,Autre intersection,Deux véhicules - par le coté,Plein jour,Pluie forte,Voie Communale,,1,Plat,Partie rectiligne,,80,mouillée,,Sur chaussée,Conducteur,1,M,40-41,Domicile - travail,Casque,Oui,1,1,03 - mars,2 - mercredi,Courneuve
,201700045654,2017-03-01,94,16,94081,0,0,Hors intersection,Deux véhicules - par le coté,Crépuscule ou aube,Pluie légère,Autre,,1,Plat,Partie rectiligne,,,mouillée,,Sur chaussée,Conducteur,1,M,61-62,,Equipement réfléchissant,Oui,1,1,03 - mars,2 - mercredi,Vitry-sur-Seine
,201700014804,2017-02-28,6,14,6150,43.73697,7.39675,Hors intersection,Deux véhicules - frontale,Plein jour,Normale,Route Départementale,,2,Pente,Partie rectiligne,,60,normale,,Sur chaussée,Conducteur,2,F,25-26,Promenade - loisirs,Casque,Oui,1,,02 - février,1 - mardi,Turbie
,201700019212,2017-02-28,33,19,33466,44.82264,-0.29373,Giratoire,Deux véhicules - par le coté,Nuit avec éclairage public allumé,Pluie légère,Route Départementale,,2,Plat,,53,,mouillée,,Sur chaussée,Conducteur,2,M,71-72,Autre,Equipement réfléchissant,Non,1,1,02 - février,1 - mardi,Saint-Quentin-de-Baron
,201700022165,2017-02-28,19,19,19031,45.1535,1.50899,Giratoire,Deux véhicules - par le coté,Nuit avec éclairage public allumé,Temps couvert,Voie Communale,,2,Plat,Partie rectiligne,,,normale,Carrefour aménagé,Sur chaussée,Conducteur,1,M,36-37,,Casque,Non déterminable,1,1,02 - février,1 - mardi,Brive-la-Gaillarde
,201700023046,2017-02-28,58,8,58086,47.3801,2.90539,Hors intersection,Deux véhicules - par le coté,Plein jour,Pluie forte,Route Départementale,,2,Plat,,,20,normale,,,Conducteur,2,F,53-54,Promenade - loisirs,Autre,Non,1,1,02 - février,1 - mardi,Cosne-Cours-sur-Loire
,201700024135,2017-02-28,30,15,30189,43.82939,4.38317,Giratoire,Deux véhicules - frontale,Plein jour,Normale,Voie Communale,,1,,,,,,,,Conducteur,2,M,58-59,,Casque,Oui,1,1,02 - février,1 - mardi,Nîmes
,201700035818,2017-02-28,76,8,76270,49.5302,0.14335,Giratoire,Deux véhicules - par le coté,Plein jour,Pluie légère,Route Départementale,,1,Plat,Partie rectiligne,,58,mouillée,Carrefour aménagé,Sur chaussée,Conducteur,2,M,64-65,,Casque,Oui,1,1,02 - février,1 - mardi,Fontaine-la-Mallet
,201700040190,2017-02-28,92,11,92036,0,0,Intersection en T,Autre,Plein jour,Normale,Voie Communale,,2,Plat,Partie rectiligne,,80,normale,,Sur chaussée,Conducteur,1,M,53-54,,Casque,Non,1,1,02 - février,1 - mardi,Gennevilliers
,201700040487,2017-02-28,92,19,92049,0,0,Hors intersection,Autre,Nuit avec éclairage public allumé,Normale,Route Départementale,,4,Plat,Partie rectiligne,,,normale,,Sur chaussée,Conducteur,2,M,10-11,Promenade - loisirs,Casque,Non déterminable,1,1,02 - février,1 - mardi,Montrouge
,201700052973,2017-02-28,75,10,75103,48.8677,2.35483,Intersection en T,Deux véhicules - par le coté,Plein jour,Pluie forte,Voie Communale,,1,Plat,Partie rectiligne,,,mouillée,,,Conducteur,1,M,38-39,Utilisation professionnelle,Casque,Oui,1,1,02 - février,1 - mardi,Paris 3e  Arrondissement
,201700053322,2017-02-28,75,8,75106,48.8514,2.33648,Hors intersection,Deux véhicules - par le coté,Plein jour,Temps couvert,Voie Communale,,2,Plat,Partie rectiligne,,55,normale,,Sur piste cyclable,Conducteur,1,F,28-29,,Casque,Non déterminable,1,1,02 - février,1 - mardi,Paris 6e  Arrondissement
,201700059398,2017-02-28,974,20,97412,-21.38035,55.60846,Hors intersection,Deux véhicules - par le coté,Nuit avec éclairage public allumé,Normale,Route Nationale,,2,Pente,Partie rectiligne,,69,normale,,Sur chaussée,Conducteur,2,M,43-44,Courses - achats,Autre,Non déterminable,1,1,02 - février,1 - mardi,Saint-Joseph
,201700060212,2017-02-28,974,18,97407,-20.93059,55.30859,Giratoire,Deux véhicules - par le coté,Plein jour,Normale,Route Nationale,,2,Plat,En courbe à gauche,,70,normale,,Sur chaussée,Conducteur,1,M,50-51,Promenade - loisirs,Autre,Non déterminable,1,,02 - février,1 - mardi,Port
,201700001147,2017-02-27,85,7,85226,46.71802,-1.93982,Giratoire,Deux véhicules - par le coté,Crépuscule ou aube,Pluie forte,Route Départementale,,1,Plat,,6,25,normale,,,Conducteur,1,M,16-17,Domicile - travail,Equipement réfléchissant,Oui,1,1,02 - février,0 - lundi,Saint-Hilaire-de-Riez
,201700007436,2017-02-27,74,14,74081,46.06848,6.57219,Hors intersection,Autre,Plein jour,Normale,Voie Communale,,1,Plat,En « S »,,,normale,,Sur chaussée,Conducteur,0,M,20-21,Domicile - travail,Autre,Non déterminable,,1,02 - février,0 - lundi,Cluses
,201700023604,2017-02-27,29,19,29019,48.4039,-4.4899,Intersection en X,Deux véhicules - par le coté,Plein jour,Normale,Voie Communale,,,Pente,En courbe à gauche,,,normale,,,Conducteur,1,M,28-29,Utilisation professionnelle,Casque,Oui,1,1,02 - février,0 - lundi,Brest
,201700028767,2017-02-27,45,13,45234,47.907,1.904,Hors intersection,Deux véhicules - par le coté,Plein jour,Normale,Voie Communale,,1,,,,,,,Sur chaussée,Conducteur,1,F,47-48,,Equipement réfléchissant,Non déterminable,1,1,02 - février,0 - lundi,Orléans
,201700031733,2017-02-27,59,8,59507,0,0,Intersection en T,Deux véhicules - par le coté,Plein jour,Normale,Voie Communale,,2,,,,,,,Sur chaussée,Conducteur,2,M,49-50,Domicile - travail,Autre,Oui,1,1,02 - février,0 - lundi,Ronchin
,201700033120,2017-02-27,64,13,64445,43.31806,-0.3782,Giratoire,Autre,Plein jour,Normale,Voie Communale,,2,Plat,Partie rectiligne,,,normale,,Sur chaussée,Conducteur,2,F,69-70,Promenade - loisirs,Casque,Oui,1,1,02 - février,0 - lundi,Pau
,201700045652,2017-02-27,94,11,94081,0,0,Hors intersection,Autre,Plein jour,Pluie légère,Voie Communale,,2,Plat,Partie rectiligne,,71,mouillée,,,Conducteur,1,M,37-38,,Autre,Non déterminable,,1,02 - février,0 - lundi,Vitry-sur-Seine
,201700045652,2017-02-27,94,11,94081,0,0,Hors intersection,Autre,Plein jour,Pluie légère,Voie Communale,,2,Plat,Partie rectiligne,,71,mouillée,,,Piéton,1,F,63-64,,Autre,Non déterminable,,1,02 - février,0 - lundi,Vitry-sur-Seine
,201700055413,2017-02-27,75,9,75114,48.8348,2.34159,Intersection en X,Deux véhicules - par le coté,Plein jour,Normale,Voie Communale,,,Plat,Partie rectiligne,,60,normale,,Sur chaussée,Conducteur,1,M,26-27,Domicile - travail,Casque,Non déterminable,1,1,02 - février,0 - lundi,Paris 14e  Arrondissement
,201700003219,2017-02-26,68,16,68051,48.02702,7.10011,Intersection en T,Deux véhicules - frontale,Crépuscule ou aube,Temps éblouissant,Route Départementale,,2,Pente,En courbe à droite,,81,normale,,Sur chaussée,Conducteur,2,M,56-57,Promenade - loisirs,Casque,Oui,1,1,02 - février,6 - dimanche,Breitenbach-Haut-Rhin
,201700003357,2017-02-26,68,8,68151,47.88406,6.99444,Intersection en T,Deux véhicules - par le coté,Plein jour,Normale,Route Départementale,,2,Plat,Partie rectiligne,,65,normale,,Sur chaussée,Conducteur,1,M,53-54,Courses - achats,Autre,Non,1,1,02 - février,6 - dimanche,Husseren-Wesserling
,201700022551,2017-02-26,25,20,25056,47.21718,5.96233,Intersection en T,Deux véhicules - par le coté,Nuit avec éclairage public allumé,Normale,Voie Communale,,2,Plat,Partie rectiligne,,,normale,,Sur chaussée,Conducteur,1,M,18-19,,Equipement réfléchissant,Non déterminable,1,1,02 - février,6 - dimanche,Besançon
,201700028768,2017-02-26,45,16,45147,0,0,Intersection en X,Deux véhicules - par le coté,Crépuscule ou aube,Normale,Voie Communale,,2,Plat,Partie rectiligne,,,normale,,Sur chaussée,Conducteur,0,M,30-31,,Casque,Oui,1,1,02 - février,6 - dimanche,Fleury-les-Aubrais
,201700029206,2017-02-26,49,11,49007,47.45915,-0.53557,Hors intersection,Deux véhicules - par le coté,Plein jour,Pluie légère,Voie Communale,,2,Plat,Partie rectiligne,,30,mouillée,,Sur chaussée,Conducteur,1,M,17-18,Promenade - loisirs,Casque,Non déterminable,1,1,02 - février,6 - dimanche,Angers
,201700052971,2017-02-26,75,5,75103,48.8685,2.35883,Intersection en T,Autre,Nuit avec éclairage public allumé,Normale,Voie Communale,,,Pente,Partie rectiligne,,30,normale,,Sur chaussée,Conducteur,1,M,31-32,Promenade - loisirs,Casque,Non déterminable,,1,02 - février,6 - dimanche,Paris 3e  Arrondissement
,201700054645,2017-02-26,75,10,75112,48.8248,2.44314,Intersection en X,Autre,Plein jour,Normale,Voie Communale,,,Plat,Partie rectiligne,,50,normale,,Sur chaussée,Piéton,1,F,32-33,Promenade - loisirs,,,,1,02 - février,6 - dimanche,Paris 12e  Arrondissement
,201700001837,2017-02-25,69,15,69116,45.84243,4.78451,Hors intersection,Deux véhicules - par le coté,Plein jour,Normale,Route Départementale,,2,Pente,En courbe à droite,,,normale,,Sur chaussée,Conducteur,2,M,67-68,Promenade - loisirs,Casque,Oui,1,,02 - février,5 - samedi,Limonest
,201700001856,2017-02-25,69,15,69233,45.83629,4.82271,Hors intersection,Deux véhicules - par le coté,Plein jour,Normale,Voie Communale,,2,Pente,,,10,normale,,,Conducteur,2,M,21-22,Promenade - loisirs,Casque,Oui,1,1,02 - février,5 - samedi,'Saint-Romain-au-Mont-d''Or'
,201700002036,2017-02-25,69,16,69157,45.87695,4.49928,Hors intersection,Deux véhicules - frontale,Plein jour,Normale,Voie Communale,,2,Plat,,,10,normale,,,Conducteur,2,F,7-8,Promenade - loisirs,Autre,Non,1,1,02 - février,5 - samedi,Pontcharra-sur-Turdine
,201700005512,2017-02-25,6,12,6004,0,0,Giratoire,Deux véhicules - par le coté,Plein jour,Normale,Voie Communale,,1,Plat,,20,50,normale,,Sur chaussée,Conducteur,2,M,69-70,Promenade - loisirs,Casque,Oui,1,1,02 - février,5 - samedi,Antibes
,201700013957,2017-02-25,64,13,64316,43.03571,-1.04409,Hors intersection,Aucune,Plein jour,Normale,Route Départementale,,2,Pente,En « S »,,70,normale,,Sur accotement,Conducteur,1,M,18-19,Promenade - loisirs,Casque,Non déterminable,,,02 - février,5 - samedi,Larrau
,201700023518,2017-02-25,68,11,68253,47.77525,7.51696,Intersection en X,Deux véhicules - par le coté,Plein jour,Normale,Route Départementale,,2,Plat,,6,15,normale,,,Conducteur,2,M,53-54,Promenade - loisirs,Casque,Oui,1,,02 - février,5 - samedi,Ottmarsheim
,201700025656,2017-02-25,33,20,33522,44.8191,-0.58446,Intersection en T,Deux véhicules - frontale,Nuit avec éclairage public allumé,Normale,Voie Communale,,2,Plat,Partie rectiligne,,30,normale,,Sur chaussée,Conducteur,1,M,28-29,Autre,Casque,Non déterminable,1,1,02 - février,5 - samedi,Talence
,201700033117,2017-02-25,64,17,64269,43.30764,-0.30726,Giratoire,Deux véhicules - par le coté,Plein jour,Normale,Route Départementale,,1,Plat,,,,normale,Carrefour aménagé,Sur chaussée,Conducteur,2,M,58-59,Autre,Casque,Oui,1,,02 - février,5 - samedi,Idron
,201700053320,2017-02-25,75,3,75105,48.8504,2.34267,Intersection à plus de 4 branches,Deux véhicules - par le coté,Nuit avec éclairage public allumé,Normale,Voie Communale,,3,Plat,Partie rectiligne,,,normale,,,Conducteur,0,M,23-24,Promenade - loisirs,Casque,Non déterminable,1,1,02 - février,5 - samedi,Paris 5e  Arrondissement
,201700055054,2017-02-25,75,5,75113,48.8222,2.34631,Place,Autre,Nuit avec éclairage public allumé,Normale,Voie Communale,,2,Plat,Partie rectiligne,,,normale,,Sur chaussée,Conducteur,1,M,18-19,Promenade - loisirs,Casque,Non déterminable,1,1,02 - février,5 - samedi,Paris 13e  Arrondissement
,201700001777,2017-02-24,69,3,69089,45.74735,4.77716,Hors intersection,Aucune,Nuit avec éclairage public allumé,Normale,Voie Communale,,2,Bas de côte,Partie rectiligne,,,normale,,Sur trottoir,Conducteur,2,M,35-36,,Casque,Non,,1,02 - février,4 - vendredi,Francheville
,201700018227,2017-02-24,49,19,49065,47.66168,-0.57344,Hors intersection,Aucune,Nuit avec éclairage public allumé,Normale,Route Départementale,,2,Plat,,,,normale,,Sur chaussée,Conducteur,2,M,17-18,Promenade - loisirs,Autre,Oui,1,1,02 - février,4 - vendredi,Champigné
,201700024089,2017-02-24,30,13,30028,44.1632,4.61182,Intersection en T,Deux véhicules - par le coté,Plein jour,Normale,Voie Communale,,1,Plat,Partie rectiligne,,80,normale,,Sur chaussée,Conducteur,2,F,16-17,,Autre,Non,1,1,02 - février,4 - vendredi,Bagnols-sur-Cèze
,201700028772,2017-02-24,45,14,45234,0,0,Hors intersection,Deux véhicules - par le coté,Plein jour,Normale,Voie Communale,,2,Plat,Partie rectiligne,,,normale,,Sur chaussée,Conducteur,1,M,14-15,Promenade - loisirs,Casque,Oui,1,1,02 - février,4 - vendredi,Orléans
,201700035506,2017-02-24,74,23,74010,45.90348,6.13049,Intersection en X,Deux véhicules - par le coté,Nuit avec éclairage public allumé,Normale,Voie Communale,,2,Plat,Partie rectiligne,,,normale,Carrefour aménagé,Sur piste cyclable,Conducteur,1,M,21-22,Promenade - loisirs,Casque,Oui,1,1,02 - février,4 - vendredi,Annecy
,201700056014,2017-02-24,75,11,75116,48.8727,2.28452,Intersection à plus de 4 branches,Autre,Plein jour,Normale,Voie Communale,,6,Plat,Partie rectiligne,,,mouillée,,Sur chaussée,Conducteur,1,M,39-40,Utilisation professionnelle,Casque,Oui,1,1,02 - février,4 - vendredi,Paris 16e  Arrondissement
,201700056015,2017-02-24,75,21,75116,48.8679,2.28107,Place,Autre,Nuit avec éclairage public allumé,Normale,Voie Communale,,1,Plat,Partie rectiligne,,100,normale,,Sur chaussée,Conducteur,1,M,22-23,Promenade - loisirs,Casque,Non déterminable,1,1,02 - février,4 - vendredi,Paris 16e  Arrondissement
,201700059028,2017-02-24,976,18,97608,0,0,Autre intersection,Deux véhicules - par l’arrière,Nuit avec éclairage public allumé,Normale,Route Nationale,,2,Plat,,6,310,normale,,,Conducteur,2,M,39-40,Promenade - loisirs,Equipement réfléchissant,Oui,1,1,02 - février,4 - vendredi,Dzaoudzi
,201700001857,2017-02-23,69,15,69207,45.88004,4.80747,Autre intersection,Deux véhicules - par le coté,Plein jour,Normale,Voie Communale,,2,Plat,,,10,normale,,,Conducteur,1,M,6-7,Promenade - loisirs,Casque,Non,1,1,02 - février,3 - jeudi,'Saint-Germain-au-Mont-d''Or'
,201700013563,2017-02-23,10,13,10345,48.41964,4.52931,Hors intersection,Deux véhicules - par l’arrière,Plein jour,Vent fort - tempête,Route Départementale,,2,Plat,Partie rectiligne,,50,normale,,Sur chaussée,Conducteur,1,M,41-42,,Casque,Non,1,1,02 - février,3 - jeudi,Saint-Léger-sous-Brienne
,201700022163,2017-02-23,19,15,19031,45.14353,1.49098,Hors intersection,Autre,Plein jour,Normale,Route Départementale,,2,Plat,Partie rectiligne,,,normale,,Sur chaussée,Conducteur,3,M,61-62,Promenade - loisirs,Casque,Oui,1,1,02 - février,3 - jeudi,Brive-la-Gaillarde
,201700023606,2017-02-23,29,20,29019,48.3981,-4.46512,Intersection en X,Deux véhicules - par l’arrière,Nuit avec éclairage public allumé,Normale,Autre,,,Pente,Partie rectiligne,,,normale,,Sur chaussée,Conducteur,1,M,21-22,Promenade - loisirs,Casque,Non,1,1,02 - février,3 - jeudi,Brest
,201700024120,2017-02-23,30,20,30189,43.83707,4.36586,Intersection en Y,Deux véhicules - frontale,Nuit avec éclairage public allumé,Normale,Voie Communale,,2,Plat,Partie rectiligne,,82,,,Sur chaussée,Conducteur,1,M,50-51,,Casque,Non déterminable,1,1,02 - février,3 - jeudi,Nîmes
,201700025658,2017-02-23,33,7,33281,44.8428,-0.67,Giratoire,Deux véhicules - frontale,Nuit avec éclairage public allumé,Normale,Voie Communale,,1,Plat,Partie rectiligne,,,normale,,,Conducteur,3,M,44-45,Autre,Casque,Non,1,1,02 - février,3 - jeudi,Mérignac
,201700027602,2017-02-23,38,19,38185,0,0,Hors intersection,Deux véhicules - par le coté,Plein jour,Normale,Route Départementale,,3,Plat,,,,normale,Carrefour aménagé,,Conducteur,2,M,24-25,Domicile - travail,Casque,Non,1,1,02 - février,3 - jeudi,Grenoble
,201700035378,2017-02-23,73,6,73008,45.69654,5.90736,Hors intersection,Deux véhicules - par le coté,Crépuscule ou aube,Normale,Route Départementale,,3,Plat,Partie rectiligne,,,normale,,Sur chaussée,Conducteur,2,M,29-30,,Casque,Non,1,1,02 - février,3 - jeudi,Aix-les-Bains
,201700037103,2017-02-23,81,17,81004,43.95104,2.1255,Hors intersection,Trois véhicules et plus - collisions multiples,Plein jour,Normale,Route Départementale,,2,Plat,Partie rectiligne,,70,normale,,,Conducteur,1,M,54-55,,Casque,Oui,3,1,02 - février,3 - jeudi,Albi
,201700042305,2017-02-23,93,7,93063,0,0,Intersection en X,Deux véhicules - par le coté,Crépuscule ou aube,Normale,Route Départementale,,2,Plat,,,,normale,Carrefour aménagé,Sur chaussée,Conducteur,1,M,53-54,,Autre,Non,1,1,02 - février,3 - jeudi,Romainville
,201700052969,2017-02-23,75,22,75103,48.8673,2.36338,Place,Autre,Nuit avec éclairage public allumé,Normale,Voie Communale,,4,Plat,Partie rectiligne,,150,normale,,,Conducteur,1,M,27-28,Promenade - loisirs,Casque,Non déterminable,1,1,02 - février,3 - jeudi,Paris 3e  Arrondissement
,201700053997,2017-02-23,75,13,75109,48.8802,2.34373,Intersection en X,Autre,Plein jour,Normale,Voie Communale,,1,,,,,,,Sur chaussée,Conducteur,1,M,51-52,,Casque,Non déterminable,,1,02 - février,3 - jeudi,Paris 9e  Arrondissement
,201700056883,2017-02-23,75,18,75118,48.89,2.3625,Intersection en T,Autre,Crépuscule ou aube,Normale,Voie Communale,,1,Plat,Partie rectiligne,,40,normale,,Sur chaussée,Conducteur,0,M,21-22,Domicile - école,Casque,Oui,,1,02 - février,3 - jeudi,Paris 18e  Arrondissement
,201700057214,2017-02-23,75,8,75119,48.8953,2.37189,Intersection en X,Aucune,Plein jour,Normale,Voie Communale,,,,,,,,,,Conducteur,1,M,45-46,,Casque,Oui,,1,02 - février,3 - jeudi,Paris 19e  Arrondissement
,201700000121,2017-02-22,59,18,59139,50.13288,3.41713,Hors intersection,Deux véhicules - par l’arrière,Nuit sans éclairage public,Pluie légère,Route Départementale,,2,Plat,Partie rectiligne,35,,mouillée,,Sur chaussée,Conducteur,2,M,16-17,Domicile - travail,Equipement réfléchissant,Non,1,1,02 - février,2 - mercredi,Caudry
,201700005037,2017-02-22,91,10,91318,48.51233,2.25503,Hors intersection,Deux véhicules - par le coté,Plein jour,Normale,Route Départementale,,2,Plat,Partie rectiligne,,,normale,,Sur chaussée,Conducteur,1,M,60-61,Promenade - loisirs,Casque,Oui,1,1,02 - février,2 - mercredi,Janville-sur-Juine
,201700009117,2017-02-22,13,19,13055,43.25483,5.40717,Intersection en T,Deux véhicules - frontale,Crépuscule ou aube,Normale,Voie Communale,,1,Sommet de côte,Partie rectiligne,,30,normale,,Sur chaussée,Conducteur,1,F,55-56,,Casque,Oui,1,1,02 - février,2 - mercredi,Marseille
,201700029933,2017-02-22,51,17,51454,49.25203,4.04309,Hors intersection,Deux véhicules - par le coté,Plein jour,Normale,Voie Communale,,2,Plat,,,70,normale,,Sur chaussée,Conducteur,1,M,28-29,Domicile - travail,Autre,Non,1,1,02 - février,2 - mercredi,Reims
,201700030780,2017-02-22,56,16,56121,47.75511,-3.36326,Hors intersection,Autre,Plein jour,Temps couvert,Voie Communale,,4,Plat,Partie rectiligne,,,normale,,Sur chaussée,Conducteur,2,F,50-51,,Casque,Oui,1,1,02 - février,2 - mercredi,Lorient
,201700031139,2017-02-22,57,7,57597,49.25536,6.06078,Intersection en Y,Deux véhicules - par le coté,Plein jour,Pluie légère,Autre,,2,Pente,Partie rectiligne,,,mouillée,,Sur chaussée,Conducteur,1,M,24-25,,Casque,Non,1,1,02 - février,2 - mercredi,Rosselange
,201700036016,2017-02-22,76,17,76165,49.28363,1.02629,Intersection en X,Deux véhicules - par le coté,Plein jour,Normale,Voie Communale,,2,Plat,Partie rectiligne,,,normale,,,Conducteur,1,F,22-23,,Equipement réfléchissant,Oui,1,1,02 - février,2 - mercredi,Caudebec-lès-Elbeuf
,201700039008,2017-02-22,91,16,91064,48.76533,2.22816,Hors intersection,Deux véhicules - par le coté,Plein jour,Normale,Route Départementale,,2,Plat,Partie rectiligne,,,normale,,Sur chaussée,Conducteur,2,M,68-69,Autre,Autre,Oui,1,1,02 - février,2 - mercredi,Bièvres
,201700040147,2017-02-22,92,12,92035,0,0,Hors intersection,Deux véhicules - par le coté,Plein jour,Normale,Route Nationale,,,Plat,Partie rectiligne,,,normale,,Sur trottoir,Conducteur,1,F,59-60,Domicile - travail,Autre,Non déterminable,1,1,02 - février,2 - mercredi,Garenne-Colombes
,201700050663,2017-02-22,69,8,69387,0,0,Hors intersection,Deux véhicules - par le coté,Plein jour,Normale,Voie Communale,,1,Plat,Partie rectiligne,,80,,,Sur piste cyclable,Conducteur,1,F,32-33,,Equipement réfléchissant,Non déterminable,1,1,02 - février,2 - mercredi,Lyon 7e  Arrondissement
,201700053175,2017-02-22,75,9,75105,48.8528,2.34379,Intersection en X,Autre,Plein jour,Normale,Voie Communale,,,Plat,Partie rectiligne,,30,normale,,Sur piste cyclable,Conducteur,1,M,41-42,Autre,Casque,Non déterminable,1,1,02 - février,2 - mercredi,Paris 5e  Arrondissement
,201700059062,2017-02-22,971,20,97103,0,0,Autre intersection,Deux véhicules - par le coté,Nuit avec éclairage public allumé,Normale,Parc de stationnement ouvert à la circulation publique,,5,Plat,,,10,normale,,,Conducteur,1,M,10-11,Promenade - loisirs,Casque,Non,1,1,02 - février,2 - mercredi,Baie-Mahault
,201700059418,2017-02-22,974,17,97422,-21.28781,55.50791,Hors intersection,Deux véhicules - par le coté,Plein jour,Normale,Voie Communale,,2,Pente,,,78,normale,,Sur chaussée,Conducteur,2,M,21-22,Promenade - loisirs,Casque,Non,1,1,02 - février,2 - mercredi,Tampon
,201700001682,2017-02-21,9,16,9185,43.24727,1.68073,Hors intersection,Deux véhicules - par le coté,Plein jour,Normale,Route Départementale,,2,Plat,,6,410,normale,,Sur chaussée,Conducteur,2,M,82-83,Courses - achats,Casque,Non,1,1,02 - février,1 - mardi,Mazères
,201700012069,2017-02-21,37,14,37111,47.21271,1.14128,Hors intersection,Autre,Plein jour,Temps couvert,Route Départementale,,2,Plat,Partie rectiligne,,,boue,,Sur chaussée,Conducteur,1,M,14-15,Promenade - loisirs,Autre,Non déterminable,1,,02 - février,1 - mardi,Genillé
,201700028531,2017-02-21,44,11,44184,47.27286,-2.21855,Intersection en T,Deux véhicules - par l’arrière,Plein jour,Normale,Voie Communale,,,Pente,Partie rectiligne,,,mouillée,,Sur chaussée,Conducteur,2,F,80-81,,Casque,Oui,1,1,02 - février,1 - mardi,Saint-Nazaire
,201700031360,2017-02-21,33,7,33001,45.02408,-0.15053,Intersection en T,Deux véhicules - par le coté,Crépuscule ou aube,Normale,Route Départementale,,2,Bas de côte,,5,210,normale,,,Conducteur,3,M,72-73,Promenade - loisirs,Autre,Non déterminable,1,,02 - février,1 - mardi,Abzac
,201700033111,2017-02-21,64,16,64348,43.3197,-0.38551,Hors intersection,Autre,Plein jour,Normale,Route Départementale,,2,Plat,,20,40,normale,,Sur chaussée,Conducteur,2,M,59-60,Autre,Casque,Oui,1,,02 - février,1 - mardi,Lons
,201700037767,2017-02-21,86,13,86066,46.83456,0.53145,Hors intersection,Deux véhicules - par l’arrière,Plein jour,Normale,Route Départementale,,4,Plat,En courbe à droite,,,mouillée,,Sur chaussée,Conducteur,1,M,46-47,Promenade - loisirs,Casque,Oui,1,1,02 - février,1 - mardi,Châtellerault
,201700037832,2017-02-21,86,18,86194,46.57434,0.36172,Intersection en X,Deux véhicules - par le coté,Plein jour,Pluie légère,Voie Communale,,2,Plat,En courbe à droite,,60,mouillée,,Sur chaussée,Conducteur,1,F,30-31,,Equipement réfléchissant,Non,1,1,02 - février,1 - mardi,Poitiers
,201700040452,2017-02-21,92,8,92048,0,0,Hors intersection,Deux véhicules - frontale,Plein jour,Normale,Voie Communale,,2,Plat,Partie rectiligne,,50,normale,,Sur chaussée,Conducteur,1,M,51-52,Domicile - travail,Casque,Oui,1,1,02 - février,1 - mardi,Meudon
,201700044998,2017-02-21,94,16,94041,0,0,Hors intersection,Deux véhicules - par le coté,Plein jour,Normale,Voie Communale,,1,Plat,Partie rectiligne,,,normale,,Sur trottoir,Conducteur,1,M,71-72,,Autre,Non déterminable,1,1,02 - février,1 - mardi,Ivry-sur-Seine
,201700050662,2017-02-21,69,16,69388,0,0,Hors intersection,Deux véhicules - par le coté,Plein jour,Normale,Voie Communale,,3,Plat,Partie rectiligne,,120,normale,,Sur chaussée,Conducteur,1,M,78-79,,Autre,Non déterminable,1,1,02 - février,1 - mardi,Lyon 8e  Arrondissement
,201700052727,2017-02-21,75,11,75101,48.8644,2.33008,Intersection en T,Deux véhicules - par le coté,Plein jour,Normale,Voie Communale,,4,,,,,,,Sur chaussée,Conducteur,1,M,30-31,Domicile - travail,Casque,Oui,1,1,02 - février,1 - mardi,Paris 1er Arrondissement
,201700054639,2017-02-21,75,18,75112,48.8384,2.39294,Hors intersection,Autre,Nuit avec éclairage public allumé,Normale,Voie Communale,,2,Pente,Partie rectiligne,,50,normale,,Sur piste cyclable,Conducteur,1,M,43-44,Domicile - travail,Casque,Non déterminable,,1,02 - février,1 - mardi,Paris 12e  Arrondissement
,201700059122,2017-02-21,973,8,97309,0,0,Hors intersection,Deux véhicules - par le coté,Plein jour,Normale,Route Nationale,,2,Plat,Partie rectiligne,74,74,normale,,Sur chaussée,Conducteur,3,M,26-27,Autre,Casque,Non,1,,02 - février,1 - mardi,Remire-Montjoly