test,identifiantAccident,date,departement,heure,commune,lat,lon,typeIntersection,typeCollision,luminosite,conditionsAtmosperiques,typeRoute,circulation,nbVoies,profilLongRoute,tracePlanRoute,largeurTPC,largeurRoute,etatSurface,amenagement,situation,categorieUsager,graviteAccident,sexe,age,motifDeplacement,existenceSecurite,usageSecurite,nombreAutresVehicules,enAgglomeration,mois,jour,NCCENR
,201700028786,2017-02-20,45,17,45302,0,0,Hors intersection,Deux véhicules - par l’arrière,Crépuscule ou aube,Normale,Voie Communale,,2,Plat,Partie rectiligne,,,normale,,Sur chaussée,Conducteur,1,M,36-37,Domicile - travail,Casque,Oui,1,,02 - février,0 - lundi,Saran
,201700045569,2017-02-20,94,9,94080,0,0,Hors intersection,Autre,Plein jour,Pluie légère,Route Départementale,,2,,,,,mouillée,,Sur chaussée,Conducteur,0,M,34-35,Domicile - travail,Autre,Non déterminable,,1,02 - février,0 - lundi,Vincennes
,201700054359,2017-02-20,75,8,75111,48.8507,2.39447,Intersection en X,Deux véhicules - par le coté,Plein jour,Normale,Voie Communale,,2,Plat,Partie rectiligne,,80,normale,,Sur chaussée,Conducteur,1,M,54-55,Autre,Casque,Non déterminable,1,1,02 - février,0 - lundi,Paris 11e  Arrondissement
,201700000615,2017-02-19,22,11,22070,48.56023,-3.14853,Intersection en T,Deux véhicules - par le coté,Plein jour,Normale,Voie Communale,,1,Plat,Partie rectiligne,,,normale,Carrefour aménagé,Sur chaussée,Conducteur,2,M,67-68,Promenade - loisirs,Casque,Oui,1,1,02 - février,6 - dimanche,Guingamp
,201700002775,2017-02-19,3,17,3085,46.54545,3.22904,Hors intersection,Deux véhicules - par le coté,Plein jour,Normale,Route Départementale,,2,Plat,Partie rectiligne,,64,normale,,Sur chaussée,Conducteur,1,M,46-47,Promenade - loisirs,Autre,Non déterminable,1,,02 - février,6 - dimanche,Coulandon
,201700023005,2017-02-19,38,16,38383,45.38557,5.63315,Giratoire,Deux véhicules - par le coté,Plein jour,Normale,Route Départementale,,1,Plat,,7,10,normale,,,Conducteur,2,F,23-24,Promenade - loisirs,Casque,Oui,1,1,02 - février,6 - dimanche,Saint-Étienne-de-Crossey
,201700029654,2017-02-19,50,15,50602,49.63515,-1.58641,Intersection en X,Deux véhicules - par le coté,Plein jour,Normale,Route Départementale,,4,Plat,Partie rectiligne,,,normale,Carrefour aménagé,Sur chaussée,Conducteur,1,M,13-14,Promenade - loisirs,Autre,Oui,1,1,02 - février,6 - dimanche,Tourlaville
,201700035804,2017-02-19,76,11,76305,49.50301,0.20999,Hors intersection,Autre,Plein jour,Normale,Route Départementale,,2,Plat,Partie rectiligne,,,normale,,Sur piste cyclable,Conducteur,2,M,46-47,Promenade - loisirs,Casque,Oui,,1,02 - février,6 - dimanche,'Gonfreville-l''Orcher'
,201700036478,2017-02-19,77,12,77374,48.796,2.7187,Hors intersection,Aucune,Plein jour,Normale,Route Départementale,,2,Plat,Partie rectiligne,,35,normale,,Sur chaussée,Conducteur,2,M,28-29,,Casque,Oui,,,02 - février,6 - dimanche,Pontcarré
,201700044554,2017-02-19,94,12,94003,0,0,Intersection en Y,Deux véhicules - par le coté,Plein jour,Normale,Route Départementale,,4,Plat,,,,normale,,Sur chaussée,Conducteur,1,M,69-70,Promenade - loisirs,Autre,Non,1,1,02 - février,6 - dimanche,Arcueil
,201700045567,2017-02-19,94,16,94080,0,0,Intersection en T,Autre,Plein jour,Normale,Route Départementale,,1,Plat,Partie rectiligne,,,normale,,Sur chaussée,Conducteur,0,M,31-32,Promenade - loisirs,Autre,Non déterminable,1,1,02 - février,6 - dimanche,Vincennes
,201700059695,2017-02-19,972,8,97213,0,0,Giratoire,Deux véhicules - par le coté,Plein jour,Normale,Route Départementale,,4,Plat,Partie rectiligne,,,normale,,Sur chaussée,Conducteur,1,M,51-52,Promenade - loisirs,Casque,Non déterminable,1,1,02 - février,6 - dimanche,Lamentin
,201700003341,2017-02-18,68,16,68342,47.82361,7.16347,Hors intersection,Autre,Plein jour,Normale,Route Départementale,,2,Pente,Partie rectiligne,,60,normale,,Sur chaussée,Conducteur,2,M,56-57,Promenade - loisirs,Casque,Oui,,,02 - février,5 - samedi,Uffholtz
,201700007050,2017-02-18,69,11,69268,45.66378,4.77955,Autre intersection,Deux véhicules - par le coté,Plein jour,Normale,Route Départementale,,2,Plat,,8,610,normale,,,Conducteur,1,M,60-61,Promenade - loisirs,Casque,Oui,1,,02 - février,5 - samedi,Vourles
,201700009093,2017-02-18,13,19,13055,43.32354,5.38914,Intersection en T,Deux véhicules - par le coté,Nuit avec éclairage public non allumé,Normale,Voie Communale,,2,Plat,Partie rectiligne,,50,normale,,Sur chaussée,Conducteur,1,M,18-19,Promenade - loisirs,Autre,Non déterminable,1,1,02 - février,5 - samedi,Marseille
,201700017227,2017-02-18,22,17,22095,48.64293,-3.19406,Hors intersection,Autre,Plein jour,Normale,Voie Communale,,2,Plat,En courbe à droite,,41,normale,,Sur accotement,Conducteur,2,M,50-51,Promenade - loisirs,Autre,Non déterminable,,,02 - février,5 - samedi,Landebaëron
,201700017884,2017-02-18,42,14,42219,45.72309,4.09335,Hors intersection,Deux véhicules - par l’arrière,Plein jour,Normale,Route Départementale,,2,Plat,Partie rectiligne,,80,normale,,Sur chaussée,Conducteur,2,M,58-59,Promenade - loisirs,Casque,Oui,1,,02 - février,5 - samedi,Saint-Étienne-le-Molard
,201700017884,2017-02-18,42,14,42219,45.72309,4.09335,Hors intersection,Deux véhicules - par l’arrière,Plein jour,Normale,Route Départementale,,2,Plat,Partie rectiligne,,80,normale,,Sur chaussée,Conducteur,2,M,49-50,Promenade - loisirs,Casque,Oui,1,,02 - février,5 - samedi,Saint-Étienne-le-Molard
,201700017932,2017-02-18,42,14,42149,45.63573,4.24048,Giratoire,Deux véhicules - par le coté,Plein jour,Temps éblouissant,Route Départementale,,2,Plat,,6,215,normale,,,Conducteur,2,M,59-60,Promenade - loisirs,Casque,Oui,1,1,02 - février,5 - samedi,Montrond-les-Bains
,201700025646,2017-02-18,33,7,33063,44.82857,-0.56243,Hors intersection,Deux véhicules - par l’arrière,Crépuscule ou aube,Normale,Voie Communale,,4,Pente,Partie rectiligne,,59,normale,,Sur chaussée,Conducteur,2,M,39-40,,Casque,Non déterminable,1,1,02 - février,5 - samedi,Bordeaux
,201700027598,2017-02-18,38,15,38185,45.1922,5.70746,Hors intersection,Deux véhicules - frontale,Plein jour,Normale,Voie Communale,,4,Plat,Partie rectiligne,,,normale,,Sur chaussée,Conducteur,1,M,77-78,Promenade - loisirs,Casque,Non,1,1,02 - février,5 - samedi,Grenoble
,201700028081,2017-02-18,42,16,42218,45.45822,4.40603,Giratoire,Deux véhicules - frontale,Plein jour,Normale,Route Départementale,,1,Pente,Partie rectiligne,,,normale,,Sur chaussée,Conducteur,1,M,60-61,Promenade - loisirs,Casque,Oui,1,1,02 - février,5 - samedi,Saint-Étienne
,201700028788,2017-02-18,45,20,45232,47.84022,1.87698,Intersection en X,Deux véhicules - frontale,Nuit avec éclairage public allumé,Normale,Route Départementale,,2,Plat,Partie rectiligne,,,normale,,Sur chaussée,Conducteur,1,M,29-30,Autre,Casque,Oui,1,,02 - février,5 - samedi,Olivet
,201700033506,2017-02-18,65,9,65417,43.2198,0.10335,Intersection en T,Autre,Plein jour,Normale,Voie Communale,Avec voies d’affectation variable,2,Plat,,,,,,,Conducteur,2,F,93-94,Courses - achats,Autre,Non déterminable,1,1,02 - février,5 - samedi,Séméac
,201700041008,2017-02-18,92,13,92033,0,0,Hors intersection,Aucune,Plein jour,Normale,Voie Communale,,2,Plat,Partie rectiligne,,,normale,,Sur chaussée,Conducteur,1,M,38-39,,Autre,Non déterminable,,1,02 - février,5 - samedi,Garches
,201700045265,2017-02-18,94,9,94068,0,0,Intersection en X,Deux véhicules - par le coté,Plein jour,Brouillard - fumée,Voie Communale,,1,Plat,,,,normale,Carrefour aménagé,Sur chaussée,Conducteur,2,M,76-77,Promenade - loisirs,Autre,Non,1,1,02 - février,5 - samedi,Saint-Maur-des-Fossés
,201700054358,2017-02-18,75,18,75111,48.8494,2.39642,Hors intersection,Deux véhicules - frontale,Nuit avec éclairage public allumé,Normale,Voie Communale,,1,Plat,En courbe à gauche,,40,normale,,Sur piste cyclable,Conducteur,1,F,58-59,Promenade - loisirs,Casque,Non déterminable,1,1,02 - février,5 - samedi,Paris 11e  Arrondissement
,201700055048,2017-02-18,75,11,75113,48.8259,2.35142,Hors intersection,Deux véhicules - par le coté,Plein jour,Normale,Voie Communale,,3,Plat,Partie rectiligne,,60,normale,,Sur chaussée,Conducteur,1,M,27-28,,Casque,Oui,1,1,02 - février,5 - samedi,Paris 13e  Arrondissement
,201700012921,2017-02-17,40,17,40250,43.91658,-0.45244,Giratoire,Deux véhicules - par le coté,Plein jour,Normale,Route Départementale,,2,Plat,,8,810,normale,,,Conducteur,2,M,60-61,Promenade - loisirs,Casque,Non,1,,02 - février,4 - vendredi,Saint-Avit
,201700017000,2017-02-17,25,17,25434,47.1043,6.1377,Intersection en Y,Deux véhicules - frontale,Plein jour,Normale,Route Départementale,,2,Pente,,6,510,normale,,,Conducteur,1,M,12-13,Promenade - loisirs,Casque,Non,1,1,02 - février,4 - vendredi,Ornans
,201700019582,2017-02-17,80,16,80807,49.9617,2.6225,Intersection en T,Deux véhicules - par le coté,Plein jour,Normale,Route Départementale,,2,Plat,,6,10,normale,,,Conducteur,2,M,61-62,Promenade - loisirs,Autre,Non,1,,02 - février,4 - vendredi,Ville-sur-Ancre
,201700021344,2017-02-17,17,18,17333,45.61282,-0.991,Intersection en X,Deux véhicules - par le coté,Plein jour,Normale,Voie Communale,,2,Plat,Partie rectiligne,,75,normale,,Sur chaussée,Conducteur,2,M,85-86,Promenade - loisirs,Autre,Oui,1,1,02 - février,4 - vendredi,Saint-Georges-de-Didonne
,201700023530,2017-02-17,1,11,1322,45.56222,4.47577,Hors intersection,Deux véhicules - par le coté,Plein jour,Temps éblouissant,Route Départementale,,2,Plat,,30,60,,,,Conducteur,2,M,53-54,Promenade - loisirs,Casque,Oui,1,1,02 - février,4 - vendredi,Reyrieux
,201700025647,2017-02-17,33,9,33063,44.8348,-0.57835,Intersection en X,Deux véhicules - frontale,Plein jour,Normale,Voie Communale,,2,Plat,Partie rectiligne,,,normale,,Sur chaussée,Conducteur,1,F,42-43,Autre,Casque,Non déterminable,1,1,02 - février,4 - vendredi,Bordeaux
,201700025654,2017-02-17,33,20,33192,44.7717,-0.6095,Intersection en T,Deux véhicules - par le coté,Nuit avec éclairage public allumé,Normale,Voie Communale,,2,,Partie rectiligne,,80,normale,,Sur chaussée,Conducteur,1,M,44-45,Autre,Casque,Non déterminable,1,1,02 - février,4 - vendredi,Gradignan
,201700027094,2017-02-17,37,13,37261,47.40166,0.68401,Place,Deux véhicules - par le coté,Plein jour,Normale,Voie Communale,,2,Pente,Partie rectiligne,60,60,normale,Carrefour aménagé,Sur chaussée,Conducteur,1,F,44-45,Promenade - loisirs,Casque,Non,1,1,02 - février,4 - vendredi,Tours
,201700027095,2017-02-17,37,15,37195,47.37992,0.66385,Intersection en T,Aucune,Plein jour,Normale,Voie Communale,,2,Plat,Partie rectiligne,,,normale,,,Conducteur,1,M,60-61,Promenade - loisirs,Casque,Oui,,1,02 - février,4 - vendredi,Riche
,201700030334,2017-02-17,54,13,54395,0,0,Intersection en Y,Deux véhicules - par le coté,Plein jour,Normale,Voie Communale,,2,Pente,Partie rectiligne,,,normale,,Sur chaussée,Conducteur,1,M,74-75,Promenade - loisirs,Casque,Oui,1,1,02 - février,4 - vendredi,Nancy
,201700034660,2017-02-17,69,16,69256,45.78122,4.92905,Giratoire,Deux véhicules - par le coté,Plein jour,Normale,Voie Communale,,2,Plat,Partie rectiligne,,82,normale,,Sur chaussée,Conducteur,1,M,79-80,Promenade - loisirs,Casque,Non,1,1,02 - février,4 - vendredi,Vaulx-en-Velin
,201700035204,2017-02-17,47,16,47295,44.4814,0.79238,Hors intersection,Deux véhicules - par le coté,Plein jour,Temps éblouissant,Voie Communale,,2,Pente,Partie rectiligne,,60,normale,,Sur chaussée,Conducteur,1,M,56-57,Promenade - loisirs,Casque,Oui,1,1,02 - février,4 - vendredi,Savignac-sur-Leyze
,201700039434,2017-02-17,92,15,92012,0,0,Hors intersection,Deux véhicules - par le coté,Plein jour,Normale,Route Départementale,,,Plat,Partie rectiligne,,,normale,,Sur chaussée,Conducteur,1,F,27-28,Promenade - loisirs,Casque,Non déterminable,1,1,02 - février,4 - vendredi,Boulogne-Billancourt
,201700001433,2017-02-16,64,13,64230,43.18623,-0.39297,Hors intersection,Deux véhicules - par l’arrière,Plein jour,Normale,Route Départementale,,3,Pente,Partie rectiligne,,,normale,,Sur chaussée,Conducteur,3,M,45-46,Promenade - loisirs,Casque,Oui,1,,02 - février,3 - jeudi,Gan
,201700001433,2017-02-16,64,13,64230,43.18623,-0.39297,Hors intersection,Deux véhicules - par l’arrière,Plein jour,Normale,Route Départementale,,3,Pente,Partie rectiligne,,,normale,,Sur chaussée,Conducteur,2,M,56-57,Promenade - loisirs,Casque,Oui,1,,02 - février,3 - jeudi,Gan
,201700002274,2017-02-16,38,8,38382,45.23334,5.69213,Hors intersection,Deux véhicules - frontale,Plein jour,Normale,Voie Communale,,2,Plat,Partie rectiligne,,66,normale,,,Conducteur,2,M,12-13,Domicile - école,Casque,Oui,1,1,02 - février,3 - jeudi,Saint-Égrève
,201700014851,2017-02-16,72,16,72075,47.93076,0.004,Hors intersection,Trois véhicules et plus - collisions multiples,Plein jour,Normale,Route Départementale,,2,Plat,Partie rectiligne,,,normale,,Sur chaussée,Conducteur,1,M,64-65,Promenade - loisirs,Casque,Oui,1,,02 - février,3 - jeudi,Chemiré-le-Gaudin
,201700014851,2017-02-16,72,16,72075,47.93076,0.004,Hors intersection,Trois véhicules et plus - collisions multiples,Plein jour,Normale,Route Départementale,,2,Plat,Partie rectiligne,,,normale,,Sur chaussée,Conducteur,1,M,66-67,Promenade - loisirs,Casque,Oui,1,,02 - février,3 - jeudi,Chemiré-le-Gaudin
,201700018885,2017-02-16,11,10,11008,42.9823,2.265,Intersection en Y,Deux véhicules - frontale,Plein jour,Temps éblouissant,Route Départementale,,2,Plat,,,10,normale,,,Conducteur,3,M,66-67,Promenade - loisirs,Casque,Non,1,,02 - février,3 - jeudi,Alet-les-Bains
,201700020691,2017-02-16,91,18,91553,48.63043,2.49193,Intersection en T,Deux véhicules - par le coté,Nuit avec éclairage public allumé,Pluie légère,Voie Communale,,1,Plat,Partie rectiligne,,20,inondée,,Sur chaussée,Conducteur,2,F,43-44,Domicile - travail,Casque,Non déterminable,1,1,02 - février,3 - jeudi,Saint-Germain-lès-Corbeil
,201700021045,2017-02-16,17,14,17299,45.93592,-0.96911,Intersection en Y,Autre,Plein jour,Normale,Voie Communale,,2,Plat,Partie rectiligne,,39,normale,,Sur chaussée,Conducteur,1,M,83-84,Promenade - loisirs,Equipement réfléchissant,Oui,,1,02 - février,3 - jeudi,Rochefort
,201700023598,2017-02-16,29,18,29019,48.40485,-4.49529,Hors intersection,Deux véhicules - par le coté,Plein jour,Normale,Voie Communale,,,Pente,Partie rectiligne,,,normale,,Sur chaussée,Conducteur,1,M,19-20,Promenade - loisirs,Casque,Non,1,1,02 - février,3 - jeudi,Brest
,201700025645,2017-02-16,33,9,33063,44.8319,-0.57347,Hors intersection,Autre,Plein jour,Normale,Voie Communale,,4,Plat,Partie rectiligne,,,normale,,Sur piste cyclable,Conducteur,0,M,31-32,Domicile - travail,Autre,Non déterminable,,1,02 - février,3 - jeudi,Bordeaux
,201700026490,2017-02-16,35,8,35238,48.11988,-1.64331,Hors intersection,Deux véhicules - par le coté,Plein jour,Normale,Voie Communale,,1,,Partie rectiligne,,,normale,,Sur chaussée,Conducteur,1,M,22-23,,Casque,Non déterminable,1,1,02 - février,3 - jeudi,Rennes
,201700027092,2017-02-16,37,11,37261,47.3939,0.6946,Intersection en X,Aucune,Plein jour,Pluie légère,Voie Communale,,2,Plat,Partie rectiligne,,,mouillée,Zone piétonne,,Conducteur,1,M,52-53,Autre,Casque,Non,,1,02 - février,3 - jeudi,Tours
,201700027905,2017-02-16,42,8,42095,45.3897,4.28123,Giratoire,Deux véhicules - par le coté,Plein jour,Normale,Voie Communale,,2,,,,,,,,Conducteur,2,F,50-51,Utilisation professionnelle,Casque,Oui,1,1,02 - février,3 - jeudi,Firminy
,201700029196,2017-02-16,49,13,49007,47.45096,-0.54945,Intersection en X,Trois véhicules et plus - collisions multiples,Plein jour,Normale,Voie Communale,,2,Plat,Partie rectiligne,,130,normale,,Sur chaussée,Conducteur,0,M,74-75,Promenade - loisirs,Casque,Non déterminable,2,1,02 - février,3 - jeudi,Angers
,201700032895,2017-02-16,64,16,64024,43.5037,-1.5039,Intersection en X,Deux véhicules - par le coté,Plein jour,Normale,Voie Communale,,2,Plat,Partie rectiligne,,100,normale,,Sur chaussée,Conducteur,1,F,77-78,Promenade - loisirs,Casque,Oui,1,1,02 - février,3 - jeudi,Anglet
,201700035823,2017-02-16,76,15,76351,49.48947,0.10506,Hors intersection,Autre,Plein jour,Normale,Voie Communale,,2,Plat,Partie rectiligne,,,normale,,Sur chaussée,Conducteur,1,F,89-90,Promenade - loisirs,Autre,Non déterminable,1,1,02 - février,3 - jeudi,Havre
,201700044550,2017-02-16,94,9,94003,0,0,Hors intersection,Deux véhicules - par le coté,Plein jour,Pluie légère,Route Nationale,,4,Plat,,,,mouillée,,Sur chaussée,Conducteur,1,F,56-57,,Casque,Oui,1,1,02 - février,3 - jeudi,Arcueil
,201700044552,2017-02-16,94,18,94003,0,0,Hors intersection,Deux véhicules - par le coté,Nuit avec éclairage public allumé,Pluie forte,Route Départementale,,2,Plat,Partie rectiligne,,,mouillée,,Sur chaussée,Conducteur,1,F,42-43,Promenade - loisirs,Casque,Non déterminable,1,1,02 - février,3 - jeudi,Arcueil
,201700052725,2017-02-16,75,12,75101,48.8658,2.33015,Intersection en T,Deux véhicules - par l’arrière,Plein jour,Temps couvert,Voie Communale,,1,Plat,Partie rectiligne,,50,mouillée,,Sur chaussée,Conducteur,1,F,52-53,Promenade - loisirs,Casque,Non déterminable,1,1,02 - février,3 - jeudi,Paris 1er Arrondissement
,201700053995,2017-02-16,75,8,75101,48.8613,2.33977,Intersection en T,Deux véhicules - par le coté,Plein jour,Normale,Voie Communale,,3,Plat,Partie rectiligne,,,mouillée,,Sur chaussée,Conducteur,1,M,59-60,Autre,Casque,Non déterminable,1,1,02 - février,3 - jeudi,Paris 1er Arrondissement
,201700054634,2017-02-16,75,10,75112,48.8467,2.39559,Hors intersection,Deux véhicules - par le coté,Plein jour,Pluie légère,Voie Communale,,1,Plat,Partie rectiligne,,,mouillée,,Sur chaussée,Conducteur,1,F,30-31,,Casque,Non déterminable,1,1,02 - février,3 - jeudi,Paris 12e  Arrondissement
,201700002541,2017-02-15,42,22,42168,45.42179,4.67374,Hors intersection,Aucune,Nuit avec éclairage public allumé,Normale,Route Départementale,,2,Plat,Partie rectiligne,,,normale,,Sur chaussée,Conducteur,2,M,31-32,Promenade - loisirs,Casque,Non,,1,02 - février,2 - mercredi,Pélussin
,201700012096,2017-02-15,37,10,37104,47.2929,0.7809,Hors intersection,Deux véhicules - par le coté,Plein jour,Normale,Autre,,2,Plat,,5,10,normale,,,Conducteur,1,M,57-58,Promenade - loisirs,Casque,Oui,1,,02 - février,2 - mercredi,Esvres
,201700014158,2017-02-15,60,16,60151,49.4481,2.90288,Hors intersection,Deux véhicules - par le coté,Plein jour,Normale,Route Départementale,,2,Plat,Partie rectiligne,,73,normale,,,Conducteur,2,F,61-62,Promenade - loisirs,Casque,Oui,1,,02 - février,2 - mercredi,Choisy-au-Bac
,201700026038,2017-02-15,34,13,34003,43.28294,3.50294,Intersection en X,Deux véhicules - par le coté,Plein jour,Pluie légère,Voie Communale,,2,Plat,Partie rectiligne,,33,mouillée,,Sur chaussée,Conducteur,1,M,18-19,,Autre,Non déterminable,1,1,02 - février,2 - mercredi,Agde
,201700029929,2017-02-15,51,8,51454,49.23219,4.02359,Intersection en T,Deux véhicules - par le coté,Plein jour,Normale,Voie Communale,,2,Plat,Partie rectiligne,,,normale,,Sur chaussée,Conducteur,1,M,31-32,,Autre,Non déterminable,1,1,02 - février,2 - mercredi,Reims
,201700037422,2017-02-15,83,16,83137,43.12795,5.90655,Intersection en X,Deux véhicules - par le coté,Plein jour,Normale,Voie Communale,,,Plat,Partie rectiligne,,,normale,Carrefour aménagé,Sur chaussée,Conducteur,2,M,50-51,,Casque,Oui,1,1,02 - février,2 - mercredi,Toulon
,201700052724,2017-02-15,75,19,75101,48.8627,2.33525,Intersection en X,Aucune,Nuit avec éclairage public allumé,Normale,Voie Communale,,4,Plat,Partie rectiligne,,200,normale,,Sur piste cyclable,Conducteur,1,M,61-62,,Casque,Non déterminable,,1,02 - février,2 - mercredi,Paris 1er Arrondissement
,201700053313,2017-02-15,75,15,75106,48.8503,2.32987,Intersection en Y,Deux véhicules - par le coté,Plein jour,Normale,Voie Communale,,3,Plat,Partie rectiligne,,130,normale,,Sur chaussée,Conducteur,1,M,26-27,,Casque,Non déterminable,1,1,02 - février,2 - mercredi,Paris 6e  Arrondissement
,201700054355,2017-02-15,75,19,75111,48.8535,2.36952,Place,Deux véhicules - par l’arrière,Nuit avec éclairage public allumé,Normale,Voie Communale,,4,Plat,En courbe à gauche,,200,normale,,Sur chaussée,Conducteur,1,M,38-39,Domicile - travail,Casque,Non déterminable,1,1,02 - février,2 - mercredi,Paris 11e  Arrondissement
,201700055704,2017-02-15,75,20,75115,48.8477,2.28415,Intersection en X,Deux véhicules - par le coté,Nuit avec éclairage public allumé,Normale,Voie Communale,,2,Plat,Partie rectiligne,,,normale,,,Conducteur,1,M,24-25,Domicile - travail,Casque,Oui,1,1,02 - février,2 - mercredi,Paris 15e  Arrondissement
,201700002886,2017-02-14,57,15,57663,49.24231,6.174,Giratoire,Deux véhicules - frontale,Plein jour,Temps éblouissant,Route Départementale,,2,Plat,,700,10,normale,,,Conducteur,2,M,89-90,Promenade - loisirs,Casque,Non,1,1,02 - février,1 - mardi,Talange
,201700013569,2017-02-14,10,8,10268,48.49336,3.50167,Hors intersection,Autre,Plein jour,Normale,Voie Communale,,1,Plat,,,,normale,,Sur chaussée,Conducteur,0,M,10-11,Domicile - école,Casque,Non,,1,02 - février,1 - mardi,Nogent-sur-Seine
,201700020352,2017-02-14,56,16,56078,47.8059,-3.45815,Intersection en T,Deux véhicules - par le coté,Plein jour,Normale,Route Nationale,,1,Plat,,4,13,normale,Bretelle d’échangeur ou de raccordement,Sur chaussée,Conducteur,2,M,43-44,Promenade - loisirs,Casque,Oui,1,,02 - février,1 - mardi,Guidel
,201700031112,2017-02-14,33,14,33081,44.63493,-0.30851,Intersection à plus de 4 branches,Deux véhicules - par le coté,Plein jour,Normale,Route Départementale,,2,Plat,En courbe à droite,7,110,normale,,Sur chaussée,Conducteur,2,M,61-62,Promenade - loisirs,Casque,Non,1,1,02 - février,1 - mardi,Cadillac
,201700044855,2017-02-14,94,10,94065,0,0,Hors intersection,Deux véhicules - par le coté,Plein jour,Pluie légère,Voie Communale,,1,Plat,Partie rectiligne,,,mouillée,,Sur chaussée,Conducteur,2,F,44-45,Utilisation professionnelle,Casque,Oui,1,1,02 - février,1 - mardi,Rungis
,201700052722,2017-02-14,75,23,75101,48.8622,2.33693,Place,Autre,Nuit avec éclairage public allumé,Normale,Voie Communale,,3,Plat,Partie rectiligne,3,120,normale,,Sur chaussée,Conducteur,1,M,46-47,,Casque,Non déterminable,1,1,02 - février,1 - mardi,Paris 1er Arrondissement
,201700054633,2017-02-14,75,19,75112,48.8379,2.40004,Hors intersection,Deux véhicules - par le coté,Nuit avec éclairage public allumé,Normale,Voie Communale,,2,Pente,Partie rectiligne,,80,normale,,Sur piste cyclable,Conducteur,1,M,22-23,Utilisation professionnelle,Casque,Non déterminable,1,1,02 - février,1 - mardi,Paris 12e  Arrondissement
,201700056490,2017-02-14,75,16,75117,48.8792,2.29197,Hors intersection,Deux véhicules - par le coté,Plein jour,Normale,Voie Communale,,2,Plat,Partie rectiligne,,,normale,,Sur chaussée,Conducteur,1,M,39-40,Utilisation professionnelle,Casque,Oui,1,1,02 - février,1 - mardi,Paris 17e  Arrondissement
,201700057517,2017-02-14,75,17,75120,48.8581,2.40337,Intersection en T,Deux véhicules - par le coté,Plein jour,Normale,Voie Communale,,2,Pente,Partie rectiligne,,,normale,,Sur chaussée,Conducteur,1,F,23-24,Promenade - loisirs,Casque,Oui,1,1,02 - février,1 - mardi,Paris 20e  Arrondissement
,201700000002,2017-02-13,59,16,59005,50.53611,2.95314,Intersection en T,Deux véhicules - par le coté,Plein jour,Normale,Route Départementale,,2,Plat,,6,10,normale,,,Conducteur,2,M,56-57,Promenade - loisirs,Casque,Non,1,1,02 - février,0 - lundi,Allennes-les-Marais
,201700011840,2017-02-13,30,21,30138,43.79869,4.24753,Hors intersection,Deux véhicules - frontale,Nuit avec éclairage public allumé,Pluie légère,Voie Communale,,1,Pente,En « S »,,,mouillée,,Sur chaussée,Conducteur,0,M,16-17,Promenade - loisirs,Casque,Non,1,1,02 - février,0 - lundi,Langlade
,201700011840,2017-02-13,30,21,30138,43.79869,4.24753,Hors intersection,Deux véhicules - frontale,Nuit avec éclairage public allumé,Pluie légère,Voie Communale,,1,Pente,En « S »,,,mouillée,,Sur chaussée,Passager,2,M,16-17,Promenade - loisirs,Casque,Non,1,1,02 - février,0 - lundi,Langlade
,201700019923,2017-02-13,76,17,76482,49.8598,1.04288,Hors intersection,Deux véhicules - par l’arrière,Plein jour,Temps éblouissant,Route Départementale,,2,Plat,Partie rectiligne,,,normale,,Sur chaussée,Conducteur,2,M,56-57,Promenade - loisirs,Casque,Oui,1,,02 - février,0 - lundi,Offranville
,201700021108,2017-02-13,17,20,17300,46.14601,-1.15241,Giratoire,Deux véhicules - par le coté,Nuit avec éclairage public allumé,Normale,Voie Communale,,2,Plat,Partie rectiligne,,63,mouillée,,Sur chaussée,Conducteur,1,F,19-20,Promenade - loisirs,Casque,Non,1,1,02 - février,0 - lundi,Rochelle
,201700027954,2017-02-13,42,14,42187,46.04025,4.08303,Intersection en Y,Autre,Plein jour,Normale,Voie Communale,,,Plat,Partie rectiligne,,,normale,,,Conducteur,1,F,23-24,Autre,Casque,Oui,1,1,02 - février,0 - lundi,Roanne
,201700033582,2017-02-13,66,15,66136,42.69645,2.92312,Hors intersection,Autre,Plein jour,Pluie forte,Voie Communale,,2,Plat,Partie rectiligne,,80,normale,,Sur chaussée,Conducteur,1,M,8-9,Promenade - loisirs,Casque,Non,1,1,02 - février,0 - lundi,Perpignan
,201700035004,2017-02-13,70,11,70550,47.63114,6.16761,Hors intersection,Deux véhicules - par l’arrière,Plein jour,Normale,Route Départementale,,2,Plat,Partie rectiligne,24,81,normale,Carrefour aménagé,Sur chaussée,Conducteur,2,F,57-58,Courses - achats,Casque,Oui,1,1,02 - février,0 - lundi,Vesoul
,201700037662,2017-02-13,84,11,84087,0,0,Intersection en T,Deux véhicules - par le coté,Plein jour,Normale,Voie Communale,,2,Plat,Partie rectiligne,,,normale,,Sur chaussée,Conducteur,2,F,68-69,Promenade - loisirs,Autre,Oui,1,1,02 - février,0 - lundi,Orange
,201700054158,2017-02-13,75,19,75110,48.8823,2.3682,Hors intersection,Deux véhicules - par le coté,Nuit avec éclairage public allumé,Normale,Voie Communale,,4,Plat,Partie rectiligne,,100,normale,,Sur chaussée,Conducteur,1,M,39-40,Autre,Casque,Non déterminable,1,1,02 - février,0 - lundi,Paris 10e  Arrondissement