test,identifiantAccident,date,departement,heure,commune,lat,lon,typeIntersection,typeCollision,luminosite,conditionsAtmosperiques,typeRoute,circulation,nbVoies,profilLongRoute,tracePlanRoute,largeurTPC,largeurRoute,etatSurface,amenagement,situation,categorieUsager,graviteAccident,sexe,age,motifDeplacement,existenceSecurite,usageSecurite,nombreAutresVehicules,enAgglomeration,mois,jour,NCCENR
,201700056878,2017-02-13,75,9,75118,48.8899,2.36307,Intersection en X,Autre,Plein jour,Normale,Voie Communale,,,Plat,Partie rectiligne,,80,normale,,Sur chaussée,Conducteur,0,M,27-28,Domicile - travail,Casque,Non déterminable,,1,02 - février,0 - lundi,Paris 18e  Arrondissement
,201700057515,2017-02-13,75,17,75120,48.8649,2.39722,Intersection en X,Autre,Crépuscule ou aube,Normale,Voie Communale,,2,Plat,Partie rectiligne,,,normale,,Sur chaussée,Conducteur,0,M,28-29,Domicile - travail,Casque,Oui,,1,02 - février,0 - lundi,Paris 20e  Arrondissement
,201700025651,2017-02-12,33,19,33063,44.8537,-0.57096,Hors intersection,Deux véhicules - par l’arrière,Nuit avec éclairage public allumé,Normale,Voie Communale,,2,Plat,Partie rectiligne,,,normale,,,Conducteur,1,F,42-43,Autre,Casque,Non déterminable,1,1,02 - février,6 - dimanche,Bordeaux
,201700059854,2017-02-12,973,14,97302,4.92349,-52.31548,Hors intersection,Deux véhicules - par le coté,Plein jour,Normale,Voie Communale,,2,Plat,Partie rectiligne,,70,normale,,Sur chaussée,Conducteur,2,M,12-13,Promenade - loisirs,Autre,Non,1,1,02 - février,6 - dimanche,Cayenne
,201700009067,2017-02-11,13,10,13002,43.36982,5.52918,Hors intersection,Trois véhicules et plus - collisions multiples,Plein jour,Temps couvert,Route Départementale,,2,Pente,En courbe à droite,,50,normale,,Sur chaussée,Conducteur,2,M,45-46,Promenade - loisirs,Casque,Oui,2,,02 - février,5 - samedi,Allauch
,201700016118,2017-02-11,38,15,38004,45.22372,5.44358,Hors intersection,Aucune,Plein jour,Normale,Voie Communale,,1,Pente,En courbe à droite,,21,normale,,Sur accotement,Conducteur,2,M,76-77,Promenade - loisirs,Casque,Oui,,1,02 - février,5 - samedi,Albenc
,201700037140,2017-02-11,82,14,82121,43.99262,1.35043,Giratoire,Deux véhicules - par le coté,Plein jour,Normale,Route Départementale,,1,Plat,Partie rectiligne,,,normale,Bretelle d’échangeur ou de raccordement,Sur chaussée,Conducteur,1,M,47-48,Promenade - loisirs,Casque,Oui,1,1,02 - février,5 - samedi,Montauban
,201700050650,2017-02-11,69,9,69383,0,0,Intersection en T,Deux véhicules - par le coté,Plein jour,Normale,Route Départementale,,3,,,,,,,Sur chaussée,Conducteur,1,M,97-98,Utilisation professionnelle,Casque,Oui,1,1,02 - février,5 - samedi,Lyon 3e  Arrondissement
,201700053992,2017-02-11,75,12,75109,48.8711,2.34568,Intersection en T,Deux véhicules - par le coté,Plein jour,Normale,Voie Communale,,3,Plat,,10,70,normale,,,Conducteur,1,M,26-27,Domicile - travail,Casque,Non déterminable,1,1,02 - février,5 - samedi,Paris 9e  Arrondissement
,201700057203,2017-02-11,75,18,75119,48.8886,2.37919,Intersection en T,Deux véhicules - par le coté,Crépuscule ou aube,Temps couvert,Voie Communale,,1,Plat,Partie rectiligne,,40,normale,Pont - autopont,Sur chaussée,Conducteur,1,M,28-29,Promenade - loisirs,Casque,Non déterminable,1,1,02 - février,5 - samedi,Paris 19e  Arrondissement
,201700021030,2017-02-10,59,7,59301,50.49497,3.55082,Hors intersection,Deux véhicules - par le coté,Plein jour,Normale,Voie Communale,,2,Pente,,,,normale,,Sur chaussée,Conducteur,1,F,43-44,Courses - achats,Equipement réfléchissant,Non déterminable,1,1,02 - février,4 - vendredi,Hergnies
,201700021106,2017-02-10,17,7,17300,46.16145,-1.13972,Giratoire,Deux véhicules - par le coté,Nuit avec éclairage public allumé,Normale,Voie Communale,,2,Plat,Partie rectiligne,,72,normale,,Sur chaussée,Conducteur,1,M,34-35,Domicile - travail,Casque,Non,1,1,02 - février,4 - vendredi,Rochelle
,201700023593,2017-02-10,29,17,29019,48.3747,-4.5576,Hors intersection,Deux véhicules - par le coté,Plein jour,Normale,Route Nationale,,1,Plat,En courbe à gauche,,,normale,,Sur chaussée,Conducteur,1,M,47-48,Domicile - travail,Casque,Oui,1,1,02 - février,4 - vendredi,Brest
,201700027089,2017-02-10,37,9,37195,47.38495,0.65421,Giratoire,Deux véhicules - par le coté,Plein jour,Normale,Voie Communale,,2,Plat,Partie rectiligne,,,normale,,Sur chaussée,Conducteur,1,F,19-20,Domicile - travail,Casque,Non,1,1,02 - février,4 - vendredi,Riche
,201700028295,2017-02-10,44,23,44109,47.22057,-1.55517,Intersection en X,Autre,Nuit avec éclairage public allumé,Normale,Voie Communale,,,,,,,,,,Conducteur,2,M,33-34,,Autre,Non,1,1,02 - février,4 - vendredi,Nantes
,201700028524,2017-02-10,44,13,44184,47.26191,-2.23811,Intersection en T,Autre,Plein jour,Normale,Voie Communale,,2,Plat,Partie rectiligne,,,normale,,Sur trottoir,Conducteur,2,M,14-15,Domicile - école,Casque,Non,1,1,02 - février,4 - vendredi,Saint-Nazaire
,201700029075,2017-02-10,47,11,47031,44.17859,0.63026,Hors intersection,Deux véhicules - par le coté,Plein jour,Normale,Route Départementale,,2,Plat,Partie rectiligne,,,normale,,Sur chaussée,Conducteur,2,M,50-51,Promenade - loisirs,Casque,Non,1,1,02 - février,4 - vendredi,Boé
,201700033100,2017-02-10,64,19,64445,43.31089,-0.34933,Hors intersection,Deux véhicules - par le coté,Nuit avec éclairage public allumé,Normale,Voie Communale,,2,Plat,Partie rectiligne,,100,normale,,Sur chaussée,Conducteur,1,M,20-21,Domicile - école,Casque,Oui,1,1,02 - février,4 - vendredi,Pau
,201700039430,2017-02-10,92,19,92012,0,0,Hors intersection,Deux véhicules - par le coté,Nuit avec éclairage public allumé,Normale,Voie Communale,,,Plat,Partie rectiligne,,,normale,,Sur chaussée,Conducteur,1,M,50-51,Domicile - travail,Autre,Non déterminable,1,1,02 - février,4 - vendredi,Boulogne-Billancourt
,201700055035,2017-02-10,75,,75113,48.8437,2.36457,Place,Deux véhicules - par le coté,Nuit avec éclairage public allumé,Normale,Voie Communale,,2,Plat,Partie rectiligne,,,normale,,Sur chaussée,Conducteur,1,M,36-37,Promenade - loisirs,Casque,Non déterminable,1,1,02 - février,4 - vendredi,Paris 13e  Arrondissement
,201700055403,2017-02-10,75,9,75114,48.8206,2.33752,Hors intersection,Deux véhicules - par le coté,Plein jour,Normale,Voie Communale,,2,Pente,Partie rectiligne,,60,normale,,Sur piste cyclable,Conducteur,1,M,56-57,Promenade - loisirs,Casque,Non déterminable,1,1,02 - février,4 - vendredi,Paris 14e  Arrondissement
,201700055996,2017-02-10,75,16,75116,48.8585,2.24489,Intersection en X,Deux véhicules - par le coté,Plein jour,Pluie légère,Voie Communale,,2,Plat,Partie rectiligne,,,mouillée,,Sur chaussée,Conducteur,1,M,52-53,Utilisation professionnelle,Casque,Oui,1,1,02 - février,4 - vendredi,Paris 16e  Arrondissement
,201700058903,2017-02-10,973,20,97308,0,0,Hors intersection,Autre,Nuit avec éclairage public allumé,Normale,Voie Communale,,2,Plat,Partie rectiligne,,70,normale,,Sur chaussée,Conducteur,1,M,49-50,Promenade - loisirs,Equipement réfléchissant,Non déterminable,,1,02 - février,4 - vendredi,Saint-Georges
,201700059394,2017-02-10,974,5,97412,0,0,Hors intersection,Autre,Nuit sans éclairage public,Normale,Route Nationale,,2,Plat,Partie rectiligne,,120,normale,,Sur piste cyclable,Conducteur,1,M,20-21,Domicile - travail,Equipement réfléchissant,Oui,,1,02 - février,4 - vendredi,Saint-Joseph
,201700007962,2017-02-09,10,15,10387,48.2959,4.09537,Hors intersection,Deux véhicules - par l’arrière,Plein jour,Temps couvert,Voie Communale,,1,Plat,En courbe à gauche,,,normale,,Sur chaussée,Conducteur,2,M,70-71,Promenade - loisirs,Autre,Oui,1,1,02 - février,3 - jeudi,Troyes
,201700026484,2017-02-09,35,13,35238,48.10187,-1.68428,Intersection en T,Deux véhicules - par le coté,Plein jour,Normale,Voie Communale,,4,Pente,Partie rectiligne,,,normale,Pont - autopont,Sur chaussée,Conducteur,1,F,70-71,,Casque,Non,1,1,02 - février,3 - jeudi,Rennes
,201700026485,2017-02-09,35,8,35238,48.11574,-1.64839,Intersection en X,Deux véhicules - par le coté,Plein jour,Normale,Voie Communale,,3,Plat,Partie rectiligne,,,normale,Carrefour aménagé,Sur chaussée,Conducteur,1,M,54-55,,Casque,Non déterminable,1,1,02 - février,3 - jeudi,Rennes
,201700027949,2017-02-09,42,12,42184,46.04531,4.05268,Hors intersection,Autre,Plein jour,Normale,Parc de stationnement ouvert à la circulation publique,,,Plat,Partie rectiligne,,,normale,,,Conducteur,1,F,32-33,Promenade - loisirs,Autre,Non,1,1,02 - février,3 - jeudi,Riorges
,201700027950,2017-02-09,42,18,42187,46.03698,4.06547,Giratoire,Deux véhicules - par le coté,Nuit avec éclairage public allumé,Pluie légère,Voie Communale,,2,Pente,En courbe à gauche,,,mouillée,,Sur chaussée,Conducteur,1,M,42-43,Promenade - loisirs,Casque,Non,1,1,02 - février,3 - jeudi,Roanne
,201700028298,2017-02-09,44,17,44114,47.24089,-1.59246,Hors intersection,Deux véhicules - par le coté,Plein jour,Normale,Voie Communale,,2,Plat,Partie rectiligne,,,normale,,,Conducteur,2,F,17-18,,Casque,Non déterminable,1,1,02 - février,3 - jeudi,Orvault
,201700033995,2017-02-09,67,15,67482,48.60041,7.78042,Hors intersection,Deux véhicules - par le coté,Plein jour,Normale,Voie Communale,,2,Plat,Partie rectiligne,,30,normale,,Sur chaussée,Conducteur,1,F,20-21,Domicile - travail,Autre,Non,1,1,02 - février,3 - jeudi,Strasbourg
,201700038406,2017-02-09,90,18,90010,0,0,Hors intersection,Deux véhicules - frontale,Nuit avec éclairage public non allumé,Normale,Route Départementale,,2,Plat,Partie rectiligne,,,normale,Carrefour aménagé,Sur chaussée,Conducteur,2,M,6-7,,Equipement réfléchissant,Oui,1,1,02 - février,3 - jeudi,Belfort
,201700039428,2017-02-09,92,10,92012,48.82808,2.2411,Intersection à plus de 4 branches,Deux véhicules - par le coté,Plein jour,Neige - grêle,Voie Communale,,,Plat,Partie rectiligne,,,,,Sur chaussée,Conducteur,1,M,18-19,,Autre,Non déterminable,1,1,02 - février,3 - jeudi,Boulogne-Billancourt
,201700050649,2017-02-09,69,19,69387,0,0,Hors intersection,Deux véhicules - par l’arrière,Nuit avec éclairage public allumé,Pluie légère,Voie Communale,,1,Plat,Partie rectiligne,,,mouillée,,Sur piste cyclable,Conducteur,0,M,21-22,Promenade - loisirs,Autre,Non déterminable,1,1,02 - février,3 - jeudi,Lyon 7e  Arrondissement
,201700053050,2017-02-09,75,23,75104,48.8546,2.36271,Intersection en X,Deux véhicules - par l’arrière,Nuit avec éclairage public allumé,Normale,Voie Communale,,4,Plat,Partie rectiligne,,100,normale,,Sur chaussée,Conducteur,2,M,23-24,Promenade - loisirs,Casque,Non déterminable,1,1,02 - février,3 - jeudi,Paris 4e  Arrondissement
,201700055034,2017-02-09,75,15,75113,48.825,2.38888,Intersection en T,Deux véhicules - par le coté,Plein jour,Normale,Voie Communale,,,Plat,Partie rectiligne,,125,normale,,Sur piste cyclable,Conducteur,1,F,35-36,Autre,Casque,Non déterminable,1,1,02 - février,3 - jeudi,Paris 13e  Arrondissement
,201700056487,2017-02-09,75,12,75117,48.8848,2.31159,Hors intersection,Autre,Plein jour,Normale,Voie Communale,,1,Plat,Partie rectiligne,,,normale,,Sur piste cyclable,Conducteur,0,M,45-46,Domicile - travail,Casque,Oui,,1,02 - février,3 - jeudi,Paris 17e  Arrondissement
,201700058991,2017-02-09,974,18,97412,0,0,Hors intersection,Deux véhicules - frontale,Plein jour,Normale,Route Départementale,,2,Sommet de côte,En courbe à droite,,54,normale,,Sur chaussée,Conducteur,2,M,51-52,Promenade - loisirs,Casque,Oui,1,,02 - février,3 - jeudi,Saint-Joseph
,201700059120,2017-02-09,973,7,97309,0,0,Hors intersection,Deux véhicules - par l’arrière,Plein jour,Pluie forte,Voie Communale,,2,Plat,Partie rectiligne,,,mouillée,,Sur chaussée,Conducteur,2,M,14-15,Domicile - école,Casque,Non,1,1,02 - février,3 - jeudi,Remire-Montjoly
,201700059690,2017-02-09,972,14,97213,0,0,Intersection en X,Deux véhicules - par le coté,Plein jour,Normale,Voie Communale,,2,Plat,Partie rectiligne,,,normale,,Sur chaussée,Conducteur,1,M,26-27,Promenade - loisirs,Casque,Non déterminable,1,1,02 - février,3 - jeudi,Lamentin
,201700000707,2017-02-08,56,18,56007,47.67044,-2.99035,Giratoire,Deux véhicules - par le coté,Crépuscule ou aube,Normale,Route Départementale,,2,Plat,,,15,normale,,,Conducteur,2,M,61-62,Promenade - loisirs,Casque,Non,1,1,02 - février,2 - mercredi,Auray
,201700000951,2017-02-08,44,13,44204,47.26649,-1.4412,Giratoire,Deux véhicules - par le coté,Plein jour,Normale,Route Départementale,,2,Plat,Partie rectiligne,,,normale,Carrefour aménagé,Sur chaussée,Conducteur,1,M,34-35,Utilisation professionnelle,Equipement réfléchissant,Non,1,1,02 - février,2 - mercredi,Thouaré-sur-Loire
,201700005338,2017-02-08,45,17,45089,47.88707,2.03129,Hors intersection,Deux véhicules - par l’arrière,Plein jour,Normale,Voie Communale,,2,Plat,Partie rectiligne,,62,normale,,Sur chaussée,Conducteur,2,M,15-16,Promenade - loisirs,Casque,Oui,1,1,02 - février,2 - mercredi,Chécy
,201700012920,2017-02-08,40,17,40320,43.9147,-0.53612,Intersection en X,Deux véhicules - par le coté,Plein jour,Normale,Route Départementale,,2,Plat,,7,515,normale,,,Conducteur,0,M,57-58,Promenade - loisirs,Casque,Oui,1,,02 - février,2 - mercredi,Uchacq-et-Parentis
,201700012920,2017-02-08,40,17,40320,43.9147,-0.53612,Intersection en X,Deux véhicules - par le coté,Plein jour,Normale,Route Départementale,,2,Plat,,7,515,normale,,,Passager,1,F,59-60,Promenade - loisirs,Casque,Oui,1,,02 - février,2 - mercredi,Uchacq-et-Parentis
,201700013023,2017-02-08,21,17,21190,46.95841,4.78502,Autre intersection,Aucune,Plein jour,Normale,Voie Communale,,2,Plat,,6,10,flaques,,,Conducteur,2,M,16-17,Promenade - loisirs,Casque,Non,,,02 - février,2 - mercredi,Corcelles-les-Arts
,201700027086,2017-02-08,37,18,37195,47.38973,0.66215,Intersection en T,Aucune,Nuit avec éclairage public allumé,Pluie légère,Voie Communale,,2,Plat,Partie rectiligne,,,mouillée,,Sur chaussée,Conducteur,1,F,18-19,Domicile - travail,Casque,Non,,1,02 - février,2 - mercredi,Riche
,201700029558,2017-02-08,49,16,49099,47.03542,-0.88479,Hors intersection,Deux véhicules - par l’arrière,Plein jour,Normale,Route Départementale,,2,Plat,Partie rectiligne,,70,normale,,Sur piste cyclable,Conducteur,2,M,21-22,Promenade - loisirs,Casque,Oui,1,,02 - février,2 - mercredi,Cholet
,201700032431,2017-02-08,61,18,61001,48.44135,0.09229,Hors intersection,Deux véhicules - frontale,Nuit avec éclairage public allumé,Normale,Voie Communale,,2,Plat,En courbe à gauche,,,autre,,Sur piste cyclable,Conducteur,2,M,70-71,Promenade - loisirs,Autre,Non,1,1,02 - février,2 - mercredi,Alençon
,201700032431,2017-02-08,61,18,61001,48.44135,0.09229,Hors intersection,Deux véhicules - frontale,Nuit avec éclairage public allumé,Normale,Voie Communale,,2,Plat,En courbe à gauche,,,autre,,Sur piste cyclable,Conducteur,1,M,52-53,Domicile - travail,Casque,Oui,1,1,02 - février,2 - mercredi,Alençon
,201700033778,2017-02-08,17,16,17431,45.80271,-0.80594,Intersection en X,Deux véhicules - par le coté,Plein jour,Normale,Route Départementale,,2,Plat,,,62,normale,,,Conducteur,2,M,63-64,Promenade - loisirs,Casque,Oui,1,,02 - février,2 - mercredi,Soulignonne
,201700035259,2017-02-08,72,17,72181,47.999,0.23597,Giratoire,Deux véhicules - par le coté,Plein jour,Normale,Voie Communale,,2,Plat,En courbe à gauche,,,mouillée,,,Conducteur,2,M,74-75,,Autre,Oui,1,1,02 - février,2 - mercredi,Mans
,201700044299,2017-02-08,94,13,94028,0,0,Hors intersection,Deux véhicules - par le coté,Plein jour,Normale,Voie Communale,,,,,,,,,Sur chaussée,Conducteur,1,M,42-43,,Autre,Non déterminable,1,1,02 - février,2 - mercredi,Créteil
,201700053049,2017-02-08,75,19,75102,48.8665,2.35109,Intersection à plus de 4 branches,Deux véhicules - par le coté,Crépuscule ou aube,Normale,Voie Communale,,3,Plat,Partie rectiligne,,150,normale,,Sur piste cyclable,Conducteur,1,F,29-30,,Casque,Non déterminable,1,1,02 - février,2 - mercredi,Paris 2e  Arrondissement
,201700000642,2017-02-07,29,10,29046,48.09028,-4.33143,Intersection en T,Deux véhicules - par le coté,Plein jour,Normale,Route Départementale,,3,Pente,,409,125,enneigée,,,Conducteur,2,M,57-58,Promenade - loisirs,Casque,Non,1,1,02 - février,1 - mardi,Douarnenez
,201700006906,2017-02-07,13,15,13114,43.54022,5.26717,Giratoire,Deux véhicules - par le coté,Plein jour,Normale,Route Départementale,,1,Plat,,,15,enneigée,,,Conducteur,2,M,45-46,Promenade - loisirs,Casque,Oui,1,1,02 - février,1 - mardi,Ventabren
,201700007177,2017-02-07,38,8,38486,45.15674,5.69562,Intersection en T,Deux véhicules - par le coté,Plein jour,Pluie légère,Voie Communale,,2,Pente,,,10,normale,,,Conducteur,1,M,34-35,Domicile - travail,Equipement réfléchissant,Non déterminable,1,1,02 - février,1 - mardi,Seyssins
,201700012046,2017-02-07,37,15,37038,47.30532,0.38478,Hors intersection,Autre,Plein jour,Normale,Route Départementale,,2,Plat,Partie rectiligne,,50,normale,,Sur chaussée,Conducteur,2,M,73-74,Promenade - loisirs,Casque,Oui,,,02 - février,1 - mardi,Bréhémont
,201700026476,2017-02-07,35,17,35238,48.11862,-1.6556,Giratoire,Deux véhicules - par le coté,Plein jour,Temps couvert,Voie Communale,,2,Pente,Partie rectiligne,,,flaques,Carrefour aménagé,Sur chaussée,Conducteur,1,F,16-17,,Autre,Non déterminable,1,1,02 - février,1 - mardi,Rennes
,201700028806,2017-02-07,45,8,45234,0,0,Hors intersection,Autre,Crépuscule ou aube,Normale,Voie Communale,,2,Plat,Partie rectiligne,,,normale,,Sur chaussée,Conducteur,1,M,27-28,Domicile - travail,Autre,Oui,,1,02 - février,1 - mardi,Orléans
,201700028806,2017-02-07,45,8,45234,0,0,Hors intersection,Autre,Crépuscule ou aube,Normale,Voie Communale,,2,Plat,Partie rectiligne,,,normale,,Sur chaussée,Piéton,1,M,28-29,Domicile - travail,,,,1,02 - février,1 - mardi,Orléans
,201700031886,2017-02-07,59,16,59339,0,0,Intersection en T,Deux véhicules - par le coté,Plein jour,Pluie légère,Voie Communale,,2,Plat,Partie rectiligne,,,mouillée,,,Conducteur,2,M,19-20,Autre,Casque,Non déterminable,1,1,02 - février,1 - mardi,Leers
,201700040182,2017-02-07,92,7,92036,0,0,Intersection en X,Deux véhicules - par l’arrière,Nuit avec éclairage public allumé,Normale,Voie Communale,,3,Plat,Partie rectiligne,,100,normale,,Sur chaussée,Conducteur,1,M,52-53,Domicile - travail,Casque,Non,1,1,02 - février,1 - mardi,Gennevilliers
,201700040304,2017-02-07,92,22,92040,0,0,Hors intersection,Autre,Nuit avec éclairage public allumé,Normale,Route Départementale,,2,Plat,Partie rectiligne,,,normale,,Sur chaussée,Conducteur,1,M,19-20,,Casque,Non,1,1,02 - février,1 - mardi,Issy-les-Moulineaux
,201700055399,2017-02-07,75,9,75114,48.833,2.33597,Intersection à plus de 4 branches,Deux véhicules - par le coté,Plein jour,Pluie légère,Voie Communale,,2,Pente,Partie rectiligne,,50,mouillée,,Sur chaussée,Conducteur,1,M,46-47,,Casque,Non déterminable,1,1,02 - février,1 - mardi,Paris 14e  Arrondissement
,201700055991,2017-02-07,75,20,75116,48.8588,2.28906,Intersection à plus de 4 branches,Deux véhicules - par le coté,Plein jour,Normale,Voie Communale,,3,Plat,Partie rectiligne,,,normale,,Sur chaussée,Conducteur,1,M,28-29,Promenade - loisirs,Casque,Oui,1,1,02 - février,1 - mardi,Paris 16e  Arrondissement
,201700059161,2017-02-07,973,17,97307,0,0,Hors intersection,Deux véhicules - par le coté,Plein jour,Normale,Route Nationale,,2,Plat,Partie rectiligne,,75,normale,,Sur accotement,Conducteur,2,M,65-66,Domicile - travail,Casque,Oui,1,,02 - février,1 - mardi,Matoury
,201700014965,2017-02-06,72,16,72021,47.86722,-0.19407,Hors intersection,Autre,Plein jour,Pluie légère,Route Départementale,,2,Plat,Partie rectiligne,,,mouillée,,Sur chaussée,Conducteur,2,M,55-56,Promenade - loisirs,Casque,Non,,,02 - février,0 - lundi,Avoise
,201700022413,2017-02-06,22,19,22215,48.49537,-2.7757,Hors intersection,Autre,Crépuscule ou aube,Pluie légère,Route Départementale,,2,Plat,Partie rectiligne,,50,mouillée,,Sur chaussée,Conducteur,1,F,36-37,,Casque,Non,1,1,02 - février,0 - lundi,Ploufragan
,201700024550,2017-02-06,31,14,31555,43.57758,1.49042,Hors intersection,Aucune,Plein jour,Normale,Voie Communale,,2,Pente,En « S »,,,normale,,Sur chaussée,Conducteur,2,M,66-67,Promenade - loisirs,Autre,Non déterminable,,1,02 - février,0 - lundi,Toulouse
,201700025642,2017-02-06,33,8,33075,44.8693,-0.57618,Intersection en T,Deux véhicules - par le coté,Plein jour,Normale,Voie Communale,,6,Plat,Partie rectiligne,,,normale,,Sur chaussée,Conducteur,1,M,36-37,Autre,Casque,Non,1,1,02 - février,0 - lundi,Bruges
,201700032890,2017-02-06,64,20,64024,43.4937,-1.5209,Hors intersection,Deux véhicules - par l’arrière,Nuit sans éclairage public,Pluie légère,Voie Communale,,2,Pente,Partie rectiligne,,100,mouillée,,Sur chaussée,Conducteur,2,M,58-59,,Autre,Non,1,1,02 - février,0 - lundi,Anglet
,201700050641,2017-02-06,69,16,69383,0,0,Hors intersection,Deux véhicules - par le coté,Plein jour,Normale,Voie Communale,,2,Plat,Partie rectiligne,,,normale,,Sur chaussée,Conducteur,2,M,60-61,,Autre,Non déterminable,1,1,02 - février,0 - lundi,Lyon 3e  Arrondissement
,201700054155,2017-02-06,75,18,75110,48.8792,2.36673,Intersection en T,Deux véhicules - par le coté,Crépuscule ou aube,Normale,Voie Communale,,2,,,,,,,,Conducteur,1,F,38-39,Autre,Casque,Non déterminable,1,1,02 - février,0 - lundi,Paris 10e  Arrondissement
,201700055690,2017-02-06,75,18,75115,48.8309,2.29228,Intersection à plus de 4 branches,Deux véhicules - par le coté,Nuit avec éclairage public allumé,Normale,Voie Communale,,,Pente,,,,normale,,Sur chaussée,Conducteur,1,M,24-25,,Casque,Non déterminable,1,1,02 - février,0 - lundi,Paris 15e  Arrondissement
,201700055691,2017-02-06,75,18,75115,48.8361,2.2782,Intersection en X,Deux véhicules - par le coté,Nuit avec éclairage public allumé,Temps couvert,Voie Communale,,2,Plat,Partie rectiligne,,55,normale,,Sur piste cyclable,Conducteur,1,M,36-37,Domicile - travail,Casque,Non déterminable,1,1,02 - février,0 - lundi,Paris 15e  Arrondissement
,201700001355,2017-02-05,33,8,33207,44.91966,-0.35917,Giratoire,Deux véhicules - par le coté,Plein jour,Normale,Route Départementale,,2,Plat,Partie rectiligne,,10,normale,Carrefour aménagé,Sur chaussée,Conducteur,1,M,5-6,Promenade - loisirs,Casque,Oui,1,1,02 - février,6 - dimanche,Izon
,201700029179,2017-02-05,49,8,49007,47.47379,-0.58266,Hors intersection,Deux véhicules - par l’arrière,Plein jour,Normale,Voie Communale,,2,Plat,Partie rectiligne,,82,normale,,Sur piste cyclable,Conducteur,1,M,50-51,Promenade - loisirs,Casque,Oui,1,1,02 - février,6 - dimanche,Angers
,201700031599,2017-02-05,59,11,59509,50.4192,3.10536,Giratoire,Deux véhicules - par le coté,Plein jour,Pluie légère,Route Départementale,,2,Plat,Partie rectiligne,,60,mouillée,,Sur chaussée,Conducteur,2,M,76-77,Promenade - loisirs,Autre,Non déterminable,1,1,02 - février,6 - dimanche,Roost-Warendin
,201700054350,2017-02-05,75,18,75111,48.8666,2.38125,Intersection en T,Deux véhicules - par le coté,Nuit avec éclairage public allumé,Normale,Voie Communale,,2,Plat,Partie rectiligne,,,normale,,Sur chaussée,Conducteur,1,M,14-15,Promenade - loisirs,Casque,Non déterminable,1,1,02 - février,6 - dimanche,Paris 11e  Arrondissement
,201700001608,2017-02-04,31,19,31438,43.64225,1.15961,Hors intersection,Deux véhicules - par l’arrière,Crépuscule ou aube,Pluie forte,Route Nationale,,2,Plat,Partie rectiligne,,80,mouillée,,Sur chaussée,Conducteur,2,M,45-46,Promenade - loisirs,Casque,Oui,1,,02 - février,5 - samedi,Pradère-les-Bourguets
,201700022845,2017-02-04,26,9,26281,45.05328,5.04839,Hors intersection,Deux véhicules - frontale,Plein jour,Normale,Voie Communale,,2,Plat,Partie rectiligne,,60,mouillée,,Sur chaussée,Conducteur,1,M,78-79,Courses - achats,Casque,Non,1,1,02 - février,5 - samedi,Romans-sur-Isère
,201700024547,2017-02-04,31,3,31555,43.60568,1.45112,Intersection en X,Deux véhicules - par le coté,Nuit sans éclairage public,Normale,Voie Communale,,2,Plat,Partie rectiligne,,,normale,,Sur chaussée,Conducteur,1,M,21-22,,Autre,Non déterminable,1,1,02 - février,5 - samedi,Toulouse
,201700030772,2017-02-04,56,18,56162,47.73769,-3.43922,Intersection en T,Deux véhicules - par le coté,Nuit avec éclairage public allumé,Pluie légère,Voie Communale,,2,Plat,Partie rectiligne,,,mouillée,,Sur chaussée,Conducteur,1,F,42-43,Promenade - loisirs,Casque,Oui,1,1,02 - février,5 - samedi,Ploemeur
,201700030772,2017-02-04,56,18,56162,47.73769,-3.43922,Intersection en T,Deux véhicules - par le coté,Nuit avec éclairage public allumé,Pluie légère,Voie Communale,,2,Plat,Partie rectiligne,,,mouillée,,Sur chaussée,Passager,1,F,7-8,Promenade - loisirs,Casque,Oui,1,1,02 - février,5 - samedi,Ploemeur
,201700033095,2017-02-04,64,20,64445,43.30605,-0.35673,Intersection en T,Deux véhicules - par le coté,Nuit avec éclairage public allumé,Pluie légère,Voie Communale,,2,Plat,Partie rectiligne,,80,mouillée,,Sur chaussée,Conducteur,2,F,44-45,Domicile - travail,Casque,Non,1,1,02 - février,5 - samedi,Pau
,201700033992,2017-02-04,67,18,67482,48.5681,7.76834,Hors intersection,Deux véhicules - par le coté,Nuit avec éclairage public allumé,Pluie légère,Voie Communale,,4,Plat,Partie rectiligne,,,mouillée,,,Conducteur,1,F,11-12,,Equipement réfléchissant,Oui,1,1,02 - février,5 - samedi,Strasbourg
,201700036010,2017-02-04,76,21,76540,49.44594,1.07123,Hors intersection,Deux véhicules - par le coté,Nuit avec éclairage public allumé,Normale,Voie Communale,,1,Plat,Partie rectiligne,,30,normale,,Sur chaussée,Conducteur,1,F,37-38,Promenade - loisirs,Autre,Non,1,1,02 - février,5 - samedi,Rouen