test,identifiantAccident,date,departement,heure,commune,lat,lon,typeIntersection,typeCollision,luminosite,conditionsAtmosperiques,typeRoute,circulation,nbVoies,profilLongRoute,tracePlanRoute,largeurTPC,largeurRoute,etatSurface,amenagement,situation,categorieUsager,graviteAccident,sexe,age,motifDeplacement,existenceSecurite,usageSecurite,nombreAutresVehicules,enAgglomeration,mois,jour,NCCENR
,201700039860,2017-02-04,92,9,92025,0,0,Hors intersection,Deux véhicules - par le coté,Plein jour,Normale,Voie Communale,,1,,,,,,,,Conducteur,2,F,55-56,Domicile - travail,Casque,Oui,1,1,02 - février,5 - samedi,Colombes
,201700050639,2017-02-04,69,19,69388,45.73146,4.86631,Intersection en X,Deux véhicules - par le coté,Plein jour,Normale,Route Départementale,,4,Plat,Partie rectiligne,,,normale,Voie ferrée,Sur chaussée,Conducteur,0,M,32-33,Utilisation professionnelle,Casque,Oui,1,,02 - février,5 - samedi,Lyon 8e  Arrondissement
,201700053047,2017-02-04,75,2,75104,48.8508,2.3614,Intersection en X,Deux véhicules - par le coté,Nuit avec éclairage public allumé,Normale,Voie Communale,,2,Plat,Partie rectiligne,,60,normale,Carrefour aménagé,Sur chaussée,Conducteur,1,M,27-28,Promenade - loisirs,Casque,Non déterminable,1,1,02 - février,5 - samedi,Paris 4e  Arrondissement
,201700059846,2017-02-04,973,19,97302,4.92001,-52.31001,Hors intersection,Deux véhicules - par le coté,Nuit avec éclairage public allumé,Normale,Voie Communale,,,,,,,,,Sur chaussée,Conducteur,2,M,33-34,,Autre,Non déterminable,1,1,02 - février,5 - samedi,Cayenne
,201700005024,2017-02-03,91,15,91200,48.52566,2.01535,Hors intersection,Aucune,Plein jour,Temps couvert,Voie Communale,,1,Plat,Partie rectiligne,,32,mouillée,,Sur chaussée,Conducteur,1,M,45-46,Promenade - loisirs,Casque,Non,,1,02 - février,4 - vendredi,Dourdan
,201700008638,2017-02-03,13,19,13004,0,0,Hors intersection,Autre,Nuit avec éclairage public allumé,Normale,Voie Communale,,2,Sommet de côte,Partie rectiligne,,79,normale,,Sur chaussée,Conducteur,1,F,21-22,Promenade - loisirs,Casque,Non,1,1,02 - février,4 - vendredi,Arles
,201700024543,2017-02-03,31,8,31555,43.59723,1.44553,Hors intersection,Deux véhicules - par le coté,Plein jour,Pluie légère,Voie Communale,,2,Plat,Partie rectiligne,,,mouillée,,Sur chaussée,Conducteur,1,M,55-56,Domicile - travail,Autre,Non déterminable,1,1,02 - février,4 - vendredi,Toulouse
,201700032117,2017-02-03,59,7,59606,50.34951,3.51949,Hors intersection,Autre,Nuit avec éclairage public allumé,Normale,Voie Communale,,4,Plat,Partie rectiligne,,,mouillée,Carrefour aménagé,Sur chaussée,Conducteur,2,M,17-18,Domicile - école,Autre,Non,1,1,02 - février,4 - vendredi,Valenciennes
,201700032445,2017-02-03,61,18,61006,48.74882,-0.01279,Intersection en T,Trois véhicules et plus - collisions multiples,Nuit avec éclairage public allumé,Pluie légère,Route Départementale,,2,Plat,Partie rectiligne,,93,mouillée,,Sur piste cyclable,Conducteur,2,M,16-17,Promenade - loisirs,Equipement réfléchissant,Oui,2,1,02 - février,4 - vendredi,Argentan
,201700033093,2017-02-03,64,18,64445,43.31275,-0.36882,Hors intersection,Deux véhicules - par le coté,Plein jour,Pluie légère,Voie Communale,,2,Plat,,,,normale,Carrefour aménagé,Sur chaussée,Conducteur,1,F,51-52,Autre,Casque,Oui,1,1,02 - février,4 - vendredi,Pau
,201700033093,2017-02-03,64,18,64445,43.31275,-0.36882,Hors intersection,Deux véhicules - par le coté,Plein jour,Pluie légère,Voie Communale,,2,Plat,,,,normale,Carrefour aménagé,Sur chaussée,Conducteur,0,M,15-16,Autre,Casque,Oui,1,1,02 - février,4 - vendredi,Pau
,201700036571,2017-02-03,78,21,78206,0,0,Hors intersection,Deux véhicules - par l’arrière,Nuit avec éclairage public allumé,Normale,Voie Communale,,2,,,,,,,Sur chaussée,Conducteur,1,M,17-18,,Casque,Non déterminable,1,1,02 - février,4 - vendredi,Ecquevilly
,201700036946,2017-02-03,80,8,80021,49.88556,2.28761,Hors intersection,Autre,Plein jour,Normale,Voie Communale,,2,,Partie rectiligne,,,normale,,Sur chaussée,Conducteur,0,M,37-38,,Autre,Oui,1,1,02 - février,4 - vendredi,Amiens
,201700036946,2017-02-03,80,8,80021,49.88556,2.28761,Hors intersection,Autre,Plein jour,Normale,Voie Communale,,2,,Partie rectiligne,,,normale,,Sur chaussée,Conducteur,1,F,20-21,,Casque,Oui,1,1,02 - février,4 - vendredi,Amiens
,201700037164,2017-02-03,83,9,83050,43.53369,6.46652,Hors intersection,Deux véhicules - par l’arrière,Plein jour,Normale,Voie Communale,,,Plat,Partie rectiligne,,61,normale,,Sur chaussée,Conducteur,2,M,82-83,Promenade - loisirs,Casque,Non,1,1,02 - février,4 - vendredi,Draguignan
,201700040178,2017-02-03,92,10,92036,0,0,Hors intersection,Autre,Plein jour,Normale,Voie Communale,,2,Plat,Partie rectiligne,,70,normale,,Sur chaussée,Conducteur,1,M,67-68,Promenade - loisirs,Casque,Non,1,1,02 - février,4 - vendredi,Gennevilliers
,201700050785,2017-02-03,69,7,69387,0,0,Hors intersection,Deux véhicules - par l’arrière,Plein jour,Normale,Voie Communale,,4,Plat,Partie rectiligne,,,mouillée,,Sur chaussée,Conducteur,0,F,58-59,,Casque,Oui,1,1,02 - février,4 - vendredi,Lyon 7e  Arrondissement
,201700050785,2017-02-03,69,7,69387,0,0,Hors intersection,Deux véhicules - par l’arrière,Plein jour,Normale,Voie Communale,,4,Plat,Partie rectiligne,,,mouillée,,Sur chaussée,Conducteur,1,F,29-30,,Casque,Oui,1,1,02 - février,4 - vendredi,Lyon 7e  Arrondissement
,201700055389,2017-02-03,75,10,75114,48.8297,2.33103,Intersection en X,Deux véhicules - par le coté,Plein jour,Normale,Voie Communale,,1,Plat,Partie rectiligne,,25,normale,,Sur chaussée,Conducteur,1,F,41-42,Domicile - travail,Casque,Non déterminable,1,1,02 - février,4 - vendredi,Paris 14e  Arrondissement
,201700059358,2017-02-03,972,14,97207,0,0,Intersection en T,Autre,Plein jour,Normale,Voie Communale,,2,Pente,,,60,normale,,,Conducteur,1,M,17-18,Promenade - loisirs,Autre,Non,,1,02 - février,4 - vendredi,Ducos
,201700059358,2017-02-03,972,14,97207,0,0,Intersection en T,Autre,Plein jour,Normale,Voie Communale,,2,Pente,,,60,normale,,,Passager,3,M,14-15,Promenade - loisirs,Autre,Non,,1,02 - février,4 - vendredi,Ducos
,201700009018,2017-02-02,13,21,13055,43.25775,5.40358,Hors intersection,Deux véhicules - par l’arrière,Nuit avec éclairage public allumé,Normale,Voie Communale,,2,Pente,Partie rectiligne,,60,normale,,Sur chaussée,Conducteur,1,M,19-20,Utilisation professionnelle,Autre,Non,1,1,02 - février,3 - jeudi,Marseille
,201700021096,2017-02-02,17,7,17300,46.16174,-1.15284,Intersection en T,Deux véhicules - par le coté,Nuit avec éclairage public allumé,Pluie légère,Voie Communale,,2,Plat,Partie rectiligne,,61,mouillée,,Sur piste cyclable,Conducteur,1,M,53-54,Domicile - travail,Autre,Non déterminable,1,1,02 - février,3 - jeudi,Rochelle
,201700026466,2017-02-02,35,13,35238,48.09891,-1.64511,Intersection en T,Deux véhicules - par le coté,Plein jour,Pluie légère,Voie Communale,,2,Plat,Partie rectiligne,,,mouillée,Carrefour aménagé,Sur chaussée,Conducteur,1,M,59-60,Domicile - travail,Casque,Oui,1,1,02 - février,3 - jeudi,Rennes
,201700037315,2017-02-02,83,9,83123,43.1177,5.80227,Hors intersection,Autre,Plein jour,Normale,Route Départementale,,2,Plat,Partie rectiligne,,,normale,,Sur chaussée,Conducteur,2,M,70-71,Promenade - loisirs,Casque,Non,1,1,02 - février,3 - jeudi,Sanary-sur-Mer
,201700002262,2017-02-01,2,7,2722,49.3732,3.34343,Intersection en T,Autre,Crépuscule ou aube,Brouillard - fumée,Voie Communale,,2,Bas de côte,En courbe à gauche,,59,mouillée,,Sur chaussée,Conducteur,1,M,52-53,Domicile - travail,Casque,Oui,1,1,02 - février,2 - mercredi,Soissons
,201700006089,2017-02-01,6,10,6088,0,0,Hors intersection,Deux véhicules - frontale,Plein jour,Normale,Voie Communale,,3,Plat,Partie rectiligne,,900,normale,Zone piétonne,Sur chaussée,Conducteur,1,F,63-64,Promenade - loisirs,Casque,Non déterminable,1,1,02 - février,2 - mercredi,Nice
,201700006905,2017-02-01,13,7,13032,43.57535,5.36282,Hors intersection,Deux véhicules - par l’arrière,Plein jour,Normale,Route Départementale,,2,Pente,Partie rectiligne,,35,normale,,Sur chaussée,Conducteur,2,M,32-33,Domicile - travail,Casque,Oui,1,1,02 - février,2 - mercredi,Éguilles
,201700015273,2017-02-01,26,7,26166,0,0,Hors intersection,Autre,Plein jour,Normale,Route Départementale,,2,Plat,Partie rectiligne,,28,normale,,Sur chaussée,Conducteur,2,M,12-13,Domicile - école,Autre,Oui,1,1,02 - février,2 - mercredi,Loriol-sur-Drôme
,201700021806,2017-02-01,30,16,30221,44.03558,4.73065,Hors intersection,Deux véhicules - par l’arrière,Plein jour,Normale,Route Départementale,,2,Plat,En courbe à droite,,80,normale,,Sur chaussée,Conducteur,2,F,63-64,,Casque,Oui,1,,02 - février,2 - mercredi,Roquemaure
,201700023078,2017-02-01,27,15,27229,0,0,Intersection en T,Deux véhicules - par le coté,Plein jour,Normale,Route Nationale,,2,,Partie rectiligne,,,normale,,Sur chaussée,Conducteur,2,M,16-17,Domicile - école,Casque,Non,1,1,02 - février,2 - mercredi,Évreux
,201700027881,2017-02-01,41,13,41269,47.79775,1.06635,Hors intersection,Autre,Plein jour,Normale,Voie Communale,,,Plat,Partie rectiligne,,,normale,,Sur trottoir,Conducteur,1,M,73-74,Promenade - loisirs,Casque,Oui,,1,02 - février,2 - mercredi,Vendôme
,201700030770,2017-02-01,56,8,56121,47.75485,-3.36326,Intersection en X,Deux véhicules - par le coté,Nuit avec éclairage public allumé,Pluie légère,Voie Communale,,2,Plat,Partie rectiligne,,,mouillée,,Sur chaussée,Conducteur,1,M,39-40,Domicile - travail,Casque,Oui,1,1,02 - février,2 - mercredi,Lorient
,201700040143,2017-02-01,92,9,92035,0,0,Hors intersection,Autre,Plein jour,Normale,Route Nationale,,2,Plat,Partie rectiligne,,,normale,,Sur piste cyclable,Conducteur,0,M,41-42,Domicile - travail,Casque,Oui,,1,02 - février,2 - mercredi,Garenne-Colombes
,201700043767,2017-02-01,94,13,94004,48.7551,2.50528,Intersection en X,Deux véhicules - par le coté,Plein jour,Normale,Route Nationale,,3,Plat,Partie rectiligne,,90,normale,,Sur chaussée,Conducteur,2,M,23-24,Utilisation professionnelle,Casque,Oui,1,1,02 - février,2 - mercredi,Boissy-Saint-Léger
,201700050628,2017-02-01,69,15,69386,0,0,Intersection en X,Deux véhicules - par le coté,Plein jour,Normale,Voie Communale,,1,Plat,Partie rectiligne,,,normale,,,Conducteur,1,F,49-50,Domicile - travail,Casque,Oui,1,1,02 - février,2 - mercredi,Lyon 6e  Arrondissement
,201700050630,2017-02-01,69,17,69387,0,0,Intersection en X,Deux véhicules - par le coté,Plein jour,Normale,Voie Communale,,,Plat,Partie rectiligne,,,normale,Carrefour aménagé,Sur chaussée,Conducteur,1,M,20-21,Domicile - école,Casque,Non,1,1,02 - février,2 - mercredi,Lyon 7e  Arrondissement
,201700053651,2017-02-01,75,9,75108,48.8678,2.31384,Place,Deux véhicules - par l’arrière,Plein jour,Normale,Voie Communale,,4,Plat,Partie rectiligne,,120,normale,,Sur chaussée,Conducteur,1,F,38-39,Promenade - loisirs,Casque,Non déterminable,1,1,02 - février,2 - mercredi,Paris 8e  Arrondissement
,201700054347,2017-02-01,75,7,75111,48.8558,2.38158,Intersection en T,Deux véhicules - par le coté,Plein jour,Normale,Voie Communale,,1,Plat,Partie rectiligne,,60,normale,,Sur piste cyclable,Conducteur,1,F,28-29,Domicile - travail,Casque,Non déterminable,1,1,02 - février,2 - mercredi,Paris 11e  Arrondissement
,201700055026,2017-02-01,75,17,75113,48.8317,2.37289,Intersection en T,Deux véhicules - par le coté,Plein jour,Normale,Voie Communale,,1,Plat,Partie rectiligne,,40,normale,,Sur chaussée,Conducteur,1,M,20-21,Domicile - travail,Casque,Non déterminable,1,1,02 - février,2 - mercredi,Paris 13e  Arrondissement
,201700055683,2017-02-01,75,20,75115,48.8286,2.30138,Intersection en X,Deux véhicules - par le coté,Nuit avec éclairage public allumé,Normale,Voie Communale,,4,Plat,Partie rectiligne,,160,normale,,Sur chaussée,Conducteur,1,F,49-50,Domicile - travail,Casque,Non déterminable,1,1,02 - février,2 - mercredi,Paris 15e  Arrondissement
,201700057191,2017-02-01,75,20,75119,48.8762,2.40322,Hors intersection,Deux véhicules - par l’arrière,Nuit avec éclairage public allumé,Normale,Voie Communale,,2,Sommet de côte,Partie rectiligne,,,normale,,Sur chaussée,Conducteur,1,F,30-31,Autre,Casque,Oui,1,1,02 - février,2 - mercredi,Paris 19e  Arrondissement
,201700059840,2017-02-01,973,8,97302,0,0,Hors intersection,Deux véhicules - par le coté,Plein jour,Normale,Voie Communale,,,Plat,,,,normale,,Sur chaussée,Conducteur,1,M,31-32,,Autre,Non déterminable,1,1,02 - février,2 - mercredi,Cayenne
,201700059841,2017-02-01,973,15,97302,0,0,Hors intersection,Deux véhicules - par l’arrière,Plein jour,Normale,Voie Communale,,2,Plat,Partie rectiligne,,110,normale,,Sur piste cyclable,Conducteur,2,M,16-17,Domicile - école,Autre,Non déterminable,1,1,02 - février,2 - mercredi,Cayenne
,201700000200,2017-01-31,62,16,62014,50.63564,2.40146,Hors intersection,Aucune,Plein jour,Normale,Autre,,2,Plat,Partie rectiligne,,,normale,,Sur chaussée,Conducteur,1,M,14-15,Domicile - école,Autre,Non,,1,01 - janvier,1 - mardi,Aire-sur-la-Lys
,201700024538,2017-01-31,31,7,31555,43.59288,1.38932,Hors intersection,Deux véhicules - par le coté,Crépuscule ou aube,Normale,Route Départementale,,2,Plat,Partie rectiligne,,,normale,,Sur chaussée,Conducteur,1,M,60-61,,Casque,Oui,1,1,01 - janvier,1 - mardi,Toulouse
,201700027072,2017-01-31,37,12,37261,47.382,0.685,Hors intersection,Deux véhicules - par le coté,Plein jour,Normale,Route Départementale,,1,Plat,Partie rectiligne,,,normale,,Sur chaussée,Conducteur,1,M,13-14,,Casque,Oui,1,1,01 - janvier,1 - mardi,Tours
,201700028602,2017-01-31,45,21,45068,48.00175,2.72156,Hors intersection,Aucune,Nuit avec éclairage public allumé,Normale,Voie Communale,,2,Pente,Partie rectiligne,,60,mouillée,,Sur piste cyclable,Conducteur,1,M,43-44,,Casque,Oui,,1,01 - janvier,1 - mardi,Châlette-sur-Loing
,201700028814,2017-01-31,45,9,45234,47.91073,1.9082,Hors intersection,Deux véhicules - par le coté,Plein jour,Normale,Voie Communale,,2,Plat,Partie rectiligne,,,normale,,Sur chaussée,Conducteur,1,M,40-41,Promenade - loisirs,Casque,Oui,1,1,01 - janvier,1 - mardi,Orléans
,201700028814,2017-01-31,45,9,45234,47.91073,1.9082,Hors intersection,Deux véhicules - par le coté,Plein jour,Normale,Voie Communale,,2,Plat,Partie rectiligne,,,normale,,Sur chaussée,Passager,1,F,2-3,Autre,Casque,Oui,1,1,01 - janvier,1 - mardi,Orléans
,201700030319,2017-01-31,54,20,54395,0,0,Hors intersection,Autre,Nuit avec éclairage public allumé,Normale,Voie Communale,,2,Plat,Partie rectiligne,,,normale,,Sur chaussée,Conducteur,1,F,19-20,Promenade - loisirs,Autre,Non déterminable,1,1,01 - janvier,1 - mardi,Nancy
,201700035485,2017-01-31,74,18,74010,45.89818,6.11641,Intersection en T,Autre,Nuit avec éclairage public allumé,Normale,Voie Communale,,2,Plat,Partie rectiligne,,,mouillée,,Sur chaussée,Conducteur,1,M,21-22,,Autre,Non déterminable,1,1,01 - janvier,1 - mardi,Annecy
,201700055025,2017-01-31,75,7,75113,48.8382,2.35644,Hors intersection,Deux véhicules - frontale,Nuit avec éclairage public allumé,Pluie légère,Voie Communale,,1,Plat,Partie rectiligne,,70,mouillée,,Sur chaussée,Conducteur,1,M,44-45,Domicile - travail,Casque,Non déterminable,1,1,01 - janvier,1 - mardi,Paris 13e  Arrondissement
,201700056477,2017-01-31,75,9,75117,48.8788,2.28622,Hors intersection,Deux véhicules - par le coté,Plein jour,Normale,Voie Communale,,1,Plat,Partie rectiligne,,,mouillée,,Sur chaussée,Conducteur,1,M,41-42,Domicile - travail,Casque,Oui,1,1,01 - janvier,1 - mardi,Paris 17e  Arrondissement
,201700001854,2017-01-30,69,8,69003,45.85455,4.83079,Intersection en T,Deux véhicules - par le coté,Plein jour,Normale,Voie Communale,,2,Plat,,,40,mouillée,,,Conducteur,1,M,45-46,,Equipement réfléchissant,Oui,1,1,01 - janvier,0 - lundi,Albigny-sur-Saône
,201700019259,2017-01-30,65,16,65176,43.01658,-0.24143,Hors intersection,Aucune,Plein jour,Normale,Autre,,2,Pente,Partie rectiligne,,30,normale,,Sur accotement,Conducteur,2,M,42-43,Promenade - loisirs,Casque,Oui,,,01 - janvier,0 - lundi,Ferrières
,201700022844,2017-01-30,26,7,26281,45.04266,5.04717,Intersection en T,Deux véhicules - par le coté,Plein jour,Normale,Voie Communale,,1,Pente,Partie rectiligne,,,normale,,Sur chaussée,Conducteur,2,M,58-59,,Autre,Non déterminable,1,1,01 - janvier,0 - lundi,Romans-sur-Isère
,201700026460,2017-01-30,35,9,35238,48.11549,-1.70815,Hors intersection,Deux véhicules - par le coté,Plein jour,Pluie forte,Voie Communale,,2,Plat,Partie rectiligne,,,mouillée,,Sur chaussée,Conducteur,1,M,25-26,Domicile - travail,Casque,Non,1,1,01 - janvier,0 - lundi,Rennes
,201700030179,2017-01-30,52,17,52121,48.09897,5.13478,Hors intersection,Deux véhicules - par le coté,Plein jour,Temps couvert,Voie Communale,,2,Plat,Partie rectiligne,,70,mouillée,,Sur chaussée,Conducteur,1,M,17-18,Domicile - école,Casque,Non,1,1,01 - janvier,0 - lundi,Chaumont
,201700033988,2017-01-30,67,8,67043,48.61368,7.76683,Intersection en T,Deux véhicules - par le coté,Plein jour,Pluie légère,Voie Communale,,2,Plat,Partie rectiligne,,,mouillée,,Sur chaussée,Conducteur,1,M,26-27,Promenade - loisirs,Autre,Non,1,1,01 - janvier,0 - lundi,Bischheim
,201700033989,2017-01-30,67,12,67482,48.58274,7.75102,Intersection en X,Autre,Plein jour,Pluie légère,Voie Communale,,1,Plat,Partie rectiligne,,55,mouillée,,,Conducteur,1,F,20-21,,Equipement réfléchissant,Oui,1,1,01 - janvier,0 - lundi,Strasbourg
,201700034441,2017-01-30,68,17,68224,47.7524,7.33988,Hors intersection,Autre,Plein jour,Pluie légère,Voie Communale,,1,Plat,Partie rectiligne,,,mouillée,,Sur chaussée,Piéton,2,M,13-14,Promenade - loisirs,,,,1,01 - janvier,0 - lundi,Mulhouse
,201700036859,2017-01-30,79,20,79191,46.31856,-0.46568,Hors intersection,Autre,Nuit avec éclairage public allumé,Normale,Voie Communale,,2,Plat,Partie rectiligne,,105,normale,,Sur chaussée,Conducteur,1,M,45-46,,Equipement réfléchissant,Oui,1,1,01 - janvier,0 - lundi,Niort
,201700054151,2017-01-30,75,20,75110,48.8796,2.35685,Hors intersection,Deux véhicules - par le coté,Nuit avec éclairage public allumé,Pluie légère,Voie Communale,,,Plat,Partie rectiligne,,,mouillée,,Sur chaussée,Conducteur,1,M,27-28,,Casque,Non déterminable,1,1,01 - janvier,0 - lundi,Paris 10e  Arrondissement
,201700055678,2017-01-30,75,12,75115,48.8457,2.30197,Intersection en T,Deux véhicules - par le coté,Plein jour,Normale,Voie Communale,,2,Plat,Partie rectiligne,,,mouillée,,Sur chaussée,Conducteur,1,M,46-47,,Casque,Non déterminable,1,1,01 - janvier,0 - lundi,Paris 15e  Arrondissement
,201700011182,2017-01-29,13,11,13117,0,0,Hors intersection,Deux véhicules - frontale,Plein jour,Normale,Voie Communale,,,Pente,Partie rectiligne,,30,normale,,Sur chaussée,Conducteur,1,M,63-64,,Autre,Non déterminable,1,1,01 - janvier,6 - dimanche,Vitrolles
,201700016423,2017-01-29,29,11,29061,48.45698,-4.46059,Giratoire,Deux véhicules - par l’arrière,Plein jour,Pluie forte,Voie Communale,,1,Plat,,,20,mouillée,,,Conducteur,2,M,70-71,,Casque,Oui,1,1,01 - janvier,6 - dimanche,Gouesnou
,201700027067,2017-01-29,37,16,37122,47.36495,0.65571,Hors intersection,Aucune,Plein jour,Normale,Voie Communale,,2,Pente,Partie rectiligne,,60,normale,,Sur chaussée,Conducteur,2,M,85-86,Promenade - loisirs,Autre,Non,,1,01 - janvier,6 - dimanche,Joué-lès-Tours
,201700040170,2017-01-29,92,20,92036,0,0,Intersection en X,Autre,Nuit avec éclairage public allumé,Normale,Voie Communale,,2,Plat,Partie rectiligne,,70,normale,,Sur chaussée,Conducteur,1,F,23-24,Domicile - travail,Casque,Non,1,1,01 - janvier,6 - dimanche,Gennevilliers
,201700014902,2017-01-28,72,15,72241,48.03795,0.40654,Hors intersection,Aucune,Plein jour,Normale,Voie Communale,,2,Plat,,7,20,normale,,,Conducteur,2,M,43-44,Promenade - loisirs,Casque,Oui,,1,01 - janvier,5 - samedi,Montfort-le-Gesnois
,201700026447,2017-01-28,35,23,35238,48.11498,-1.67924,Hors intersection,Deux véhicules - frontale,Nuit avec éclairage public allumé,Normale,Voie Communale,,2,Plat,Partie rectiligne,,,normale,,,Conducteur,2,F,23-24,Promenade - loisirs,Autre,Non déterminable,1,1,01 - janvier,5 - samedi,Rennes
,201700026456,2017-01-28,35,16,35238,48.10941,-1.68918,Intersection en X,Deux véhicules - par le coté,Plein jour,Normale,Voie Communale,,,,,,,,,Sur chaussée,Conducteur,2,M,24-25,Promenade - loisirs,Casque,Non,1,1,01 - janvier,5 - samedi,Rennes
,201700031160,2017-01-28,57,17,57463,49.11186,6.17114,Hors intersection,Deux véhicules - par le coté,Nuit avec éclairage public allumé,Normale,Voie Communale,,3,Plat,Partie rectiligne,,110,normale,,Sur chaussée,Conducteur,1,M,14-15,Promenade - loisirs,Casque,Non,1,1,01 - janvier,5 - samedi,Metz
,201700041851,2017-01-28,93,12,93047,0,0,Intersection en X,Deux véhicules - par le coté,Plein jour,Normale,Voie Communale,,2,Plat,Partie rectiligne,,,normale,,Sur chaussée,Conducteur,1,M,14-15,,Autre,Non déterminable,1,1,01 - janvier,5 - samedi,Montfermeil
,201700049937,2017-01-28,69,6,69382,0,0,Hors intersection,Deux véhicules - par le coté,Nuit avec éclairage public allumé,Normale,Voie Communale,,6,Plat,Partie rectiligne,,,normale,Pont - autopont,Sur piste cyclable,Conducteur,1,M,43-44,,Casque,Oui,1,1,01 - janvier,5 - samedi,Lyon 2e  Arrondissement
,201700003986,2017-01-27,6,12,6157,43.72938,7.11967,Hors intersection,Deux véhicules - frontale,Plein jour,Normale,Voie Communale,,2,Plat,,65,,normale,,Sur chaussée,Conducteur,2,M,51-52,Utilisation professionnelle,Casque,Oui,1,1,01 - janvier,4 - vendredi,Vence
,201700026453,2017-01-27,35,18,35051,48.11435,-1.61032,Giratoire,Deux véhicules - par le coté,Nuit sans éclairage public,Temps couvert,Voie Communale,,1,Plat,En courbe à gauche,,,mouillée,Carrefour aménagé,Sur chaussée,Conducteur,1,M,11-12,Promenade - loisirs,Casque,Oui,1,1,01 - janvier,4 - vendredi,Cesson-Sévigné
,201700028266,2017-01-27,44,10,44109,47.2053,-1.54736,Intersection en T,Deux véhicules - par le coté,Plein jour,Normale,Voie Communale,,,,,,,,,,Conducteur,2,M,25-26,,Casque,Oui,1,1,01 - janvier,4 - vendredi,Nantes
,201700033986,2017-01-27,67,8,67447,48.60983,7.75184,Hors intersection,Deux véhicules - par le coté,Plein jour,Normale,Voie Communale,,2,Plat,Partie rectiligne,,60,normale,,,Conducteur,1,F,7-8,,Autre,Oui,1,1,01 - janvier,4 - vendredi,Schiltigheim
,201700035484,2017-01-27,74,11,74010,45.90718,6.132,Hors intersection,Autre,Plein jour,Normale,Voie Communale,,1,Plat,Partie rectiligne,,50,normale,,Sur chaussée,Conducteur,1,M,56-57,,Casque,Oui,1,1,01 - janvier,4 - vendredi,Annecy
,201700053984,2017-01-27,75,21,75109,48.8712,2.33237,Place,Deux véhicules - par le coté,Nuit avec éclairage public allumé,Normale,Voie Communale,,3,Plat,Partie rectiligne,,180,normale,,Sur chaussée,Conducteur,1,M,27-28,,Casque,Non déterminable,1,1,01 - janvier,4 - vendredi,Paris 9e  Arrondissement
,201700001664,2017-01-26,9,15,9217,42.81887,1.59117,Hors intersection,Deux véhicules - par le coté,Plein jour,Normale,Route Départementale,,2,Pente,,6,610,normale,,,Conducteur,2,M,51-52,Domicile - travail,Casque,Non,1,,01 - janvier,3 - jeudi,Niaux
,201700002574,2017-01-26,73,22,73243,45.59362,6.0062,Hors intersection,Deux véhicules - frontale,Nuit sans éclairage public,Normale,Route Départementale,,2,Pente,En « S »,,68,normale,,Sur chaussée,Conducteur,3,M,41-42,Promenade - loisirs,Autre,Oui,1,,01 - janvier,3 - jeudi,'Saint-Jean-d''Arvey'
,201700012594,2017-01-26,85,17,85303,46.35326,-0.84178,Giratoire,Deux véhicules - par le coté,Plein jour,Normale,Route Départementale,,2,Plat,,5,615,normale,,,Conducteur,2,M,16-17,Domicile - travail,Autre,Non déterminable,1,1,01 - janvier,3 - jeudi,Vix
,201700017701,2017-01-26,41,8,41152,47.55242,1.73293,Hors intersection,Deux véhicules - par l’arrière,Plein jour,Temps éblouissant,Route Départementale,,2,Plat,Partie rectiligne,,47,normale,,Sur chaussée,Conducteur,2,F,77-78,Promenade - loisirs,Casque,Non,1,,01 - janvier,3 - jeudi,Montrieux-en-Sologne
,201700021086,2017-01-26,17,7,17300,46.1665,-1.15321,Intersection en T,Deux véhicules - par le coté,Crépuscule ou aube,Normale,Voie Communale,,4,Plat,Partie rectiligne,26,11,normale,,Sur chaussée,Conducteur,1,M,12-13,Domicile - école,Casque,Oui,1,1,01 - janvier,3 - jeudi,Rochelle
,201700026107,2017-01-26,34,20,34172,43.6003,3.85951,Intersection en Y,Deux véhicules - par l’arrière,Nuit avec éclairage public allumé,Normale,Voie Communale,,1,Plat,Partie rectiligne,,,mouillée,,Sur chaussée,Conducteur,1,M,46-47,Promenade - loisirs,Casque,Oui,1,1,01 - janvier,3 - jeudi,Montpellier
,201700030311,2017-01-26,54,7,54395,0,0,Intersection en X,Deux véhicules - par le coté,Crépuscule ou aube,Normale,Voie Communale,,2,Plat,Partie rectiligne,,,normale,,Sur chaussée,Conducteur,1,M,26-27,Promenade - loisirs,Autre,Non déterminable,1,1,01 - janvier,3 - jeudi,Nancy
,201700033984,2017-01-26,67,8,67204,48.62264,7.72805,Giratoire,Autre,Plein jour,Normale,Voie Communale,,,Plat,Partie rectiligne,,,normale,,,Conducteur,1,F,28-29,,Casque,Oui,1,1,01 - janvier,3 - jeudi,Hnheim
,201700045510,2017-01-26,94,7,94078,0,0,Hors intersection,Autre,Nuit sans éclairage public,Temps couvert,Voie Communale,,2,Plat,Partie rectiligne,,70,normale,,Sur chaussée,Conducteur,0,M,47-48,Domicile - travail,Ceinture,Non déterminable,,1,01 - janvier,3 - jeudi,Villeneuve-Saint-Georges
,201700055675,2017-01-26,75,20,75115,48.839,2.31657,Intersection en T,Deux véhicules - par le coté,Nuit avec éclairage public allumé,Normale,Voie Communale,,2,Plat,Partie rectiligne,,80,normale,,Sur piste cyclable,Conducteur,1,F,56-57,,Casque,Non,1,1,01 - janvier,3 - jeudi,Paris 15e  Arrondissement
,201700014416,2017-01-25,50,14,50503,49.32136,-1.67028,Intersection en Y,Deux véhicules - par le coté,Plein jour,Normale,Route Départementale,,2,Plat,,505,510,normale,,,Conducteur,1,M,83-84,Promenade - loisirs,Casque,Oui,1,,01 - janvier,2 - mercredi,'Saint-Lô-d''Ourville'