test,identifiantAccident,date,departement,heure,commune,lat,lon,typeIntersection,typeCollision,luminosite,conditionsAtmosperiques,typeRoute,circulation,nbVoies,profilLongRoute,tracePlanRoute,largeurTPC,largeurRoute,etatSurface,amenagement,situation,categorieUsager,graviteAccident,sexe,age,motifDeplacement,existenceSecurite,usageSecurite,nombreAutresVehicules,enAgglomeration,mois,jour,NCCENR
,201700016463,2017-01-25,29,9,29130,48.3903,-4.68056,Hors intersection,Deux véhicules - par l’arrière,Plein jour,Normale,Route Départementale,,2,Plat,Partie rectiligne,,36,normale,,Sur chaussée,Conducteur,1,M,56-57,Promenade - loisirs,Casque,Oui,1,,01 - janvier,2 - mercredi,Locmaria-Plouzané
,201700029916,2017-01-25,51,14,51454,49.28552,4.02757,Giratoire,Deux véhicules - par le coté,Plein jour,Normale,Voie Communale,,1,Pente,En courbe à gauche,,,normale,Carrefour aménagé,Sur chaussée,Conducteur,1,M,52-53,,Casque,Non,1,1,01 - janvier,2 - mercredi,Reims
,201700033084,2017-01-25,64,18,64445,43.29248,-0.3636,Hors intersection,Deux véhicules - par le coté,Nuit avec éclairage public allumé,Normale,Voie Communale,,2,Plat,Partie rectiligne,,202,normale,,Sur chaussée,Conducteur,1,M,56-57,Promenade - loisirs,Casque,Non,1,1,01 - janvier,2 - mercredi,Pau
,201700059835,2017-01-25,973,7,97302,0,0,Intersection en T,Deux véhicules - frontale,Plein jour,Normale,Voie Communale,,2,Plat,,,,normale,,Sur chaussée,Conducteur,1,F,14-15,Domicile - école,Casque,Non,1,1,01 - janvier,2 - mercredi,Cayenne
,201700008961,2017-01-24,13,8,13055,43.32345,5.44926,Hors intersection,Deux véhicules - par le coté,Plein jour,Normale,Route Départementale,,2,Pente,Partie rectiligne,,30,normale,,Sur chaussée,Conducteur,1,M,34-35,Domicile - travail,Casque,Oui,1,1,01 - janvier,1 - mardi,Marseille
,201700024529,2017-01-24,31,17,31149,43.59705,1.32785,Intersection en T,Deux véhicules - frontale,Crépuscule ou aube,Normale,Voie Communale,,2,Plat,En courbe à droite,,,normale,,Sur chaussée,Conducteur,1,M,56-57,Domicile - travail,Casque,Oui,1,1,01 - janvier,1 - mardi,Colomiers
,201700026450,2017-01-24,35,14,35238,48.08951,-1.68256,Giratoire,Deux véhicules - par le coté,Plein jour,Normale,Voie Communale,,1,,,,,,,Sur chaussée,Conducteur,1,F,29-30,,Casque,Non déterminable,1,1,01 - janvier,1 - mardi,Rennes
,201700039194,2017-01-24,92,16,92014,0,0,Intersection en X,Autre,Plein jour,Normale,Route Départementale,,2,Pente,Partie rectiligne,,,mouillée,,Sur chaussée,Conducteur,2,F,76-77,Promenade - loisirs,Autre,Oui,1,1,01 - janvier,1 - mardi,Bourg-la-Reine
,201700043619,2017-01-24,94,16,94002,0,0,Hors intersection,Autre,Plein jour,Temps couvert,Voie Communale,,1,Plat,Partie rectiligne,,41,normale,,Sur chaussée,Conducteur,0,M,23-24,,Autre,Non,,1,01 - janvier,1 - mardi,Alfortville
,201700056469,2017-01-24,75,22,75117,48.8857,2.31684,Intersection en X,Deux véhicules - par le coté,Nuit avec éclairage public allumé,Normale,Voie Communale,,1,Plat,Partie rectiligne,,,normale,,Sur chaussée,Conducteur,1,M,25-26,Domicile - travail,Casque,Oui,1,1,01 - janvier,1 - mardi,Paris 17e  Arrondissement
,201700004077,2017-01-23,83,18,83068,43.26925,6.54048,Hors intersection,Deux véhicules - par le coté,Nuit avec éclairage public allumé,Normale,Route Départementale,,2,Bas de côte,En courbe à droite,,,normale,Carrefour aménagé,Sur chaussée,Conducteur,2,M,57-58,,Equipement réfléchissant,Oui,1,,01 - janvier,0 - lundi,Grimaud
,201700004195,2017-01-23,84,15,84054,43.9019,5.05478,Hors intersection,Deux véhicules - par l’arrière,Plein jour,Normale,Route Départementale,,2,Plat,Partie rectiligne,,48,normale,,Sur chaussée,Conducteur,3,M,59-60,Promenade - loisirs,Casque,Oui,1,,01 - janvier,0 - lundi,Isle-sur-la-Sorgue
,201700028702,2017-01-23,45,17,45234,47.84624,1.94094,Intersection en T,Deux véhicules - par le coté,Crépuscule ou aube,Normale,Route Départementale,,4,Plat,Partie rectiligne,,84,normale,,Sur piste cyclable,Conducteur,1,F,49-50,Domicile - travail,Equipement réfléchissant,Non,1,1,01 - janvier,0 - lundi,Orléans
,201700029163,2017-01-23,49,14,49007,47.47266,-0.54271,Intersection en X,Deux véhicules - par le coté,Plein jour,Normale,Voie Communale,,2,Plat,Partie rectiligne,,145,normale,,Sur chaussée,Conducteur,1,M,42-43,Domicile - travail,Casque,Non déterminable,1,1,01 - janvier,0 - lundi,Angers
,201700038035,2017-01-23,87,19,87085,45.8144,1.24194,Intersection en X,Deux véhicules - par le coté,Crépuscule ou aube,Normale,Voie Communale,,2,Plat,Partie rectiligne,,60,normale,,Sur chaussée,Conducteur,1,M,18-19,Domicile - école,Autre,Non déterminable,1,1,01 - janvier,0 - lundi,Limoges
,201700041138,2017-01-23,92,17,92072,0,0,Hors intersection,Deux véhicules - par le coté,Nuit avec éclairage public allumé,Normale,Route Départementale,,2,Pente,En courbe à gauche,,69,normale,,Sur chaussée,Conducteur,1,M,18-19,Domicile - école,Casque,Non,1,1,01 - janvier,0 - lundi,Sèvres
,201700044539,2017-01-23,94,10,94076,0,0,Giratoire,Aucune,Plein jour,Normale,Voie Communale,,1,Plat,En courbe à gauche,,,mouillée,,Sur chaussée,Conducteur,1,M,48-49,Utilisation professionnelle,Casque,Oui,,1,01 - janvier,0 - lundi,Villejuif
,201700059317,2017-01-23,972,16,97210,0,0,Hors intersection,Aucune,Plein jour,Normale,Voie Communale,,2,Pente,Partie rectiligne,,,normale,,Sur chaussée,Conducteur,1,M,59-60,Promenade - loisirs,Autre,Oui,,1,01 - janvier,0 - lundi,François
,201700016391,2017-01-22,29,17,29135,47.82817,-4.17191,Hors intersection,Deux véhicules - par le coté,Crépuscule ou aube,Normale,Parc de stationnement ouvert à la circulation publique,,,Plat,,,,normale,,Sur chaussée,Conducteur,2,M,55-56,Promenade - loisirs,Casque,Non,1,1,01 - janvier,6 - dimanche,Loctudy
,201700023030,2017-01-22,69,18,69283,0,0,Hors intersection,Deux véhicules - par l’arrière,Nuit sans éclairage public,Normale,Route Départementale,,2,Pente,Partie rectiligne,,59,normale,,Sur chaussée,Conducteur,1,F,59-60,Promenade - loisirs,Equipement réfléchissant,Oui,1,,01 - janvier,6 - dimanche,Mions
,201700029159,2017-01-22,49,15,49015,47.49378,-0.58666,Hors intersection,Autre,Plein jour,Normale,Route Départementale,,2,Plat,Partie rectiligne,,130,normale,,Sur chaussée,Conducteur,1,M,11-12,,Casque,Oui,,1,01 - janvier,6 - dimanche,Avrillé
,201700029160,2017-01-22,49,13,49007,47.48455,-0.53398,Hors intersection,Autre,Plein jour,Normale,Voie Communale,,2,Plat,Partie rectiligne,,62,normale,,Sur chaussée,Conducteur,2,M,56-57,,Casque,Oui,,1,01 - janvier,6 - dimanche,Angers
,201700053446,2017-01-22,75,17,75107,48.8611,2.3126,Hors intersection,Autre,Nuit avec éclairage public allumé,Normale,Voie Communale,,4,Plat,Partie rectiligne,,80,normale,,Sur chaussée,Conducteur,0,M,24-25,Domicile - travail,Casque,Non,,1,01 - janvier,6 - dimanche,Paris 7e  Arrondissement
,201700058789,2017-01-22,971,10,97117,0,0,Hors intersection,Deux véhicules - par l’arrière,Plein jour,Normale,Route Départementale,,2,Plat,Partie rectiligne,,50,normale,,Sur chaussée,Conducteur,2,M,57-58,Promenade - loisirs,Casque,Oui,1,,01 - janvier,6 - dimanche,Moule
,201700001562,2017-01-21,17,16,17228,45.63612,-0.93242,Intersection en X,Deux véhicules - par le coté,Plein jour,Normale,Voie Communale,,2,Plat,,5,10,normale,,,Conducteur,1,M,69-70,Promenade - loisirs,Casque,Oui,1,,01 - janvier,5 - samedi,Médis
,201700024525,2017-01-21,31,23,31555,43.6162,1.43709,Intersection en X,Deux véhicules - par le coté,Nuit avec éclairage public allumé,Normale,Route Départementale,,,Plat,Partie rectiligne,,,normale,,Sur chaussée,Conducteur,2,F,23-24,Promenade - loisirs,Autre,Non déterminable,1,1,01 - janvier,5 - samedi,Toulouse
,201700044293,2017-01-21,94,16,94028,0,0,Hors intersection,Aucune,Plein jour,Normale,Voie Communale,,2,Plat,Partie rectiligne,,60,normale,,Sur chaussée,Conducteur,1,F,23-24,Promenade - loisirs,Autre,Non déterminable,1,1,01 - janvier,5 - samedi,Créteil
,201700050617,2017-01-21,69,14,69387,45.74918,4.8384,Intersection en X,Deux véhicules - frontale,Plein jour,Normale,Voie Communale,,,,,,,,,,Conducteur,1,M,35-36,,Autre,Non,1,1,01 - janvier,5 - samedi,Lyon 7e  Arrondissement
,201700056464,2017-01-21,75,4,75117,48.8857,2.30867,Hors intersection,Autre,Nuit avec éclairage public allumé,Normale,Voie Communale,,2,Plat,Partie rectiligne,,,normale,,Sur chaussée,Conducteur,1,M,25-26,Promenade - loisirs,Casque,Non,,1,01 - janvier,5 - samedi,Paris 17e  Arrondissement
,201700000675,2017-01-20,29,16,29124,48.56222,-4.32601,Giratoire,Deux véhicules - par le coté,Plein jour,Normale,Route Départementale,,1,Plat,,4,15,normale,Carrefour aménagé,,Conducteur,1,M,69-70,Promenade - loisirs,Casque,Oui,1,1,01 - janvier,4 - vendredi,Lesneven
,201700008940,2017-01-20,13,15,13075,43.34095,5.45737,Intersection en Y,Deux véhicules - par le coté,Plein jour,Normale,Voie Communale,,1,,,,50,,,Sur chaussée,Conducteur,1,M,14-15,,Autre,Oui,1,1,01 - janvier,4 - vendredi,Plan-de-Cuques
,201700012177,2017-01-20,23,14,23106,46.24525,2.38408,Hors intersection,Autre,Plein jour,Normale,Route Départementale,,2,Plat,Partie rectiligne,,54,normale,,Sur chaussée,Conducteur,2,M,57-58,Promenade - loisirs,Casque,Oui,1,,01 - janvier,4 - vendredi,Lépaud
,201700025288,2017-01-20,81,15,81156,43.90923,2.0325,Intersection en X,Deux véhicules - par le coté,Plein jour,Normale,Route Départementale,,2,Plat,Partie rectiligne,,120,normale,,Sur chaussée,Conducteur,2,M,79-80,Promenade - loisirs,Autre,Non,1,1,01 - janvier,4 - vendredi,Marssac-sur-Tarn
,201700027055,2017-01-20,37,12,37261,47.432,0.693,Intersection en X,Deux véhicules - par le coté,Plein jour,Normale,Route Départementale,,4,Plat,Partie rectiligne,,,normale,,Sur chaussée,Conducteur,1,M,17-18,,Casque,Non,1,1,01 - janvier,4 - vendredi,Tours
,201700033981,2017-01-20,67,9,67482,48.58647,7.7586,Hors intersection,Deux véhicules - par le coté,Plein jour,Normale,Voie Communale,,1,Plat,Partie rectiligne,,28,normale,,Sur chaussée,Conducteur,2,M,29-30,Domicile - travail,Casque,Oui,1,1,01 - janvier,4 - vendredi,Strasbourg
,201700043473,2017-01-20,93,8,93078,0,0,Intersection en T,Deux véhicules - par le coté,Plein jour,Normale,Voie Communale,,2,Plat,Partie rectiligne,,,normale,,Sur chaussée,Conducteur,1,M,18-19,Domicile - travail,Casque,Non,1,1,01 - janvier,4 - vendredi,Villepinte
,201700044292,2017-01-20,94,8,94028,0,0,Hors intersection,Autre,Plein jour,Normale,Voie Communale,,1,Plat,Partie rectiligne,,30,normale,,Sur chaussée,Conducteur,1,F,10-11,Promenade - loisirs,Casque,Oui,1,1,01 - janvier,4 - vendredi,Créteil
,201700011825,2017-01-19,30,15,30033,43.71533,4.27463,Hors intersection,Deux véhicules - par l’arrière,Plein jour,Normale,Route Départementale,,2,Plat,Partie rectiligne,,58,normale,,Sur chaussée,Conducteur,2,M,67-68,Promenade - loisirs,Casque,Oui,1,1,01 - janvier,3 - jeudi,Beauvoisin
,201700011858,2017-01-19,30,14,30276,43.63865,4.1931,Hors intersection,Trois véhicules et plus - collisions multiples,Plein jour,Normale,Route Départementale,,4,Plat,Partie rectiligne,,146,normale,,Sur chaussée,Conducteur,3,M,72-73,Promenade - loisirs,Casque,Oui,1,,01 - janvier,3 - jeudi,'Saint-Laurent-d''Aigouze'
,201700011858,2017-01-19,30,14,30276,43.63865,4.1931,Hors intersection,Trois véhicules et plus - collisions multiples,Plein jour,Normale,Route Départementale,,4,Plat,Partie rectiligne,,146,normale,,Sur chaussée,Conducteur,2,M,71-72,Promenade - loisirs,Casque,Oui,1,,01 - janvier,3 - jeudi,'Saint-Laurent-d''Aigouze'
,201700024519,2017-01-19,31,15,31555,43.61602,1.45321,Intersection en T,Deux véhicules - frontale,Plein jour,Normale,Route Départementale,,3,Plat,Partie rectiligne,,,normale,,Sur chaussée,Conducteur,1,F,43-44,Promenade - loisirs,Equipement réfléchissant,Oui,1,1,01 - janvier,3 - jeudi,Toulouse
,201700024519,2017-01-19,31,15,31555,43.61602,1.45321,Intersection en T,Deux véhicules - frontale,Plein jour,Normale,Route Départementale,,3,Plat,Partie rectiligne,,,normale,,Sur chaussée,Passager,1,F,8-9,Domicile - école,Equipement réfléchissant,Oui,1,1,01 - janvier,3 - jeudi,Toulouse
,201700027054,2017-01-19,37,22,37261,47.39357,0.68762,Hors intersection,Aucune,Nuit avec éclairage public allumé,Normale,Voie Communale,,2,Plat,Partie rectiligne,,60,normale,Zone piétonne,Sur trottoir,Conducteur,1,M,22-23,Promenade - loisirs,Casque,Non,,1,01 - janvier,3 - jeudi,Tours
,201700027794,2017-01-19,41,8,41018,47.58941,1.30599,Hors intersection,Deux véhicules - par le coté,Plein jour,Normale,Voie Communale,,2,Plat,Partie rectiligne,,,normale,,Sur chaussée,Conducteur,1,M,13-14,Promenade - loisirs,Equipement réfléchissant,Non déterminable,1,1,01 - janvier,3 - jeudi,Blois
,201700029155,2017-01-19,49,8,49007,47.45242,-0.55891,Intersection en X,Autre,Crépuscule ou aube,Normale,Voie Communale,,2,Plat,Partie rectiligne,,75,normale,,Sur chaussée,Conducteur,1,F,33-34,Domicile - travail,Casque,Non déterminable,1,1,01 - janvier,3 - jeudi,Angers
,201700029638,2017-01-19,50,13,50129,49.63938,-1.63324,Intersection en X,Deux véhicules - par le coté,Plein jour,Normale,Voie Communale,,1,Plat,Partie rectiligne,,35,normale,,Sur chaussée,Conducteur,1,M,55-56,Domicile - travail,Casque,Non,1,1,01 - janvier,3 - jeudi,Cherbourg-en-Cotentin
,201700029913,2017-01-19,51,14,51454,49.25211,4.02513,Intersection en X,Deux véhicules - par le coté,Plein jour,Normale,Voie Communale,,1,Plat,Partie rectiligne,,44,normale,,,Conducteur,1,M,38-39,Domicile - travail,Casque,Oui,1,1,01 - janvier,3 - jeudi,Reims
,201700040920,2017-01-19,92,10,92063,0,0,Intersection en T,Deux véhicules - frontale,Plein jour,Normale,Voie Communale,,2,Pente,En courbe à gauche,,55,normale,,Sur chaussée,Conducteur,1,M,13-14,Domicile - école,Autre,Non déterminable,1,1,01 - janvier,3 - jeudi,Rueil-Malmaison
,201700042139,2017-01-19,93,9,93031,0,0,Intersection en T,Trois véhicules et plus - collisions multiples,Plein jour,Normale,Voie Communale,,2,Plat,Partie rectiligne,,,normale,Carrefour aménagé,Sur chaussée,Conducteur,0,F,56-57,,Casque,Oui,2,1,01 - janvier,3 - jeudi,Épinay-sur-Seine
,201700043066,2017-01-19,93,13,93066,0,0,Hors intersection,Autre,Plein jour,Normale,Voie Communale,,2,Plat,Partie rectiligne,,,normale,,Sur chaussée,Conducteur,2,M,22-23,Domicile - travail,Autre,Non déterminable,1,1,01 - janvier,3 - jeudi,Saint-Denis
,201700045637,2017-01-19,94,15,94081,0,0,Intersection en X,Deux véhicules - par le coté,Plein jour,Normale,Voie Communale,,2,Plat,Partie rectiligne,,60,normale,,Sur chaussée,Conducteur,1,M,20-21,,Autre,Non déterminable,1,1,01 - janvier,3 - jeudi,Vitry-sur-Seine
,201700053980,2017-01-19,75,8,75109,48.8833,2.32715,Place,Deux véhicules - par le coté,Crépuscule ou aube,Normale,Voie Communale,,2,Plat,Partie rectiligne,,,normale,,Sur chaussée,Conducteur,1,F,54-55,Domicile - travail,Casque,Oui,1,1,01 - janvier,3 - jeudi,Paris 9e  Arrondissement
,201700013210,2017-01-18,7,9,7346,44.48619,4.68374,Hors intersection,Deux véhicules - par le coté,Plein jour,Normale,Route Départementale,,2,Plat,,,10,normale,,,Conducteur,2,M,81-82,Promenade - loisirs,Casque,Non,1,1,01 - janvier,2 - mercredi,Viviers
,201700014730,2017-01-18,6,10,6079,43.53161,6.94811,Intersection en Y,Deux véhicules - par le coté,Plein jour,Normale,Route Départementale,,2,Plat,,7,10,enneigée,,,Conducteur,2,F,60-61,Promenade - loisirs,Casque,Oui,1,1,01 - janvier,2 - mercredi,Mandelieu-la-Napoule
,201700026441,2017-01-18,35,14,35238,48.11175,-1.68026,Intersection en X,Deux véhicules - par le coté,Plein jour,Normale,Voie Communale,,1,Plat,Partie rectiligne,,,normale,,Sur chaussée,Conducteur,1,M,26-27,,Casque,Non,1,1,01 - janvier,2 - mercredi,Rennes
,201700027057,2017-01-18,37,11,37261,47.37375,0.6805,Hors intersection,Deux véhicules - par le coté,Plein jour,Normale,Voie Communale,,4,Plat,Partie rectiligne,,,normale,,Sur piste cyclable,Conducteur,1,M,41-42,,Autre,Non déterminable,1,1,01 - janvier,2 - mercredi,Tours
,201700031723,2017-01-18,59,8,59378,50.66266,3.0747,Intersection en T,Deux véhicules - par le coté,Plein jour,Normale,Voie Communale,,1,Pente,En courbe à gauche,,,normale,Carrefour aménagé,Sur piste cyclable,Conducteur,2,M,36-37,Domicile - travail,Autre,Non déterminable,1,1,01 - janvier,2 - mercredi,Marcq-en-Barul
,201700032590,2017-01-18,62,15,62178,50.46789,2.54783,Hors intersection,Deux véhicules - par le coté,Plein jour,Normale,Voie Communale,,2,Plat,Partie rectiligne,,43,normale,,Sur chaussée,Conducteur,2,M,12-13,Promenade - loisirs,Casque,Non,1,1,01 - janvier,2 - mercredi,Bruay-la-Buissière
,201700039077,2017-01-18,91,8,91549,48.64079,2.3259,Giratoire,Deux véhicules - par le coté,Crépuscule ou aube,Normale,Voie Communale,,2,Plat,Partie rectiligne,,,normale,,Sur chaussée,Conducteur,1,M,15-16,Autre,Casque,Oui,1,1,01 - janvier,2 - mercredi,Sainte-Geneviève-des-Bois
,201700042058,2017-01-18,93,11,93029,0,0,Hors intersection,Deux véhicules - par le coté,Plein jour,Normale,Route Départementale,,2,Pente,Partie rectiligne,,,normale,,Sur chaussée,Conducteur,2,M,19-20,,Autre,Non,1,1,01 - janvier,2 - mercredi,Drancy
,201700042059,2017-01-18,93,15,93029,0,0,Hors intersection,Autre,Plein jour,Normale,Voie Communale,,2,Plat,Partie rectiligne,,,normale,,Sur chaussée,Conducteur,2,M,29-30,,Casque,Non,1,1,01 - janvier,2 - mercredi,Drancy
,201700044843,2017-01-18,94,7,94073,0,0,Hors intersection,Deux véhicules - par le coté,Nuit avec éclairage public allumé,Normale,Route Départementale,,2,Plat,En courbe à droite,,,normale,Carrefour aménagé,Sur chaussée,Conducteur,1,M,24-25,Domicile - travail,Casque,Oui,1,1,01 - janvier,2 - mercredi,Thiais
,201700050611,2017-01-18,69,8,69383,0,0,Hors intersection,Deux véhicules - frontale,Plein jour,Autre,Voie Communale,,,Plat,,,,normale,,,Conducteur,2,M,28-29,Utilisation professionnelle,Casque,Oui,1,1,01 - janvier,2 - mercredi,Lyon 3e  Arrondissement
,201700053640,2017-01-18,75,11,75108,48.8826,2.32335,Intersection en X,Deux véhicules - par le coté,Plein jour,Normale,Voie Communale,,4,Plat,Partie rectiligne,100,120,,,Sur piste cyclable,Conducteur,1,M,47-48,,Casque,Oui,1,1,01 - janvier,2 - mercredi,Paris 8e  Arrondissement
,201700054340,2017-01-18,75,20,75111,48.8562,2.39101,Hors intersection,Deux véhicules - par l’arrière,Nuit avec éclairage public allumé,Normale,Voie Communale,,2,Pente,Partie rectiligne,,120,normale,,Sur chaussée,Conducteur,1,M,46-47,Domicile - travail,Casque,Non,1,1,01 - janvier,2 - mercredi,Paris 11e  Arrondissement
,201700056460,2017-01-18,75,8,75117,48.8806,2.30163,Hors intersection,Deux véhicules - par l’arrière,Plein jour,Normale,Voie Communale,,2,Plat,Partie rectiligne,,,normale,,Sur chaussée,Conducteur,1,F,47-48,,Casque,Non,1,1,01 - janvier,2 - mercredi,Paris 17e  Arrondissement
,201700011386,2017-01-17,95,11,95392,49.0745,2.2169,Hors intersection,Deux véhicules - frontale,Plein jour,Normale,Voie Communale,,2,Plat,Partie rectiligne,,,normale,,Sur chaussée,Conducteur,1,M,46-47,Utilisation professionnelle,Autre,Non déterminable,1,1,01 - janvier,1 - mardi,Mériel
,201700015789,2017-01-17,3,14,3267,46.34037,3.28652,Hors intersection,Deux véhicules - par le coté,Plein jour,Normale,Route Départementale,,2,Pente,Partie rectiligne,,73,normale,,Sur chaussée,Conducteur,1,F,17-18,Domicile - travail,Casque,Oui,1,,01 - janvier,1 - mardi,Saulcet
,201700022326,2017-01-17,21,16,21355,47.28458,5.06288,Hors intersection,Deux véhicules - frontale,Plein jour,Normale,Voie Communale,,2,Plat,Partie rectiligne,,,normale,,Sur chaussée,Conducteur,2,F,57-58,,Casque,Oui,1,1,01 - janvier,1 - mardi,Longvic
,201700033078,2017-01-17,64,10,64445,43.31917,-0.3601,Hors intersection,Deux véhicules - par le coté,Plein jour,Normale,Voie Communale,,4,Plat,Partie rectiligne,,81,normale,,Sur chaussée,Conducteur,1,M,18-19,,Casque,Oui,1,1,01 - janvier,1 - mardi,Pau
,201700033957,2017-01-17,67,16,67462,0,0,Hors intersection,Autre,Plein jour,Normale,Voie Communale,,2,Plat,En courbe à droite,,60,normale,,Sur trottoir,Conducteur,0,M,18-19,Domicile - école,Casque,Oui,,1,01 - janvier,1 - mardi,Sélestat
,201700034409,2017-01-17,68,16,68066,48.06945,7.36513,Intersection en X,Deux véhicules - par le coté,Plein jour,Normale,Route Départementale,,4,Plat,Partie rectiligne,10,170,normale,Carrefour aménagé,Sur chaussée,Conducteur,2,F,18-19,Promenade - loisirs,Autre,Non,1,1,01 - janvier,1 - mardi,Colmar
,201700036377,2017-01-17,77,15,77495,48.56449,2.60989,Intersection en T,Deux véhicules - par l’arrière,Plein jour,Normale,Route Départementale,,2,Plat,Partie rectiligne,,56,normale,,Sur chaussée,Conducteur,2,M,65-66,Promenade - loisirs,Casque,Oui,1,1,01 - janvier,1 - mardi,Vert-Saint-Denis
,201700041448,2017-01-17,93,9,93071,0,0,Intersection en X,Deux véhicules - par le coté,Plein jour,Temps couvert,Voie Communale,,2,,,,,,,Sur chaussée,Conducteur,1,M,48-49,Domicile - travail,Autre,Non,1,1,01 - janvier,1 - mardi,Sevran
,201700044842,2017-01-17,94,16,94065,0,0,Giratoire,Autre,Plein jour,Normale,Voie Communale,,2,,,,,normale,,Sur chaussée,Conducteur,1,M,62-63,Promenade - loisirs,Casque,Oui,,1,01 - janvier,1 - mardi,Rungis
,201700053042,2017-01-17,75,12,75103,48.869,2.35558,Intersection à plus de 4 branches,Deux véhicules - par le coté,Plein jour,Normale,Voie Communale,,4,Plat,,,140,normale,,Sur chaussée,Conducteur,1,M,21-22,Promenade - loisirs,Casque,Non déterminable,1,1,01 - janvier,1 - mardi,Paris 3e  Arrondissement
,201700054337,2017-01-17,75,19,75111,48.864,2.37068,Intersection à plus de 4 branches,Autre,Nuit avec éclairage public allumé,Normale,Voie Communale,,1,Plat,,,,,,Sur piste cyclable,Conducteur,1,M,29-30,,Casque,Non déterminable,1,1,01 - janvier,1 - mardi,Paris 11e  Arrondissement
,201700054337,2017-01-17,75,19,75111,48.864,2.37068,Intersection à plus de 4 branches,Autre,Nuit avec éclairage public allumé,Normale,Voie Communale,,1,Plat,,,,,,Sur piste cyclable,Conducteur,0,M,32-33,,Casque,Non déterminable,1,1,01 - janvier,1 - mardi,Paris 11e  Arrondissement
,201700056458,2017-01-17,75,13,75117,48.88,2.28833,Intersection à plus de 4 branches,Deux véhicules - par le coté,Plein jour,Normale,Voie Communale,,4,Plat,Partie rectiligne,,,normale,Carrefour aménagé,Sur chaussée,Conducteur,1,M,56-57,,Casque,Non déterminable,1,1,01 - janvier,1 - mardi,Paris 17e  Arrondissement
,201700058687,2017-01-17,971,8,97107,0,0,Hors intersection,Deux véhicules - par le coté,Plein jour,Normale,Route Nationale,,4,Plat,Partie rectiligne,,,mouillée,Bretelle d’échangeur ou de raccordement,Sur chaussée,Conducteur,1,M,54-55,Promenade - loisirs,Casque,Oui,1,,01 - janvier,1 - mardi,Capesterre-Belle-Eau
,201700023579,2017-01-16,29,8,29019,48.38415,-4.50248,Intersection en T,Deux véhicules - par le coté,Crépuscule ou aube,Normale,Voie Communale,,,Pente,Partie rectiligne,,,mouillée,,Sur chaussée,Conducteur,2,M,20-21,Domicile - travail,Casque,Non,1,1,01 - janvier,0 - lundi,Brest
,201700024514,2017-01-16,31,9,31149,43.60924,1.35253,Giratoire,Deux véhicules - par le coté,Plein jour,Pluie légère,Route Départementale,,2,Plat,Partie rectiligne,,56,normale,,Sur chaussée,Conducteur,1,M,24-25,Domicile - travail,Autre,Non,1,1,01 - janvier,0 - lundi,Colomiers
,201700025323,2017-01-16,32,18,32013,43.6372,0.59642,Intersection en Y,Autre,Nuit avec éclairage public allumé,Normale,Voie Communale,,2,Pente,En courbe à droite,,,mouillée,,Sur chaussée,Conducteur,1,M,14-15,Promenade - loisirs,Autre,Non,1,1,01 - janvier,0 - lundi,Auch
,201700027588,2017-01-16,38,12,38516,45.19921,5.7556,Intersection en T,Deux véhicules - par le coté,Plein jour,Normale,Voie Communale,,2,Plat,Partie rectiligne,,,enneigée,,Sur chaussée,Conducteur,1,M,74-75,,Casque,Oui,1,1,01 - janvier,0 - lundi,Tronche
,201700029156,2017-01-16,49,7,49007,47.47172,-0.56703,Giratoire,Deux véhicules - par le coté,Nuit avec éclairage public allumé,Normale,Voie Communale,,2,Plat,,,,mouillée,,Sur chaussée,Conducteur,1,M,34-35,Autre,Casque,Oui,1,1,01 - janvier,0 - lundi,Angers
,201700031653,2017-01-16,59,22,59183,0,0,Intersection en X,Deux véhicules - frontale,Nuit avec éclairage public allumé,Autre,Voie Communale,,2,,,,,,,Sur chaussée,Conducteur,3,M,20-21,Promenade - loisirs,Autre,Oui,1,1,01 - janvier,0 - lundi,Dunkerque
,201700039215,2017-01-16,92,8,92004,0,0,Intersection en T,Deux véhicules - par le coté,Nuit avec éclairage public allumé,Normale,Route Départementale,,2,Plat,Partie rectiligne,,,normale,,Sur chaussée,Conducteur,1,M,29-30,,Casque,Oui,1,1,01 - janvier,0 - lundi,Asnières-sur-Seine
,201700040473,2017-01-16,92,9,92049,0,0,Hors intersection,Deux véhicules - par le coté,Plein jour,Normale,Route Départementale,,2,Plat,Partie rectiligne,,,normale,,Sur chaussée,Conducteur,1,F,38-39,,Autre,Non déterminable,1,1,01 - janvier,0 - lundi,Montrouge
,201700044986,2017-01-16,94,7,94041,0,0,Intersection en X,Autre,Nuit avec éclairage public allumé,Normale,Route Départementale,,2,Pente,Partie rectiligne,,,normale,,Sur chaussée,Conducteur,0,M,14-15,Domicile - école,Autre,Non déterminable,,1,01 - janvier,0 - lundi,Ivry-sur-Seine
,201700053637,2017-01-16,75,13,75108,48.8794,2.31429,Intersection en X,Autre,Plein jour,Normale,Voie Communale,,6,,,,,,,Sur chaussée,Conducteur,1,M,26-27,Utilisation professionnelle,Casque,Non déterminable,,1,01 - janvier,0 - lundi,Paris 8e  Arrondissement
,201700024513,2017-01-15,31,,31555,43.5816,1.4627,Hors intersection,Deux véhicules - frontale,Nuit avec éclairage public allumé,Normale,Voie Communale,,,Plat,Partie rectiligne,,,normale,,Sur chaussée,Conducteur,1,M,24-25,Promenade - loisirs,Autre,Oui,1,1,01 - janvier,6 - dimanche,Toulouse