test,identifiantAccident,date,departement,heure,commune,lat,lon,typeIntersection,typeCollision,luminosite,conditionsAtmosperiques,typeRoute,circulation,nbVoies,profilLongRoute,tracePlanRoute,largeurTPC,largeurRoute,etatSurface,amenagement,situation,categorieUsager,graviteAccident,sexe,age,motifDeplacement,existenceSecurite,usageSecurite,nombreAutresVehicules,enAgglomeration,mois,jour,NCCENR
,201700054333,2017-01-15,75,3,75111,48.8595,2.36759,Intersection en T,Autre,Nuit avec éclairage public allumé,Normale,Voie Communale,,,Plat,Partie rectiligne,,,normale,,Sur chaussée,Conducteur,1,M,27-28,Promenade - loisirs,Casque,Non déterminable,1,1,01 - janvier,6 - dimanche,Paris 11e  Arrondissement
,201700057492,2017-01-15,75,21,75120,48.8666,2.38354,Hors intersection,Autre,Nuit avec éclairage public allumé,Pluie légère,Voie Communale,,2,Plat,Partie rectiligne,,,mouillée,,Sur piste cyclable,Conducteur,0,M,19-20,Autre,Casque,Non déterminable,,1,01 - janvier,6 - dimanche,Paris 20e  Arrondissement
,201700000604,2017-01-14,22,10,22282,48.58584,-2.23876,Intersection en X,Trois véhicules et plus - collisions multiples,Plein jour,Temps éblouissant,Route Départementale,,2,Pente,En courbe à gauche,6,10,normale,Carrefour aménagé,Sur chaussée,Conducteur,2,M,64-65,Promenade - loisirs,Casque,Non,2,,01 - janvier,5 - samedi,Saint-Cast-le-Guildo
,201700001379,2017-01-14,33,12,33179,44.97812,-0.24874,Intersection en Y,Deux véhicules - par le coté,Plein jour,Normale,Voie Communale,,2,Bas de côte,,,90,normale,,,Conducteur,2,M,31-32,Promenade - loisirs,Casque,Non,1,1,01 - janvier,5 - samedi,Galgon
,201700013009,2017-01-14,40,15,40204,43.75765,-0.73098,Intersection en Y,Deux véhicules - par le coté,Plein jour,Temps couvert,Route Départementale,,2,Plat,,6,610,normale,,,Conducteur,2,M,57-58,Promenade - loisirs,Casque,Non déterminable,1,,01 - janvier,5 - samedi,Nerbis
,201700019940,2017-01-14,76,9,76002,49.60109,0.62108,Hors intersection,Deux véhicules - par le coté,Plein jour,Normale,Route Départementale,,2,Plat,Partie rectiligne,,,normale,,,Conducteur,1,M,47-48,Promenade - loisirs,Autre,Oui,1,,01 - janvier,5 - samedi,Alvimare
,201700028209,2017-01-14,44,16,44132,47.27165,-2.35404,Hors intersection,Deux véhicules - par le coté,Plein jour,Temps couvert,Voie Communale,,2,Plat,Partie rectiligne,,,normale,,Sur piste cyclable,Conducteur,1,M,42-43,Promenade - loisirs,Casque,Oui,1,1,01 - janvier,5 - samedi,Pornichet
,201700033077,2017-01-14,64,18,64237,43.27882,-0.37527,Hors intersection,Deux véhicules - par le coté,Nuit avec éclairage public allumé,Normale,Route Départementale,,,,,,,,,,Conducteur,1,M,24-25,Promenade - loisirs,Casque,Oui,1,,01 - janvier,5 - samedi,Gelos
,201700035419,2017-01-14,73,18,73222,45.57362,5.95555,Autre intersection,Deux véhicules - par le coté,Nuit avec éclairage public allumé,Pluie légère,Voie Communale,,1,Plat,Partie rectiligne,,,mouillée,,Sur chaussée,Conducteur,2,F,30-31,Promenade - loisirs,Casque,Oui,1,,01 - janvier,5 - samedi,Saint-Alban-Leysse
,201700035786,2017-01-14,76,19,76351,49.49408,0.12408,Intersection en X,Deux véhicules - par l’arrière,Nuit avec éclairage public allumé,Pluie légère,Voie Communale,,2,Plat,Partie rectiligne,,63,mouillée,,,Conducteur,2,M,14-15,Promenade - loisirs,Autre,Oui,1,1,01 - janvier,5 - samedi,Havre
,201700037725,2017-01-14,85,10,85194,46.50027,1.78626,Hors intersection,Deux véhicules - par le coté,Plein jour,Normale,Voie Communale,,2,,,,,normale,Carrefour aménagé,Sur chaussée,Conducteur,2,M,76-77,Promenade - loisirs,Autre,Non déterminable,1,1,01 - janvier,5 - samedi,'Sables-d''Olonne'
,201700037725,2017-01-14,85,10,85194,46.50027,1.78626,Hors intersection,Deux véhicules - par le coté,Plein jour,Normale,Voie Communale,,2,,,,,normale,Carrefour aménagé,Sur chaussée,Conducteur,0,M,17-18,Promenade - loisirs,Casque,Oui,1,1,01 - janvier,5 - samedi,'Sables-d''Olonne'
,201700052874,2017-01-14,75,10,75104,48.8537,2.36896,Place,Deux véhicules - par le coté,Plein jour,Normale,Voie Communale,,,,,,,normale,Carrefour aménagé,Sur chaussée,Conducteur,1,F,49-50,Promenade - loisirs,Casque,Non déterminable,1,1,01 - janvier,5 - samedi,Paris 4e  Arrondissement
,201700058652,2017-01-14,971,17,97134,0,0,Hors intersection,Deux véhicules - frontale,Crépuscule ou aube,Normale,Route Départementale,,2,Pente,En courbe à gauche,,45,normale,,Sur chaussée,Conducteur,2,M,15-16,Promenade - loisirs,Casque,Non,1,1,01 - janvier,5 - samedi,Vieux-Habitants
,201700000198,2017-01-13,62,11,62014,50.63695,2.40949,Intersection en T,Deux véhicules - par le coté,Plein jour,Temps éblouissant,Voie Communale,Avec voies d’affectation variable,,,,,,,,Sur chaussée,Conducteur,1,F,56-57,Courses - achats,Autre,Non déterminable,1,1,01 - janvier,4 - vendredi,Aire-sur-la-Lys
,201700023388,2017-01-13,67,16,67425,48.76713,7.38089,Hors intersection,Deux véhicules - par l’arrière,Plein jour,Normale,Route Départementale,,2,Plat,Partie rectiligne,,66,mouillée,,Sur chaussée,Conducteur,2,M,41-42,Promenade - loisirs,Autre,Non,1,,01 - janvier,4 - vendredi,Saint-Jean-Saverne
,201700027043,2017-01-13,37,9,37261,47.37127,0.69761,Intersection en X,Deux véhicules - par le coté,Plein jour,Pluie légère,Voie Communale,,4,Plat,Partie rectiligne,,,mouillée,,Sur chaussée,Conducteur,1,F,34-35,Domicile - travail,Casque,Non,1,1,01 - janvier,4 - vendredi,Tours
,201700038355,2017-01-13,89,18,89024,47.808,3.56438,Intersection en T,Deux véhicules - par le coté,Nuit avec éclairage public allumé,Pluie légère,Route Départementale,,3,Pente,Partie rectiligne,,,mouillée,,Sur chaussée,Conducteur,2,M,19-20,Domicile - travail,Casque,Non,1,1,01 - janvier,4 - vendredi,Auxerre
,201700040817,2017-01-13,92,10,92051,0,0,Hors intersection,Autre,Plein jour,Normale,Route Départementale,,,,,,,normale,,Sur chaussée,Conducteur,0,M,41-42,Domicile - travail,Casque,Oui,,1,01 - janvier,4 - vendredi,Neuilly-sur-Seine
,201700040817,2017-01-13,92,10,92051,0,0,Hors intersection,Autre,Plein jour,Normale,Route Départementale,,,,,,,normale,,Sur chaussée,Piéton,2,F,76-77,Promenade - loisirs,Autre,Non déterminable,,1,01 - janvier,4 - vendredi,Neuilly-sur-Seine
,201700054614,2017-01-13,75,23,75112,48.85,2.37475,Hors intersection,Autre,Nuit avec éclairage public allumé,Normale,Voie Communale,,2,Plat,Partie rectiligne,,60,mouillée,,,Conducteur,1,M,22-23,Utilisation professionnelle,Casque,Non déterminable,1,1,01 - janvier,4 - vendredi,Paris 12e  Arrondissement
,201700056843,2017-01-13,75,9,75118,48.8936,2.33637,Intersection à plus de 4 branches,Autre,Plein jour,Normale,Voie Communale,,2,Plat,Partie rectiligne,,,normale,,Sur chaussée,Conducteur,1,M,34-35,Domicile - travail,Casque,Non déterminable,1,1,01 - janvier,4 - vendredi,Paris 18e  Arrondissement
,201700012416,2017-01-12,27,14,27383,48.744,0.84272,Intersection en X,Deux véhicules - par le coté,Plein jour,Pluie forte,Route Départementale,,2,Plat,,5,720,normale,,,Conducteur,1,M,57-58,Promenade - loisirs,Equipement réfléchissant,Oui,1,,01 - janvier,3 - jeudi,Mandres
,201700031156,2017-01-12,57,16,57463,49.11922,6.18409,Intersection en Y,Deux véhicules - par le coté,Crépuscule ou aube,Normale,Voie Communale,,3,Plat,En courbe à gauche,,63,normale,,Sur chaussée,Conducteur,1,M,44-45,Promenade - loisirs,Casque,Oui,1,1,01 - janvier,3 - jeudi,Metz
,201700033371,2017-01-12,64,15,64260,43.37136,-1.77298,Hors intersection,Deux véhicules - par le coté,Plein jour,Normale,Route Départementale,,1,Plat,En courbe à droite,,,normale,,Sur chaussée,Conducteur,1,M,41-42,,Casque,Oui,1,,01 - janvier,3 - jeudi,Hendaye
,201700040070,2017-01-12,92,13,92026,0,0,Hors intersection,Aucune,Plein jour,Normale,Route Départementale,,4,Plat,Partie rectiligne,,,normale,,Sur chaussée,Conducteur,2,M,61-62,Promenade - loisirs,Casque,Oui,,1,01 - janvier,3 - jeudi,Courbevoie
,201700042457,2017-01-12,93,7,93074,0,0,Intersection en X,Deux véhicules - frontale,Nuit avec éclairage public allumé,Pluie légère,Voie Communale,,1,Plat,Partie rectiligne,,,mouillée,,Sur chaussée,Conducteur,1,M,24-25,Domicile - école,Autre,Non,1,1,01 - janvier,3 - jeudi,Vaujours
,201700050601,2017-01-12,69,18,69383,45.75503,4.87062,Intersection en X,Deux véhicules - par le coté,Nuit avec éclairage public allumé,Pluie légère,Voie Communale,,3,Plat,Partie rectiligne,,,mouillée,,Sur chaussée,Conducteur,1,F,27-28,Domicile - travail,Autre,Non déterminable,1,1,01 - janvier,3 - jeudi,Lyon 3e  Arrondissement
,201700052709,2017-01-12,75,17,75101,48.8627,2.33736,Place,Aucune,Crépuscule ou aube,Pluie légère,Voie Communale,,1,Plat,Partie rectiligne,,60,mouillée,,Sur chaussée,Conducteur,1,M,59-60,Domicile - travail,Casque,Oui,,1,01 - janvier,3 - jeudi,Paris 1er Arrondissement
,201700053441,2017-01-12,75,23,75107,48.86,2.31479,Intersection en X,Autre,Nuit avec éclairage public allumé,Vent fort - tempête,Voie Communale,,4,Plat,Partie rectiligne,,,mouillée,Carrefour aménagé,Sur chaussée,Conducteur,1,F,25-26,,Casque,Non déterminable,1,1,01 - janvier,3 - jeudi,Paris 7e  Arrondissement
,201700053636,2017-01-12,75,9,75108,48.8642,2.30214,Place,Deux véhicules - par le coté,Plein jour,Pluie légère,Voie Communale,,2,Plat,Partie rectiligne,,,mouillée,,Sur chaussée,Conducteur,1,M,37-38,Domicile - travail,Casque,Non déterminable,1,1,01 - janvier,3 - jeudi,Paris 8e  Arrondissement
,201700057180,2017-01-12,75,12,75119,48.8873,2.36704,Intersection en T,Deux véhicules - par l’arrière,Plein jour,Pluie légère,Voie Communale,,1,Plat,Partie rectiligne,,,mouillée,,Sur piste cyclable,Conducteur,1,M,48-49,Domicile - travail,Casque,Oui,1,1,01 - janvier,3 - jeudi,Paris 19e  Arrondissement
,201700057182,2017-01-12,75,17,75119,48.89,2.38741,Intersection en T,Autre,Nuit avec éclairage public allumé,Normale,Voie Communale,,1,Plat,Partie rectiligne,,,mouillée,,Sur trottoir,Conducteur,0,M,16-17,Autre,Casque,Non déterminable,,1,01 - janvier,3 - jeudi,Paris 19e  Arrondissement
,201700057491,2017-01-12,75,7,75120,48.8781,2.40963,Place,Deux véhicules - par le coté,Nuit avec éclairage public allumé,Normale,Voie Communale,,2,Plat,Partie rectiligne,,100,mouillée,,Sur chaussée,Conducteur,1,M,23-24,,Casque,Non déterminable,1,1,01 - janvier,3 - jeudi,Paris 20e  Arrondissement
,201700001019,2017-01-11,49,16,49332,47.06231,-0.93817,Hors intersection,Autre,Plein jour,Normale,Voie Communale,,2,Pente,En courbe à droite,,,normale,,Sur accotement,Conducteur,2,M,65-66,Promenade - loisirs,Casque,Oui,,1,01 - janvier,2 - mercredi,Séguinière
,201700002366,2017-01-11,38,14,38562,45.08054,5.77415,Intersection en T,Deux véhicules - par le coté,Plein jour,Normale,Route Départementale,,2,Pente,,7,625,normale,,,Conducteur,2,M,37-38,Promenade - loisirs,Casque,Non,1,1,01 - janvier,2 - mercredi,Vizille
,201700004601,2017-01-11,66,8,66180,42.77005,2.98387,Hors intersection,Deux véhicules - par le coté,Plein jour,Normale,Voie Communale,,2,Plat,,,40,normale,,Sur chaussée,Conducteur,1,M,8-9,Domicile - école,Autre,Non,1,1,01 - janvier,2 - mercredi,Saint-Laurent-de-la-Salanque
,201700022325,2017-01-11,21,18,21231,47.32881,5.0676,Hors intersection,Autre,Nuit avec éclairage public allumé,Pluie légère,Voie Communale,,2,Plat,Partie rectiligne,,70,mouillée,,Sur chaussée,Conducteur,2,M,58-59,,Casque,Oui,1,1,01 - janvier,2 - mercredi,Dijon
,201700025593,2017-01-11,33,9,33063,44.8542,-0.60944,Intersection en Y,Deux véhicules - par le coté,Plein jour,Pluie légère,Voie Communale,,2,Plat,Partie rectiligne,,190,normale,,Sur chaussée,Conducteur,1,F,54-55,Autre,Casque,Oui,1,1,01 - janvier,2 - mercredi,Bordeaux
,201700027039,2017-01-11,37,14,37261,0,0,Intersection en X,Autre,Plein jour,Pluie légère,Voie Communale,,1,Plat,Partie rectiligne,,,mouillée,,Sur piste cyclable,Conducteur,1,F,25-26,Autre,Casque,Non,1,1,01 - janvier,2 - mercredi,Tours
,201700031155,2017-01-11,57,16,57463,49.13018,6.21085,Intersection en T,Deux véhicules - par le coté,Crépuscule ou aube,Pluie légère,Voie Communale,,2,Plat,En courbe à droite,,60,mouillée,,Sur chaussée,Conducteur,1,M,11-12,Promenade - loisirs,Autre,Non déterminable,1,1,01 - janvier,2 - mercredi,Metz
,201700032461,2017-01-11,16,9,16090,45.59645,-0.05442,Hors intersection,Deux véhicules - par l’arrière,Plein jour,Normale,Voie Communale,,2,Plat,Partie rectiligne,,54,normale,,Sur chaussée,Conducteur,2,M,85-86,Promenade - loisirs,Autre,Non,1,1,01 - janvier,2 - mercredi,Châteauneuf-sur-Charente
,201700035377,2017-01-11,73,15,73008,0,0,Passage à niveau,Deux véhicules - par le coté,Plein jour,Normale,Route Départementale,,,,,,,,Voie ferrée,Sur chaussée,Conducteur,3,M,14-15,,Casque,Non déterminable,1,1,01 - janvier,2 - mercredi,Aix-les-Bains
,201700050595,2017-01-11,69,8,69388,45.73015,4.87847,Intersection en X,Aucune,Plein jour,Normale,Voie Communale,,2,Plat,Partie rectiligne,,,normale,,Sur chaussée,Conducteur,1,M,29-30,Domicile - travail,Casque,Non,1,1,01 - janvier,2 - mercredi,Lyon 8e  Arrondissement
,201700053161,2017-01-11,75,18,75105,48.8461,2.34295,Intersection en X,Autre,Crépuscule ou aube,Normale,Voie Communale,,1,Plat,Partie rectiligne,,40,normale,,Sur piste cyclable,Conducteur,0,M,57-58,Utilisation professionnelle,Casque,Oui,,1,01 - janvier,2 - mercredi,Paris 5e  Arrondissement
,201700053162,2017-01-11,75,22,75105,48.8494,2.35611,Intersection en T,Deux véhicules - par le coté,Nuit avec éclairage public allumé,Normale,Voie Communale,,2,Plat,En courbe à gauche,,47,normale,,Sur piste cyclable,Conducteur,1,F,30-31,Promenade - loisirs,Casque,Non déterminable,1,1,01 - janvier,2 - mercredi,Paris 5e  Arrondissement
,201700053163,2017-01-11,75,22,75105,48.838,2.35582,Intersection en X,Deux véhicules - par le coté,Nuit avec éclairage public allumé,Normale,Voie Communale,,4,Plat,Partie rectiligne,,,normale,,Sur chaussée,Conducteur,1,F,59-60,Promenade - loisirs,Casque,Non déterminable,1,1,01 - janvier,2 - mercredi,Paris 5e  Arrondissement
,201700002877,2017-01-10,57,16,57039,49.05354,6.11787,Intersection en T,Deux véhicules - par le coté,Plein jour,Pluie légère,Route Départementale,,2,Plat,,,80,mouillée,,Sur chaussée,Conducteur,2,M,78-79,Promenade - loisirs,Casque,Oui,1,,01 - janvier,1 - mardi,Augny
,201700008864,2017-01-10,13,22,13055,43.30041,5.37448,Hors intersection,Autre,Nuit avec éclairage public allumé,Normale,Voie Communale,,3,Pente,Partie rectiligne,,150,normale,,Sur chaussée,Conducteur,2,M,53-54,,Autre,Non déterminable,1,1,01 - janvier,1 - mardi,Marseille
,201700028832,2017-01-10,45,8,45234,0,0,Hors intersection,Aucune,Plein jour,Normale,Voie Communale,,2,Plat,Partie rectiligne,,,normale,,Sur chaussée,Conducteur,1,F,42-43,Domicile - travail,Autre,Oui,,1,01 - janvier,1 - mardi,Orléans
,201700029142,2017-01-10,49,8,49007,47.4747,-0.52913,Hors intersection,Deux véhicules - par le coté,Nuit avec éclairage public allumé,Pluie légère,Voie Communale,,2,Plat,Partie rectiligne,,115,mouillée,,Sur chaussée,Conducteur,1,M,61-62,,Casque,Oui,1,1,01 - janvier,1 - mardi,Angers
,201700030285,2017-01-10,54,7,54339,48.70565,6.19852,Intersection en X,Deux véhicules - par le coté,Nuit avec éclairage public allumé,Pluie légère,Voie Communale,,2,Plat,Partie rectiligne,,,mouillée,,Sur chaussée,Conducteur,1,F,22-23,Promenade - loisirs,Autre,Non déterminable,1,1,01 - janvier,1 - mardi,Malzéville
,201700031383,2017-01-10,58,17,58194,46.98,3.15,Hors intersection,Autre,Crépuscule ou aube,Normale,Voie Communale,,1,Plat,Partie rectiligne,,60,normale,,,Conducteur,1,M,54-55,Domicile - travail,Autre,Non,1,1,01 - janvier,1 - mardi,Nevers
,201700037362,2017-01-10,83,9,83126,0,0,Hors intersection,Deux véhicules - par le coté,Plein jour,Normale,Route Départementale,,,Plat,En courbe à gauche,160,88,normale,,Sur chaussée,Conducteur,2,M,83-84,Promenade - loisirs,Equipement réfléchissant,Non,1,1,01 - janvier,1 - mardi,Seyne-sur-Mer
,201700037363,2017-01-10,83,18,83126,0,0,Autre intersection,Deux véhicules - par le coté,Nuit avec éclairage public allumé,Pluie forte,Route Départementale,,4,Plat,Partie rectiligne,,75,mouillée,,Sur chaussée,Conducteur,2,M,13-14,Domicile - école,Autre,Oui,1,1,01 - janvier,1 - mardi,Seyne-sur-Mer
,201700040442,2017-01-10,92,11,92048,0,0,Hors intersection,Autre,Plein jour,Pluie légère,Autre,,2,Plat,Partie rectiligne,,30,normale,,Sur chaussée,Conducteur,1,M,71-72,Promenade - loisirs,Casque,Oui,,,01 - janvier,1 - mardi,Meudon
,201700040468,2017-01-10,92,8,92049,0,0,Giratoire,Deux véhicules - par le coté,Crépuscule ou aube,Normale,Route Départementale,,2,Plat,Partie rectiligne,,,normale,,Sur chaussée,Conducteur,1,M,32-33,,Autre,Non déterminable,1,1,01 - janvier,1 - mardi,Montrouge
,201700060359,2017-01-10,974,17,97416,-21.00001,55.50001,Hors intersection,Autre,Plein jour,Normale,Voie Communale,,1,Pente,,40,31,,,Sur chaussée,Conducteur,2,M,15-16,,Autre,Oui,,,01 - janvier,1 - mardi,Saint-Pierre
,201700008394,2017-01-09,30,13,30036,43.78041,4.29298,Hors intersection,Deux véhicules - par l’arrière,Plein jour,Normale,Route Nationale,,2,Plat,En courbe à gauche,,70,normale,,Sur chaussée,Conducteur,2,F,20-21,Promenade - loisirs,Casque,Non,1,,01 - janvier,0 - lundi,Bernis
,201700028278,2017-01-09,44,20,44143,47.17628,-1.56419,Intersection en X,Autre,Nuit avec éclairage public allumé,Pluie légère,Voie Communale,,,,,,,mouillée,,,Conducteur,1,M,33-34,,Casque,Oui,1,1,01 - janvier,0 - lundi,Rezé
,201700031716,2017-01-09,59,18,59350,50.63296,3.06476,Hors intersection,Deux véhicules - par le coté,Crépuscule ou aube,Temps couvert,Voie Communale,,,,,,,,,Sur piste cyclable,Conducteur,1,M,25-26,,Casque,Oui,1,,01 - janvier,0 - lundi,Lille
,201700032023,2017-01-09,59,14,59152,50.76725,3.03045,Giratoire,Deux véhicules - par le coté,Plein jour,Normale,Voie Communale,,2,Plat,Partie rectiligne,,,,Carrefour aménagé,Sur chaussée,Conducteur,2,M,66-67,,Casque,Oui,1,,01 - janvier,0 - lundi,Comines
,201700033073,2017-01-09,64,11,64445,43.31128,-0.36348,Hors intersection,Deux véhicules - par le coté,Plein jour,Normale,Voie Communale,,2,Plat,Partie rectiligne,,61,normale,,Sur chaussée,Conducteur,1,F,44-45,Autre,Casque,Non,1,1,01 - janvier,0 - lundi,Pau
,201700053304,2017-01-09,75,18,75106,48.85,2.32713,Intersection à plus de 4 branches,Autre,Nuit avec éclairage public allumé,Pluie légère,Voie Communale,,2,Plat,Partie rectiligne,,60,normale,,Sur chaussée,Conducteur,0,M,38-39,Domicile - travail,Casque,Oui,,1,01 - janvier,0 - lundi,Paris 6e  Arrondissement
,201700054141,2017-01-09,75,8,75110,48.87,2.37099,Intersection en X,Autre,Plein jour,Pluie légère,Voie Communale,,2,Plat,,,,mouillée,,Sur chaussée,Conducteur,1,F,41-42,,Casque,Non déterminable,1,1,01 - janvier,0 - lundi,Paris 10e  Arrondissement
,201700054142,2017-01-09,75,10,75110,48.88,2.36707,Intersection en T,Autre,Plein jour,Pluie légère,Voie Communale,,2,Plat,,,,mouillée,Carrefour aménagé,Sur chaussée,Conducteur,1,F,36-37,Domicile - travail,Casque,Non déterminable,1,1,01 - janvier,0 - lundi,Paris 10e  Arrondissement
,201700006058,2017-01-08,6,11,6088,0,0,Hors intersection,Deux véhicules - par le coté,Plein jour,Normale,Voie Communale,,2,,,,,,,Sur chaussée,Conducteur,1,M,54-55,Utilisation professionnelle,Casque,Oui,1,,01 - janvier,6 - dimanche,Nice
,201700025527,2017-01-08,33,18,33009,44.64445,-1.19555,Intersection en T,Deux véhicules - par le coté,Nuit avec éclairage public allumé,Normale,Route Départementale,,2,Plat,Partie rectiligne,,84,normale,,,Conducteur,2,M,32-33,Promenade - loisirs,Autre,Oui,1,1,01 - janvier,6 - dimanche,Arcachon
,201700032113,2017-01-08,59,1,59606,0,0,Intersection en X,Deux véhicules - par le coté,Nuit avec éclairage public allumé,Brouillard - fumée,Voie Communale,,2,Pente,Partie rectiligne,,,normale,,Sur chaussée,Conducteur,1,F,33-34,Domicile - travail,Equipement réfléchissant,Oui,1,1,01 - janvier,6 - dimanche,Valenciennes
,201700008850,2017-01-07,13,16,13055,43.26767,5.37197,Intersection en T,Deux véhicules - par le coté,Plein jour,Normale,Voie Communale,,1,Plat,Partie rectiligne,,30,normale,,Sur chaussée,Conducteur,1,F,26-27,Promenade - loisirs,Autre,Non déterminable,1,1,01 - janvier,5 - samedi,Marseille
,201700049909,2017-01-07,69,10,69034,45.78346,4.83297,Intersection en T,Deux véhicules - par le coté,Plein jour,Normale,Voie Communale,,1,Pente,En courbe à gauche,,52,normale,,Sur chaussée,Conducteur,2,F,67-68,Promenade - loisirs,Casque,Oui,1,1,01 - janvier,5 - samedi,Caluire-et-Cuire
,201700002832,2017-01-06,3,14,3101,0,0,Hors intersection,Autre,Plein jour,Normale,Route Départementale,,2,Sommet de côte,Partie rectiligne,,70,normale,,Sur chaussée,Conducteur,2,M,66-67,Promenade - loisirs,Casque,Oui,1,,01 - janvier,4 - vendredi,Domérat
,201700017293,2017-01-06,68,8,68374,48.06839,7.30974,Intersection en X,Deux véhicules - par le coté,Plein jour,Normale,Route Départementale,,3,Plat,Partie rectiligne,,100,normale,,Sur chaussée,Conducteur,2,F,71-72,Promenade - loisirs,Casque,Non,1,1,01 - janvier,4 - vendredi,Wintzenheim
,201700028699,2017-01-06,45,13,45302,47.95184,1.8915,Intersection en T,Deux véhicules - frontale,Plein jour,Normale,Route Départementale,,4,Plat,Partie rectiligne,,70,normale,,Sur chaussée,Conducteur,1,M,28-29,Promenade - loisirs,Equipement réfléchissant,Oui,1,1,01 - janvier,4 - vendredi,Saran
,201700029068,2017-01-06,47,10,47001,44.1947,0.62348,Intersection en T,Deux véhicules - par le coté,Plein jour,Temps éblouissant,Voie Communale,,2,Plat,Partie rectiligne,,,normale,,Sur chaussée,Conducteur,1,F,42-43,Domicile - travail,Casque,Non,1,1,01 - janvier,4 - vendredi,Agen
,201700050588,2017-01-06,69,9,69387,45.75193,4.83696,Intersection en X,Deux véhicules - par le coté,Plein jour,Normale,Voie Communale,,,Plat,Partie rectiligne,,,normale,,,Conducteur,1,M,20-21,,Autre,Non,1,1,01 - janvier,4 - vendredi,Lyon 7e  Arrondissement
,201700050591,2017-01-06,69,21,69387,45.75477,4.84452,Hors intersection,Deux véhicules - frontale,Nuit avec éclairage public allumé,Normale,Voie Communale,,,Plat,Partie rectiligne,,,normale,,Sur chaussée,Conducteur,1,M,23-24,Utilisation professionnelle,Casque,Oui,1,1,01 - janvier,4 - vendredi,Lyon 7e  Arrondissement
,201700052705,2017-01-06,75,8,75101,48.8614,2.34595,Hors intersection,Aucune,Plein jour,Autre,Voie Communale,,1,Plat,Partie rectiligne,,70,verglacée,,Sur chaussée,Conducteur,1,M,41-42,Domicile - travail,Casque,Non déterminable,,1,01 - janvier,4 - vendredi,Paris 1er Arrondissement
,201700002335,2017-01-05,2,15,2212,49.63776,3.2699,Hors intersection,Deux véhicules - par le coté,Plein jour,Temps éblouissant,Voie Communale,,2,Plat,,10,72,mouillée,,Sur chaussée,Conducteur,3,M,69-70,Promenade - loisirs,Autre,Non déterminable,1,,01 - janvier,3 - jeudi,Condren
,201700014076,2017-01-05,60,6,60103,49.40861,2.25058,Intersection en T,Deux véhicules - par le coté,Nuit avec éclairage public allumé,Normale,Voie Communale,Avec voies d’affectation variable,,,,,,,,,Conducteur,2,M,73-74,Promenade - loisirs,Equipement réfléchissant,Oui,1,1,01 - janvier,3 - jeudi,Bresles
,201700021617,2017-01-05,62,21,62770,50.621,2.51919,Hors intersection,Deux véhicules - par l’arrière,Nuit avec éclairage public allumé,Autre,Route Départementale,,2,Plat,Partie rectiligne,,,mouillée,,Sur chaussée,Conducteur,2,M,45-46,Promenade - loisirs,Autre,Non,1,1,01 - janvier,3 - jeudi,Saint-Venant
,201700026094,2017-01-05,34,18,34172,43.6076,3.86982,Hors intersection,Deux véhicules - par le coté,Nuit avec éclairage public allumé,Normale,Voie Communale,,2,Plat,Partie rectiligne,,60,normale,,Sur chaussée,Conducteur,1,M,38-39,Promenade - loisirs,Casque,Non,1,1,01 - janvier,3 - jeudi,Montpellier
,201700026094,2017-01-05,34,18,34172,43.6076,3.86982,Hors intersection,Deux véhicules - par le coté,Nuit avec éclairage public allumé,Normale,Voie Communale,,2,Plat,Partie rectiligne,,60,normale,,Sur chaussée,Passager,1,M,5-6,Promenade - loisirs,Casque,Oui,1,1,01 - janvier,3 - jeudi,Montpellier
,201700027032,2017-01-05,37,6,37214,47.40002,0.67666,Hors intersection,Deux véhicules - par l’arrière,Nuit avec éclairage public allumé,Normale,Voie Communale,,3,Plat,Partie rectiligne,,,mouillée,Pont - autopont,Sur chaussée,Conducteur,1,F,29-30,Domicile - travail,Autre,Non déterminable,1,1,01 - janvier,3 - jeudi,Saint-Cyr-sur-Loire
,201700029794,2017-01-05,50,17,50218,0,0,Giratoire,Deux véhicules - par le coté,Crépuscule ou aube,Normale,Route Départementale,,2,Plat,Partie rectiligne,,40,normale,,Sur chaussée,Conducteur,2,M,16-17,Domicile - école,Casque,Non,1,1,01 - janvier,3 - jeudi,Granville
,201700035789,2017-01-05,76,13,76351,49.49162,0.09697,Intersection en T,Deux véhicules - par le coté,Plein jour,Normale,Voie Communale,,2,Plat,Partie rectiligne,,,normale,,,Conducteur,1,F,65-66,,Autre,Oui,1,1,01 - janvier,3 - jeudi,Havre
,201700046166,2017-01-05,2A,10,2A004,41.93169,8.73997,Hors intersection,Deux véhicules - par le coté,Plein jour,Normale,Voie Communale,,4,Plat,Partie rectiligne,,,normale,,Sur chaussée,Conducteur,1,M,32-33,,Autre,Non déterminable,1,1,01 - janvier,3 - jeudi,Ajaccio
,201700050584,2017-01-05,69,16,69259,45.69731,4.89038,Hors intersection,Deux véhicules - par le coté,Plein jour,Pluie légère,Voie Communale,,,Plat,En courbe à gauche,,,mouillée,Carrefour aménagé,Sur chaussée,Conducteur,1,M,45-46,,Casque,Non,1,,01 - janvier,3 - jeudi,Vénissieux
,201700050597,2017-01-05,69,19,69387,45.74531,4.84618,Hors intersection,Autre,Nuit avec éclairage public allumé,Normale,Voie Communale,,1,Plat,Partie rectiligne,,,normale,,Sur chaussée,Conducteur,1,M,23-24,Utilisation professionnelle,Casque,Non,1,1,01 - janvier,3 - jeudi,Lyon 7e  Arrondissement