test,identifiantAccident,date,departement,heure,commune,lat,lon,typeIntersection,typeCollision,luminosite,conditionsAtmosperiques,typeRoute,circulation,nbVoies,profilLongRoute,tracePlanRoute,largeurTPC,largeurRoute,etatSurface,amenagement,situation,categorieUsager,graviteAccident,sexe,age,motifDeplacement,existenceSecurite,usageSecurite,nombreAutresVehicules,enAgglomeration,mois,jour,NCCENR
,201700053439,2017-01-05,75,11,75107,48.8556,2.32525,Hors intersection,Aucune,Plein jour,Normale,Voie Communale,,,Plat,Partie rectiligne,,,normale,,Sur chaussée,Conducteur,1,M,37-38,,Casque,Non déterminable,,1,01 - janvier,3 - jeudi,Paris 7e  Arrondissement
,201700054139,2017-01-05,75,18,75110,48.8778,2.36159,Intersection en T,Deux véhicules - par le coté,Nuit avec éclairage public allumé,Normale,Voie Communale,,4,Plat,Partie rectiligne,,,mouillée,,Sur chaussée,Conducteur,1,M,34-35,Domicile - travail,Casque,Non déterminable,1,1,01 - janvier,3 - jeudi,Paris 10e  Arrondissement
,201700054603,2017-01-05,75,9,75112,48.8479,2.39779,Hors intersection,Deux véhicules - frontale,Plein jour,Normale,Voie Communale,,3,Plat,Partie rectiligne,,60,normale,,Sur chaussée,Conducteur,1,M,48-49,Autre,Casque,Non déterminable,1,1,01 - janvier,3 - jeudi,Paris 12e  Arrondissement
,201700056838,2017-01-05,75,23,75118,48.8826,2.3419,Intersection en X,Deux véhicules - par le coté,Nuit avec éclairage public allumé,Normale,Voie Communale,,,,,,,,,,Conducteur,1,M,33-34,,Casque,Non déterminable,1,1,01 - janvier,3 - jeudi,Paris 18e  Arrondissement
,201700060361,2017-01-05,974,18,97416,-21.28621,55.45551,Hors intersection,Deux véhicules - par l’arrière,Plein jour,Normale,Route Départementale,,,Plat,Partie rectiligne,,,,,Sur chaussée,Conducteur,1,M,14-15,Promenade - loisirs,Casque,Oui,1,,01 - janvier,3 - jeudi,Saint-Pierre
,201700000573,2017-01-04,22,14,22171,48.42266,-2.82042,Hors intersection,Trois véhicules et plus - en chaîne,Plein jour,Normale,Voie Communale,,2,Plat,Partie rectiligne,,50,normale,,Sur chaussée,Conducteur,2,M,64-65,Promenade - loisirs,Casque,Oui,2,,01 - janvier,2 - mercredi,Plaintel
,201700000573,2017-01-04,22,14,22171,48.42266,-2.82042,Hors intersection,Trois véhicules et plus - en chaîne,Plein jour,Normale,Voie Communale,,2,Plat,Partie rectiligne,,50,normale,,Sur chaussée,Conducteur,1,M,68-69,Promenade - loisirs,Casque,Oui,2,,01 - janvier,2 - mercredi,Plaintel
,201700000573,2017-01-04,22,14,22171,48.42266,-2.82042,Hors intersection,Trois véhicules et plus - en chaîne,Plein jour,Normale,Voie Communale,,2,Plat,Partie rectiligne,,50,normale,,Sur chaussée,Conducteur,2,M,70-71,Promenade - loisirs,Casque,Oui,2,,01 - janvier,2 - mercredi,Plaintel
,201700000573,2017-01-04,22,14,22171,48.42266,-2.82042,Hors intersection,Trois véhicules et plus - en chaîne,Plein jour,Normale,Voie Communale,,2,Plat,Partie rectiligne,,50,normale,,Sur chaussée,Conducteur,0,M,77-78,Promenade - loisirs,Casque,Oui,2,,01 - janvier,2 - mercredi,Plaintel
,201700000573,2017-01-04,22,14,22171,48.42266,-2.82042,Hors intersection,Trois véhicules et plus - en chaîne,Plein jour,Normale,Voie Communale,,2,Plat,Partie rectiligne,,50,normale,,Sur chaussée,Conducteur,2,M,69-70,Promenade - loisirs,Casque,Oui,2,,01 - janvier,2 - mercredi,Plaintel
,201700000797,2017-01-04,14,16,14127,0,0,Hors intersection,Trois véhicules et plus - collisions multiples,Plein jour,Normale,Route Départementale,,2,Bas de côte,En « S »,,48,normale,,Sur chaussée,Conducteur,2,M,51-52,Promenade - loisirs,Casque,Oui,2,,01 - janvier,2 - mercredi,Campagnolles
,201700002428,2017-01-04,44,10,44035,47.27634,-1.54796,Giratoire,Deux véhicules - par le coté,Plein jour,Normale,Route Départementale,,2,Sommet de côte,Partie rectiligne,,10,normale,Carrefour aménagé,Sur chaussée,Conducteur,1,M,52-53,Utilisation professionnelle,Casque,Oui,1,,01 - janvier,2 - mercredi,Chapelle-sur-Erdre
,201700006601,2017-01-04,33,13,33005,44.73973,-1.094,Intersection en X,Autre,Plein jour,Brouillard - fumée,Route Départementale,,2,Plat,,6,510,normale,Carrefour aménagé,,Conducteur,1,M,14-15,Promenade - loisirs,Casque,Non,1,1,01 - janvier,2 - mercredi,Andernos-les-Bains
,201700011626,2017-01-04,52,14,52058,48.19164,5.12436,Hors intersection,Deux véhicules - par le coté,Plein jour,Pluie forte,Route Départementale,,2,Plat,Partie rectiligne,,,mouillée,,Sur chaussée,Conducteur,2,M,59-60,Courses - achats,Casque,Non,1,,01 - janvier,2 - mercredi,Bologne
,201700019439,2017-01-04,80,14,80630,49.77696,1.98061,Hors intersection,Deux véhicules - par l’arrière,Plein jour,Pluie légère,Route Départementale,,2,Plat,Partie rectiligne,,,mouillée,,Sur chaussée,Conducteur,2,F,40-41,Promenade - loisirs,Casque,Oui,1,1,01 - janvier,2 - mercredi,Poix-de-Picardie
,201700021040,2017-01-04,17,8,17299,45.94776,-0.97633,Hors intersection,Aucune,Plein jour,Normale,Voie Communale,,2,Plat,Partie rectiligne,,60,verglacée,,Sur piste cyclable,Conducteur,1,F,52-53,Domicile - travail,Equipement réfléchissant,Oui,,1,01 - janvier,2 - mercredi,Rochefort
,201700021074,2017-01-04,17,12,17300,46.1591,-1.18278,Intersection en X,Autre,Plein jour,Normale,Voie Communale,,2,Plat,Partie rectiligne,,58,normale,,Sur chaussée,Conducteur,1,M,5-6,Promenade - loisirs,Casque,Non,1,1,01 - janvier,2 - mercredi,Rochelle
,201700021455,2017-01-04,17,13,17415,45.74313,-0.64001,Intersection en X,Deux véhicules - frontale,Plein jour,Normale,Voie Communale,,2,Pente,Partie rectiligne,,120,normale,Carrefour aménagé,Sur chaussée,Conducteur,1,M,16-17,Promenade - loisirs,Casque,Oui,1,1,01 - janvier,2 - mercredi,Saintes
,201700028054,2017-01-04,42,21,42218,45.43483,4.38263,Intersection en X,Deux véhicules - par le coté,Nuit avec éclairage public allumé,Normale,Voie Communale,,1,Pente,Partie rectiligne,,,normale,,Sur chaussée,Conducteur,1,M,51-52,,Equipement réfléchissant,Oui,1,1,01 - janvier,2 - mercredi,Saint-Étienne
,201700030284,2017-01-04,54,,54395,48.69027,6.1728,Hors intersection,Deux véhicules - par le coté,Nuit avec éclairage public allumé,Pluie légère,Voie Communale,,2,Plat,Partie rectiligne,,,mouillée,,Sur chaussée,Conducteur,2,M,31-32,Promenade - loisirs,Autre,Non déterminable,1,1,01 - janvier,2 - mercredi,Nancy
,201700036856,2017-01-04,79,12,79191,46.32229,-0.47477,Intersection en T,Aucune,Plein jour,Normale,Voie Communale,,2,Plat,Partie rectiligne,,73,normale,,Sur chaussée,Conducteur,0,F,31-32,Courses - achats,Equipement réfléchissant,Non,1,1,01 - janvier,2 - mercredi,Niort
,201700036856,2017-01-04,79,12,79191,46.32229,-0.47477,Intersection en T,Aucune,Plein jour,Normale,Voie Communale,,2,Plat,Partie rectiligne,,73,normale,,Sur chaussée,Passager,1,F,3-4,Courses - achats,Dispositif enfants,Oui,1,1,01 - janvier,2 - mercredi,Niort
,201700049908,2017-01-04,69,12,69081,45.79425,4.77074,Intersection en X,Deux véhicules - frontale,Plein jour,Normale,Voie Communale,,2,Plat,Partie rectiligne,,,normale,,,Conducteur,2,M,74-75,Promenade - loisirs,Casque,Non déterminable,1,,01 - janvier,2 - mercredi,Écully
,201700054138,2017-01-04,75,10,75110,48.8712,2.37008,Intersection en X,Autre,Plein jour,Temps couvert,Voie Communale,,2,Plat,Partie rectiligne,,,normale,,Sur chaussée,Conducteur,1,M,20-21,Domicile - école,Casque,Non déterminable,,1,01 - janvier,2 - mercredi,Paris 10e  Arrondissement
,201700054327,2017-01-04,75,19,75111,48.8547,2.38535,Intersection en X,Deux véhicules - par le coté,Nuit avec éclairage public allumé,Pluie légère,Voie Communale,,2,Plat,Partie rectiligne,,100,mouillée,,Sur chaussée,Conducteur,1,M,21-22,Utilisation professionnelle,Casque,Non déterminable,1,1,01 - janvier,2 - mercredi,Paris 11e  Arrondissement
,201700006970,2017-01-03,8,17,8105,49.78424,4.71024,Intersection en T,Deux véhicules - par le coté,Nuit sans éclairage public,Pluie légère,Voie Communale,,,,,,,mouillée,,Sur chaussée,Conducteur,2,M,29-30,,Casque,Oui,1,1,01 - janvier,1 - mardi,Charleville-Mézières
,201700008833,2017-01-03,13,9,13055,43.23487,5.43798,Hors intersection,Deux véhicules - par le coté,Plein jour,Normale,Route Départementale,,2,Pente,Partie rectiligne,,60,normale,,Sur chaussée,Conducteur,1,M,63-64,Promenade - loisirs,Casque,Oui,1,1,01 - janvier,1 - mardi,Marseille
,201700023590,2017-01-03,29,9,29019,48.40474,-4.47713,Intersection en X,Deux véhicules - frontale,Plein jour,Normale,Voie Communale,,,,,,,,,,Conducteur,1,M,49-50,Domicile - travail,Casque,Non,1,1,01 - janvier,1 - mardi,Brest
,201700028208,2017-01-03,44,8,44055,47.27284,-2.34321,Intersection en T,Deux véhicules - par le coté,Plein jour,Normale,Voie Communale,,,Pente,En courbe à gauche,,,normale,,Sur chaussée,Conducteur,1,M,50-51,Domicile - travail,Casque,Non,1,,01 - janvier,1 - mardi,Baule-Escoublac
,201700029901,2017-01-03,51,17,51454,49.24306,4.04394,Intersection en X,Deux véhicules - par le coté,Crépuscule ou aube,Temps couvert,Voie Communale,,2,Plat,Partie rectiligne,,94,normale,,Sur chaussée,Conducteur,1,M,39-40,,Casque,Non,1,1,01 - janvier,1 - mardi,Reims
,201700045444,2017-01-03,94,9,94078,0,0,Intersection à plus de 4 branches,Deux véhicules - par le coté,Plein jour,Normale,Route Départementale,,2,Plat,Partie rectiligne,,80,mouillée,,Sur chaussée,Conducteur,2,M,29-30,,Autre,Non,1,1,01 - janvier,1 - mardi,Villeneuve-Saint-Georges
,201700053972,2017-01-03,75,16,75109,48.8762,2.33536,Intersection en X,Deux véhicules - par le coté,Plein jour,Normale,Voie Communale,,2,Plat,Partie rectiligne,,120,normale,,Sur chaussée,Conducteur,1,F,28-29,,Casque,Non déterminable,1,1,01 - janvier,1 - mardi,Paris 9e  Arrondissement
,201700057484,2017-01-03,75,8,75120,48.847,2.41503,Intersection en Y,Deux véhicules - par le coté,Plein jour,Normale,Voie Communale,,5,Plat,En courbe à gauche,,,,,,Conducteur,1,M,41-42,Domicile - travail,Casque,Non déterminable,1,1,01 - janvier,1 - mardi,Paris 20e  Arrondissement
,201700059092,2017-01-03,976,16,97603,0,0,Hors intersection,Deux véhicules - par l’arrière,Plein jour,Normale,Route Nationale,,2,Plat,Partie rectiligne,,60,normale,,Sur chaussée,Conducteur,1,M,27-28,,Casque,Oui,1,,01 - janvier,1 - mardi,Bandrele
,201700059813,2017-01-03,973,10,97302,0,0,Hors intersection,Deux véhicules - par le coté,Plein jour,Normale,Voie Communale,,2,Plat,Partie rectiligne,,60,normale,,Sur chaussée,Conducteur,2,M,49-50,,Casque,Non,1,1,01 - janvier,1 - mardi,Cayenne
,201700059814,2017-01-03,973,13,97302,0,0,Hors intersection,Deux véhicules - par le coté,Plein jour,Pluie forte,Voie Communale,,2,Plat,,,70,mouillée,,Sur chaussée,Conducteur,2,M,13-14,,Casque,Non,1,1,01 - janvier,1 - mardi,Cayenne
,201700060202,2017-01-03,974,18,97407,-20.93337,55.29241,Hors intersection,Deux véhicules - par l’arrière,Plein jour,Normale,Parc de stationnement ouvert à la circulation publique,,1,Plat,Partie rectiligne,,40,normale,,,Conducteur,1,F,23-24,,Casque,Non déterminable,1,1,01 - janvier,1 - mardi,Port
,201700016352,2017-01-02,31,9,31451,43.44756,1.99667,Intersection en T,Deux véhicules - par le coté,Plein jour,Brouillard - fumée,Voie Communale,,1,,Partie rectiligne,,,mouillée,,Sur chaussée,Conducteur,1,M,16-17,Domicile - travail,Autre,Non,1,1,01 - janvier,0 - lundi,Revel
,201700031705,2017-01-02,59,19,59350,50.64105,3.06788,Hors intersection,Autre,Nuit avec éclairage public allumé,Normale,Voie Communale,,1,Pente,Partie rectiligne,10,30,mouillée,,Sur chaussée,Conducteur,0,M,43-44,Promenade - loisirs,Autre,Non déterminable,,1,01 - janvier,0 - lundi,Lille
,201700033972,2017-01-02,67,18,67482,48.57779,7.7507,Intersection en T,Deux véhicules - par le coté,Nuit avec éclairage public allumé,Normale,Voie Communale,,1,Plat,Partie rectiligne,,88,mouillée,,Sur chaussée,Conducteur,1,M,83-84,,Equipement réfléchissant,Non déterminable,1,1,01 - janvier,0 - lundi,Strasbourg
,201700045421,2017-01-02,94,6,94077,0,0,Autre intersection,Autre,Nuit avec éclairage public allumé,Autre,Route Départementale,,3,Plat,,,120,verglacée,,Sur chaussée,Conducteur,1,M,90-91,Autre,Casque,Non,1,1,01 - janvier,0 - lundi,Villeneuve-le-Roi
,201700049896,2017-01-02,69,13,69381,45.77052,4.83781,Intersection en T,Deux véhicules - par le coté,Plein jour,Normale,Voie Communale,,1,,,,,,,Sur chaussée,Conducteur,1,M,22-23,Utilisation professionnelle,Casque,Non déterminable,1,1,01 - janvier,0 - lundi,Lyon 1er Arrondissement
,201700001698,2017-01-01,9,14,9235,43.02968,1.02613,Hors intersection,Deux véhicules - par le coté,Plein jour,Normale,Voie Communale,,,Plat,Partie rectiligne,,45,normale,,Sur chaussée,Conducteur,3,M,87-88,Promenade - loisirs,Casque,Non,1,1,01 - janvier,6 - dimanche,Prat-Bonrepaux
,201700015827,2017-01-01,84,11,84123,0,0,Hors intersection,Deux véhicules - par le coté,Plein jour,Normale,Route Départementale,,,Pente,En « S »,,52,normale,,Sur chaussée,Conducteur,2,M,55-56,Promenade - loisirs,Casque,Oui,1,,01 - janvier,6 - dimanche,Sault
,201700027118,2017-01-01,37,21,37261,47.41435,0.68544,Intersection en T,Autre,Nuit avec éclairage public allumé,Pluie légère,Voie Communale,,2,Plat,Partie rectiligne,,,normale,,Sur chaussée,Conducteur,1,F,19-20,Promenade - loisirs,Autre,Non déterminable,,1,01 - janvier,6 - dimanche,Tours
,201700050579,2017-01-01,69,2,69386,45.76932,4.85037,Intersection en X,Deux véhicules - par le coté,Nuit avec éclairage public allumé,Normale,Voie Communale,,3,Plat,Partie rectiligne,,,normale,Carrefour aménagé,Sur chaussée,Conducteur,2,M,19-20,Promenade - loisirs,Autre,Non déterminable,1,1,01 - janvier,6 - dimanche,Lyon 6e  Arrondissement
,201700050581,2017-01-01,69,21,69387,45.7539,4.83854,Hors intersection,Deux véhicules - par le coté,Nuit avec éclairage public allumé,Normale,Voie Communale,,4,Plat,Partie rectiligne,,,normale,,Sur chaussée,Conducteur,1,M,30-31,Promenade - loisirs,Casque,Non,1,1,01 - janvier,6 - dimanche,Lyon 7e  Arrondissement
,201600022271,2016-12-31,30,16,30243,44.08123,4.07082,Intersection en X,Deux véhicules - par le coté,Plein jour,Normale,Route Départementale,,2,Plat,Partie rectiligne,,70,,,Sur chaussée,Conducteur,1,M,14-15,,Equipement réfléchissant,Oui,1,1,12 - décembre,5 - samedi,Saint-Christol-lès-Alès
,201600049633,2016-12-31,69,3,69383,45.76362,4.85491,Hors intersection,Deux véhicules - par le coté,Nuit avec éclairage public allumé,Normale,Voie Communale,,3,Plat,Partie rectiligne,,,normale,,Sur chaussée,Conducteur,2,M,22-23,Promenade - loisirs,Casque,Oui,1,1,12 - décembre,5 - samedi,Lyon 3e  Arrondissement
,201600011379,2016-12-30,6,12,6088,43.71099,7.24565,Hors intersection,Deux véhicules - par le coté,Plein jour,Normale,Voie Communale,,2,Pente,En courbe à droite,,64,,,Sur chaussée,Conducteur,2,M,32-33,Promenade - loisirs,Casque,Oui,1,1,12 - décembre,4 - vendredi,Nice
,201600023570,2016-12-30,33,15,33075,44.87602,-0.59079,Hors intersection,Deux véhicules - par l’arrière,Plein jour,Normale,Voie Communale,,2,Plat,Partie rectiligne,,,normale,,Sur chaussée,Conducteur,1,M,18-19,,Casque,Non déterminable,1,1,12 - décembre,4 - vendredi,Bruges
,201600024959,2016-12-30,35,18,35238,48.10859,-1.68197,Intersection en X,Deux véhicules - par le coté,Nuit avec éclairage public allumé,Normale,Voie Communale,,1,Plat,Partie rectiligne,,,autre,,Sur chaussée,Conducteur,1,M,27-28,Promenade - loisirs,Casque,Non,1,1,12 - décembre,4 - vendredi,Rennes
,201600035909,2016-12-30,87,17,87085,45.8247,1.23459,Intersection en T,Deux véhicules - par le coté,Crépuscule ou aube,Normale,Voie Communale,,2,Plat,Partie rectiligne,,60,normale,,Sur chaussée,Conducteur,1,M,23-24,Domicile - travail,Casque,Oui,1,1,12 - décembre,4 - vendredi,Limoges
,201600048782,2016-12-30,69,21,69034,0,0,Hors intersection,Autre,Nuit avec éclairage public non allumé,Normale,Voie Communale,,1,Plat,Partie rectiligne,,,normale,,Sur chaussée,Conducteur,0,M,18-19,,Casque,Oui,,1,12 - décembre,4 - vendredi,Caluire-et-Cuire
,201600019993,2016-12-29,17,11,17300,46.16459,-1.18119,Hors intersection,Deux véhicules - par le coté,Plein jour,Normale,Voie Communale,,2,Pente,Partie rectiligne,,59,normale,,Sur chaussée,Conducteur,1,F,51-52,Promenade - loisirs,Casque,Oui,1,1,12 - décembre,3 - jeudi,Rochelle
,201600031254,2016-12-29,63,18,63113,45.76271,3.09959,Hors intersection,Autre,Nuit avec éclairage public allumé,Normale,Voie Communale,,2,Plat,Partie rectiligne,,,normale,,Sur chaussée,Conducteur,1,M,32-33,Domicile - travail,Casque,Non,1,1,12 - décembre,3 - jeudi,Clermont-Ferrand
,201600054779,2016-12-29,75,14,75115,48.8385,2.29359,Hors intersection,Deux véhicules - par l’arrière,Plein jour,Normale,Voie Communale,,2,Plat,Partie rectiligne,,100,normale,,Sur accotement,Conducteur,1,M,58-59,Promenade - loisirs,Casque,Non,1,1,12 - décembre,3 - jeudi,Paris 15e  Arrondissement
,201600003343,2016-12-28,17,17,17339,45.47117,-0.43488,Hors intersection,Deux véhicules - par l’arrière,Plein jour,Normale,Route Départementale,,2,Pente,Partie rectiligne,,56,normale,,Sur chaussée,Conducteur,2,M,53-54,Promenade - loisirs,Casque,Non,1,,12 - décembre,2 - mercredi,Saint-Germain-de-Lusignan
,201600005941,2016-12-28,43,14,43230,45.1327,3.91927,Hors intersection,Trois véhicules et plus - collisions multiples,Plein jour,Normale,Route Départementale,,2,Plat,Partie rectiligne,,60,normale,,Sur chaussée,Conducteur,0,M,17-18,Promenade - loisirs,Casque,Oui,1,1,12 - décembre,2 - mercredi,Saint-Vincent
,201600005941,2016-12-28,43,14,43230,45.1327,3.91927,Hors intersection,Trois véhicules et plus - collisions multiples,Plein jour,Normale,Route Départementale,,2,Plat,Partie rectiligne,,60,normale,,Sur chaussée,Conducteur,2,M,9-10,Promenade - loisirs,Casque,Oui,1,1,12 - décembre,2 - mercredi,Saint-Vincent
,201600006848,2016-12-28,68,14,68154,47.77954,7.34562,Intersection en T,Deux véhicules - par le coté,Plein jour,Normale,Route Départementale,,2,Plat,En courbe à gauche,,90,normale,Carrefour aménagé,Sur piste cyclable,Conducteur,1,F,33-34,Utilisation professionnelle,Casque,Oui,1,1,12 - décembre,2 - mercredi,Illzach
,201600020846,2016-12-28,22,16,22215,48.48346,-2.7965,Hors intersection,Deux véhicules - par le coté,Plein jour,Normale,Route Départementale,,2,Plat,Partie rectiligne,,64,normale,,Sur chaussée,Conducteur,2,M,12-13,Promenade - loisirs,Casque,Non,1,,12 - décembre,2 - mercredi,Ploufragan
,201600026834,2016-12-28,44,23,44109,47.20731,-1.56497,Intersection en T,Autre,Nuit avec éclairage public allumé,Normale,Voie Communale,,,Plat,Partie rectiligne,,,normale,,Sur chaussée,Conducteur,2,M,38-39,,Casque,Oui,1,1,12 - décembre,2 - mercredi,Nantes
,201600049627,2016-12-28,69,1,69259,0,0,Hors intersection,Deux véhicules - par l’arrière,Nuit avec éclairage public allumé,Normale,Voie Communale,,2,Sommet de côte,Partie rectiligne,,120,normale,Pont - autopont,,Conducteur,3,M,51-52,,Casque,Non déterminable,1,1,12 - décembre,2 - mercredi,Vénissieux
,201600057912,2016-12-28,974,14,97424,0,0,Hors intersection,Deux véhicules - frontale,Plein jour,Normale,Route Départementale,,1,Pente,En courbe à gauche,,58,normale,,Sur chaussée,Conducteur,1,M,17-18,Promenade - loisirs,Casque,Non,1,1,12 - décembre,2 - mercredi,Cilaos
,201600000159,2016-12-27,59,10,59409,50.309,3.208,Giratoire,Deux véhicules - par le coté,Plein jour,Normale,Route Départementale,,2,Plat,Partie rectiligne,,,normale,Carrefour aménagé,Sur chaussée,Conducteur,2,M,45-46,Promenade - loisirs,Casque,Oui,1,1,12 - décembre,1 - mardi,Monchecourt
,201600009830,2016-12-27,45,10,45317,0,0,Hors intersection,Deux véhicules - par le coté,Crépuscule ou aube,Normale,Voie Communale,,2,Plat,Partie rectiligne,,,normale,,Sur chaussée,Conducteur,2,M,65-66,Promenade - loisirs,Autre,Oui,1,1,12 - décembre,1 - mardi,Tavers
,201600010613,2016-12-27,6,10,6029,43.55159,6.97148,Hors intersection,Autre,Plein jour,Normale,Voie Communale,,2,Plat,Partie rectiligne,,80,normale,,Sur chaussée,Conducteur,1,M,13-14,,Autre,Oui,1,1,12 - décembre,1 - mardi,Cannes
,201600012778,2016-12-27,35,14,35210,48.14205,-1.76907,Giratoire,Deux véhicules - par le coté,Plein jour,Normale,Route Départementale,,3,Plat,En courbe à droite,,15,normale,Carrefour aménagé,Sur chaussée,Conducteur,2,M,61-62,Promenade - loisirs,Casque,Oui,1,,12 - décembre,1 - mardi,Pacé
,201600027284,2016-12-27,45,11,45234,0,0,Hors intersection,Autre,Plein jour,Normale,Voie Communale,,2,Plat,Partie rectiligne,10,70,normale,Carrefour aménagé,Sur chaussée,Conducteur,1,M,18-19,Utilisation professionnelle,Equipement réfléchissant,Non,1,1,12 - décembre,1 - mardi,Orléans
,201600027845,2016-12-27,49,19,49007,47.44863,-0.53665,Intersection en X,Autre,Nuit avec éclairage public allumé,Temps couvert,Voie Communale,,2,Plat,Partie rectiligne,,,mouillée,,Sur chaussée,Conducteur,1,F,53-54,Promenade - loisirs,Autre,Non déterminable,1,1,12 - décembre,1 - mardi,Angers
,201600031795,2016-12-27,64,16,64445,43.31019,-0.34681,Hors intersection,Deux véhicules - par le coté,Crépuscule ou aube,Normale,Voie Communale,,2,Plat,Partie rectiligne,,72,normale,,Sur chaussée,Conducteur,1,M,74-75,,Casque,Oui,1,1,12 - décembre,1 - mardi,Pau
,201600039677,2016-12-27,93,5,93001,0,0,Hors intersection,Deux véhicules - frontale,Nuit avec éclairage public allumé,Normale,Voie Communale,,2,Plat,Partie rectiligne,,30,normale,,Sur chaussée,Conducteur,1,M,21-22,,Casque,Non déterminable,1,1,12 - décembre,1 - mardi,Aubervilliers
,201600051613,2016-12-27,75,13,75104,48.8568,2.35104,Place,Deux véhicules - par le coté,Plein jour,Normale,Voie Communale,,3,Plat,Partie rectiligne,,100,normale,,Sur chaussée,Conducteur,1,F,55-56,Promenade - loisirs,Casque,Non déterminable,1,1,12 - décembre,1 - mardi,Paris 4e  Arrondissement
,201600000557,2016-12-26,60,11,60259,49.19816,2.28214,Hors intersection,Deux véhicules - par le coté,Plein jour,Normale,Route Départementale,,,Pente,Partie rectiligne,,,normale,,Sur chaussée,Conducteur,1,M,18-19,Promenade - loisirs,Casque,Oui,1,,12 - décembre,0 - lundi,Fresnoy-en-Thelle
,201600007323,2016-12-26,71,14,71235,46.35231,4.79356,Hors intersection,Deux véhicules - par l’arrière,Plein jour,Pluie légère,Route Départementale,,2,Plat,Partie rectiligne,,70,mouillée,,Sur chaussée,Conducteur,2,F,12-13,Promenade - loisirs,Casque,Non,1,1,12 - décembre,0 - lundi,Hurigny
,201600008709,2016-12-26,34,19,34145,43.6561,4.13837,Hors intersection,Deux véhicules - par l’arrière,Crépuscule ou aube,Normale,Route Départementale,,2,Plat,Partie rectiligne,20,78,normale,Carrefour aménagé,Sur chaussée,Conducteur,2,M,77-78,Promenade - loisirs,Ceinture,,1,,12 - décembre,0 - lundi,Lunel
,201600022030,2016-12-26,29,12,29039,47.8946,-3.9142,Giratoire,Deux véhicules - par le coté,Plein jour,Normale,Route Départementale,,1,Plat,En courbe à droite,,,normale,Carrefour aménagé,Sur chaussée,Conducteur,1,M,46-47,Courses - achats,Casque,Oui,1,1,12 - décembre,0 - lundi,Concarneau
,201600027843,2016-12-26,49,12,49246,47.4246,-0.52496,Hors intersection,Deux véhicules - frontale,Plein jour,Temps couvert,Voie Communale,,2,Plat,Partie rectiligne,,,mouillée,,Sur chaussée,Conducteur,1,M,52-53,Promenade - loisirs,Autre,Non déterminable,1,1,12 - décembre,0 - lundi,Ponts-de-Cé
,201600039836,2016-12-26,93,18,93005,0,0,Intersection en Y,Deux véhicules - frontale,Nuit avec éclairage public allumé,Normale,Voie Communale,,1,Plat,En courbe à gauche,,,normale,,Sur chaussée,Conducteur,2,M,41-42,,Casque,Non,1,1,12 - décembre,0 - lundi,Aulnay-sous-Bois
,201600051440,2016-12-26,75,14,75102,48.8689,2.35218,Intersection en X,Deux véhicules - par le coté,Plein jour,Normale,Voie Communale,,2,Plat,Partie rectiligne,,57,normale,,Sur chaussée,Conducteur,1,F,23-24,Promenade - loisirs,Casque,Non déterminable,1,1,12 - décembre,0 - lundi,Paris 2e  Arrondissement
,201600056103,2016-12-26,75,16,75118,48.8927,2.34008,Intersection en X,Deux véhicules - par l’arrière,Plein jour,Normale,Voie Communale,,1,Plat,Partie rectiligne,,,normale,,Sur chaussée,Conducteur,2,M,23-24,Utilisation professionnelle,Casque,Oui,1,1,12 - décembre,0 - lundi,Paris 18e  Arrondissement
,201600053292,2016-12-25,75,14,75111,48.8589,2.37966,Hors intersection,Deux véhicules - par l’arrière,Plein jour,Normale,Voie Communale,,2,Plat,Partie rectiligne,,100,normale,,Sur chaussée,Conducteur,1,F,24-25,Domicile - travail,Casque,Non,1,1,12 - décembre,6 - dimanche,Paris 11e  Arrondissement
,201600001653,2016-12-23,50,17,50510,49.1637,-1.34613,Intersection en X,Deux véhicules - par le coté,Crépuscule ou aube,Pluie légère,Route Départementale,,2,Pente,Partie rectiligne,,49,mouillée,,Sur chaussée,Conducteur,2,M,10-11,Promenade - loisirs,Ceinture,,1,1,12 - décembre,4 - vendredi,'Saint-Martin-d''Aubigny'
,201600008539,2016-12-23,83,10,83112,43.17601,5.7409,Hors intersection,Deux véhicules - frontale,Plein jour,Normale,Voie Communale,,,Pente,Partie rectiligne,,,normale,,Sur chaussée,Conducteur,2,M,51-52,,Casque,Oui,1,,12 - décembre,4 - vendredi,Saint-Cyr-sur-Mer
,201600010823,2016-12-23,6,11,6069,43.64036,6.96452,Hors intersection,Deux véhicules - frontale,Plein jour,Normale,Voie Communale,,2,Pente,Partie rectiligne,,35,normale,,Sur chaussée,Conducteur,1,M,21-22,Promenade - loisirs,Casque,Oui,1,1,12 - décembre,4 - vendredi,Grasse
,201600013155,2016-12-23,11,16,11262,43.17426,2.99219,Hors intersection,Deux véhicules - par le coté,Plein jour,Normale,Voie Communale,,2,Plat,En courbe à gauche,,,normale,,Sur chaussée,Conducteur,1,M,56-57,,Casque,Oui,1,1,12 - décembre,4 - vendredi,Narbonne
,201600022258,2016-12-23,30,9,30007,44.14586,4.10107,Giratoire,Deux véhicules - par le coté,Plein jour,Normale,Route Départementale,,2,Plat,Partie rectiligne,,80,normale,Carrefour aménagé,Sur chaussée,Conducteur,1,M,33-34,Domicile - travail,Autre,Non déterminable,1,1,12 - décembre,4 - vendredi,Alès