test,identifiantAccident,date,departement,heure,commune,lat,lon,typeIntersection,typeCollision,luminosite,conditionsAtmosperiques,typeRoute,circulation,nbVoies,profilLongRoute,tracePlanRoute,largeurTPC,largeurRoute,etatSurface,amenagement,situation,categorieUsager,graviteAccident,sexe,age,motifDeplacement,existenceSecurite,usageSecurite,nombreAutresVehicules,enAgglomeration,mois,jour,NCCENR
,201600024461,2016-12-23,33,13,33063,44.83071,-0.57196,Intersection en T,Deux véhicules - par le coté,Plein jour,Normale,Voie Communale,,3,Plat,En « S »,,,normale,,Sur chaussée,Conducteur,1,F,42-43,,Casque,Non déterminable,1,1,12 - décembre,4 - vendredi,Bordeaux
,201600044367,2016-12-23,95,12,95252,48.9991,2.2191,Intersection en X,Deux véhicules - par le coté,Plein jour,Normale,Voie Communale,,2,Plat,Partie rectiligne,,,normale,,Sur chaussée,Conducteur,1,M,33-34,Promenade - loisirs,Casque,Oui,1,1,12 - décembre,4 - vendredi,Franconville
,201600051957,2016-12-23,75,11,75106,48.8481,2.32791,Intersection à plus de 4 branches,Autre,Plein jour,Normale,Voie Communale,,2,Plat,Partie rectiligne,,110,normale,,Sur chaussée,Conducteur,0,M,21-22,Promenade - loisirs,Casque,Non déterminable,,1,12 - décembre,4 - vendredi,Paris 6e  Arrondissement
,201600052562,2016-12-23,75,17,75108,48.8653,2.30289,Place,Deux véhicules - par le coté,Nuit avec éclairage public allumé,Temps couvert,Voie Communale,,3,Plat,Partie rectiligne,,,normale,,Sur chaussée,Conducteur,1,M,18-19,Promenade - loisirs,Casque,Non déterminable,1,1,12 - décembre,4 - vendredi,Paris 8e  Arrondissement
,201600055301,2016-12-23,75,14,75116,48.8688,2.2833,Intersection en T,Deux véhicules - par le coté,Plein jour,Normale,Voie Communale,,2,Plat,Partie rectiligne,,,normale,,Sur chaussée,Conducteur,1,M,27-28,Utilisation professionnelle,Casque,Non déterminable,1,1,12 - décembre,4 - vendredi,Paris 16e  Arrondissement
,201600056097,2016-12-23,75,19,75118,48.8915,2.34962,Intersection en X,Deux véhicules - par le coté,Nuit avec éclairage public allumé,Normale,Voie Communale,,4,Pente,Partie rectiligne,,,normale,,Sur chaussée,Conducteur,1,M,23-24,Promenade - loisirs,Casque,Oui,1,1,12 - décembre,4 - vendredi,Paris 18e  Arrondissement
,201600001058,2016-12-22,22,10,22134,48.78674,-3.39841,Hors intersection,Deux véhicules - par l’arrière,Plein jour,Temps éblouissant,Route Départementale,,2,Plat,Partie rectiligne,68,,mouillée,,Sur chaussée,Conducteur,2,F,43-44,Promenade - loisirs,Casque,Oui,1,,12 - décembre,3 - jeudi,Louannec
,201600001474,2016-12-22,14,18,14504,49.21,0.333,Hors intersection,Deux véhicules - par l’arrière,Nuit sans éclairage public,Normale,Route Départementale,,2,Plat,En courbe à droite,,66,normale,,Sur chaussée,Conducteur,3,M,26-27,Promenade - loisirs,Casque,Non,1,,12 - décembre,3 - jeudi,Pin
,201600017972,2016-12-22,3,17,3060,0,0,Giratoire,Deux véhicules - par le coté,Nuit avec éclairage public allumé,Pluie légère,Route Départementale,,2,Plat,Partie rectiligne,,80,mouillée,,Sur chaussée,Conducteur,2,M,48-49,Domicile - travail,Equipement réfléchissant,Oui,1,1,12 - décembre,3 - jeudi,Charmeil
,201600020683,2016-12-22,19,21,19031,45.14731,1.48252,Hors intersection,Deux véhicules - par l’arrière,Nuit avec éclairage public allumé,Pluie légère,Voie Communale,,2,Plat,Partie rectiligne,,,mouillée,,Sur chaussée,Conducteur,2,M,34-35,Domicile - travail,Equipement réfléchissant,Non,1,1,12 - décembre,3 - jeudi,Brive-la-Gaillarde
,201600026409,2016-12-22,41,13,41295,47.57759,1.37549,Intersection en T,Deux véhicules - par le coté,Plein jour,Pluie légère,Route Départementale,,,Pente,Partie rectiligne,,,mouillée,,Sur chaussée,Conducteur,1,F,10-11,Promenade - loisirs,Casque,Oui,1,1,12 - décembre,3 - jeudi,Vineuil
,201600026838,2016-12-22,44,19,44109,47.2171,-1.56251,Hors intersection,Autre,Crépuscule ou aube,Normale,Voie Communale,,,,,,,,,,Conducteur,2,F,21-22,,Casque,Oui,1,1,12 - décembre,3 - jeudi,Nantes
,201600033781,2016-12-22,76,18,76552,49.50621,0.08447,Intersection en T,Deux véhicules - par le coté,Nuit avec éclairage public allumé,Normale,Route Départementale,,2,Plat,Partie rectiligne,,61,normale,,Sur chaussée,Conducteur,1,M,42-43,Courses - achats,Casque,Non,1,1,12 - décembre,3 - jeudi,Sainte-Adresse
,201600043473,2016-12-22,94,22,94042,0,0,Intersection en T,Deux véhicules - frontale,Nuit avec éclairage public allumé,Normale,Voie Communale,,1,Plat,Partie rectiligne,,35,mouillée,,Sur chaussée,Conducteur,1,M,58-59,Domicile - travail,Autre,Non,1,1,12 - décembre,3 - jeudi,Joinville-le-Pont
,201600054112,2016-12-22,75,17,75113,48.8415,2.36298,Hors intersection,Autre,Nuit avec éclairage public allumé,Normale,Voie Communale,,6,Pente,Partie rectiligne,,190,normale,Voie ferrée,Sur chaussée,Conducteur,1,M,46-47,Autre,Casque,Oui,1,1,12 - décembre,3 - jeudi,Paris 13e  Arrondissement
,201600059274,2016-12-22,976,18,97611,0,0,Hors intersection,Autre,Crépuscule ou aube,Normale,Voie Communale,,,Plat,En « S »,,,autre,,Sur chaussée,Conducteur,0,M,16-17,Promenade - loisirs,Casque,Oui,,1,12 - décembre,3 - jeudi,Mamoudzou
,201600000724,2016-12-21,27,16,27114,48.95992,1.41752,Passage à niveau,Deux véhicules - par le coté,Plein jour,Normale,Route Départementale,,2,,Partie rectiligne,,,normale,Voie ferrée,Sur chaussée,Conducteur,3,M,59-60,Promenade - loisirs,Casque,Oui,1,1,12 - décembre,2 - mercredi,Breuilpont
,201600026086,2016-12-21,37,19,37261,47.38775,0.68763,Hors intersection,Deux véhicules - par l’arrière,Nuit avec éclairage public non allumé,Pluie forte,Voie Communale,,1,Plat,Partie rectiligne,,30,mouillée,,Sur chaussée,Conducteur,1,M,42-43,Promenade - loisirs,Casque,Oui,1,1,12 - décembre,2 - mercredi,Tours
,201600033572,2016-12-21,76,17,76217,49.91324,1.08205,Intersection en T,Deux véhicules - par le coté,Nuit avec éclairage public allumé,Pluie légère,Voie Communale,,2,Plat,Partie rectiligne,,,mouillée,,Sur chaussée,Conducteur,2,M,50-51,Promenade - loisirs,Autre,Oui,1,1,12 - décembre,2 - mercredi,Dieppe
,201600038058,2016-12-21,92,20,92025,0,0,Intersection en X,Deux véhicules - par le coté,Nuit avec éclairage public allumé,Pluie légère,Route Départementale,,,Plat,Partie rectiligne,,,mouillée,,Sur chaussée,Conducteur,1,F,42-43,Domicile - travail,Equipement réfléchissant,Oui,1,1,12 - décembre,2 - mercredi,Colombes
,201600049619,2016-12-21,69,,69386,0,0,Intersection en X,Deux véhicules - frontale,Nuit avec éclairage public allumé,Normale,Voie Communale,,1,Plat,Partie rectiligne,,,normale,,Sur chaussée,Conducteur,1,M,41-42,,Autre,Non déterminable,1,,12 - décembre,2 - mercredi,Lyon 6e  Arrondissement
,201600011933,2016-12-20,8,13,8105,49.78633,4.69423,Intersection en X,Deux véhicules - par le coté,Plein jour,Normale,Voie Communale,,,Pente,Partie rectiligne,,45,normale,,Sur chaussée,Conducteur,2,M,14-15,Promenade - loisirs,Casque,Non,1,1,12 - décembre,1 - mardi,Charleville-Mézières
,201600026233,2016-12-20,38,9,38185,45.18789,5.72231,Hors intersection,Deux véhicules - par l’arrière,Plein jour,Normale,Route Départementale,,2,Plat,Partie rectiligne,,,normale,,Sur chaussée,Conducteur,1,M,21-22,,Casque,Non,1,1,12 - décembre,1 - mardi,Grenoble
,201600026461,2016-12-20,42,18,42127,46.06375,4.06938,Intersection en T,Deux véhicules - par le coté,Crépuscule ou aube,Normale,Voie Communale,,2,,,,,,,Sur chaussée,Conducteur,1,M,16-17,,Equipement réfléchissant,Non,1,1,12 - décembre,1 - mardi,Mably
,201600029028,2016-12-20,54,16,54395,0,0,Intersection en X,Autre,Nuit avec éclairage public allumé,Normale,Voie Communale,,2,Plat,Partie rectiligne,,,,,,Conducteur,0,M,20-21,,Casque,Oui,,1,12 - décembre,1 - mardi,Nancy
,201600034222,2016-12-20,77,15,77326,48.57512,2.52732,Hors intersection,Aucune,Plein jour,Normale,Voie Communale,,2,Plat,Partie rectiligne,,,normale,,Sur chaussée,Conducteur,3,M,51-52,Promenade - loisirs,Casque,Oui,,,12 - décembre,1 - mardi,Nandy
,201600043593,2016-12-20,94,18,94068,0,0,Hors intersection,Autre,Nuit avec éclairage public allumé,Normale,Route Départementale,,2,Plat,Partie rectiligne,,,normale,,Sur chaussée,Conducteur,0,M,23-24,Utilisation professionnelle,Autre,Non déterminable,,1,12 - décembre,1 - mardi,Saint-Maur-des-Fossés
,201600051439,2016-12-20,75,21,75103,48.866,2.35376,Intersection en X,Autre,Nuit avec éclairage public allumé,Normale,Voie Communale,,3,Plat,Partie rectiligne,5,110,normale,,Sur trottoir,Conducteur,1,M,23-24,,Casque,Non déterminable,,1,12 - décembre,1 - mardi,Paris 3e  Arrondissement
,201600058320,2016-12-20,971,21,97120,0,0,Autre intersection,Autre,Nuit avec éclairage public allumé,Autre,Route Départementale,,1,Plat,En courbe à gauche,,,mouillée,Bretelle d’échangeur ou de raccordement,Sur chaussée,Conducteur,2,M,30-31,Promenade - loisirs,Autre,Non,1,1,12 - décembre,1 - mardi,Pointe-à-Pitre
,201600024434,2016-12-19,33,15,33063,44.8148,-0.57263,Intersection en X,Deux véhicules - frontale,Plein jour,Normale,Voie Communale,,7,Plat,Partie rectiligne,,,normale,,Sur chaussée,Conducteur,1,F,29-30,Utilisation professionnelle,Autre,Non déterminable,1,1,12 - décembre,0 - lundi,Bordeaux
,201600030539,2016-12-19,59,17,59279,50.76823,3.10323,Intersection en T,Deux véhicules - frontale,Nuit avec éclairage public allumé,Normale,Route Nationale,,,Plat,Partie rectiligne,,,normale,,Sur chaussée,Conducteur,2,M,51-52,,Casque,Oui,1,1,12 - décembre,0 - lundi,Halluin
,201600049616,2016-12-19,69,7,69259,0,0,Hors intersection,Deux véhicules - par le coté,Plein jour,Temps couvert,Voie Communale,,2,Plat,Partie rectiligne,,,mouillée,,,Conducteur,2,M,36-37,,Casque,Oui,1,1,12 - décembre,0 - lundi,Vénissieux
,201600052948,2016-12-19,75,8,75110,48.8787,2.36624,Intersection en T,Deux véhicules - par le coté,Plein jour,Pluie légère,Voie Communale,,2,Plat,Partie rectiligne,,35,normale,,Sur chaussée,Conducteur,1,F,26-27,,Casque,Non déterminable,1,1,12 - décembre,0 - lundi,Paris 10e  Arrondissement
,201600001222,2016-12-18,56,11,56206,47.69016,-2.72813,Giratoire,Deux véhicules - frontale,Plein jour,Normale,Route Départementale,,,Plat,,,,normale,,Sur chaussée,Conducteur,1,M,68-69,Promenade - loisirs,,,1,1,12 - décembre,6 - dimanche,Saint-Avé
,201600008851,2016-12-18,11,1,11089,43.33084,2.1171,Hors intersection,Aucune,Nuit avec éclairage public allumé,Normale,Voie Communale,,1,Pente,Partie rectiligne,,46,normale,,Sur trottoir,Conducteur,2,M,18-19,Promenade - loisirs,Ceinture,,,1,12 - décembre,6 - dimanche,Cenne-Monestiés
,201600020679,2016-12-18,19,15,19031,45.15934,1.53059,Hors intersection,Deux véhicules - par l’arrière,Plein jour,Normale,Voie Communale,,3,Plat,Partie rectiligne,,,normale,Carrefour aménagé,Sur chaussée,Conducteur,1,M,37-38,,Autre,Oui,1,1,12 - décembre,6 - dimanche,Brive-la-Gaillarde
,201600021967,2016-12-18,29,6,29019,48.40046,-4.49967,Giratoire,Deux véhicules - par le coté,Nuit avec éclairage public allumé,Normale,Voie Communale,,3,Plat,Partie rectiligne,,,normale,,Sur chaussée,Conducteur,2,M,38-39,Domicile - travail,Casque,Oui,1,1,12 - décembre,6 - dimanche,Brest
,201600033411,2016-12-18,72,18,72181,47.97507,0.2153,Hors intersection,Deux véhicules - par le coté,Nuit avec éclairage public allumé,Brouillard - fumée,Voie Communale,,2,Plat,Partie rectiligne,,,normale,Voie ferrée,Sur piste cyclable,Conducteur,2,M,13-14,Promenade - loisirs,Autre,Non déterminable,1,1,12 - décembre,6 - dimanche,Mans
,201600037596,2016-12-18,92,12,92012,0,0,Hors intersection,Autre,Plein jour,Normale,Voie Communale,,1,Plat,Partie rectiligne,,,normale,,Sur chaussée,Conducteur,1,F,42-43,Courses - achats,Casque,Oui,1,1,12 - décembre,6 - dimanche,Boulogne-Billancourt
,201600028505,2016-12-17,51,20,51454,49.24827,4.0109,Hors intersection,Deux véhicules - par le coté,Nuit avec éclairage public allumé,Brouillard - fumée,Voie Communale,,4,Pente,Partie rectiligne,,166,mouillée,,Sur chaussée,Conducteur,1,M,29-30,Autre,Autre,Non,1,1,12 - décembre,5 - samedi,Reims
,201600043401,2016-12-17,94,11,94058,0,0,Hors intersection,Deux véhicules - par l’arrière,Plein jour,Normale,Voie Communale,,1,Plat,Partie rectiligne,,50,normale,,Sur chaussée,Conducteur,1,M,59-60,Promenade - loisirs,Autre,Non déterminable,1,1,12 - décembre,5 - samedi,Perreux-sur-Marne
,201600053729,2016-12-17,75,12,75112,48.8238,2.45763,Place,Deux véhicules - par le coté,Plein jour,Normale,Voie Communale,,,,,,,,,,Conducteur,1,M,58-59,,Casque,Non déterminable,1,1,12 - décembre,5 - samedi,Paris 12e  Arrondissement
,201600000812,2016-12-16,27,9,27386,49.31073,1.20074,Intersection en T,Autre,Crépuscule ou aube,Normale,Route Départementale,,,Plat,Partie rectiligne,,,normale,,Sur chaussée,Conducteur,1,F,44-45,Domicile - travail,Casque,Non,1,1,12 - décembre,4 - vendredi,Manoir
,201600005659,2016-12-16,63,22,63211,45.4784,3.7264,Hors intersection,Trois véhicules et plus - en chaîne,Nuit avec éclairage public allumé,Normale,Route Départementale,,2,Plat,Partie rectiligne,,102,normale,,Sur chaussée,Conducteur,3,F,54-55,Promenade - loisirs,Casque,Oui,2,1,12 - décembre,4 - vendredi,Marsac-en-Livradois
,201600013216,2016-12-16,11,18,11262,43.17919,2.99589,Intersection en T,Deux véhicules - par le coté,Nuit avec éclairage public allumé,Normale,Voie Communale,,1,Plat,Partie rectiligne,,,normale,,,Conducteur,1,M,16-17,Domicile - travail,Autre,Non déterminable,1,1,12 - décembre,4 - vendredi,Narbonne
,201600017932,2016-12-16,1,16,1320,0,0,Hors intersection,Deux véhicules - par l’arrière,Plein jour,Normale,Route Départementale,,2,Plat,Partie rectiligne,,50,normale,,Sur chaussée,Conducteur,2,M,48-49,Promenade - loisirs,Equipement réfléchissant,Oui,1,,12 - décembre,4 - vendredi,Replonges
,201600019989,2016-12-16,17,10,17300,46.14648,-1.15239,Hors intersection,Deux véhicules - par le coté,Plein jour,Normale,Voie Communale,,2,Plat,Partie rectiligne,,65,normale,,Sur chaussée,Conducteur,1,M,21-22,Promenade - loisirs,Casque,Oui,1,1,12 - décembre,4 - vendredi,Rochelle
,201600030537,2016-12-16,59,8,59421,0,0,Hors intersection,Deux véhicules - frontale,Crépuscule ou aube,Temps couvert,Voie Communale,,,Plat,En courbe à gauche,,,normale,,Sur chaussée,Conducteur,2,M,33-34,,Autre,Oui,1,1,12 - décembre,4 - vendredi,Mouvaux
,201600036230,2016-12-16,87,14,87085,45.844,1.22962,Hors intersection,Autre,Plein jour,Normale,Voie Communale,,2,Plat,Partie rectiligne,,60,normale,,Sur chaussée,Conducteur,2,M,83-84,Promenade - loisirs,,,,1,12 - décembre,4 - vendredi,Limoges
,201600049612,2016-12-16,69,7,69387,0,0,Intersection en X,Deux véhicules - par le coté,Nuit avec éclairage public allumé,Normale,Voie Communale,,1,Plat,Partie rectiligne,,,normale,Voie ferrée,Sur piste cyclable,Conducteur,1,M,37-38,Domicile - travail,Casque,Non,1,1,12 - décembre,4 - vendredi,Lyon 7e  Arrondissement
,201600051955,2016-12-16,75,10,75106,48.8441,2.3231,Intersection en T,Autre,Plein jour,Normale,Voie Communale,,4,Plat,Partie rectiligne,,160,normale,,Sur chaussée,Conducteur,1,M,24-25,Utilisation professionnelle,Casque,Non déterminable,1,1,12 - décembre,4 - vendredi,Paris 6e  Arrondissement
,201600053283,2016-12-16,75,17,75111,48.8648,2.36834,Intersection en X,Deux véhicules - par le coté,Nuit avec éclairage public allumé,Normale,Voie Communale,,2,Plat,Partie rectiligne,,100,normale,,Sur chaussée,Conducteur,1,F,26-27,,Casque,Non déterminable,1,1,12 - décembre,4 - vendredi,Paris 11e  Arrondissement
,201600053283,2016-12-16,75,17,75111,48.8648,2.36834,Intersection en X,Deux véhicules - par le coté,Nuit avec éclairage public allumé,Normale,Voie Communale,,2,Plat,Partie rectiligne,,100,normale,,Sur chaussée,Conducteur,1,F,62-63,,Casque,Non déterminable,1,1,12 - décembre,4 - vendredi,Paris 11e  Arrondissement
,201600058907,2016-12-16,973,9,97302,0,0,Hors intersection,Aucune,Plein jour,Normale,Voie Communale,,1,Plat,,,30,normale,,Sur chaussée,Conducteur,2,M,16-17,,Casque,Non,,1,12 - décembre,4 - vendredi,Cayenne
,201600001724,2016-12-15,1,12,1053,46.20897,5.23752,Hors intersection,Deux véhicules - frontale,Plein jour,Normale,Voie Communale,,4,Plat,Partie rectiligne,,,normale,,Sur piste cyclable,Conducteur,1,M,55-56,Domicile - travail,Casque,Non,1,1,12 - décembre,3 - jeudi,Bourg-en-Bresse
,201600005163,2016-12-15,38,14,38475,0,0,Hors intersection,Deux véhicules - frontale,Plein jour,Normale,Voie Communale,,,Plat,Partie rectiligne,,70,normale,,Sur chaussée,Conducteur,2,F,65-66,Promenade - loisirs,Ceinture,,1,,12 - décembre,3 - jeudi,Satolas-et-Bonce
,201600008066,2016-12-15,4,13,4070,44.0659,6.17293,Giratoire,Deux véhicules - frontale,Plein jour,Normale,Route Nationale,,2,Plat,,170,76,normale,Carrefour aménagé,Sur chaussée,Conducteur,2,M,59-60,Promenade - loisirs,Casque,Oui,1,,12 - décembre,3 - jeudi,Digne-les-Bains
,201600017045,2016-12-15,87,14,87111,45.7388,0.86734,Intersection en Y,Deux véhicules - par le coté,Plein jour,Normale,Route Départementale,,,Pente,Partie rectiligne,,80,normale,,Sur chaussée,Conducteur,2,M,41-42,Promenade - loisirs,Casque,Oui,1,1,12 - décembre,3 - jeudi,Oradour-sur-Vayres
,201600021330,2016-12-15,26,13,26281,45.04519,5.0618,Giratoire,Deux véhicules - par le coté,Plein jour,Normale,Voie Communale,,2,Plat,Partie rectiligne,,,normale,,Sur chaussée,Conducteur,1,F,62-63,,Casque,Oui,1,1,12 - décembre,3 - jeudi,Romans-sur-Isère
,201600026081,2016-12-15,37,19,37261,47.38849,0.69649,Hors intersection,Autre,Nuit sans éclairage public,Normale,Voie Communale,,2,Plat,Partie rectiligne,,,normale,,Sur trottoir,Conducteur,1,M,66-67,Promenade - loisirs,Autre,Non,,1,12 - décembre,3 - jeudi,Tours
,201600034785,2016-12-15,78,23,78646,0,0,Intersection en T,Deux véhicules - par le coté,Nuit avec éclairage public allumé,Normale,Voie Communale,,2,Plat,Partie rectiligne,,,normale,,,Conducteur,1,M,44-45,Domicile - travail,Autre,Non déterminable,1,1,12 - décembre,3 - jeudi,Versailles
,201600037594,2016-12-15,92,7,92012,0,0,Giratoire,Autre,Crépuscule ou aube,Normale,Voie Communale,,1,Plat,Partie rectiligne,,,normale,,Sur chaussée,Conducteur,1,M,54-55,Domicile - travail,Casque,Oui,,1,12 - décembre,3 - jeudi,Boulogne-Billancourt
,201600043991,2016-12-15,94,15,94081,0,0,Hors intersection,Deux véhicules - frontale,Plein jour,Normale,Voie Communale,,2,Plat,Partie rectiligne,,80,normale,,Sur chaussée,Conducteur,1,F,53-54,,Autre,Non déterminable,1,1,12 - décembre,3 - jeudi,Vitry-sur-Seine
,201600051286,2016-12-15,75,18,75101,48.8615,2.33907,Intersection en T,Deux véhicules - par le coté,Nuit avec éclairage public allumé,Normale,Voie Communale,,4,Plat,Partie rectiligne,,160,normale,,,Conducteur,1,M,27-28,Domicile - travail,Casque,Non déterminable,1,1,12 - décembre,3 - jeudi,Paris 1er Arrondissement
,201600052945,2016-12-15,75,18,75110,48.8806,2.36196,Intersection en X,Autre,Crépuscule ou aube,Normale,Voie Communale,,4,Pente,Partie rectiligne,,,normale,,Sur chaussée,Conducteur,1,F,34-35,Domicile - travail,Casque,Non déterminable,1,1,12 - décembre,3 - jeudi,Paris 10e  Arrondissement
,201600054105,2016-12-15,75,18,75113,48.8268,2.36469,Hors intersection,Autre,Crépuscule ou aube,Normale,Voie Communale,,2,Plat,Partie rectiligne,,,normale,,Sur chaussée,Conducteur,0,M,17-18,,Casque,Non déterminable,,1,12 - décembre,3 - jeudi,Paris 13e  Arrondissement
,201600054401,2016-12-15,75,20,75114,48.8251,2.3168,Intersection en T,Autre,Nuit avec éclairage public allumé,Normale,Voie Communale,,2,Plat,Partie rectiligne,,,normale,,,Conducteur,1,M,42-43,Domicile - travail,Casque,Non déterminable,1,1,12 - décembre,3 - jeudi,Paris 14e  Arrondissement
,201600003058,2016-12-14,64,16,64060,43.32,-0.457,Giratoire,Deux véhicules - par l’arrière,Plein jour,Temps éblouissant,Route Départementale,,2,Plat,En courbe à gauche,,,normale,,Sur chaussée,Conducteur,2,M,62-63,Promenade - loisirs,Casque,Oui,1,,12 - décembre,2 - mercredi,Artiguelouve
,201600004130,2016-12-14,65,14,65328,43.0766,0.0694,Hors intersection,Deux véhicules - par le coté,Plein jour,Normale,Route Départementale,,,Plat,Partie rectiligne,380,,normale,,Sur chaussée,Conducteur,2,M,52-53,Promenade - loisirs,Casque,Non,1,1,12 - décembre,2 - mercredi,Neuilh
,201600013815,2016-12-14,13,9,13102,43.4195,5.23766,Giratoire,Deux véhicules - par l’arrière,Plein jour,Normale,Route Départementale,,1,Plat,Partie rectiligne,,,normale,Carrefour aménagé,,Conducteur,1,M,60-61,Promenade - loisirs,Casque,Oui,1,1,12 - décembre,2 - mercredi,Saint-Victoret
,201600023292,2016-12-14,31,19,31555,43.61682,1.43403,Intersection en X,Deux véhicules - par le coté,Nuit avec éclairage public allumé,Normale,Voie Communale,,,Plat,Partie rectiligne,,,normale,,Sur chaussée,Conducteur,1,M,20-21,Autre,Autre,Non déterminable,1,1,12 - décembre,2 - mercredi,Toulouse
,201600024415,2016-12-14,33,18,33063,44.82484,-0.5665,Intersection en T,Deux véhicules - par le coté,Nuit avec éclairage public allumé,Normale,Voie Communale,,1,Plat,Partie rectiligne,,,normale,,,Conducteur,1,F,45-46,,Autre,Non déterminable,1,1,12 - décembre,2 - mercredi,Bordeaux
,201600024438,2016-12-14,33,18,33550,44.7784,-0.56997,Hors intersection,Deux véhicules - par le coté,Nuit avec éclairage public allumé,Normale,Voie Communale,,4,Plat,Partie rectiligne,,,normale,,Sur chaussée,Conducteur,1,M,17-18,Autre,Autre,Non déterminable,1,1,12 - décembre,2 - mercredi,'Villenave-d''Ornon'
,201600027833,2016-12-14,49,19,49007,47.46242,-0.55249,Hors intersection,Autre,Nuit avec éclairage public allumé,Normale,Voie Communale,,2,Plat,Partie rectiligne,,60,normale,,Sur chaussée,Conducteur,1,M,34-35,Domicile - travail,Casque,Non déterminable,1,1,12 - décembre,2 - mercredi,Angers
,201600027834,2016-12-14,49,16,49007,47.4835,-0.57606,Hors intersection,Autre,Plein jour,Normale,Voie Communale,,,Plat,Partie rectiligne,,80,normale,,Sur chaussée,Conducteur,1,F,56-57,Promenade - loisirs,Casque,Oui,1,1,12 - décembre,2 - mercredi,Angers
,201600028511,2016-12-14,52,18,52121,48.12133,5.13775,Intersection en T,Deux véhicules - par le coté,Nuit avec éclairage public allumé,Normale,Route Départementale,,2,Pente,Partie rectiligne,,,normale,,Sur chaussée,Conducteur,1,M,23-24,Promenade - loisirs,Equipement réfléchissant,Non,1,1,12 - décembre,2 - mercredi,Chaumont
,201600029457,2016-12-14,56,14,56260,47.65347,-2.74111,Giratoire,Deux véhicules - par le coté,Plein jour,Normale,Voie Communale,,2,Plat,En courbe à droite,,,normale,,Sur chaussée,Conducteur,1,M,48-49,Courses - achats,Casque,Oui,1,1,12 - décembre,2 - mercredi,Vannes
,201600039094,2016-12-14,92,19,92062,0,0,Intersection en T,Deux véhicules - par le coté,Nuit avec éclairage public allumé,Normale,Route Départementale,,2,Pente,Partie rectiligne,,,normale,,Sur chaussée,Conducteur,1,M,44-45,Promenade - loisirs,Autre,Non déterminable,1,1,12 - décembre,2 - mercredi,Puteaux
,201600042676,2016-12-14,94,8,94028,0,0,Hors intersection,Deux véhicules - par le coté,Plein jour,Normale,Voie Communale,,2,,,,60,,,,Conducteur,1,M,28-29,Domicile - travail,Equipement réfléchissant,Oui,1,1,12 - décembre,2 - mercredi,Créteil
,201600043248,2016-12-14,94,8,94041,0,0,Hors intersection,Deux véhicules - frontale,Plein jour,Normale,Voie Communale,,2,Plat,Partie rectiligne,,,normale,,Sur chaussée,Conducteur,1,M,37-38,,Casque,Non,1,1,12 - décembre,2 - mercredi,Ivry-sur-Seine
,201600043249,2016-12-14,94,9,94041,0,0,Hors intersection,Deux véhicules - par le coté,Plein jour,Normale,Voie Communale,,2,Plat,Partie rectiligne,,,normale,,Sur chaussée,Conducteur,1,F,44-45,Domicile - travail,Casque,Oui,1,1,12 - décembre,2 - mercredi,Ivry-sur-Seine
,201600058442,2016-12-14,972,16,97213,14.5983,-61.00134,Giratoire,Deux véhicules - par le coté,Plein jour,Normale,Autre,,2,,,,,,,Sur chaussée,Conducteur,1,M,43-44,Promenade - loisirs,Casque,Non déterminable,1,,12 - décembre,2 - mercredi,Lamentin
,201600004139,2016-12-13,65,14,65094,43.0631,0.4353,Hors intersection,Deux véhicules - frontale,Plein jour,Temps éblouissant,Route Départementale,,1,Pente,,,,verglacée,,Sur chaussée,Conducteur,2,M,81-82,Promenade - loisirs,Casque,Oui,1,,12 - décembre,1 - mardi,Bizous
,201600004139,2016-12-13,65,14,65094,43.0631,0.4353,Hors intersection,Deux véhicules - frontale,Plein jour,Temps éblouissant,Route Départementale,,1,Pente,,,,verglacée,,Sur chaussée,Conducteur,1,M,66-67,Promenade - loisirs,Casque,Oui,1,,12 - décembre,1 - mardi,Bizous
,201600031781,2016-12-13,64,9,64445,43.31144,-0.36451,Hors intersection,Deux véhicules - par le coté,Plein jour,Normale,Voie Communale,,2,Plat,Partie rectiligne,,,normale,,Sur chaussée,Conducteur,2,M,68-69,Promenade - loisirs,Casque,Oui,1,1,12 - décembre,1 - mardi,Pau
,201600032733,2016-12-13,67,7,67482,48.57739,7.72803,Hors intersection,Deux véhicules - frontale,Plein jour,Normale,Voie Communale,,2,Plat,Partie rectiligne,,30,normale,,Sur chaussée,Conducteur,1,M,52-53,,Equipement réfléchissant,Oui,1,1,12 - décembre,1 - mardi,Strasbourg
,201600039363,2016-12-13,92,10,92022,0,0,Hors intersection,Autre,Plein jour,Normale,Route Départementale,,2,Plat,Partie rectiligne,,80,mouillée,,Sur chaussée,Conducteur,2,F,36-37,Domicile - travail,Casque,Non déterminable,1,1,12 - décembre,1 - mardi,Chaville
,201600051954,2016-12-13,75,17,75106,48.8492,2.33596,Intersection en T,Deux véhicules - par le coté,Nuit avec éclairage public allumé,Normale,Voie Communale,,2,Plat,Partie rectiligne,,90,normale,,Sur chaussée,Conducteur,1,M,22-23,Domicile - travail,Casque,Non déterminable,1,1,12 - décembre,1 - mardi,Paris 6e  Arrondissement
,201600054764,2016-12-13,75,8,75115,48.8437,2.2863,Intersection en X,Deux véhicules - par le coté,Plein jour,Pluie légère,Voie Communale,,1,Plat,Partie rectiligne,,61,mouillée,,Sur piste cyclable,Conducteur,1,M,23-24,Domicile - travail,Casque,Oui,1,1,12 - décembre,1 - mardi,Paris 15e  Arrondissement