test,identifiantAccident,date,departement,heure,commune,lat,lon,typeIntersection,typeCollision,luminosite,conditionsAtmosperiques,typeRoute,circulation,nbVoies,profilLongRoute,tracePlanRoute,largeurTPC,largeurRoute,etatSurface,amenagement,situation,categorieUsager,graviteAccident,sexe,age,motifDeplacement,existenceSecurite,usageSecurite,nombreAutresVehicules,enAgglomeration,mois,jour,NCCENR
,201600057654,2016-12-13,971,7,97118,0,0,Hors intersection,Deux véhicules - par l’arrière,Plein jour,Normale,Route Nationale,,2,Plat,,,,normale,,Sur chaussée,Conducteur,3,M,56-57,Domicile - travail,Casque,Oui,1,,12 - décembre,1 - mardi,Petit-Bourg
,201600059123,2016-12-13,974,12,97416,0,0,Hors intersection,Deux véhicules - par le coté,Plein jour,Normale,Voie Communale,,1,Plat,Partie rectiligne,40,31,mouillée,,Sur chaussée,Conducteur,2,M,57-58,,Casque,Oui,1,1,12 - décembre,1 - mardi,Saint-Pierre
,201600001723,2016-12-12,1,8,1053,46.20562,5.23612,Hors intersection,Autre,Plein jour,Temps couvert,Voie Communale,,2,Plat,Partie rectiligne,10,70,normale,,Sur chaussée,Conducteur,1,M,17-18,Domicile - école,Casque,Non,1,1,12 - décembre,0 - lundi,Bourg-en-Bresse
,201600005248,2016-12-12,42,7,42159,45.80676,3.77807,Hors intersection,Deux véhicules - frontale,Plein jour,Normale,Voie Communale,,2,,,,95,normale,,Sur chaussée,Conducteur,2,M,15-16,Domicile - école,Casque,Oui,1,,12 - décembre,0 - lundi,Noirétable
,201600020395,2016-12-12,18,8,18205,0,2.42088,Giratoire,Deux véhicules - par le coté,Plein jour,Normale,Voie Communale,,2,Plat,Partie rectiligne,,,normale,,Sur chaussée,Conducteur,1,M,48-49,,Casque,Oui,1,1,12 - décembre,0 - lundi,Saint-Doulchard
,201600020675,2016-12-12,19,6,19031,45.15651,1.50418,Intersection en X,Deux véhicules - par le coté,Nuit avec éclairage public allumé,Normale,Voie Communale,,2,Plat,Partie rectiligne,,,normale,,Sur chaussée,Conducteur,1,M,17-18,Domicile - école,Equipement réfléchissant,Non,1,1,12 - décembre,0 - lundi,Brive-la-Gaillarde
,201600021397,2016-12-12,26,17,26170,44.91441,4.93402,Intersection en X,Deux véhicules - par le coté,Nuit sans éclairage public,Normale,Voie Communale,,2,Plat,Partie rectiligne,,,normale,,,Conducteur,1,F,22-23,Domicile - travail,Autre,Non déterminable,1,,12 - décembre,0 - lundi,Malissard
,201600029688,2016-12-12,57,17,57757,49.34398,6.17681,Hors intersection,Deux véhicules - par le coté,Nuit avec éclairage public allumé,Normale,Route Départementale,,1,Plat,En courbe à gauche,,87,normale,,Sur chaussée,Conducteur,2,M,51-52,Promenade - loisirs,Casque,Non,1,1,12 - décembre,0 - lundi,Yutz
,201600032731,2016-12-12,67,18,67482,48.57532,7.7575,Hors intersection,Deux véhicules - frontale,Nuit avec éclairage public allumé,Normale,Voie Communale,,5,Plat,Partie rectiligne,,150,normale,,,Conducteur,1,F,20-21,Promenade - loisirs,Autre,Non déterminable,1,1,12 - décembre,0 - lundi,Strasbourg
,201600037591,2016-12-12,92,18,92012,0,0,Hors intersection,Autre,Nuit avec éclairage public allumé,Pluie légère,Voie Communale,,1,Plat,Partie rectiligne,,,mouillée,,Sur chaussée,Conducteur,0,M,40-41,,Casque,Oui,,1,12 - décembre,0 - lundi,Boulogne-Billancourt
,201600038912,2016-12-12,92,8,92050,0,0,Hors intersection,Aucune,Plein jour,Temps couvert,Autre,,1,Plat,Partie rectiligne,,40,normale,,Sur chaussée,Conducteur,1,F,52-53,,Casque,Non déterminable,1,1,12 - décembre,0 - lundi,Nanterre
,201600048759,2016-12-12,69,18,69382,45.45484,4.50124,Hors intersection,Deux véhicules - par l’arrière,Nuit avec éclairage public allumé,Normale,Voie Communale,,3,Plat,Partie rectiligne,,,normale,,Sur piste cyclable,Conducteur,2,M,23-24,Utilisation professionnelle,Casque,Oui,1,1,12 - décembre,0 - lundi,Lyon 2e  Arrondissement
,201600054763,2016-12-12,75,15,75115,48.8443,2.30227,Hors intersection,Autre,Plein jour,Normale,Voie Communale,,1,Plat,Partie rectiligne,,,normale,,Sur chaussée,Conducteur,0,M,18-19,Utilisation professionnelle,Casque,Non déterminable,,1,12 - décembre,0 - lundi,Paris 15e  Arrondissement
,201600055706,2016-12-12,75,9,75117,48.8951,2.31566,Intersection à plus de 4 branches,Autre,Plein jour,Temps couvert,Voie Communale,,2,Plat,Partie rectiligne,,,normale,,Sur chaussée,Conducteur,1,M,31-32,,Casque,Non déterminable,,1,12 - décembre,0 - lundi,Paris 17e  Arrondissement
,201600009146,2016-12-11,66,9,66037,42.69712,3.02963,Giratoire,Autre,Plein jour,Normale,Voie Communale,,2,Plat,Partie rectiligne,,,normale,,Sur chaussée,Conducteur,2,M,57-58,Promenade - loisirs,Casque,Non déterminable,1,1,12 - décembre,6 - dimanche,Canet-en-Roussillon
,201600013318,2016-12-11,12,12,12145,44.1072,3.08104,Hors intersection,Aucune,Plein jour,Normale,Voie Communale,,1,Plat,Partie rectiligne,,54,normale,,Sur chaussée,Conducteur,1,F,33-34,Promenade - loisirs,Casque,Non,1,1,12 - décembre,6 - dimanche,Millau
,201600021166,2016-12-11,84,9,84071,0,0,Intersection en T,Deux véhicules - par le coté,Crépuscule ou aube,Brouillard - fumée,Route Départementale,,2,Plat,En courbe à gauche,,61,normale,Carrefour aménagé,Sur chaussée,Conducteur,2,M,49-50,Promenade - loisirs,Casque,Oui,1,,12 - décembre,6 - dimanche,Maubec
,201600021659,2016-12-11,74,10,74217,0,0,Hors intersection,Deux véhicules - frontale,Plein jour,Normale,Route Départementale,,,,Partie rectiligne,,,normale,,Sur chaussée,Conducteur,1,M,35-36,,Casque,Oui,1,1,12 - décembre,6 - dimanche,Pringy
,201600023287,2016-12-11,31,10,31555,43.62027,1.42422,Hors intersection,Deux véhicules - par le coté,Plein jour,Normale,Voie Communale,,2,Plat,Partie rectiligne,,,normale,,Sur chaussée,Conducteur,1,F,28-29,Autre,Casque,Oui,1,1,12 - décembre,6 - dimanche,Toulouse
,201600048760,2016-12-11,69,13,69381,0,0,Autre intersection,Deux véhicules - par le coté,Plein jour,Normale,Voie Communale,,,Plat,Partie rectiligne,,38,normale,,Sur chaussée,Conducteur,1,M,22-23,,Casque,Oui,1,1,12 - décembre,6 - dimanche,Lyon 1er Arrondissement
,201600049605,2016-12-11,69,21,69387,0,0,Intersection en X,Trois véhicules et plus - collisions multiples,Nuit avec éclairage public allumé,Normale,Voie Communale,,1,Plat,Partie rectiligne,,,normale,,,Conducteur,0,M,27-28,,Casque,Oui,1,1,12 - décembre,6 - dimanche,Lyon 7e  Arrondissement
,201600049605,2016-12-11,69,21,69387,0,0,Intersection en X,Trois véhicules et plus - collisions multiples,Nuit avec éclairage public allumé,Normale,Voie Communale,,1,Plat,Partie rectiligne,,,normale,,,Conducteur,2,M,27-28,,Casque,Oui,1,1,12 - décembre,6 - dimanche,Lyon 7e  Arrondissement
,201600006280,2016-12-10,54,15,54040,48.51788,6.90598,Hors intersection,Deux véhicules - par le coté,Plein jour,Temps éblouissant,Route Départementale,,2,Plat,Partie rectiligne,63,,normale,,Sur chaussée,Conducteur,1,M,56-57,Promenade - loisirs,Casque,Oui,1,,12 - décembre,5 - samedi,Badonviller
,201600011356,2016-12-10,6,8,6088,43.69839,7.27415,Intersection en X,Deux véhicules - par le coté,Plein jour,Normale,Voie Communale,,2,Plat,Partie rectiligne,,100,normale,,Sur chaussée,Conducteur,1,M,57-58,Promenade - loisirs,Autre,Non déterminable,1,1,12 - décembre,5 - samedi,Nice
,201600013466,2016-12-10,13,17,13001,43.52488,5.42901,Hors intersection,Deux véhicules - frontale,Crépuscule ou aube,Normale,Voie Communale,,2,Pente,Partie rectiligne,,,normale,,Sur chaussée,Conducteur,3,M,57-58,,Casque,Non,1,1,12 - décembre,5 - samedi,Aix-en-Provence
,201600017043,2016-12-10,87,15,87090,46.3219,1.35845,Hors intersection,Deux véhicules - frontale,Plein jour,Normale,Route Départementale,,,Pente,Partie rectiligne,6,100,normale,,Sur chaussée,Conducteur,2,M,66-67,Promenade - loisirs,Casque,Oui,1,1,12 - décembre,5 - samedi,Mailhac-sur-Benaize
,201600017727,2016-12-10,6,14,6068,43.72249,6.97942,Hors intersection,Autre,Plein jour,Normale,Route Départementale,,2,Plat,Partie rectiligne,,61,normale,,Sur chaussée,Conducteur,0,M,40-41,Promenade - loisirs,Casque,Oui,1,,12 - décembre,5 - samedi,Gourdon
,201600017727,2016-12-10,6,14,6068,43.72249,6.97942,Hors intersection,Autre,Plein jour,Normale,Route Départementale,,2,Plat,Partie rectiligne,,61,normale,,Sur chaussée,Conducteur,2,M,51-52,Promenade - loisirs,Casque,Oui,1,,12 - décembre,5 - samedi,Gourdon
,201600026709,2016-12-10,42,1,42218,45.4168,4.39333,Hors intersection,Aucune,Nuit avec éclairage public allumé,Normale,Voie Communale,,2,Plat,Partie rectiligne,,,,,,Conducteur,3,F,23-24,Promenade - loisirs,Casque,Non,,1,12 - décembre,5 - samedi,Saint-Étienne
,201600031073,2016-12-10,62,12,62427,50.4146,2.96834,Hors intersection,Deux véhicules - par le coté,Plein jour,Normale,Voie Communale,,2,Plat,Partie rectiligne,,,normale,,Sur chaussée,Conducteur,2,M,29-30,,Casque,Non,1,1,12 - décembre,5 - samedi,Hénin-Beaumont
,201600033324,2016-12-10,71,16,71059,46.80991,4.47281,Autre intersection,Deux véhicules - par le coté,Plein jour,Temps éblouissant,Voie Communale,,2,Plat,Partie rectiligne,,,normale,,Sur chaussée,Conducteur,2,M,35-36,Promenade - loisirs,Casque,Oui,1,1,12 - décembre,5 - samedi,Breuil
,201600036224,2016-12-10,87,13,87114,45.8297,1.30702,Hors intersection,Autre,Plein jour,Normale,Voie Communale,,2,Plat,Partie rectiligne,,60,normale,,Sur chaussée,Conducteur,1,M,51-52,Promenade - loisirs,Autre,Non déterminable,1,1,12 - décembre,5 - samedi,Panazol
,201600048755,2016-12-10,69,9,69389,0,0,Hors intersection,Autre,Plein jour,Normale,Voie Communale,,2,Plat,Partie rectiligne,,,mouillée,,,Conducteur,1,M,39-40,Utilisation professionnelle,Casque,Oui,1,1,12 - décembre,5 - samedi,Lyon 9e  Arrondissement
,201600051605,2016-12-10,75,19,75104,48.8585,2.35524,Intersection en X,Deux véhicules - par le coté,Nuit avec éclairage public allumé,Normale,Voie Communale,,1,Plat,Partie rectiligne,,70,normale,,Sur chaussée,Conducteur,1,M,42-43,Promenade - loisirs,Casque,Oui,1,1,12 - décembre,5 - samedi,Paris 4e  Arrondissement
,201600003165,2016-12-09,86,18,86177,0,0,Giratoire,Deux véhicules - par le coté,Nuit avec éclairage public allumé,Normale,Route Départementale,,2,Plat,Partie rectiligne,,,normale,,Sur chaussée,Conducteur,2,M,71-72,Domicile - école,Equipement réfléchissant,Non déterminable,1,1,12 - décembre,4 - vendredi,Neuville-de-Poitou
,201600013126,2016-12-09,11,18,11037,43.20926,2.42002,Hors intersection,Deux véhicules - frontale,Crépuscule ou aube,Normale,Route Départementale,,2,Plat,En courbe à gauche,,35,normale,,Sur chaussée,Conducteur,1,M,52-53,Domicile - travail,Casque,Oui,1,,12 - décembre,4 - vendredi,Berriac
,201600020841,2016-12-09,22,14,22113,48.73803,-3.45661,Hors intersection,Aucune,Plein jour,Normale,Voie Communale,,2,Pente,Partie rectiligne,,80,normale,,Sur piste cyclable,Conducteur,3,M,62-63,Promenade - loisirs,Autre,Non,,1,12 - décembre,4 - vendredi,Lannion
,201600022555,2016-12-09,23,15,23245,46.17076,1.83684,Hors intersection,Aucune,Plein jour,Normale,Route Départementale,,2,Pente,Partie rectiligne,,,mouillée,,Sur chaussée,Conducteur,2,M,70-71,Promenade - loisirs,Casque,Oui,,,12 - décembre,4 - vendredi,Saint-Sulpice-le-Guérétois
,201600024427,2016-12-09,33,18,33162,44.8781,-0.64444,Hors intersection,Deux véhicules - par le coté,Nuit avec éclairage public allumé,Normale,Voie Communale,,2,Plat,Partie rectiligne,,,normale,,Sur chaussée,Conducteur,1,M,7-8,,Autre,Non déterminable,1,1,12 - décembre,4 - vendredi,Eysines
,201600027824,2016-12-09,49,13,49007,47.47824,-0.59851,Hors intersection,Autre,Plein jour,Normale,Voie Communale,,2,Plat,Partie rectiligne,,,normale,,Sur chaussée,Conducteur,1,M,39-40,Domicile - travail,Autre,Non déterminable,1,1,12 - décembre,4 - vendredi,Angers
,201600029022,2016-12-09,54,7,54395,48.68476,6.17369,Intersection en T,Deux véhicules - par le coté,Plein jour,Normale,Voie Communale,,2,Plat,Partie rectiligne,,,normale,,Sur chaussée,Conducteur,1,M,14-15,Domicile - école,Autre,Non déterminable,1,1,12 - décembre,4 - vendredi,Nancy
,201600034608,2016-12-09,78,8,78490,0,0,Giratoire,Deux véhicules - par le coté,Plein jour,Normale,Route Départementale,,,Plat,Partie rectiligne,,,normale,Carrefour aménagé,Sur chaussée,Conducteur,2,M,54-55,Domicile - travail,Autre,Non déterminable,1,1,12 - décembre,4 - vendredi,Plaisir
,201600035007,2016-12-09,80,14,80021,49.90066,2.28214,Hors intersection,Deux véhicules - par l’arrière,Plein jour,Normale,Voie Communale,,2,Plat,Partie rectiligne,,,normale,,Sur chaussée,Conducteur,1,M,32-33,Utilisation professionnelle,Autre,Oui,1,1,12 - décembre,4 - vendredi,Amiens
,201600036709,2016-12-09,91,9,91201,48.68646,2.40416,Intersection en Y,Deux véhicules - par le coté,Plein jour,Normale,Route Départementale,,3,Pente,Partie rectiligne,,,normale,,Sur chaussée,Conducteur,1,M,28-29,,Casque,Oui,1,1,12 - décembre,4 - vendredi,Draveil
,201600036902,2016-12-09,91,18,91689,48.72713,2.32282,Hors intersection,Deux véhicules - frontale,Nuit sans éclairage public,Normale,Route Départementale,,2,Plat,Partie rectiligne,,,normale,,Sur chaussée,Conducteur,2,M,52-53,Domicile - travail,Casque,Non déterminable,1,,12 - décembre,4 - vendredi,Wissous
,201600054761,2016-12-09,75,15,75115,48.8436,2.29323,Hors intersection,Autre,Plein jour,Normale,Voie Communale,,2,Plat,Partie rectiligne,,60,normale,,Sur chaussée,Conducteur,0,M,53-54,Promenade - loisirs,Casque,Non déterminable,,1,12 - décembre,4 - vendredi,Paris 15e  Arrondissement
,201600056086,2016-12-09,75,18,75118,48.8825,2.33762,Hors intersection,Autre,Nuit avec éclairage public allumé,Normale,Voie Communale,,,Plat,Partie rectiligne,,80,normale,,Sur piste cyclable,Conducteur,0,M,28-29,Autre,Casque,Non déterminable,,1,12 - décembre,4 - vendredi,Paris 18e  Arrondissement
,201600006980,2016-12-08,51,16,51009,48.58522,3.81897,Intersection en T,Deux véhicules - par le coté,Crépuscule ou aube,Normale,Route Départementale,,2,Plat,Partie rectiligne,,62,normale,Carrefour aménagé,Sur chaussée,Conducteur,2,M,57-58,Promenade - loisirs,Autre,Non déterminable,1,1,12 - décembre,3 - jeudi,Anglure
,201600007746,2016-12-08,4,14,4112,43.8104,5.81168,Hors intersection,Deux véhicules - par le coté,Plein jour,Normale,Route Départementale,,2,Plat,,35,70,normale,Carrefour aménagé,,Conducteur,2,M,75-76,,Casque,Oui,1,,12 - décembre,3 - jeudi,Manosque
,201600009978,2016-12-08,28,16,28034,0,0,Intersection en X,Deux véhicules - par le coté,Plein jour,Normale,Route Départementale,,2,,Partie rectiligne,,54,normale,,Sur chaussée,Conducteur,1,M,67-68,Promenade - loisirs,Casque,Oui,1,1,12 - décembre,3 - jeudi,Berchères-Saint-Germain
,201600020158,2016-12-08,17,18,17415,45.74104,-0.62234,Giratoire,Deux véhicules - par le coté,Nuit avec éclairage public allumé,Normale,Voie Communale,,2,Plat,En courbe à gauche,,30,normale,Carrefour aménagé,Sur chaussée,Conducteur,1,M,13-14,Promenade - loisirs,Autre,Oui,1,1,12 - décembre,3 - jeudi,Saintes
,201600020396,2016-12-08,18,7,18033,0,0,Giratoire,Autre,Nuit avec éclairage public allumé,Normale,Voie Communale,,2,Plat,En courbe à gauche,,61,normale,,Sur chaussée,Conducteur,2,M,53-54,Domicile - travail,Casque,Oui,,1,12 - décembre,3 - jeudi,Bourges
,201600025600,2016-12-08,36,19,36159,46.7963,1.72951,Hors intersection,Deux véhicules - par le coté,Nuit sans éclairage public,Normale,Voie Communale,,2,Plat,Partie rectiligne,,,normale,,Sur chaussée,Conducteur,1,M,29-30,Courses - achats,Casque,Non,1,,12 - décembre,3 - jeudi,Poinçonnet
,201600027820,2016-12-08,49,17,49007,47.47015,-0.55021,Hors intersection,Autre,Plein jour,Normale,Voie Communale,,2,Plat,Partie rectiligne,,60,normale,,Sur chaussée,Conducteur,1,F,24-25,Domicile - travail,Casque,Non déterminable,,1,12 - décembre,3 - jeudi,Angers
,201600027820,2016-12-08,49,17,49007,47.47015,-0.55021,Hors intersection,Autre,Plein jour,Normale,Voie Communale,,2,Plat,Partie rectiligne,,60,normale,,Sur chaussée,Piéton,0,F,47-48,Promenade - loisirs,,,,1,12 - décembre,3 - jeudi,Angers
,201600027915,2016-12-08,49,20,49328,47.25201,-0.08734,Giratoire,Deux véhicules - par le coté,Nuit avec éclairage public allumé,Normale,Voie Communale,,,Plat,En courbe à gauche,,,normale,,Sur chaussée,Conducteur,1,M,19-20,Domicile - travail,Casque,Oui,1,1,12 - décembre,3 - jeudi,Saumur
,201600029867,2016-12-08,59,14,59017,0,0,Intersection en T,Deux véhicules - par le coté,Plein jour,Normale,Route Départementale,,2,Plat,Partie rectiligne,,67,normale,,Sur chaussée,Conducteur,2,M,81-82,Promenade - loisirs,Equipement réfléchissant,Non déterminable,1,1,12 - décembre,3 - jeudi,Armentières
,201600051431,2016-12-08,75,21,75103,48.861,2.35411,Hors intersection,Deux véhicules - frontale,Nuit avec éclairage public allumé,Normale,Voie Communale,,2,Plat,Partie rectiligne,,41,normale,,Sur piste cyclable,Conducteur,1,M,22-23,Utilisation professionnelle,Casque,Non déterminable,1,1,12 - décembre,3 - jeudi,Paris 3e  Arrondissement
,201600051431,2016-12-08,75,21,75103,48.861,2.35411,Hors intersection,Deux véhicules - frontale,Nuit avec éclairage public allumé,Normale,Voie Communale,,2,Plat,Partie rectiligne,,41,normale,,Sur piste cyclable,Conducteur,1,M,30-31,Promenade - loisirs,Casque,Non déterminable,1,1,12 - décembre,3 - jeudi,Paris 3e  Arrondissement
,201600053715,2016-12-08,75,12,75112,48.8324,2.40395,Intersection en Y,Deux véhicules - par le coté,Plein jour,Normale,Voie Communale,,3,Plat,Partie rectiligne,,90,normale,,Sur chaussée,Conducteur,1,M,26-27,Utilisation professionnelle,Casque,Non déterminable,1,1,12 - décembre,3 - jeudi,Paris 12e  Arrondissement
,201600054098,2016-12-08,75,19,75113,48.8262,2.35988,Intersection à plus de 4 branches,Deux véhicules - par le coté,Nuit avec éclairage public allumé,Normale,Voie Communale,,1,Plat,Partie rectiligne,,50,normale,,Sur chaussée,Conducteur,1,M,46-47,,Casque,Non déterminable,1,1,12 - décembre,3 - jeudi,Paris 13e  Arrondissement
,201600056084,2016-12-08,75,16,75118,48.9004,2.34411,Hors intersection,Deux véhicules - par le coté,Plein jour,Normale,Voie Communale,,1,Plat,Partie rectiligne,,,normale,,Sur chaussée,Conducteur,1,M,28-29,,Casque,Non déterminable,1,1,12 - décembre,3 - jeudi,Paris 18e  Arrondissement
,201600002250,2016-12-07,72,17,72329,0,0,Giratoire,Deux véhicules - par le coté,Crépuscule ou aube,Normale,Route Départementale,,2,Plat,Partie rectiligne,,,normale,Carrefour aménagé,Sur chaussée,Conducteur,2,M,61-62,Promenade - loisirs,Equipement réfléchissant,Non,1,1,12 - décembre,2 - mercredi,'Savigné-l''Évêque'
,201600003104,2016-12-07,64,10,64504,43.305,-1.566,Hors intersection,Deux véhicules - frontale,Plein jour,Normale,Voie Communale,,,Pente,En courbe à gauche,,50,normale,,Sur chaussée,Conducteur,2,F,52-53,Promenade - loisirs,Casque,Oui,1,,12 - décembre,2 - mercredi,Sare
,201600019234,2016-12-07,79,16,79179,0,0,Intersection en T,Deux véhicules - par le coté,Plein jour,Normale,Route Départementale,,2,,En courbe à droite,,,normale,Carrefour aménagé,Sur chaussée,Conducteur,2,F,66-67,Promenade - loisirs,Casque,Oui,1,,12 - décembre,2 - mercredi,Moncoutant
,201600020946,2016-12-07,22,18,22187,48.55161,-2.80095,Hors intersection,Deux véhicules - frontale,Nuit sans éclairage public,Normale,Route Départementale,,4,Pente,En courbe à gauche,11,122,normale,,Sur piste cyclable,Conducteur,3,M,38-39,Courses - achats,Casque,Oui,1,,12 - décembre,2 - mercredi,Plérin
,201600020964,2016-12-07,24,16,24037,44.8635,0.452,Hors intersection,Autre,Plein jour,Normale,Route Départementale,,2,Plat,En courbe à gauche,,74,normale,,Sur bande d’arrêt d’urgence,Conducteur,3,M,81-82,Promenade - loisirs,Casque,Oui,1,,12 - décembre,2 - mercredi,Bergerac
,201600026822,2016-12-07,44,9,44109,47.23847,-1.52672,Hors intersection,Deux véhicules - par le coté,Plein jour,Temps éblouissant,Voie Communale,,,Pente,,,,normale,,,Conducteur,1,M,27-28,,Casque,Oui,1,1,12 - décembre,2 - mercredi,Nantes
,201600029378,2016-12-07,56,8,56121,47.74727,-3.37643,Giratoire,Deux véhicules - par le coté,Crépuscule ou aube,Brouillard - fumée,Voie Communale,,2,Plat,Partie rectiligne,,,mouillée,,Sur chaussée,Conducteur,1,F,11-12,Domicile - école,Casque,Oui,1,1,12 - décembre,2 - mercredi,Lorient
,201600032724,2016-12-07,67,8,67482,48.57462,7.74981,Intersection en X,Deux véhicules - par le coté,Plein jour,Normale,Voie Communale,,5,Plat,Partie rectiligne,,,normale,,Sur chaussée,Conducteur,1,M,19-20,Domicile - école,Autre,Non déterminable,1,1,12 - décembre,2 - mercredi,Strasbourg
,201600036985,2016-12-07,91,7,91421,48.70418,2.44686,Hors intersection,Deux véhicules - par l’arrière,Plein jour,Normale,Voie Communale,,2,Pente,Partie rectiligne,,100,normale,,Sur chaussée,Conducteur,2,M,66-67,,Casque,Oui,1,1,12 - décembre,2 - mercredi,Montgeron
,201600049599,2016-12-07,69,13,69383,0,0,Hors intersection,Deux véhicules - par le coté,Plein jour,Normale,Voie Communale,,,Plat,Partie rectiligne,,,normale,,,Conducteur,2,M,37-38,Autre,Casque,Oui,1,1,12 - décembre,2 - mercredi,Lyon 3e  Arrondissement
,201600051953,2016-12-07,75,16,75106,48.8502,2.32409,Intersection en T,Deux véhicules - par le coté,Crépuscule ou aube,Normale,Voie Communale,,2,Plat,Partie rectiligne,,100,normale,,Sur chaussée,Conducteur,1,M,31-32,Utilisation professionnelle,Casque,Non déterminable,1,1,12 - décembre,2 - mercredi,Paris 6e  Arrondissement
,201600052549,2016-12-07,75,23,75108,48.8756,2.32657,Place,Deux véhicules - par le coté,Nuit avec éclairage public allumé,Normale,Voie Communale,,3,Plat,Partie rectiligne,,75,normale,Carrefour aménagé,Sur chaussée,Conducteur,1,M,52-53,,Casque,Non déterminable,1,1,12 - décembre,2 - mercredi,Paris 8e  Arrondissement
,201600053714,2016-12-07,75,17,75112,48.8445,2.38105,Intersection en X,Deux véhicules - par le coté,Nuit avec éclairage public allumé,Normale,Voie Communale,,2,Plat,Partie rectiligne,,120,normale,,Sur chaussée,Conducteur,1,M,12-13,Promenade - loisirs,Casque,Oui,1,1,12 - décembre,2 - mercredi,Paris 12e  Arrondissement
,201600056702,2016-12-07,75,9,75120,48.8535,2.4106,Intersection en X,Autre,Plein jour,Normale,Voie Communale,,1,Plat,Partie rectiligne,,,normale,,Sur chaussée,Conducteur,0,M,20-21,Domicile - école,Casque,Non déterminable,,1,12 - décembre,2 - mercredi,Paris 20e  Arrondissement
,201600058898,2016-12-07,973,12,97302,0,0,Hors intersection,Deux véhicules - par l’arrière,Plein jour,Normale,Route Départementale,,2,Plat,Partie rectiligne,60,60,normale,,Sur chaussée,Conducteur,1,M,12-13,Autre,Autre,Oui,1,1,12 - décembre,2 - mercredi,Cayenne
,201600002802,2016-12-06,24,10,24068,44.8257,0.88823,Hors intersection,Autre,Plein jour,Normale,Route Départementale,,2,,Partie rectiligne,,6,,Carrefour aménagé,Sur chaussée,Conducteur,2,M,51-52,Promenade - loisirs,Casque,Oui,1,,12 - décembre,1 - mardi,Buisson-de-Cadouin
,201600004118,2016-12-06,65,13,65098,43.0055,-0.08091,Hors intersection,Deux véhicules - frontale,Plein jour,Normale,Route Départementale,,,,Partie rectiligne,32,,normale,,Sur chaussée,Conducteur,1,M,52-53,Promenade - loisirs,Casque,Oui,1,,12 - décembre,1 - mardi,Boô-Silhen
,201600005867,2016-12-06,15,14,15196,0,0,Hors intersection,Deux véhicules - par le coté,Plein jour,Temps éblouissant,Route Nationale,,,,Partie rectiligne,,,normale,,Sur chaussée,Conducteur,1,M,64-65,Promenade - loisirs,Casque,Oui,1,,12 - décembre,1 - mardi,Saint-Mamet-la-Salvetat
,201600016682,2016-12-06,14,11,14301,49.10968,-0.16588,Hors intersection,Autre,Plein jour,Normale,Route Départementale,,3,Plat,Partie rectiligne,,,,,Sur chaussée,Conducteur,2,M,59-60,,Equipement réfléchissant,Oui,1,,12 - décembre,1 - mardi,Giberville
,201600020229,2016-12-06,41,17,41279,47.7193,0.64864,Hors intersection,Deux véhicules - par le coté,Nuit avec éclairage public allumé,Normale,Route Départementale,,2,Bas de côte,Partie rectiligne,,55,normale,,Sur chaussée,Conducteur,2,F,6-7,Promenade - loisirs,Casque,Non,1,1,12 - décembre,1 - mardi,Villedieu-le-Château
,201600021959,2016-12-06,29,7,29019,48.38689,-4.47085,Giratoire,Autre,Nuit avec éclairage public allumé,Normale,Route Départementale,,2,Plat,En courbe à droite,,,,Carrefour aménagé,Sur chaussée,Conducteur,1,M,49-50,Domicile - travail,Casque,Oui,1,1,12 - décembre,1 - mardi,Brest
,201600023279,2016-12-06,31,14,31555,43.59245,1.44281,Hors intersection,Deux véhicules - frontale,Plein jour,Normale,Voie Communale,,2,Plat,Partie rectiligne,,,normale,,Sur chaussée,Conducteur,2,M,13-14,,Casque,Non,1,1,12 - décembre,1 - mardi,Toulouse
,201600024393,2016-12-06,33,7,33063,44.82967,-0.59567,Hors intersection,Deux véhicules - par le coté,Crépuscule ou aube,Normale,Voie Communale,,7,Pente,Partie rectiligne,,,mouillée,,Sur chaussée,Conducteur,1,M,26-27,Domicile - travail,Casque,Non déterminable,1,1,12 - décembre,1 - mardi,Bordeaux
,201600025468,2016-12-06,35,18,35238,48.10738,-1.67774,Intersection en T,Autre,Nuit avec éclairage public allumé,Normale,Voie Communale,,1,Plat,Partie rectiligne,,,normale,,Sur chaussée,Conducteur,2,M,63-64,Domicile - travail,Casque,Oui,,1,12 - décembre,1 - mardi,Rennes
,201600027190,2016-12-06,44,7,44184,47.26216,-2.25475,Hors intersection,Aucune,Nuit avec éclairage public allumé,Normale,Voie Communale,,,Plat,Partie rectiligne,,,mouillée,,Sur chaussée,Conducteur,1,M,13-14,Domicile - école,Casque,Oui,,1,12 - décembre,1 - mardi,Saint-Nazaire
,201600031900,2016-12-06,64,11,64483,43.38469,-1.6613,Hors intersection,Deux véhicules - frontale,Plein jour,Normale,Voie Communale,,1,Plat,Partie rectiligne,,,normale,,Sur chaussée,Conducteur,2,M,78-79,,Autre,Oui,1,1,12 - décembre,1 - mardi,Saint-Jean-de-Luz
,201600032722,2016-12-06,67,9,67482,48.58953,7.75159,Intersection à plus de 4 branches,Deux véhicules - par le coté,Plein jour,Normale,Voie Communale,,3,Plat,Partie rectiligne,,120,normale,,Sur chaussée,Conducteur,2,F,37-38,Domicile - travail,Equipement réfléchissant,Oui,1,1,12 - décembre,1 - mardi,Strasbourg