test,identifiantAccident,date,departement,heure,commune,lat,lon,typeIntersection,typeCollision,luminosite,conditionsAtmosperiques,typeRoute,circulation,nbVoies,profilLongRoute,tracePlanRoute,largeurTPC,largeurRoute,etatSurface,amenagement,situation,categorieUsager,graviteAccident,sexe,age,motifDeplacement,existenceSecurite,usageSecurite,nombreAutresVehicules,enAgglomeration,mois,jour,NCCENR
,201600035004,2016-12-06,80,18,80021,49.908,2.26449,Intersection en T,Deux véhicules - par le coté,Nuit avec éclairage public allumé,Normale,Route Départementale,,1,,,,,,,Sur chaussée,Conducteur,1,M,36-37,Promenade - loisirs,Casque,Oui,1,1,12 - décembre,1 - mardi,Amiens
,201600041120,2016-12-06,93,19,93053,0,0,Intersection en Y,Deux véhicules - par le coté,Nuit avec éclairage public allumé,Normale,Route Départementale,,1,Pente,Partie rectiligne,,,normale,Bretelle d’échangeur ou de raccordement,Sur chaussée,Conducteur,2,F,24-25,Domicile - travail,Casque,Oui,1,1,12 - décembre,1 - mardi,Noisy-le-Sec
,201600053712,2016-12-06,75,8,75112,48.8507,2.37019,Hors intersection,Aucune,Plein jour,Normale,Voie Communale,,4,Plat,Partie rectiligne,,120,normale,,Sur piste cyclable,Conducteur,1,F,40-41,Promenade - loisirs,Casque,Non déterminable,,1,12 - décembre,1 - mardi,Paris 12e  Arrondissement
,201600055698,2016-12-06,75,11,75117,48.883,2.32416,Intersection à plus de 4 branches,Deux véhicules - par le coté,Plein jour,Normale,Voie Communale,,2,Plat,Partie rectiligne,,,normale,,Sur chaussée,Conducteur,1,F,47-48,Domicile - travail,Casque,Non déterminable,1,1,12 - décembre,1 - mardi,Paris 17e  Arrondissement
,201600002176,2016-12-05,53,8,53084,47.84504,-0.96455,Giratoire,Deux véhicules - par le coté,Plein jour,Normale,Route Départementale,,2,Plat,En courbe à gauche,,50,normale,,Sur chaussée,Conducteur,2,F,47-48,Domicile - travail,Casque,Non,1,1,12 - décembre,0 - lundi,Craon
,201600018729,2016-12-05,89,18,89015,47.61556,3.75387,Hors intersection,Deux véhicules - par l’arrière,Nuit sans éclairage public,Normale,Route Départementale,,2,Plat,Partie rectiligne,,80,normale,,Sur chaussée,Conducteur,3,M,54-55,Promenade - loisirs,Equipement réfléchissant,Non,1,,12 - décembre,0 - lundi,Arcy-sur-Cure
,201600021630,2016-12-05,42,9,42176,46.04495,3.98338,Hors intersection,Deux véhicules - frontale,Plein jour,Normale,Route Départementale,,2,Plat,En courbe à droite,,72,normale,,Sur piste cyclable,Conducteur,2,M,51-52,Promenade - loisirs,Casque,Oui,1,1,12 - décembre,0 - lundi,Pouilly-les-Nonains
,201600027810,2016-12-05,49,11,49007,47.47492,-0.53586,Hors intersection,Autre,Plein jour,Normale,Voie Communale,,2,Plat,Partie rectiligne,,58,normale,,Sur chaussée,Conducteur,1,F,28-29,Promenade - loisirs,Casque,Non déterminable,1,1,12 - décembre,0 - lundi,Angers
,201600028095,2016-12-05,50,14,50129,49.6291,-1.64111,Intersection en X,Deux véhicules - frontale,Plein jour,Normale,Route Départementale,,2,Plat,Partie rectiligne,,,normale,,Sur chaussée,Conducteur,2,M,45-46,Domicile - travail,Casque,Non,1,1,12 - décembre,0 - lundi,Cherbourg-en-Cotentin
,201600029891,2016-12-05,59,10,59205,0,0,Intersection en T,Deux véhicules - par l’arrière,Plein jour,Normale,Voie Communale,Avec voies d’affectation variable,,,,,,,,,Conducteur,1,M,31-32,,Casque,Non,1,1,12 - décembre,0 - lundi,Escaudain
,201600032769,2016-12-05,68,8,68066,48.0832,7.35,Intersection en T,Deux véhicules - par le coté,Plein jour,Normale,Voie Communale,,2,Pente,Partie rectiligne,,,normale,,Sur piste cyclable,Conducteur,2,M,61-62,Courses - achats,Autre,Oui,1,1,12 - décembre,0 - lundi,Colmar
,201600042261,2016-12-05,94,18,94018,0,0,Hors intersection,Deux véhicules - par le coté,Nuit avec éclairage public allumé,Normale,Voie Communale,,2,Pente,Partie rectiligne,,,normale,,Sur chaussée,Conducteur,1,M,49-50,,Casque,Oui,1,1,12 - décembre,0 - lundi,Charenton-le-Pont
,201600056382,2016-12-05,75,15,75119,48.8955,2.38316,Hors intersection,Autre,Plein jour,Normale,Voie Communale,,,Pente,Partie rectiligne,,,normale,Zone piétonne,Sur piste cyclable,Conducteur,0,M,23-24,Domicile - travail,Casque,Non déterminable,,1,12 - décembre,0 - lundi,Paris 19e  Arrondissement
,201600008253,2016-12-04,6,9,6011,43.70239,7.32917,Hors intersection,Aucune,Plein jour,Normale,Route Départementale,,2,Pente,En courbe à gauche,65,,normale,,Sur trottoir,Conducteur,2,M,19-20,Promenade - loisirs,Casque,Oui,,1,12 - décembre,6 - dimanche,Beaulieu-sur-Mer
,201600017787,2016-12-04,14,17,14220,0,0,Intersection en T,Deux véhicules - par le coté,Nuit avec éclairage public allumé,Normale,Voie Communale,,2,Plat,Partie rectiligne,,,normale,,Sur chaussée,Conducteur,1,M,44-45,Promenade - loisirs,Casque,Oui,1,1,12 - décembre,6 - dimanche,Deauville
,201600035452,2016-12-04,83,16,83144,43.13785,6.01563,Hors intersection,Deux véhicules - par le coté,Plein jour,Normale,Voie Communale,,2,Pente,Partie rectiligne,,70,normale,,Sur chaussée,Conducteur,1,M,7-8,,Autre,Oui,1,1,12 - décembre,6 - dimanche,Valette-du-Var
,201600036799,2016-12-04,91,23,91223,48.43271,2.15117,Hors intersection,Aucune,Nuit avec éclairage public allumé,Normale,Voie Communale,,2,Plat,Partie rectiligne,,,normale,,Sur chaussée,Conducteur,2,M,38-39,,Casque,Oui,,1,12 - décembre,6 - dimanche,Étampes
,201600038050,2016-12-04,92,12,92025,0,0,Hors intersection,Deux véhicules - par le coté,Plein jour,Normale,Route Départementale,,2,Plat,Partie rectiligne,,,normale,,Sur piste cyclable,Conducteur,1,F,33-34,Promenade - loisirs,Casque,Oui,1,1,12 - décembre,6 - dimanche,Colombes
,201600039499,2016-12-04,92,10,92075,0,0,Giratoire,Deux véhicules - par le coté,Plein jour,Normale,Voie Communale,,1,Plat,En courbe à gauche,,,normale,,Sur chaussée,Conducteur,1,M,48-49,Promenade - loisirs,Casque,Non,1,1,12 - décembre,6 - dimanche,Vanves
,201600039901,2016-12-04,93,18,93007,0,0,Intersection en X,Deux véhicules - par le coté,Nuit avec éclairage public allumé,Normale,Route Départementale,,2,Plat,Partie rectiligne,,,normale,Carrefour aménagé,Sur chaussée,Conducteur,2,M,5-6,Promenade - loisirs,Autre,Non déterminable,1,1,12 - décembre,6 - dimanche,Blanc-Mesnil
,201600013214,2016-12-03,11,8,11262,43.18154,3.02985,Giratoire,Deux véhicules - par le coté,Plein jour,Normale,Voie Communale,,2,Plat,Partie rectiligne,,,normale,,,Conducteur,1,M,52-53,Promenade - loisirs,Casque,Oui,1,1,12 - décembre,5 - samedi,Narbonne
,201600018271,2016-12-03,44,16,44120,47.19041,-1.76865,Hors intersection,Deux véhicules - par l’arrière,Plein jour,Temps éblouissant,Route Départementale,,2,Plat,Partie rectiligne,,60,normale,,Sur chaussée,Conducteur,2,M,48-49,Promenade - loisirs,Casque,Oui,1,,12 - décembre,5 - samedi,Pellerin
,201600018738,2016-12-03,89,18,89306,47.49191,3.87948,Hors intersection,Deux véhicules - par le coté,Nuit sans éclairage public,Normale,Route Départementale,,,Plat,Partie rectiligne,,,normale,,Sur accotement,Conducteur,2,M,36-37,Domicile - travail,Equipement réfléchissant,Non,1,,12 - décembre,5 - samedi,Pontaubert
,201600020939,2016-12-03,22,10,22106,48.49836,-2.72326,Giratoire,Deux véhicules - par le coté,Plein jour,Normale,Route Départementale,,2,Plat,Partie rectiligne,,,normale,Carrefour aménagé,Sur chaussée,Conducteur,2,M,58-59,Promenade - loisirs,Casque,Non déterminable,1,1,12 - décembre,5 - samedi,Langueux
,201600024382,2016-12-03,33,23,33063,44.85939,-0.55483,Hors intersection,Deux véhicules - par le coté,Nuit avec éclairage public allumé,Normale,Voie Communale,,6,Plat,Partie rectiligne,,,normale,,Sur chaussée,Conducteur,2,M,32-33,,Casque,Non déterminable,1,1,12 - décembre,5 - samedi,Bordeaux
,201600032806,2016-12-03,68,15,68066,0,0,Intersection en T,Deux véhicules - par le coté,Plein jour,Normale,Voie Communale,,2,Plat,En courbe à droite,,87,normale,,Sur piste cyclable,Conducteur,2,M,13-14,,Autre,Non déterminable,1,1,12 - décembre,5 - samedi,Colmar
,201600035002,2016-12-03,80,,80021,49.89399,2.29295,Intersection en X,Deux véhicules - par le coté,Nuit avec éclairage public allumé,Normale,Voie Communale,,2,Plat,Partie rectiligne,,,normale,,Sur chaussée,Conducteur,2,M,21-22,,Autre,Non,1,1,12 - décembre,5 - samedi,Amiens
,201600036219,2016-12-03,87,19,87085,45.8248,1.2758,Intersection en Y,Autre,Nuit avec éclairage public allumé,Normale,Route Départementale,,3,Plat,Partie rectiligne,,90,normale,,Sur chaussée,Conducteur,1,F,54-55,Domicile - travail,Equipement réfléchissant,Oui,1,1,12 - décembre,5 - samedi,Limoges
,201600038049,2016-12-03,92,20,92025,0,0,Hors intersection,Deux véhicules - par le coté,Nuit avec éclairage public allumé,Normale,Route Départementale,,3,Plat,Partie rectiligne,,,normale,,Sur chaussée,Conducteur,1,F,9-10,Domicile - école,Autre,Non déterminable,1,1,12 - décembre,5 - samedi,Colombes
,201600051428,2016-12-03,75,19,75102,48.8644,2.34667,Intersection en X,Autre,Nuit avec éclairage public allumé,Normale,Voie Communale,,3,Plat,Partie rectiligne,,100,normale,,Sur chaussée,Conducteur,1,M,19-20,Utilisation professionnelle,Casque,Non déterminable,2,1,12 - décembre,5 - samedi,Paris 2e  Arrondissement
,201600058017,2016-12-03,973,21,97309,0,0,Hors intersection,Aucune,Nuit avec éclairage public allumé,Normale,Voie Communale,,2,Plat,Partie rectiligne,,80,normale,,Sur chaussée,Conducteur,1,M,35-36,Promenade - loisirs,Ceinture,,,1,12 - décembre,5 - samedi,Remire-Montjoly
,201600009509,2016-12-02,78,18,78389,0,0,Hors intersection,Deux véhicules - par l’arrière,Nuit avec éclairage public non allumé,Normale,Route Départementale,,,,,,,,,,Conducteur,2,M,34-35,,Casque,Non,1,1,12 - décembre,4 - vendredi,Méré
,201600017128,2016-12-02,4,14,4208,43.9564,5.56839,Hors intersection,Deux véhicules - frontale,Plein jour,Normale,Route Départementale,,2,Pente,Partie rectiligne,,69,normale,,Sur chaussée,Conducteur,2,M,39-40,Promenade - loisirs,Casque,Oui,1,,12 - décembre,4 - vendredi,Simiane-la-Rotonde
,201600031425,2016-12-02,64,18,64102,43.49718,-1.48286,Hors intersection,Deux véhicules - par le coté,Nuit avec éclairage public allumé,Normale,Voie Communale,,2,Pente,Partie rectiligne,,30,normale,,Sur piste cyclable,Conducteur,0,M,33-34,Courses - achats,Casque,Non,1,1,12 - décembre,4 - vendredi,Bayonne
,201600031425,2016-12-02,64,18,64102,43.49718,-1.48286,Hors intersection,Deux véhicules - par le coté,Nuit avec éclairage public allumé,Normale,Voie Communale,,2,Pente,Partie rectiligne,,30,normale,,Sur piste cyclable,Conducteur,2,M,39-40,Domicile - travail,Casque,Oui,1,1,12 - décembre,4 - vendredi,Bayonne
,201600032716,2016-12-02,67,13,67447,48.6095,7.7559,Hors intersection,Autre,Plein jour,Normale,Voie Communale,,2,Plat,Partie rectiligne,,66,normale,,Sur chaussée,Conducteur,1,F,46-47,,Equipement réfléchissant,Oui,1,1,12 - décembre,4 - vendredi,Schiltigheim
,201600035677,2016-12-02,86,10,86066,46.84856,0.54751,Hors intersection,Deux véhicules - par le coté,Plein jour,Normale,Voie Communale,,2,Plat,Partie rectiligne,,,normale,,Sur chaussée,Conducteur,1,M,48-49,Domicile - travail,Casque,Oui,1,1,12 - décembre,4 - vendredi,Châtellerault
,201600039828,2016-12-02,93,17,93005,0,0,Hors intersection,Deux véhicules - frontale,Nuit avec éclairage public allumé,Normale,Voie Communale,,1,Plat,Partie rectiligne,,,normale,,Sur chaussée,Conducteur,1,M,42-43,,Autre,Non déterminable,1,1,12 - décembre,4 - vendredi,Aulnay-sous-Bois
,201600053708,2016-12-02,75,18,75112,48.8501,2.3843,Intersection à plus de 4 branches,Autre,Plein jour,Normale,Voie Communale,,2,Plat,Partie rectiligne,,60,normale,,Sur chaussée,Conducteur,0,M,35-36,Domicile - travail,Casque,Non déterminable,,1,12 - décembre,4 - vendredi,Paris 12e  Arrondissement
,201600058183,2016-12-02,971,16,97105,0,0,Hors intersection,Deux véhicules - frontale,Plein jour,Normale,Voie Communale,,1,Pente,,,54,normale,,Sur chaussée,Conducteur,1,M,16-17,Promenade - loisirs,Casque,Non,1,1,12 - décembre,4 - vendredi,Basse-Terre
,201600006811,2016-12-01,68,13,68082,0,0,Giratoire,Deux véhicules - frontale,Plein jour,Normale,Voie Communale,,,Plat,,30,,normale,Carrefour aménagé,Sur chaussée,Conducteur,3,M,73-74,Promenade - loisirs,Casque,Non,1,1,12 - décembre,3 - jeudi,Ensisheim
,201600017653,2016-12-01,14,15,14111,49.218,-0.655,Hors intersection,Deux véhicules - par l’arrière,Plein jour,Normale,Route Départementale,,2,Pente,Partie rectiligne,,70,normale,,Sur chaussée,Conducteur,1,M,50-51,Promenade - loisirs,Ceinture,,1,,12 - décembre,3 - jeudi,Bucéels
,201600018129,2016-12-01,31,17,31481,43.48838,1.14773,Intersection en T,Deux véhicules - par le coté,Plein jour,Normale,Route Départementale,,2,Bas de côte,,6,510,normale,,,Conducteur,2,M,57-58,Promenade - loisirs,Casque,Non,1,,12 - décembre,3 - jeudi,Sainte-Foy-de-Peyrolières
,201600020787,2016-12-01,21,12,21355,47.30026,5.05185,Intersection en Y,Deux véhicules - frontale,Plein jour,Normale,Voie Communale,,,Plat,Partie rectiligne,,,,,Sur chaussée,Conducteur,2,F,43-44,Domicile - travail,Casque,Non déterminable,1,1,12 - décembre,3 - jeudi,Longvic
,201600023264,2016-12-01,31,18,31555,43.57329,1.41909,Hors intersection,Deux véhicules - par le coté,Nuit avec éclairage public allumé,Normale,Voie Communale,,2,Plat,Partie rectiligne,,,normale,,Sur chaussée,Conducteur,1,F,46-47,Promenade - loisirs,Autre,Non,1,1,12 - décembre,3 - jeudi,Toulouse
,201600026225,2016-12-01,38,7,38185,45.17052,5.72754,Intersection en X,Deux véhicules - par le coté,Plein jour,Normale,Route Départementale,,3,,,,,,,Sur chaussée,Conducteur,1,M,22-23,,Equipement réfléchissant,Non,1,1,12 - décembre,3 - jeudi,Grenoble
,201600026846,2016-12-01,44,17,44109,47.20496,-1.5382,Hors intersection,Autre,Nuit avec éclairage public allumé,Normale,Voie Communale,,,Plat,Partie rectiligne,,,normale,,Sur chaussée,Conducteur,1,F,41-42,,Casque,Oui,1,1,12 - décembre,3 - jeudi,Nantes
,201600027797,2016-12-01,49,9,49007,47.47712,-0.59896,Giratoire,Deux véhicules - par le coté,Plein jour,Normale,Voie Communale,,2,Plat,Partie rectiligne,,70,normale,,Sur chaussée,Conducteur,1,M,18-19,Domicile - école,Casque,Non déterminable,1,1,12 - décembre,3 - jeudi,Angers
,201600029372,2016-12-01,56,11,56121,47.74756,-3.36519,Hors intersection,Autre,Plein jour,Normale,Voie Communale,,2,Pente,Partie rectiligne,,,normale,,Sur chaussée,Conducteur,0,M,17-18,Promenade - loisirs,Casque,Non,,1,12 - décembre,3 - jeudi,Lorient
,201600030635,2016-12-01,68,23,68315,0,0,Hors intersection,Autre,Nuit avec éclairage public allumé,Normale,Voie Communale,,2,Plat,Partie rectiligne,,,normale,,Sur piste cyclable,Conducteur,2,M,21-22,Promenade - loisirs,Casque,Non,,1,12 - décembre,3 - jeudi,Soultz-Haut-Rhin
,201600033285,2016-12-01,62,14,62447,50.377,2.039,Hors intersection,Deux véhicules - par le coté,Plein jour,Normale,Voie Communale,,,Plat,Partie rectiligne,,70,normale,,Sur chaussée,Conducteur,2,M,33-34,Domicile - école,Dispositif enfants,,1,1,12 - décembre,3 - jeudi,Hesdin
,201600051600,2016-12-01,75,11,75104,48.8595,2.35251,Intersection en X,Deux véhicules - par le coté,Plein jour,Normale,Voie Communale,,3,Plat,Partie rectiligne,,120,normale,,Sur chaussée,Conducteur,1,M,24-25,Domicile - travail,Casque,Oui,1,1,12 - décembre,3 - jeudi,Paris 4e  Arrondissement
,201600052136,2016-12-01,75,13,75107,48.8599,2.31574,Hors intersection,Deux véhicules - par le coté,Plein jour,Normale,Voie Communale,,1,Plat,Partie rectiligne,,,normale,,,Conducteur,1,F,39-40,,Casque,Non déterminable,1,1,12 - décembre,3 - jeudi,Paris 7e  Arrondissement
,201600052719,2016-12-01,75,13,75109,48.8828,2.34444,Place,Deux véhicules - par le coté,Plein jour,Normale,Voie Communale,,2,Plat,Partie rectiligne,,,normale,,Sur chaussée,Conducteur,0,M,45-46,Promenade - loisirs,Casque,Non déterminable,1,1,12 - décembre,3 - jeudi,Paris 9e  Arrondissement
,201600053274,2016-12-01,75,23,75111,48.866,2.37702,Hors intersection,Deux véhicules - par le coté,Nuit avec éclairage public allumé,Normale,Voie Communale,,1,Plat,Partie rectiligne,,40,normale,,Sur chaussée,Conducteur,1,F,44-45,Promenade - loisirs,Casque,Non déterminable,1,1,12 - décembre,3 - jeudi,Paris 11e  Arrondissement
,201600053707,2016-12-01,75,18,75112,48.8378,2.40036,Hors intersection,Deux véhicules - par le coté,Nuit avec éclairage public allumé,Normale,Voie Communale,,1,Plat,Partie rectiligne,,,normale,,Sur piste cyclable,Conducteur,1,F,36-37,Domicile - travail,Casque,Non déterminable,1,1,12 - décembre,3 - jeudi,Paris 12e  Arrondissement
,201600055692,2016-12-01,75,15,75117,48.8824,2.29982,Hors intersection,Autre,Plein jour,Normale,Voie Communale,,2,Plat,Partie rectiligne,,,normale,,Sur chaussée,Conducteur,1,M,26-27,Domicile - travail,Casque,Oui,,1,12 - décembre,3 - jeudi,Paris 17e  Arrondissement
,201600005683,2016-11-30,63,13,63073,45.58491,3.18395,Intersection en T,Deux véhicules - par le coté,Plein jour,Normale,Route Départementale,,2,Sommet de côte,Partie rectiligne,,,normale,,Sur chaussée,Conducteur,1,M,47-48,,Casque,Oui,1,1,11 - novembre,2 - mercredi,Chadeleuf
,201600006575,2016-11-30,67,13,67067,48.733,7.71,Hors intersection,Deux véhicules - par le coté,Plein jour,Normale,Voie Communale,,,Plat,Partie rectiligne,,,normale,Carrefour aménagé,Sur chaussée,Conducteur,2,F,14-15,Domicile - travail,Ceinture,,1,1,11 - novembre,2 - mercredi,Brumath
,201600016054,2016-11-30,13,16,13055,43.3252,5.38167,Hors intersection,Autre,Plein jour,Normale,Voie Communale,,3,,,,90,,,Sur chaussée,Conducteur,1,M,16-17,Domicile - école,Autre,Non déterminable,,1,11 - novembre,2 - mercredi,Marseille
,201600018356,2016-11-30,22,11,22079,48.40062,-2.66439,Hors intersection,Autre,Plein jour,Normale,Voie Communale,,2,,Partie rectiligne,,48,normale,,Sur chaussée,Conducteur,2,M,65-66,Promenade - loisirs,Casque,Oui,,,11 - novembre,2 - mercredi,Hénon
,201600019976,2016-11-30,17,8,17300,46.17347,-1.15036,Hors intersection,Deux véhicules - par le coté,Plein jour,Normale,Voie Communale,,4,Plat,Partie rectiligne,43,135,normale,,Sur chaussée,Conducteur,1,M,14-15,Domicile - école,Casque,Non déterminable,1,1,11 - novembre,2 - mercredi,Rochelle
,201600021327,2016-11-30,26,12,26057,45.04074,5.04851,Intersection en X,Deux véhicules - par le coté,Plein jour,Normale,Voie Communale,,1,Plat,Partie rectiligne,,,normale,,Sur chaussée,Conducteur,1,M,23-24,,Casque,Oui,1,1,11 - novembre,2 - mercredi,Bourg-de-Péage
,201600021957,2016-11-30,29,15,29019,48.38109,-4.53036,Hors intersection,Deux véhicules - par le coté,Plein jour,Normale,Voie Communale,,1,Plat,Partie rectiligne,,,normale,,,Conducteur,1,M,20-21,,Casque,Non,1,1,11 - novembre,2 - mercredi,Brest
,201600022246,2016-11-30,60,15,60395,49.23414,2.1298,Hors intersection,Deux véhicules - frontale,Plein jour,Temps éblouissant,Route Départementale,,2,Pente,Partie rectiligne,,,normale,,Sur chaussée,Conducteur,2,M,11-12,Promenade - loisirs,Casque,Non,1,1,11 - novembre,2 - mercredi,Méru
,201600023262,2016-11-30,31,10,31557,43.57944,1.31947,Hors intersection,Deux véhicules - frontale,Plein jour,Normale,Voie Communale,,2,Plat,En courbe à droite,,,normale,,Sur chaussée,Conducteur,1,M,11-12,,Autre,Non déterminable,1,1,11 - novembre,2 - mercredi,Tournefeuille
,201600023547,2016-11-30,33,17,33529,44.61839,-1.12549,Giratoire,Autre,Plein jour,Normale,Route Nationale,,2,Plat,Partie rectiligne,,,,Carrefour aménagé,Sur chaussée,Conducteur,1,M,10-11,Promenade - loisirs,Casque,Oui,1,,11 - novembre,2 - mercredi,Teste-de-Buch
,201600023547,2016-11-30,33,17,33529,44.61839,-1.12549,Giratoire,Autre,Plein jour,Normale,Route Nationale,,2,Plat,Partie rectiligne,,,,Carrefour aménagé,Sur chaussée,Conducteur,1,M,9-10,Promenade - loisirs,Casque,Oui,1,,11 - novembre,2 - mercredi,Teste-de-Buch
,201600026059,2016-11-30,37,13,37261,0,0,Hors intersection,Autre,Plein jour,Normale,Voie Communale,,2,Plat,Partie rectiligne,,,normale,,Sur trottoir,Conducteur,1,M,22-23,Domicile - travail,Casque,Non,,1,11 - novembre,2 - mercredi,Tours
,201600027188,2016-11-30,44,13,44184,47.26778,-2.23365,Giratoire,Deux véhicules - frontale,Plein jour,Normale,Voie Communale,,2,Plat,Partie rectiligne,,,normale,Carrefour aménagé,Sur piste cyclable,Conducteur,1,M,10-11,Domicile - école,Casque,Non,1,1,11 - novembre,2 - mercredi,Saint-Nazaire
,201600029371,2016-11-30,56,16,56121,47.7603,-3.38961,Hors intersection,Aucune,Plein jour,Normale,Voie Communale,,2,Plat,En courbe à gauche,,,normale,,Sur chaussée,Conducteur,1,F,54-55,,Casque,Oui,,1,11 - novembre,2 - mercredi,Lorient
,201600034665,2016-11-30,78,13,78481,0,0,Intersection en Y,Deux véhicules - par le coté,Plein jour,Normale,Voie Communale,,,Plat,En courbe à gauche,,,normale,,,Conducteur,1,M,44-45,Domicile - travail,Autre,Non déterminable,1,1,11 - novembre,2 - mercredi,Pecq
,201600034784,2016-11-30,78,21,78646,48.4817,2.81,Hors intersection,Deux véhicules - par le coté,Nuit avec éclairage public allumé,Normale,Voie Communale,,2,Plat,Partie rectiligne,,,normale,,Sur chaussée,Conducteur,1,M,14-15,Promenade - loisirs,Casque,Non,1,1,11 - novembre,2 - mercredi,Versailles
,201600035675,2016-11-30,86,12,86066,46.8131,0.54069,Hors intersection,Deux véhicules - par le coté,Plein jour,Normale,Voie Communale,,1,Plat,Partie rectiligne,,,normale,,Sur chaussée,Conducteur,1,M,62-63,Domicile - travail,Casque,Non,1,1,11 - novembre,2 - mercredi,Châtellerault
,201600036232,2016-11-30,87,13,87114,45.8387,1.30992,Hors intersection,Autre,Plein jour,Normale,Route Départementale,,3,Plat,Partie rectiligne,,90,normale,,Sur chaussée,Conducteur,1,M,23-24,Domicile - travail,Autre,Non déterminable,,,11 - novembre,2 - mercredi,Panazol
,201600038903,2016-11-30,92,20,92050,0,0,Hors intersection,Deux véhicules - par le coté,Nuit avec éclairage public allumé,Autre,Autre,,2,Pente,,,40,normale,,Sur chaussée,Conducteur,1,M,27-28,Domicile - travail,Autre,Non déterminable,1,1,11 - novembre,2 - mercredi,Nanterre
,201600049581,2016-11-30,69,8,69259,0,0,Hors intersection,Autre,Plein jour,Normale,Voie Communale,,2,,,,,,,Sur chaussée,Conducteur,1,M,51-52,,Casque,Non déterminable,1,1,11 - novembre,2 - mercredi,Vénissieux
,201600049582,2016-11-30,69,7,69388,0,0,Hors intersection,Autre,Plein jour,Normale,Voie Communale,,,,,,,,,Sur piste cyclable,Conducteur,1,M,25-26,,Casque,Oui,1,1,11 - novembre,2 - mercredi,Lyon 8e  Arrondissement
,201600051424,2016-11-30,75,8,75104,48.8567,2.34891,Intersection en X,Deux véhicules - par le coté,Plein jour,Normale,Voie Communale,,4,Plat,Partie rectiligne,,110,normale,,Sur chaussée,Conducteur,1,M,21-22,Domicile - travail,Casque,Non déterminable,1,1,11 - novembre,2 - mercredi,Paris 4e  Arrondissement
,201600054388,2016-11-30,75,9,75114,48.8209,2.32049,Intersection en T,Autre,Plein jour,Normale,Voie Communale,,3,Plat,Partie rectiligne,,100,normale,,Sur chaussée,Conducteur,1,F,17-18,Domicile - école,Casque,Non déterminable,1,1,11 - novembre,2 - mercredi,Paris 14e  Arrondissement
,201600054752,2016-11-30,75,19,75115,48.8481,2.29018,Intersection en X,Deux véhicules - par le coté,Nuit avec éclairage public allumé,Normale,Voie Communale,,1,Plat,Partie rectiligne,,70,normale,,Sur chaussée,Conducteur,1,M,37-38,Utilisation professionnelle,Casque,Non déterminable,1,1,11 - novembre,2 - mercredi,Paris 15e  Arrondissement
,201600056078,2016-11-30,75,18,75118,48.895,2.34674,Hors intersection,Deux véhicules - par le coté,Crépuscule ou aube,Normale,Voie Communale,,3,Plat,Partie rectiligne,,,normale,,Sur chaussée,Conducteur,1,M,47-48,Autre,Casque,Non déterminable,1,1,11 - novembre,2 - mercredi,Paris 18e  Arrondissement
,201600023260,2016-11-29,31,18,31555,43.6049,1.44567,Intersection en X,Deux véhicules - frontale,Nuit avec éclairage public allumé,Normale,Voie Communale,,1,Plat,Partie rectiligne,,,normale,,Sur chaussée,Conducteur,0,M,25-26,,Autre,Non déterminable,1,1,11 - novembre,1 - mardi,Toulouse
,201600023260,2016-11-29,31,18,31555,43.6049,1.44567,Intersection en X,Deux véhicules - frontale,Nuit avec éclairage public allumé,Normale,Voie Communale,,1,Plat,Partie rectiligne,,,normale,,Sur chaussée,Conducteur,2,F,30-31,,Autre,Non déterminable,1,1,11 - novembre,1 - mardi,Toulouse
,201600023448,2016-11-29,31,16,31029,43.52587,1.68122,Intersection en T,Trois véhicules et plus - en chaîne,Plein jour,Normale,Route Départementale,,2,Plat,,5,410,normale,,,Conducteur,1,M,59-60,Promenade - loisirs,Casque,Oui,1,,11 - novembre,1 - mardi,Aurin
,201600023448,2016-11-29,31,16,31029,43.52587,1.68122,Intersection en T,Trois véhicules et plus - en chaîne,Plein jour,Normale,Route Départementale,,2,Plat,,5,410,normale,,,Conducteur,2,M,59-60,Promenade - loisirs,Casque,Oui,1,,11 - novembre,1 - mardi,Aurin
,201600025458,2016-11-29,35,16,35238,48.11187,-1.64629,Giratoire,Autre,Plein jour,Normale,Voie Communale,,1,Pente,Partie rectiligne,,,normale,,Sur chaussée,Conducteur,1,M,35-36,Domicile - travail,Casque,Non déterminable,1,1,11 - novembre,1 - mardi,Rennes
,201600036301,2016-11-29,89,9,89024,47.81476,3.55774,Hors intersection,Deux véhicules - par l’arrière,Plein jour,Normale,Voie Communale,,2,Plat,Partie rectiligne,,60,normale,,Sur chaussée,Conducteur,2,M,76-77,Promenade - loisirs,Casque,Non,1,,11 - novembre,1 - mardi,Auxerre
,201600052938,2016-11-29,75,22,75110,48.8753,2.35092,Intersection en X,Deux véhicules - par le coté,Nuit avec éclairage public allumé,Normale,Voie Communale,,1,Pente,Partie rectiligne,,35,normale,,Sur chaussée,Conducteur,1,M,18-19,Utilisation professionnelle,Casque,Non déterminable,1,1,11 - novembre,1 - mardi,Paris 10e  Arrondissement