test,identifiantAccident,date,departement,heure,commune,lat,lon,typeIntersection,typeCollision,luminosite,conditionsAtmosperiques,typeRoute,circulation,nbVoies,profilLongRoute,tracePlanRoute,largeurTPC,largeurRoute,etatSurface,amenagement,situation,categorieUsager,graviteAccident,sexe,age,motifDeplacement,existenceSecurite,usageSecurite,nombreAutresVehicules,enAgglomeration,mois,jour,NCCENR
,201600053704,2016-11-29,75,8,75112,48.8405,2.43442,Place,Deux véhicules - par le coté,Crépuscule ou aube,Normale,Voie Communale,,2,Plat,En courbe à gauche,,60,normale,,Sur chaussée,Conducteur,1,F,53-54,Domicile - travail,Casque,Non déterminable,1,1,11 - novembre,1 - mardi,Paris 12e  Arrondissement
,201600054746,2016-11-29,75,10,75115,48.8278,2.29278,Place,Deux véhicules - par le coté,Plein jour,Normale,Voie Communale,,3,Plat,Partie rectiligne,,,normale,,Sur chaussée,Conducteur,1,M,73-74,,Casque,Oui,1,1,11 - novembre,1 - mardi,Paris 15e  Arrondissement
,201600057012,2016-11-29,75,18,75112,48.8444,2.42182,Intersection en T,Deux véhicules - par le coté,Nuit avec éclairage public allumé,Normale,Voie Communale,,1,,,,80,,,,Conducteur,2,M,53-54,Domicile - travail,Casque,Oui,1,1,11 - novembre,1 - mardi,Paris 12e  Arrondissement
,201600000233,2016-11-28,62,7,62865,50.32858,2.97896,Hors intersection,Deux véhicules - par l’arrière,Crépuscule ou aube,Normale,Voie Communale,,2,Plat,Partie rectiligne,,50,normale,,Sur chaussée,Conducteur,2,F,27-28,Domicile - travail,Ceinture,,1,1,11 - novembre,0 - lundi,Vitry-en-Artois
,201600001052,2016-11-28,22,16,22070,48.56085,-3.1556,Hors intersection,Deux véhicules - frontale,Plein jour,Normale,Voie Communale,,2,Plat,Partie rectiligne,,,normale,,Sur chaussée,Conducteur,2,M,35-36,,Casque,Oui,1,1,11 - novembre,0 - lundi,Guingamp
,201600005848,2016-11-28,3,18,3284,0,0,Hors intersection,Deux véhicules - par l’arrière,Nuit sans éclairage public,Normale,Route Départementale,,2,Plat,Partie rectiligne,,120,normale,,Sur chaussée,Conducteur,3,M,53-54,Promenade - loisirs,Casque,Non,1,,11 - novembre,0 - lundi,Thionne
,201600018104,2016-11-28,31,23,31089,43.70967,1.18804,Hors intersection,Deux véhicules - par l’arrière,Nuit sans éclairage public,Autre,Route Départementale,,2,Plat,Partie rectiligne,,,autre,,Sur chaussée,Conducteur,1,M,16-17,Promenade - loisirs,Autre,Non,1,,11 - novembre,0 - lundi,Bretx
,201600022514,2016-11-28,30,7,30189,43.82003,4.35806,Giratoire,Deux véhicules - par le coté,Crépuscule ou aube,Normale,Route Départementale,,2,Plat,Partie rectiligne,,45,normale,,Sur chaussée,Conducteur,2,M,16-17,Autre,Casque,Non,1,1,11 - novembre,0 - lundi,Nîmes
,201600025454,2016-11-28,35,14,35051,48.12946,-1.61991,Hors intersection,Aucune,Plein jour,Normale,Voie Communale,,1,Plat,Partie rectiligne,,,normale,,Sur chaussée,Conducteur,1,M,15-16,Domicile - travail,Casque,Non,,1,11 - novembre,0 - lundi,Cesson-Sévigné
,201600026057,2016-11-28,37,14,37233,47.39203,0.72516,Giratoire,Deux véhicules - par le coté,Plein jour,Normale,Voie Communale,,2,Plat,Partie rectiligne,,,normale,Carrefour aménagé,,Conducteur,1,M,57-58,Promenade - loisirs,Casque,Non,1,1,11 - novembre,0 - lundi,Saint-Pierre-des-Corps
,201600027186,2016-11-28,44,6,44184,47.28196,-2.20443,Hors intersection,Deux véhicules - par le coté,Nuit avec éclairage public allumé,Normale,Route Départementale,,2,Plat,Partie rectiligne,,,normale,,Sur chaussée,Conducteur,1,M,45-46,Domicile - travail,Casque,Oui,1,1,11 - novembre,0 - lundi,Saint-Nazaire
,201600049574,2016-11-28,69,19,69388,0,0,Intersection en T,Deux véhicules - par le coté,Nuit avec éclairage public allumé,Normale,Route Départementale,,,Pente,En courbe à droite,,,,,Sur chaussée,Conducteur,1,M,45-46,,Casque,Oui,1,,11 - novembre,0 - lundi,Lyon 8e  Arrondissement
,201600051597,2016-11-28,75,17,75104,48.8526,2.3598,Intersection en T,Deux véhicules - par le coté,Crépuscule ou aube,Normale,Voie Communale,,2,Plat,Partie rectiligne,,36,normale,,Sur piste cyclable,Conducteur,1,F,24-25,Promenade - loisirs,Casque,Non déterminable,1,1,11 - novembre,0 - lundi,Paris 4e  Arrondissement
,201600053702,2016-11-28,75,18,75112,48.8443,2.41032,Intersection à plus de 4 branches,Deux véhicules - par le coté,Nuit avec éclairage public allumé,Normale,Voie Communale,,2,Plat,Partie rectiligne,100,100,normale,Carrefour aménagé,,Conducteur,1,M,51-52,Domicile - travail,Casque,Non déterminable,1,1,11 - novembre,0 - lundi,Paris 12e  Arrondissement
,201600056074,2016-11-28,75,18,75118,48.8845,2.36263,Hors intersection,Deux véhicules - par le coté,Nuit avec éclairage public allumé,Normale,Voie Communale,,1,,,,,,,Sur piste cyclable,Conducteur,1,F,37-38,Domicile - travail,Casque,Non déterminable,1,1,11 - novembre,0 - lundi,Paris 18e  Arrondissement
,201600059040,2016-11-28,974,15,97409,0,0,Hors intersection,Deux véhicules - par l’arrière,Plein jour,Normale,Route Nationale,,2,Plat,Partie rectiligne,,80,normale,,Sur chaussée,Conducteur,2,M,13-14,Autre,Casque,Oui,1,1,11 - novembre,0 - lundi,Saint-André
,201600059103,2016-11-28,974,18,97411,0,0,Hors intersection,Deux véhicules - frontale,Plein jour,Normale,Voie Communale,,2,Pente,En courbe à gauche,,50,normale,,Sur chaussée,Conducteur,2,M,16-17,Promenade - loisirs,Autre,Non,1,,11 - novembre,0 - lundi,Saint-Denis
,201600059426,2016-11-28,976,17,97611,0,0,Giratoire,Deux véhicules - par le coté,Plein jour,Normale,Route Nationale,,,Plat,En « S »,,,normale,,Sur chaussée,Conducteur,0,M,15-16,Promenade - loisirs,Autre,Oui,1,1,11 - novembre,0 - lundi,Mamoudzou
,201600059426,2016-11-28,976,17,97611,0,0,Giratoire,Deux véhicules - par le coté,Plein jour,Normale,Route Nationale,,,Plat,En « S »,,,normale,,Sur chaussée,Passager,1,M,14-15,Promenade - loisirs,Autre,Oui,1,1,11 - novembre,0 - lundi,Mamoudzou
,201600009277,2016-11-27,2A,10,2A247,41.5845,9.28095,Intersection en T,Deux véhicules - par le coté,Plein jour,Normale,Route Départementale,,2,Pente,,,10,normale,,,Conducteur,2,M,65-66,Promenade - loisirs,Casque,Oui,1,1,11 - novembre,6 - dimanche,Porto-Vecchio
,201600011474,2016-11-27,7,19,7102,0,0,Giratoire,Deux véhicules - par le coté,Nuit avec éclairage public allumé,Normale,Voie Communale,,2,,,,,,,Sur chaussée,Conducteur,1,M,24-25,Utilisation professionnelle,Autre,Oui,1,1,11 - novembre,6 - dimanche,Guilherand-Granges
,201600028488,2016-11-27,51,15,51454,49.2313,4.03428,Intersection en T,Deux véhicules - par le coté,Plein jour,Normale,Voie Communale,,4,Plat,Partie rectiligne,,166,normale,,Sur chaussée,Conducteur,1,M,14-15,,Autre,Non,1,,11 - novembre,6 - dimanche,Reims
,201600029889,2016-11-27,59,19,59616,0,0,Autre intersection,Deux véhicules - par l’arrière,Nuit avec éclairage public allumé,Normale,Voie Communale,,2,Plat,,,40,normale,,Sur piste cyclable,Conducteur,1,M,18-19,,Autre,Non déterminable,1,1,11 - novembre,6 - dimanche,Vieux-Condé
,201600031199,2016-11-27,62,15,62842,50.46137,2.85646,Intersection en X,Deux véhicules - par le coté,Plein jour,Normale,Voie Communale,,2,Plat,Partie rectiligne,,68,normale,Carrefour aménagé,Sur chaussée,Conducteur,3,M,11-12,Promenade - loisirs,Autre,Non déterminable,1,1,11 - novembre,6 - dimanche,Vendin-le-Vieil
,201600054088,2016-11-27,75,12,75113,48.8432,2.36615,Intersection en X,Deux véhicules - par le coté,Plein jour,Normale,Voie Communale,,3,Plat,,,105,normale,,,Conducteur,1,M,23-24,,Casque,Non déterminable,1,1,11 - novembre,6 - dimanche,Paris 13e  Arrondissement
,201600054745,2016-11-27,75,14,75115,48.8455,2.30124,Hors intersection,Autre,Plein jour,Normale,Voie Communale,,1,Pente,Partie rectiligne,,60,normale,,Sur chaussée,Conducteur,1,M,34-35,,Casque,Non déterminable,1,1,11 - novembre,6 - dimanche,Paris 15e  Arrondissement
,201600000837,2016-11-26,27,11,27655,49.33854,0.51149,Hors intersection,Deux véhicules - par le coté,Plein jour,Normale,Route Départementale,,2,Plat,Partie rectiligne,,560,normale,,Sur chaussée,Conducteur,3,M,76-77,Promenade - loisirs,Casque,Oui,1,,11 - novembre,5 - samedi,Tourville-sur-Pont-Audemer
,201600003323,2016-11-26,17,16,17349,46.25717,-0.8821,Hors intersection,Deux véhicules - par l’arrière,Plein jour,Temps éblouissant,Route Départementale,,2,Plat,En courbe à gauche,43,56,normale,,Sur chaussée,Conducteur,3,M,68-69,Promenade - loisirs,Casque,Oui,1,,11 - novembre,5 - samedi,Saint-Jean-de-Liversay
,201600003759,2016-11-26,9,16,9293,42.97265,1.5221,Hors intersection,Deux véhicules - frontale,Plein jour,Normale,Route Départementale,,,Pente,Partie rectiligne,,41,normale,,Sur chaussée,Conducteur,2,M,57-58,Promenade - loisirs,Casque,Oui,1,,11 - novembre,5 - samedi,Serres-sur-Arget
,201600006251,2016-11-26,3,11,3095,46.13179,3.45374,Hors intersection,Autre,Plein jour,Normale,Voie Communale,,2,Plat,Partie rectiligne,,100,normale,,Sur chaussée,Conducteur,1,M,20-21,Promenade - loisirs,Casque,Non déterminable,1,1,11 - novembre,5 - samedi,Cusset
,201600006447,2016-11-26,88,10,88408,47.92686,6.65965,Giratoire,Deux véhicules - par le coté,Plein jour,Temps éblouissant,Voie Communale,,,Plat,,100,,normale,Carrefour aménagé,Sur chaussée,Conducteur,3,F,82-83,Promenade - loisirs,Casque,Non,1,1,11 - novembre,5 - samedi,Rupt-sur-Moselle
,201600026336,2016-11-26,41,21,41018,47.58994,1.34189,Hors intersection,Deux véhicules - par le coté,Nuit avec éclairage public allumé,Normale,Route Départementale,,2,Plat,Partie rectiligne,,,normale,Carrefour aménagé,Sur chaussée,Conducteur,2,M,15-16,,Equipement réfléchissant,Oui,1,1,11 - novembre,5 - samedi,Blois
,201600032275,2016-11-26,38,13,38019,0,0,Hors intersection,Deux véhicules - frontale,Nuit sans éclairage public,Normale,Route Départementale,,,Sommet de côte,Partie rectiligne,,63,normale,Pont - autopont,Sur accotement,Conducteur,2,M,17-18,,Ceinture,,1,,11 - novembre,5 - samedi,Auberives-sur-Varèze
,201600033190,2016-11-26,69,14,69282,0,0,Intersection en T,Deux véhicules - par le coté,Plein jour,Normale,Voie Communale,,1,Plat,Partie rectiligne,,40,normale,,Sur chaussée,Conducteur,1,M,56-57,,Autre,Non,1,1,11 - novembre,5 - samedi,Meyzieu
,201600035441,2016-11-26,83,18,83144,43.13889,5.99472,Hors intersection,Deux véhicules - frontale,Crépuscule ou aube,Normale,Voie Communale,,2,Plat,Partie rectiligne,,130,normale,,Sur chaussée,Conducteur,1,M,15-16,Promenade - loisirs,Casque,Non,1,1,11 - novembre,5 - samedi,Valette-du-Var
,201600035441,2016-11-26,83,18,83144,43.13889,5.99472,Hors intersection,Deux véhicules - frontale,Crépuscule ou aube,Normale,Voie Communale,,2,Plat,Partie rectiligne,,130,normale,,Sur chaussée,Passager,0,M,21-22,Promenade - loisirs,Casque,Non,1,1,11 - novembre,5 - samedi,Valette-du-Var
,201600035442,2016-11-26,83,22,83137,43.11773,5.9357,Giratoire,Deux véhicules - par l’arrière,Nuit avec éclairage public allumé,Normale,Voie Communale,,,Plat,Partie rectiligne,,,normale,Carrefour aménagé,Sur chaussée,Conducteur,0,M,27-28,,Casque,Oui,1,1,11 - novembre,5 - samedi,Toulon
,201600051422,2016-11-26,75,18,75102,48.8665,2.35109,Intersection à plus de 4 branches,Deux véhicules - par le coté,Nuit avec éclairage public allumé,Normale,Voie Communale,,4,Plat,Partie rectiligne,,125,normale,,Sur chaussée,Conducteur,1,M,26-27,Promenade - loisirs,Casque,Non déterminable,1,1,11 - novembre,5 - samedi,Paris 2e  Arrondissement
,201600052539,2016-11-26,75,2,75108,48.882,2.32048,Intersection à plus de 4 branches,Deux véhicules - par le coté,Nuit avec éclairage public allumé,Normale,Voie Communale,,1,Plat,,80,60,normale,,,Conducteur,1,M,23-24,,Casque,Non déterminable,1,1,11 - novembre,5 - samedi,Paris 8e  Arrondissement
,201600054384,2016-11-26,75,10,75114,48.8197,2.32558,Intersection à plus de 4 branches,Deux véhicules - par l’arrière,Plein jour,Normale,Voie Communale,,6,Plat,Partie rectiligne,10,250,normale,Carrefour aménagé,Sur chaussée,Conducteur,1,M,34-35,,Casque,Non déterminable,1,1,11 - novembre,5 - samedi,Paris 14e  Arrondissement
,201600056070,2016-11-26,75,11,75118,48.8915,2.34962,Intersection à plus de 4 branches,Deux véhicules - par le coté,Plein jour,Normale,Voie Communale,,2,Plat,Partie rectiligne,,50,normale,,Sur chaussée,Conducteur,1,M,35-36,,Casque,Non déterminable,1,1,11 - novembre,5 - samedi,Paris 18e  Arrondissement
,201600057009,2016-11-26,75,1,75120,48.8488,2.40125,Hors intersection,Aucune,Nuit avec éclairage public allumé,Normale,Voie Communale,,2,Plat,Partie rectiligne,,137,normale,,Sur piste cyclable,Conducteur,3,M,39-40,Promenade - loisirs,Casque,Non déterminable,,1,11 - novembre,5 - samedi,Paris 20e  Arrondissement
,201600018879,2016-11-25,80,6,80212,49.91685,2.51659,Intersection en Y,Deux véhicules - par le coté,Nuit avec éclairage public allumé,Normale,Route Départementale,,2,Pente,,7,51,normale,Carrefour aménagé,Sur chaussée,Conducteur,2,M,37-38,Domicile - travail,Casque,Non,1,1,11 - novembre,4 - vendredi,Corbie
,201600019973,2016-11-25,17,8,17300,46.14613,-1.15436,Hors intersection,Deux véhicules - par le coté,Plein jour,Normale,Voie Communale,,2,Plat,Partie rectiligne,,58,normale,,Sur chaussée,Conducteur,1,F,19-20,Domicile - école,Casque,Oui,1,1,11 - novembre,4 - vendredi,Rochelle
,201600021965,2016-11-25,29,15,29019,48.38963,-4.49033,Giratoire,Deux véhicules - par le coté,Plein jour,Normale,Voie Communale,,2,Pente,Partie rectiligne,,,normale,,Sur chaussée,Conducteur,1,M,52-53,Autre,Autre,Non déterminable,1,1,11 - novembre,4 - vendredi,Brest
,201600029586,2016-11-25,57,16,57463,49.12104,6.16851,Hors intersection,Deux véhicules - par le coté,Crépuscule ou aube,Normale,Voie Communale,,4,Plat,Partie rectiligne,,63,normale,,Sur chaussée,Conducteur,1,M,15-16,Domicile - travail,Casque,Oui,1,1,11 - novembre,4 - vendredi,Metz
,201600030039,2016-11-25,59,15,59183,0,0,Hors intersection,Deux véhicules - frontale,Plein jour,Normale,Route Départementale,,1,,,,,,,Sur chaussée,Conducteur,2,M,68-69,,Casque,Oui,1,1,11 - novembre,4 - vendredi,Dunkerque
,201600032932,2016-11-25,69,17,69092,0,0,Hors intersection,Deux véhicules - par le coté,Nuit avec éclairage public allumé,Temps couvert,Route Départementale,,1,Sommet de côte,Partie rectiligne,50,64,normale,,Sur chaussée,Conducteur,3,M,51-52,Autre,Casque,Non déterminable,1,,11 - novembre,4 - vendredi,Gleizé
,201600036350,2016-11-25,89,8,89387,48.19442,3.28358,Hors intersection,Autre,Plein jour,Normale,Voie Communale,,2,Plat,Partie rectiligne,,95,normale,Zone piétonne,Sur chaussée,Conducteur,1,M,8-9,Domicile - école,Dispositif enfants,Non déterminable,1,1,11 - novembre,4 - vendredi,Sens
,201600006194,2016-11-24,54,11,54462,48.992,6.55,Hors intersection,Aucune,Plein jour,Pluie légère,Voie Communale,,2,Plat,Partie rectiligne,,,mouillée,,Sur trottoir,Conducteur,2,M,62-63,Promenade - loisirs,Casque,Oui,,1,11 - novembre,3 - jeudi,Rosières-aux-Salines
,201600006707,2016-11-24,68,17,68226,48.04238,7.1601,Giratoire,Deux véhicules - par le coté,Nuit avec éclairage public allumé,Normale,Route Départementale,,1,Plat,En courbe à gauche,240,70,normale,Carrefour aménagé,Sur chaussée,Conducteur,2,F,45-46,Courses - achats,Casque,Non,1,1,11 - novembre,3 - jeudi,Munster
,201600012389,2016-11-24,59,12,59213,0,0,Hors intersection,Trois véhicules et plus - collisions multiples,Plein jour,Normale,Route Départementale,,,Plat,Partie rectiligne,,108,normale,,Sur chaussée,Conducteur,2,M,69-70,Promenade - loisirs,Casque,Oui,1,,11 - novembre,3 - jeudi,Estourmel
,201600012389,2016-11-24,59,12,59213,0,0,Hors intersection,Trois véhicules et plus - collisions multiples,Plein jour,Normale,Route Départementale,,,Plat,Partie rectiligne,,108,normale,,Sur chaussée,Conducteur,1,M,66-67,Promenade - loisirs,Casque,Oui,1,,11 - novembre,3 - jeudi,Estourmel
,201600012424,2016-11-24,91,17,91553,0,0,Giratoire,Deux véhicules - frontale,Nuit sans éclairage public,Normale,Route Départementale,,1,Plat,En courbe à gauche,,,normale,,,Conducteur,1,F,20-21,Promenade - loisirs,Casque,Non,1,1,11 - novembre,3 - jeudi,Saint-Germain-lès-Corbeil
,201600018131,2016-11-24,31,13,31042,42.79517,0.59615,Intersection à plus de 4 branches,Deux véhicules - par le coté,Plein jour,Temps éblouissant,Route Départementale,,2,Plat,,,15,normale,,,Conducteur,1,M,13-14,,Equipement réfléchissant,Oui,1,1,11 - novembre,3 - jeudi,Bagnères-de-Luchon
,201600018243,2016-11-24,44,17,44036,47.71043,-1.37446,Giratoire,Deux véhicules - par le coté,Nuit avec éclairage public non allumé,Normale,Autre,,1,Plat,,,10,normale,,,Conducteur,2,M,15-16,Domicile - école,Equipement réfléchissant,Non,1,1,11 - novembre,3 - jeudi,Châteaubriant
,201600019515,2016-11-24,57,7,57028,0,0,Hors intersection,Deux véhicules - par l’arrière,Crépuscule ou aube,Temps couvert,Route Départementale,,2,Plat,Partie rectiligne,,70,normale,,Sur chaussée,Conducteur,2,M,35-36,Domicile - travail,Equipement réfléchissant,Oui,1,,11 - novembre,3 - jeudi,Argancy
,201600021151,2016-11-24,25,13,25204,46.92478,6.33877,Hors intersection,Deux véhicules - par le coté,Plein jour,Normale,Voie Communale,,,Plat,Partie rectiligne,,,normale,,Sur chaussée,Conducteur,2,M,10-11,,Autre,Non déterminable,1,,11 - novembre,3 - jeudi,Doubs
,201600023249,2016-11-24,31,13,31555,43.58668,1.42614,Hors intersection,Deux véhicules - frontale,Plein jour,Normale,Voie Communale,,,Plat,Partie rectiligne,,,normale,,Sur chaussée,Conducteur,2,M,46-47,Autre,Autre,Non déterminable,1,1,11 - novembre,3 - jeudi,Toulouse
,201600023412,2016-11-24,32,10,32013,43.6478,0.59254,Hors intersection,Deux véhicules - par le coté,Plein jour,Normale,Route Départementale,,2,Plat,Partie rectiligne,,,normale,,Sur chaussée,Conducteur,2,M,63-64,Promenade - loisirs,Casque,Non,1,1,11 - novembre,3 - jeudi,Auch
,201600024355,2016-11-24,33,21,33063,44.85096,-0.57781,Intersection en X,Deux véhicules - frontale,Nuit avec éclairage public allumé,Normale,Voie Communale,,1,Plat,Partie rectiligne,,,normale,,,Conducteur,1,M,26-27,Utilisation professionnelle,Casque,Non,1,1,11 - novembre,3 - jeudi,Bordeaux
,201600024510,2016-11-24,34,18,34003,43.3,3.48,Giratoire,Deux véhicules - par le coté,Nuit avec éclairage public allumé,Normale,Voie Communale,,1,Plat,En courbe à gauche,,80,normale,,Sur chaussée,Conducteur,2,M,16-17,Domicile - école,Autre,Non,1,1,11 - novembre,3 - jeudi,Agde
,201600026785,2016-11-24,44,16,44109,47.21443,-1.54558,Hors intersection,Autre,Plein jour,Normale,Voie Communale,,,Pente,Partie rectiligne,,,normale,,,Conducteur,1,M,43-44,,Casque,Oui,1,1,11 - novembre,3 - jeudi,Nantes
,201600029452,2016-11-24,56,7,56260,47.66153,-2.72571,Giratoire,Deux véhicules - par le coté,Nuit avec éclairage public allumé,Normale,Voie Communale,,2,Plat,En courbe à gauche,,84,normale,,Sur chaussée,Conducteur,1,M,26-27,Domicile - travail,Equipement réfléchissant,Oui,1,1,11 - novembre,3 - jeudi,Vannes
,201600030214,2016-11-24,59,17,59350,50.63097,3.05219,Intersection en X,Deux véhicules - par le coté,Nuit avec éclairage public allumé,Normale,Voie Communale,,1,Plat,Partie rectiligne,,,normale,,Sur chaussée,Conducteur,2,M,22-23,Domicile - travail,Equipement réfléchissant,Oui,1,1,11 - novembre,3 - jeudi,Lille
,201600031762,2016-11-24,64,19,64445,43.30242,-0.36046,Intersection en X,Deux véhicules - frontale,Nuit avec éclairage public allumé,Normale,Voie Communale,,2,Plat,Partie rectiligne,,,normale,,Sur chaussée,Conducteur,1,M,56-57,,Casque,Non,1,1,11 - novembre,3 - jeudi,Pau
,201600032129,2016-11-24,66,16,66136,42.70727,2.90944,Hors intersection,Autre,Plein jour,Normale,Voie Communale,,1,Plat,Partie rectiligne,,60,normale,,Sur chaussée,Conducteur,2,M,61-62,Promenade - loisirs,Autre,Non déterminable,1,,11 - novembre,3 - jeudi,Perpignan
,201600033209,2016-11-24,69,6,69266,45.76095,4.88476,Intersection en X,Deux véhicules - frontale,Nuit avec éclairage public allumé,Pluie forte,Voie Communale,,1,Plat,Partie rectiligne,,,mouillée,,Sur chaussée,Conducteur,1,M,23-24,,Casque,Oui,1,1,11 - novembre,3 - jeudi,Villeurbanne
,201600035148,2016-11-24,83,18,83061,0,0,Hors intersection,Deux véhicules - par le coté,Nuit avec éclairage public allumé,Pluie forte,Route Départementale,,2,Plat,Partie rectiligne,,,mouillée,,Sur chaussée,Conducteur,2,M,38-39,Autre,Autre,Oui,1,,11 - novembre,3 - jeudi,Fréjus
,201600038901,2016-11-24,92,7,92050,0,0,Intersection en T,Deux véhicules - frontale,Crépuscule ou aube,Normale,Route Nationale,,2,Plat,Partie rectiligne,,25,normale,,Sur chaussée,Conducteur,1,M,49-50,Domicile - travail,Casque,Oui,1,1,11 - novembre,3 - jeudi,Nanterre
,201600049565,2016-11-24,69,7,69259,0,0,Intersection en T,Deux véhicules - frontale,Nuit avec éclairage public allumé,Pluie légère,Voie Communale,,2,Pente,En courbe à gauche,,,mouillée,,Sur chaussée,Conducteur,1,M,29-30,Autre,Autre,Non déterminable,1,1,11 - novembre,3 - jeudi,Vénissieux
,201600051420,2016-11-24,75,18,75103,48.8653,2.36539,Intersection en Y,Deux véhicules - par le coté,Nuit avec éclairage public allumé,Normale,Voie Communale,,5,Plat,Partie rectiligne,,149,normale,,Sur chaussée,Conducteur,1,M,27-28,Autre,Casque,Non déterminable,1,1,11 - novembre,3 - jeudi,Paris 3e  Arrondissement
,201600058885,2016-11-24,973,13,97302,0,0,Hors intersection,Deux véhicules - par le coté,Plein jour,Normale,Voie Communale,,,Plat,Partie rectiligne,,60,normale,,Sur chaussée,Conducteur,1,M,25-26,,Casque,Oui,1,1,11 - novembre,3 - jeudi,Cayenne
,201600000361,2016-11-23,2,9,2453,0,0,Intersection en X,Deux véhicules - par le coté,Plein jour,Normale,Route Départementale,,2,,,,,,,Sur chaussée,Conducteur,2,M,59-60,Promenade - loisirs,Casque,Oui,1,1,11 - novembre,2 - mercredi,Maizy
,201600004893,2016-11-23,38,14,38382,0,0,Hors intersection,Deux véhicules - frontale,Plein jour,Normale,Route Départementale,,1,Pente,Partie rectiligne,,75,normale,,Sur chaussée,Conducteur,1,F,68-69,Promenade - loisirs,Casque,Oui,1,,11 - novembre,2 - mercredi,Saint-Égrève
,201600005323,2016-11-23,42,14,42289,45.94673,4.21951,Hors intersection,Deux véhicules - par le coté,Plein jour,Normale,Route Nationale,,1,Plat,Partie rectiligne,40,80,normale,,Sur chaussée,Conducteur,2,M,77-78,Promenade - loisirs,Casque,Non,1,1,11 - novembre,2 - mercredi,Saint-Symphorien-de-Lay
,201600017515,2016-11-23,60,16,60584,49.2132,2.40938,Hors intersection,Deux véhicules - frontale,Plein jour,Normale,Route Départementale,,1,Plat,Partie rectiligne,,60,normale,,Sur chaussée,Conducteur,1,F,64-65,Promenade - loisirs,Casque,Oui,1,,11 - novembre,2 - mercredi,'Saint-Leu-d''Esserent'
,201600024342,2016-11-23,33,7,33063,44.85357,-0.54172,Intersection en X,Deux véhicules - par le coté,Plein jour,Pluie légère,Voie Communale,,2,Plat,Partie rectiligne,,,mouillée,,,Conducteur,1,M,45-46,Domicile - travail,Autre,Non déterminable,1,1,11 - novembre,2 - mercredi,Bordeaux
,201600024349,2016-11-23,33,8,33063,44.83665,-0.59879,Intersection en X,Deux véhicules - par l’arrière,Plein jour,Pluie légère,Voie Communale,,2,Plat,Partie rectiligne,,,mouillée,,,Conducteur,1,F,22-23,Domicile - travail,Casque,Non déterminable,1,1,11 - novembre,2 - mercredi,Bordeaux
,201600026054,2016-11-23,37,9,37261,47.38662,0.6922,Intersection en X,Deux véhicules - par le coté,Plein jour,Pluie légère,Voie Communale,,1,Plat,Partie rectiligne,,,mouillée,,Sur chaussée,Conducteur,1,F,22-23,Autre,Autre,Oui,1,1,11 - novembre,2 - mercredi,Tours
,201600027109,2016-11-23,44,12,44109,47.18958,-1.51933,Giratoire,Deux véhicules - par le coté,Plein jour,Pluie légère,Voie Communale,,,Plat,Partie rectiligne,,,mouillée,,,Conducteur,1,M,14-15,,Autre,Non déterminable,1,1,11 - novembre,2 - mercredi,Nantes
,201600029003,2016-11-23,54,15,54395,0,0,Hors intersection,Deux véhicules - par le coté,Plein jour,Normale,Voie Communale,,2,Plat,En courbe à gauche,,,normale,,Sur chaussée,Conducteur,2,F,62-63,Domicile - travail,Autre,Non déterminable,1,1,11 - novembre,2 - mercredi,Nancy
,201600030076,2016-11-23,59,12,59350,50.62801,3.05126,Hors intersection,Deux véhicules - par l’arrière,Plein jour,Normale,Route Départementale,,1,Plat,Partie rectiligne,,,normale,,Sur chaussée,Conducteur,1,F,57-58,,Autre,Non déterminable,1,1,11 - novembre,2 - mercredi,Lille
,201600031761,2016-11-23,64,11,64445,43.29671,-0.36352,Hors intersection,Deux véhicules - par le coté,Plein jour,Normale,Voie Communale,,1,Plat,Partie rectiligne,,,normale,,Sur chaussée,Conducteur,2,F,15-16,Domicile - école,Casque,Non,1,1,11 - novembre,2 - mercredi,Pau
,201600032701,2016-11-23,67,17,67218,48.52979,7.72555,Hors intersection,Deux véhicules - par le coté,Nuit avec éclairage public allumé,Normale,Voie Communale,,3,Plat,Partie rectiligne,,90,normale,,Sur chaussée,Conducteur,1,M,20-21,Domicile - travail,Autre,Non,1,1,11 - novembre,2 - mercredi,Illkirch-Graffenstaden
,201600032703,2016-11-23,67,12,67218,48.52982,7.72529,Intersection en T,Deux véhicules - par le coté,Plein jour,Normale,Voie Communale,,2,Plat,Partie rectiligne,,,normale,,Sur chaussée,Conducteur,1,M,18-19,,Autre,Oui,1,1,11 - novembre,2 - mercredi,Illkirch-Graffenstaden
,201600049564,2016-11-23,69,14,69383,0,0,Hors intersection,Autre,Plein jour,Normale,Voie Communale,,,Plat,Partie rectiligne,,,normale,,,Conducteur,1,M,67-68,,Casque,Oui,1,1,11 - novembre,2 - mercredi,Lyon 3e  Arrondissement
,201600058883,2016-11-23,973,10,97302,0,0,Hors intersection,Deux véhicules - par le coté,Plein jour,Normale,Voie Communale,,2,Plat,,,80,normale,,Sur chaussée,Conducteur,2,M,61-62,,Casque,Non,1,1,11 - novembre,2 - mercredi,Cayenne
,201600002093,2016-11-22,49,14,49219,47.21446,0.06683,Hors intersection,Deux véhicules - frontale,Plein jour,Pluie légère,Route Départementale,,2,Plat,Partie rectiligne,,32,normale,,Sur chaussée,Conducteur,2,M,60-61,Promenade - loisirs,Casque,Oui,1,1,11 - novembre,1 - mardi,Montsoreau