test,identifiantAccident,date,departement,heure,commune,lat,lon,typeIntersection,typeCollision,luminosite,conditionsAtmosperiques,typeRoute,circulation,nbVoies,profilLongRoute,tracePlanRoute,largeurTPC,largeurRoute,etatSurface,amenagement,situation,categorieUsager,graviteAccident,sexe,age,motifDeplacement,existenceSecurite,usageSecurite,nombreAutresVehicules,enAgglomeration,mois,jour,NCCENR
,201600018118,2016-11-22,31,18,31107,43.31005,1.22231,Giratoire,Deux véhicules - par le coté,Nuit avec éclairage public allumé,Pluie légère,Route Départementale,,2,Plat,En courbe à droite,10,41,mouillée,Carrefour aménagé,Sur piste cyclable,Conducteur,2,F,14-15,Domicile - école,Equipement réfléchissant,Oui,1,1,11 - novembre,1 - mardi,Carbonne
,201600020391,2016-11-22,18,9,18033,47.07529,2.30025,Hors intersection,Deux véhicules - frontale,Plein jour,Normale,Voie Communale,,2,Plat,Partie rectiligne,,,normale,,Sur chaussée,Conducteur,2,M,26-27,Promenade - loisirs,Autre,Non déterminable,1,1,11 - novembre,1 - mardi,Bourges
,201600022527,2016-11-22,30,12,30189,43.84032,4.35778,Intersection en T,Deux véhicules - par le coté,Plein jour,Normale,Voie Communale,Avec voies d’affectation variable,,,,,,,,,Conducteur,1,M,32-33,,Casque,Oui,1,1,11 - novembre,1 - mardi,Nîmes
,201600025443,2016-11-22,35,15,35238,48.09517,-1.63756,Intersection en X,Deux véhicules - par le coté,Plein jour,Normale,Voie Communale,,2,Plat,Partie rectiligne,,,normale,Carrefour aménagé,Sur chaussée,Conducteur,1,M,31-32,Domicile - travail,Casque,Oui,1,1,11 - novembre,1 - mardi,Rennes
,201600026053,2016-11-22,37,17,37261,47.38541,0.69262,Hors intersection,Autre,Plein jour,Normale,Voie Communale,,1,Plat,Partie rectiligne,,,normale,,Sur chaussée,Conducteur,0,M,39-40,Domicile - travail,Casque,Non,,1,11 - novembre,1 - mardi,Tours
,201600027185,2016-11-22,44,15,44184,47.28144,-2.22881,Intersection en X,Deux véhicules - par le coté,Plein jour,Normale,Voie Communale,,1,Plat,Partie rectiligne,,,normale,,Sur chaussée,Conducteur,1,F,63-64,Autre,Casque,Oui,1,1,11 - novembre,1 - mardi,Saint-Nazaire
,201600027882,2016-11-22,49,16,49099,47.05263,-0.86937,Intersection en X,Deux véhicules - par le coté,Plein jour,Normale,Voie Communale,,3,Pente,Partie rectiligne,,,normale,,Sur chaussée,Conducteur,1,F,52-53,,Casque,Non,1,1,11 - novembre,1 - mardi,Cholet
,201600041066,2016-11-22,93,9,93051,0,0,Intersection en X,Deux véhicules - par le coté,Plein jour,Normale,Voie Communale,,2,Plat,,,120,normale,,Sur chaussée,Conducteur,1,F,40-41,Domicile - travail,Autre,Non déterminable,1,1,11 - novembre,1 - mardi,Noisy-le-Grand
,201600009847,2016-11-21,45,7,45173,47.86144,2.10989,Hors intersection,Deux véhicules - par l’arrière,Crépuscule ou aube,Normale,Route Départementale,,2,Plat,Partie rectiligne,,70,normale,,Sur chaussée,Conducteur,1,M,13-14,Domicile - école,Casque,Non déterminable,1,1,11 - novembre,0 - lundi,Jargeau
,201600017358,2016-11-21,10,16,10323,48.515,3.721,Hors intersection,Deux véhicules - par le coté,Crépuscule ou aube,Pluie légère,Voie Communale,,,Plat,Partie rectiligne,,59,mouillée,,Sur chaussée,Conducteur,1,M,14-15,Domicile - école,Casque,Oui,1,,11 - novembre,0 - lundi,Romilly-sur-Seine
,201600024340,2016-11-21,33,10,33063,44.8387,-0.5892,Intersection en X,Deux véhicules - par le coté,Plein jour,Normale,Voie Communale,,2,Plat,Partie rectiligne,,50,normale,,Sur chaussée,Conducteur,1,F,32-33,Domicile - travail,Autre,Non déterminable,1,1,11 - novembre,0 - lundi,Bordeaux
,201600025438,2016-11-21,35,21,35238,48.10642,-1.67782,Hors intersection,Deux véhicules - par le coté,Nuit avec éclairage public allumé,Normale,Voie Communale,,2,Plat,Partie rectiligne,,,mouillée,,Sur chaussée,Conducteur,1,M,23-24,,Casque,Non déterminable,1,1,11 - novembre,0 - lundi,Rennes
,201600026221,2016-11-21,38,16,38185,45.18588,5.71656,Intersection en X,Autre,Plein jour,Autre,Route Départementale,,2,Plat,Partie rectiligne,,,,,Sur chaussée,Conducteur,1,M,23-24,,Autre,Non,1,1,11 - novembre,0 - lundi,Grenoble
,201600027390,2016-11-21,47,12,47323,44.3984,0.72396,Hors intersection,Deux véhicules - par le coté,Plein jour,Normale,Route Départementale,,2,Plat,Partie rectiligne,,,,,,Conducteur,1,M,15-16,Domicile - travail,,,1,,11 - novembre,0 - lundi,Villeneuve-sur-Lot
,201600031288,2016-11-21,63,18,63113,45.7673,3.1046,Intersection en X,Deux véhicules - par le coté,Nuit sans éclairage public,Pluie forte,Voie Communale,,2,Plat,Partie rectiligne,,,,,Sur chaussée,Conducteur,2,M,21-22,,Autre,Non déterminable,1,1,11 - novembre,0 - lundi,Clermont-Ferrand
,201600032298,2016-11-21,67,9,67462,0,0,Hors intersection,Deux véhicules - par l’arrière,Plein jour,Normale,Voie Communale,,1,Plat,Partie rectiligne,,70,boue,,Sur chaussée,Conducteur,3,M,4-5,Promenade - loisirs,Autre,Non déterminable,1,1,11 - novembre,0 - lundi,Sélestat
,201600034657,2016-11-21,78,15,78146,0,0,Hors intersection,Deux véhicules - par le coté,Plein jour,Normale,Voie Communale,,,Plat,Partie rectiligne,9,58,normale,,Sur chaussée,Conducteur,3,M,13-14,Domicile - école,Casque,Non,1,1,11 - novembre,0 - lundi,Chatou
,201600038038,2016-11-21,92,12,92025,0,0,Hors intersection,Deux véhicules - par le coté,Plein jour,Pluie légère,Route Départementale,,3,Plat,Partie rectiligne,,,mouillée,,Sur chaussée,Conducteur,1,F,48-49,,Casque,Non,1,1,11 - novembre,0 - lundi,Colombes
,201600047182,2016-11-21,92,9,92050,0,0,Hors intersection,Aucune,Plein jour,Pluie légère,Autoroute,,1,Plat,En courbe à droite,,40,,Souterrain - tunnel,Sur chaussée,Conducteur,0,M,40-41,Autre,Casque,Oui,,,11 - novembre,0 - lundi,Nanterre
,201600047182,2016-11-21,92,9,92050,0,0,Hors intersection,Aucune,Plein jour,Pluie légère,Autoroute,,1,Plat,En courbe à droite,,40,,Souterrain - tunnel,Sur chaussée,Passager,1,F,35-36,,Casque,Oui,,,11 - novembre,0 - lundi,Nanterre
,201600051418,2016-11-21,75,20,75103,48.8624,2.35204,Intersection en T,Deux véhicules - par le coté,Nuit avec éclairage public allumé,Normale,Voie Communale,,1,Plat,Partie rectiligne,,115,normale,Zone piétonne,,Conducteur,0,F,26-27,Promenade - loisirs,Casque,Non,1,1,11 - novembre,0 - lundi,Paris 3e  Arrondissement
,201600055254,2016-11-21,75,19,75116,48.8685,2.2871,Intersection en T,Deux véhicules - par l’arrière,Nuit avec éclairage public allumé,Temps couvert,Voie Communale,,,Plat,,,,normale,,Sur chaussée,Conducteur,1,F,30-31,,Casque,Oui,1,1,11 - novembre,0 - lundi,Paris 16e  Arrondissement
,201600055682,2016-11-21,75,7,75117,48.8912,2.31908,Intersection en T,Deux véhicules - frontale,Plein jour,Pluie légère,Voie Communale,,2,Plat,Partie rectiligne,,,mouillée,,Sur chaussée,Conducteur,1,M,50-51,,Casque,Non,1,1,11 - novembre,0 - lundi,Paris 17e  Arrondissement
,201600056066,2016-11-21,75,15,75118,48.8858,2.32635,Intersection en X,Autre,Plein jour,Temps couvert,Voie Communale,,3,Plat,Partie rectiligne,10,200,mouillée,,Sur chaussée,Conducteur,0,M,15-16,Promenade - loisirs,Casque,Non,,1,11 - novembre,0 - lundi,Paris 18e  Arrondissement
,201600058880,2016-11-21,973,21,97302,0,0,Hors intersection,Autre,Nuit avec éclairage public non allumé,Normale,Route Départementale,,,Plat,Partie rectiligne,,80,normale,,Sur piste cyclable,Conducteur,1,M,72-73,,Autre,Non déterminable,,1,11 - novembre,0 - lundi,Cayenne
,201600058880,2016-11-21,973,21,97302,0,0,Hors intersection,Autre,Nuit avec éclairage public non allumé,Normale,Route Départementale,,,Plat,Partie rectiligne,,80,normale,,Sur piste cyclable,Piéton,1,M,34-35,,,,,1,11 - novembre,0 - lundi,Cayenne
,201600008595,2016-11-20,84,15,84073,0,0,Hors intersection,Deux véhicules - frontale,Plein jour,Normale,Route Départementale,,2,Pente,En courbe à gauche,,45,normale,,Sur chaussée,Conducteur,2,M,55-56,Promenade - loisirs,Casque,Oui,1,,11 - novembre,6 - dimanche,Ménerbes
,201600024828,2016-11-20,34,10,34172,43.5766,3.86,Autre intersection,Deux véhicules - frontale,Plein jour,Pluie légère,Voie Communale,,,Pente,Partie rectiligne,,30,normale,,Sur chaussée,Conducteur,2,M,29-30,Utilisation professionnelle,Casque,Oui,1,1,11 - novembre,6 - dimanche,Montpellier
,201600036626,2016-11-20,91,20,91114,48.69645,2.4983,Intersection en T,Deux véhicules - par le coté,Nuit avec éclairage public allumé,Pluie légère,Route Départementale,,2,Plat,Partie rectiligne,200,200,mouillée,,Sur chaussée,Conducteur,1,M,14-15,,Casque,Non déterminable,1,1,11 - novembre,6 - dimanche,Brunoy
,201600038741,2016-11-20,92,19,92049,0,0,Hors intersection,Autre,Nuit avec éclairage public allumé,Normale,Route Départementale,,2,Plat,Partie rectiligne,,,normale,,,Conducteur,0,M,24-25,Promenade - loisirs,Autre,Oui,,1,11 - novembre,6 - dimanche,Montrouge
,201600054736,2016-11-20,75,14,75115,48.8437,2.2863,Intersection en X,Deux véhicules - par le coté,Plein jour,Pluie légère,Voie Communale,,1,Plat,Partie rectiligne,,60,mouillée,,Sur chaussée,Conducteur,1,M,28-29,Promenade - loisirs,Casque,Non,1,1,11 - novembre,6 - dimanche,Paris 15e  Arrondissement
,201600000167,2016-11-19,59,9,59435,0,0,Hors intersection,Deux véhicules - par le coté,Plein jour,Temps éblouissant,Route Départementale,,,Plat,Partie rectiligne,,,flaques,,Sur piste cyclable,Conducteur,2,M,27-28,Promenade - loisirs,Casque,Non,1,,11 - novembre,5 - samedi,Nomain
,201600008537,2016-11-19,83,11,83027,0,0,Hors intersection,Deux véhicules - frontale,Plein jour,Normale,Route Départementale,,,,,,,,,,Conducteur,2,M,68-69,,Casque,Oui,1,,11 - novembre,5 - samedi,'Cadière-d''Azur'
,201600019066,2016-11-19,80,16,80162,49.81542,2.64007,Hors intersection,Deux véhicules - par le coté,Crépuscule ou aube,Normale,Voie Communale,,2,Pente,Partie rectiligne,,38,normale,,Sur chaussée,Conducteur,2,M,3-4,Autre,Autre,Non,1,1,11 - novembre,5 - samedi,Caix
,201600020668,2016-11-19,19,16,19031,0,0,Intersection en T,Deux véhicules - par le coté,Plein jour,Normale,Voie Communale,,2,Plat,Partie rectiligne,,,normale,,Sur chaussée,Conducteur,1,M,15-16,,Casque,Non déterminable,1,1,11 - novembre,5 - samedi,Brive-la-Gaillarde
,201600026049,2016-11-19,37,15,37261,0,0,Intersection en T,Deux véhicules - par le coté,Plein jour,Normale,Voie Communale,,2,Pente,Partie rectiligne,,,normale,,Sur chaussée,Conducteur,1,M,48-49,,Casque,Oui,1,1,11 - novembre,5 - samedi,Tours
,201600027789,2016-11-19,49,11,49007,47.44908,-0.55943,Giratoire,Autre,Plein jour,Normale,Voie Communale,,2,Plat,Partie rectiligne,,70,normale,,,Conducteur,2,F,52-53,Promenade - loisirs,Casque,Non déterminable,1,1,11 - novembre,5 - samedi,Angers
,201600028483,2016-11-19,51,14,51454,49.24781,4.04746,Hors intersection,Deux véhicules - par le coté,Plein jour,Normale,Voie Communale,,1,Plat,Partie rectiligne,,41,normale,,Sur trottoir,Conducteur,1,M,11-12,,Casque,Oui,1,1,11 - novembre,5 - samedi,Reims
,201600035059,2016-11-19,82,10,82121,44.01688,1.3537,Place,Autre,Plein jour,Normale,Voie Communale,,1,Plat,,,,normale,Zone piétonne,Sur chaussée,Conducteur,2,M,88-89,Courses - achats,Autre,Non déterminable,1,1,11 - novembre,5 - samedi,Montauban
,201600052711,2016-11-19,75,17,75109,48.8757,2.32775,Intersection en T,Autre,Crépuscule ou aube,Normale,Voie Communale,,3,Plat,Partie rectiligne,,60,normale,,Sur chaussée,Conducteur,1,M,17-18,,Casque,Non,,1,11 - novembre,5 - samedi,Paris 9e  Arrondissement
,201600052930,2016-11-19,75,14,75110,48.8793,2.35334,Intersection en X,Deux véhicules - par le coté,Plein jour,Normale,Voie Communale,,1,Plat,Partie rectiligne,,120,normale,,Sur piste cyclable,Conducteur,1,F,40-41,,Casque,Oui,1,1,11 - novembre,5 - samedi,Paris 10e  Arrondissement
,201600052932,2016-11-19,75,19,75110,48.8753,2.36917,Intersection en T,Deux véhicules - par le coté,Nuit avec éclairage public allumé,Normale,Voie Communale,,1,Plat,Partie rectiligne,,30,normale,,Sur chaussée,Conducteur,0,M,24-25,Utilisation professionnelle,Casque,Oui,1,1,11 - novembre,5 - samedi,Paris 10e  Arrondissement
,201600053265,2016-11-19,75,20,75111,48.8534,2.38823,Intersection en T,Deux véhicules - par le coté,Nuit avec éclairage public allumé,Normale,Voie Communale,,,Plat,Partie rectiligne,,,normale,,,Conducteur,2,M,41-42,Autre,Casque,Non,1,1,11 - novembre,5 - samedi,Paris 11e  Arrondissement
,201600057877,2016-11-19,974,19,97415,0,0,Hors intersection,Deux véhicules - par le coté,Nuit avec éclairage public allumé,Pluie légère,Voie Communale,,,Plat,Partie rectiligne,,,mouillée,,Sur chaussée,Conducteur,2,M,19-20,Promenade - loisirs,Equipement réfléchissant,Non,1,1,11 - novembre,5 - samedi,Saint-Paul
,201600001715,2016-11-18,1,8,1053,46.19814,5.22251,Intersection en X,Deux véhicules - par le coté,Plein jour,Pluie légère,Voie Communale,,2,Pente,Partie rectiligne,,91,mouillée,,Sur chaussée,Conducteur,1,F,17-18,Domicile - travail,Casque,Non,1,1,11 - novembre,4 - vendredi,Bourg-en-Bresse
,201600015982,2016-11-18,13,11,13055,43.30841,5.3733,Hors intersection,Deux véhicules - par le coté,Plein jour,Normale,Voie Communale,,1,Plat,Partie rectiligne,,30,normale,,Sur trottoir,Conducteur,1,M,25-26,Promenade - loisirs,Casque,Non déterminable,1,1,11 - novembre,4 - vendredi,Marseille
,201600019966,2016-11-18,17,7,17300,46.14461,-1.15295,Hors intersection,Deux véhicules - par le coté,Nuit avec éclairage public allumé,Normale,Voie Communale,,2,Plat,Partie rectiligne,,66,normale,,Sur chaussée,Conducteur,1,F,21-22,Domicile - école,Casque,Oui,1,1,11 - novembre,4 - vendredi,Rochelle
,201600020069,2016-11-18,17,8,17306,45.62592,-1.03081,Intersection en X,Deux véhicules - par le coté,Nuit avec éclairage public allumé,Normale,Voie Communale,,1,Plat,Partie rectiligne,,39,normale,,,Conducteur,1,M,12-13,Promenade - loisirs,Casque,Oui,1,1,11 - novembre,4 - vendredi,Royan
,201600020937,2016-11-18,22,12,22360,48.48873,-2.76418,Giratoire,Deux véhicules - frontale,Plein jour,Normale,Voie Communale,,1,Plat,En courbe à gauche,,50,,Carrefour aménagé,Sur chaussée,Conducteur,0,M,14-15,Promenade - loisirs,Casque,Non,1,,11 - novembre,4 - vendredi,Trégueux
,201600020937,2016-11-18,22,12,22360,48.48873,-2.76418,Giratoire,Deux véhicules - frontale,Plein jour,Normale,Voie Communale,,1,Plat,En courbe à gauche,,50,,Carrefour aménagé,Sur chaussée,Conducteur,2,M,44-45,Domicile - travail,Casque,Non,1,,11 - novembre,4 - vendredi,Trégueux
,201600025434,2016-11-18,35,15,35238,48.13072,-1.64226,Hors intersection,Autre,Plein jour,Normale,Voie Communale,,2,Plat,Partie rectiligne,,,normale,,Sur chaussée,Conducteur,2,M,77-78,Autre,Casque,Non,1,1,11 - novembre,4 - vendredi,Rennes
,201600028482,2016-11-18,51,10,51454,49.28323,4.01104,Hors intersection,Deux véhicules - par le coté,Plein jour,Normale,Voie Communale,,2,Pente,Partie rectiligne,,79,normale,,Sur chaussée,Conducteur,2,M,66-67,,Autre,Non déterminable,1,1,11 - novembre,4 - vendredi,Reims
,201600039489,2016-11-18,92,10,92075,0,0,Intersection en T,Aucune,Plein jour,Normale,Voie Communale,,,Bas de côte,Partie rectiligne,,,normale,,Sur chaussée,Conducteur,1,F,50-51,Domicile - travail,Casque,Non,1,1,11 - novembre,4 - vendredi,Vanves
,201600054080,2016-11-18,75,16,75113,48.8268,2.36523,Hors intersection,Deux véhicules - par l’arrière,Plein jour,Normale,Voie Communale,,3,Plat,Partie rectiligne,,100,normale,,Sur chaussée,Conducteur,1,F,35-36,,Casque,Non,1,1,11 - novembre,4 - vendredi,Paris 13e  Arrondissement
,201600054375,2016-11-18,75,12,75114,48.841,2.32497,Hors intersection,Aucune,Plein jour,Normale,Voie Communale,,1,Plat,Partie rectiligne,,30,normale,,Sur chaussée,Conducteur,1,F,65-66,Promenade - loisirs,Casque,Non,,1,11 - novembre,4 - vendredi,Paris 14e  Arrondissement
,201600056365,2016-11-18,75,11,75119,48.8873,2.36704,Intersection en T,Autre,Plein jour,Normale,Voie Communale,,1,Plat,Partie rectiligne,,,normale,,Sur chaussée,Conducteur,1,F,31-32,Promenade - loisirs,Casque,Non,1,1,11 - novembre,4 - vendredi,Paris 19e  Arrondissement
,201600056679,2016-11-18,75,,75120,48.8523,2.40405,Intersection en T,Deux véhicules - par l’arrière,Nuit avec éclairage public allumé,Pluie légère,Voie Communale,,1,Plat,Partie rectiligne,,,mouillée,,Sur chaussée,Conducteur,0,F,29-30,Promenade - loisirs,Casque,Non déterminable,1,1,11 - novembre,4 - vendredi,Paris 20e  Arrondissement
,201600002122,2016-11-17,49,8,49337,47.5746,-0.44044,Hors intersection,Autre,Plein jour,Pluie légère,Route Départementale,,2,Plat,Partie rectiligne,,48,mouillée,,Sur chaussée,Conducteur,2,F,79-80,Courses - achats,Equipement réfléchissant,Oui,1,,11 - novembre,3 - jeudi,Soucelles
,201600005835,2016-11-17,3,12,3220,0,0,Hors intersection,Deux véhicules - frontale,Plein jour,Normale,Route Départementale,,,,,,65,normale,,Sur chaussée,Conducteur,1,M,64-65,Promenade - loisirs,Casque,Oui,1,,11 - novembre,3 - jeudi,Saint-Bonnet-de-Rochefort
,201600006646,2016-11-17,67,10,67261,0,0,Intersection en X,Deux véhicules - par le coté,Plein jour,Pluie légère,Autre,,2,Plat,Partie rectiligne,,48,mouillée,,Sur chaussée,Conducteur,2,M,39-40,,Ceinture,,1,1,11 - novembre,3 - jeudi,Lauterbourg
,201600024331,2016-11-17,33,23,33522,44.81211,-0.58104,Intersection en T,Deux véhicules - par le coté,Nuit avec éclairage public allumé,Normale,Voie Communale,,2,Plat,En courbe à gauche,,84,normale,,Sur chaussée,Conducteur,2,M,53-54,,Casque,Non déterminable,1,1,11 - novembre,3 - jeudi,Talence
,201600025433,2016-11-17,35,19,35238,48.11357,-1.68724,Intersection en T,Deux véhicules - frontale,Nuit avec éclairage public allumé,Normale,Voie Communale,,1,Pente,Partie rectiligne,,,normale,,Sur chaussée,Conducteur,1,M,21-22,,Casque,Oui,1,1,11 - novembre,3 - jeudi,Rennes
,201600026241,2016-11-17,38,15,38544,45.51674,4.86896,Hors intersection,Autre,Plein jour,Normale,Route Départementale,,2,Plat,,,,,,,Conducteur,1,F,44-45,,Autre,Non déterminable,,1,11 - novembre,3 - jeudi,Vienne
,201600028481,2016-11-17,51,16,51454,49.26481,4.00997,Giratoire,Deux véhicules - frontale,Plein jour,Normale,Voie Communale,,2,Plat,Partie rectiligne,,94,normale,,Sur chaussée,Conducteur,1,M,38-39,Domicile - travail,Equipement réfléchissant,Non,1,1,11 - novembre,3 - jeudi,Reims
,201600030932,2016-11-17,62,8,62570,50.40691,2.88142,Intersection en T,Deux véhicules - par le coté,Plein jour,Temps couvert,Route Départementale,,2,Plat,Partie rectiligne,,,mouillée,,Sur chaussée,Conducteur,1,F,34-35,Domicile - travail,Casque,Non,1,1,11 - novembre,3 - jeudi,Méricourt
,201600032692,2016-11-17,67,13,67482,48.5696,7.75109,Hors intersection,Deux véhicules - par le coté,Plein jour,Normale,Voie Communale,,3,Plat,Partie rectiligne,,142,mouillée,,Sur trottoir,Conducteur,1,M,6-7,,Autre,Oui,1,1,11 - novembre,3 - jeudi,Strasbourg
,201600032692,2016-11-17,67,13,67482,48.5696,7.75109,Hors intersection,Deux véhicules - par le coté,Plein jour,Normale,Voie Communale,,3,Plat,Partie rectiligne,,142,mouillée,,Sur trottoir,Conducteur,0,F,16-17,,Autre,Oui,1,1,11 - novembre,3 - jeudi,Strasbourg
,201600032693,2016-11-17,67,17,67482,48.58002,7.75029,Hors intersection,Autre,Nuit avec éclairage public allumé,Normale,Voie Communale,,1,Plat,Partie rectiligne,,37,normale,,Sur trottoir,Conducteur,0,M,39-40,,Autre,Oui,,1,11 - novembre,3 - jeudi,Strasbourg
,201600034216,2016-11-17,77,7,77288,48.53853,2.65406,Intersection en Y,Deux véhicules - par le coté,Nuit avec éclairage public allumé,Autre,Route Départementale,,2,Plat,En courbe à droite,,,mouillée,Carrefour aménagé,Sur chaussée,Conducteur,2,M,43-44,Domicile - travail,Casque,Non,1,1,11 - novembre,3 - jeudi,Melun
,201600037336,2016-11-17,92,16,92009,0,0,Intersection en X,Deux véhicules - par le coté,Crépuscule ou aube,Normale,Voie Communale,,2,,,,,normale,,Sur chaussée,Conducteur,1,M,67-68,,Casque,Oui,1,1,11 - novembre,3 - jeudi,Bois-Colombes
,201600051784,2016-11-17,75,14,75105,48.846,2.34322,Hors intersection,Autre,Plein jour,Normale,Voie Communale,,2,Plat,Partie rectiligne,,65,normale,,Sur chaussée,Conducteur,2,M,24-25,Utilisation professionnelle,Casque,Oui,1,1,11 - novembre,3 - jeudi,Paris 5e  Arrondissement
,201600052529,2016-11-17,75,22,75108,48.8666,2.3219,Place,Deux véhicules - par le coté,Nuit avec éclairage public allumé,Normale,Voie Communale,,2,Plat,Partie rectiligne,,50,normale,,Sur chaussée,Conducteur,1,M,39-40,Promenade - loisirs,Casque,Non,1,1,11 - novembre,3 - jeudi,Paris 8e  Arrondissement
,201600054731,2016-11-17,75,19,75115,48.8345,2.29567,Intersection en X,Deux véhicules - par le coté,Nuit avec éclairage public allumé,Pluie légère,Voie Communale,,1,Plat,Partie rectiligne,,,mouillée,,Sur chaussée,Conducteur,1,M,56-57,Domicile - travail,Casque,Oui,1,1,11 - novembre,3 - jeudi,Paris 15e  Arrondissement
,201600055674,2016-11-17,75,8,75117,48.8902,2.30456,Intersection en T,Autre,Plein jour,Normale,Voie Communale,,1,Plat,Partie rectiligne,,60,normale,,Sur chaussée,Conducteur,1,F,40-41,Domicile - école,Casque,Non,1,1,11 - novembre,3 - jeudi,Paris 17e  Arrondissement
,201600055674,2016-11-17,75,8,75117,48.8902,2.30456,Intersection en T,Autre,Plein jour,Normale,Voie Communale,,1,Plat,Partie rectiligne,,60,normale,,Sur chaussée,Passager,1,M,9-10,Domicile - école,Casque,Non,1,1,11 - novembre,3 - jeudi,Paris 17e  Arrondissement
,201600056677,2016-11-17,75,9,75120,48.8474,2.41072,Hors intersection,Autre,Plein jour,Normale,Voie Communale,,3,Plat,Partie rectiligne,,150,normale,Carrefour aménagé,Sur trottoir,Conducteur,0,F,21-22,Domicile - travail,Casque,Non déterminable,,1,11 - novembre,3 - jeudi,Paris 20e  Arrondissement
,201600057001,2016-11-17,75,20,75117,48.8848,2.29838,Intersection en X,Deux véhicules - par le coté,Nuit avec éclairage public allumé,Normale,Voie Communale,,2,Plat,Partie rectiligne,,70,normale,,Sur chaussée,Conducteur,1,M,25-26,Domicile - travail,Casque,Non,1,1,11 - novembre,3 - jeudi,Paris 17e  Arrondissement
,201600026219,2016-11-16,38,14,38185,45.17056,5.72762,Intersection en X,Autre,Plein jour,Normale,Route Départementale,,2,Plat,Partie rectiligne,,,normale,,Sur chaussée,Conducteur,2,F,39-40,Domicile - travail,Casque,Oui,1,1,11 - novembre,2 - mercredi,Grenoble
,201600026579,2016-11-16,42,12,42187,46.0386,4.06414,Hors intersection,Deux véhicules - frontale,Plein jour,Normale,Voie Communale,,2,Plat,Partie rectiligne,,,normale,,Sur piste cyclable,Conducteur,1,M,45-46,Utilisation professionnelle,Autre,Non déterminable,1,1,11 - novembre,2 - mercredi,Roanne
,201600026800,2016-11-16,44,8,44190,47.19901,-1.51064,Giratoire,Autre,Crépuscule ou aube,Pluie légère,Voie Communale,,,Plat,En courbe à gauche,,,mouillée,,,Conducteur,1,M,13-14,,Casque,Oui,1,1,11 - novembre,2 - mercredi,Saint-Sébastien-sur-Loire
,201600028081,2016-11-16,50,19,50129,49.6346,-1.61321,Giratoire,Deux véhicules - par le coté,Nuit avec éclairage public allumé,Normale,Route Départementale,,4,Plat,Partie rectiligne,,82,normale,,Sur chaussée,Conducteur,1,M,56-57,Promenade - loisirs,Casque,Non,1,1,11 - novembre,2 - mercredi,Cherbourg-en-Cotentin
,201600032689,2016-11-16,67,9,67482,48.58193,7.76305,Hors intersection,Deux véhicules - par le coté,Plein jour,Normale,Voie Communale,,,Plat,Partie rectiligne,,120,mouillée,,Sur chaussée,Conducteur,1,M,21-22,,Autre,Oui,1,1,11 - novembre,2 - mercredi,Strasbourg
,201600032690,2016-11-16,67,12,67482,48.58464,7.76869,Intersection en X,Deux véhicules - par le coté,Plein jour,Pluie légère,Voie Communale,,1,Plat,Partie rectiligne,,60,mouillée,,Sur chaussée,Conducteur,1,M,23-24,Domicile - école,Autre,Non déterminable,1,1,11 - novembre,2 - mercredi,Strasbourg
,201600037396,2016-11-16,92,19,92007,0,0,Hors intersection,Autre,Nuit avec éclairage public allumé,Pluie légère,Route Départementale,,2,Plat,Partie rectiligne,,114,mouillée,,Sur chaussée,Conducteur,1,F,31-32,,Casque,Oui,1,1,11 - novembre,2 - mercredi,Bagneux
,201600037881,2016-11-16,92,10,92024,0,0,Intersection en T,Deux véhicules - par le coté,Plein jour,Normale,Voie Communale,,1,Plat,Partie rectiligne,,,normale,,Sur chaussée,Conducteur,1,M,47-48,Domicile - travail,Casque,Oui,1,1,11 - novembre,2 - mercredi,Clichy
,201600038897,2016-11-16,92,18,92050,0,0,Hors intersection,Deux véhicules - par le coté,Nuit avec éclairage public allumé,Pluie légère,Autre,,2,Plat,Partie rectiligne,,30,normale,,Sur chaussée,Conducteur,1,F,24-25,,Autre,Non,1,1,11 - novembre,2 - mercredi,Nanterre
,201600044552,2016-11-16,2A,9,2A004,41.94665,8.76136,Hors intersection,Trois véhicules et plus - en chaîne,Plein jour,Normale,Route Nationale,,2,Plat,Partie rectiligne,,,normale,,Sur chaussée,Conducteur,0,M,72-73,,Casque,Oui,1,1,11 - novembre,2 - mercredi,Ajaccio
,201600044552,2016-11-16,2A,9,2A004,41.94665,8.76136,Hors intersection,Trois véhicules et plus - en chaîne,Plein jour,Normale,Route Nationale,,2,Plat,Partie rectiligne,,,normale,,Sur chaussée,Conducteur,0,M,46-47,,Casque,Oui,1,1,11 - novembre,2 - mercredi,Ajaccio
,201600051595,2016-11-16,75,19,75104,48.8544,2.35494,Intersection en X,Deux véhicules - par le coté,Nuit avec éclairage public allumé,Normale,Voie Communale,,2,Plat,Partie rectiligne,,100,normale,,Sur chaussée,Conducteur,1,M,38-39,Autre,Casque,Non,1,1,11 - novembre,2 - mercredi,Paris 4e  Arrondissement
,201600052526,2016-11-16,75,16,75108,48.8666,2.3219,Place,Deux véhicules - par le coté,Plein jour,Normale,Voie Communale,,3,Plat,Partie rectiligne,,,normale,,Sur chaussée,Conducteur,1,M,40-41,,Casque,Oui,1,1,11 - novembre,2 - mercredi,Paris 8e  Arrondissement
,201600053263,2016-11-16,75,19,75111,48.8656,2.36705,Intersection en T,Deux véhicules - par l’arrière,Nuit avec éclairage public allumé,Temps couvert,Voie Communale,,2,,,,,,,Sur chaussée,Conducteur,2,M,46-47,,Casque,Non,1,1,11 - novembre,2 - mercredi,Paris 11e  Arrondissement
,201600053686,2016-11-16,75,23,75112,48.8532,2.37022,Place,Autre,Nuit avec éclairage public allumé,Temps couvert,Voie Communale,,8,Plat,En courbe à gauche,,,normale,,Sur chaussée,Conducteur,1,M,26-27,Promenade - loisirs,Casque,Oui,1,1,11 - novembre,2 - mercredi,Paris 12e  Arrondissement