test,identifiantAccident,date,departement,heure,commune,lat,lon,typeIntersection,typeCollision,luminosite,conditionsAtmosperiques,typeRoute,circulation,nbVoies,profilLongRoute,tracePlanRoute,largeurTPC,largeurRoute,etatSurface,amenagement,situation,categorieUsager,graviteAccident,sexe,age,motifDeplacement,existenceSecurite,usageSecurite,nombreAutresVehicules,enAgglomeration,mois,jour,NCCENR
,201600055673,2016-11-16,75,10,75117,48.8832,2.32306,Hors intersection,Deux véhicules - par l’arrière,Plein jour,Normale,Voie Communale,,1,Plat,Partie rectiligne,,,normale,,Sur chaussée,Conducteur,1,F,34-35,Domicile - travail,Casque,Non,1,1,11 - novembre,2 - mercredi,Paris 17e  Arrondissement
,201600056363,2016-11-16,75,8,75119,48.8888,2.3859,Intersection en X,Deux véhicules - par le coté,Plein jour,Pluie légère,Voie Communale,,1,Plat,Partie rectiligne,,,mouillée,,Sur chaussée,Conducteur,1,M,27-28,Domicile - travail,Casque,Non,1,1,11 - novembre,2 - mercredi,Paris 19e  Arrondissement
,201600005189,2016-11-15,42,14,42097,45.50537,4.30661,Giratoire,Deux véhicules - par le coté,Plein jour,Normale,Route Départementale,,2,,En courbe à gauche,,65,normale,,,Conducteur,2,M,64-65,Promenade - loisirs,Casque,Non,1,,11 - novembre,1 - mardi,Fouillouse
,201600007341,2016-11-15,71,13,71591,0,0,Giratoire,Deux véhicules - par le coté,Plein jour,Normale,Route Départementale,,,,,,,normale,Carrefour aménagé,Sur chaussée,Conducteur,1,M,65-66,Promenade - loisirs,Casque,Oui,1,,11 - novembre,1 - mardi,Fleurville
,201600023231,2016-11-15,31,7,31555,43.57351,1.4589,Intersection en T,Deux véhicules - par le coté,Plein jour,Normale,Voie Communale,,,Plat,Partie rectiligne,,,normale,,Sur chaussée,Conducteur,1,M,28-29,Autre,Autre,Non déterminable,1,1,11 - novembre,1 - mardi,Toulouse
,201600023232,2016-11-15,31,21,31555,43.60069,1.45606,Intersection en T,Deux véhicules - frontale,Nuit avec éclairage public allumé,Normale,Voie Communale,,3,Pente,Partie rectiligne,,,normale,,Sur chaussée,Conducteur,1,M,41-42,,Casque,Oui,1,1,11 - novembre,1 - mardi,Toulouse
,201600026817,2016-11-15,44,10,44109,47.21941,-1.54941,Intersection en T,Autre,Plein jour,Temps couvert,Voie Communale,,,Plat,Partie rectiligne,,,mouillée,,,Conducteur,2,M,34-35,,Casque,Oui,1,1,11 - novembre,1 - mardi,Nantes
,201600031750,2016-11-15,64,7,64445,43.2988,-0.35285,Hors intersection,Deux véhicules - par le coté,Nuit avec éclairage public allumé,Normale,Voie Communale,,2,Plat,Partie rectiligne,,,normale,,Sur chaussée,Conducteur,1,M,29-30,Autre,Casque,Oui,1,1,11 - novembre,1 - mardi,Pau
,201600035876,2016-11-15,86,17,86041,46.59356,0.36317,Giratoire,Deux véhicules - par le coté,Crépuscule ou aube,Normale,Voie Communale,,2,Plat,Partie rectiligne,,70,normale,,Sur chaussée,Conducteur,1,M,15-16,,Casque,Oui,1,1,11 - novembre,1 - mardi,Buxerolles
,201600038035,2016-11-15,92,17,92025,0,0,Hors intersection,Deux véhicules - par le coté,Nuit avec éclairage public allumé,Normale,Route Départementale,,,Plat,,,,normale,,Sur chaussée,Conducteur,1,M,61-62,Promenade - loisirs,Autre,Non,1,1,11 - novembre,1 - mardi,Colombes
,201600049547,2016-11-15,69,13,69387,45.74516,4.84198,Hors intersection,Deux véhicules - frontale,Plein jour,Normale,Voie Communale,,,Plat,Partie rectiligne,,,normale,,Sur chaussée,Conducteur,2,M,22-23,Autre,Autre,Non déterminable,1,1,11 - novembre,1 - mardi,Lyon 7e  Arrondissement
,201600052926,2016-11-15,75,8,75110,48.8742,2.35854,Hors intersection,Deux véhicules - par le coté,Plein jour,Temps couvert,Voie Communale,,4,Pente,Partie rectiligne,,200,mouillée,,Sur chaussée,Conducteur,1,M,21-22,Domicile - travail,Casque,Non déterminable,1,1,11 - novembre,1 - mardi,Paris 10e  Arrondissement
,201600052927,2016-11-15,75,18,75110,48.877,2.36477,Hors intersection,Deux véhicules - par le coté,Nuit avec éclairage public allumé,Pluie légère,Voie Communale,,2,Pente,Partie rectiligne,,,mouillée,,Sur piste cyclable,Conducteur,1,M,40-41,Promenade - loisirs,Casque,Non déterminable,1,1,11 - novembre,1 - mardi,Paris 10e  Arrondissement
,201600053685,2016-11-15,75,7,75112,48.8411,2.39887,Intersection en T,Deux véhicules - par le coté,Plein jour,Pluie légère,Voie Communale,,2,Plat,Partie rectiligne,,60,mouillée,,Sur chaussée,Conducteur,1,M,49-50,Domicile - travail,Casque,Non déterminable,1,1,11 - novembre,1 - mardi,Paris 12e  Arrondissement
,201600054727,2016-11-15,75,6,75115,48.8327,2.28833,Intersection en X,Autre,Nuit avec éclairage public allumé,Pluie légère,Voie Communale,,3,Pente,Partie rectiligne,,84,mouillée,,Sur chaussée,Conducteur,0,M,51-52,Domicile - travail,Casque,Oui,,1,11 - novembre,1 - mardi,Paris 15e  Arrondissement
,201600055672,2016-11-15,75,12,75117,48.884,2.29358,Intersection en T,Autre,Plein jour,Normale,Voie Communale,,1,Plat,Partie rectiligne,,,mouillée,,Sur chaussée,Conducteur,0,F,50-51,Utilisation professionnelle,Casque,Oui,,1,11 - novembre,1 - mardi,Paris 17e  Arrondissement
,201600022245,2016-11-14,60,10,60395,49.21965,2.13894,Hors intersection,Deux véhicules - par le coté,Plein jour,Normale,Voie Communale,,,Plat,En courbe à gauche,16,74,normale,Carrefour aménagé,Sur chaussée,Conducteur,1,F,49-50,Utilisation professionnelle,Casque,Oui,1,1,11 - novembre,0 - lundi,Méru
,201600024319,2016-11-14,33,8,33063,44.84834,-0.61677,Giratoire,Deux véhicules - par le coté,Crépuscule ou aube,Normale,Voie Communale,,2,Plat,Partie rectiligne,,,normale,,Sur chaussée,Conducteur,1,F,27-28,,Casque,Non déterminable,1,1,11 - novembre,0 - lundi,Bordeaux
,201600032801,2016-11-14,68,8,68066,48.07978,7.33745,Intersection en X,Deux véhicules - par le coté,Crépuscule ou aube,Normale,Voie Communale,,3,Plat,Partie rectiligne,,110,normale,,Sur chaussée,Conducteur,2,F,16-17,Domicile - école,Casque,Non,1,1,11 - novembre,0 - lundi,Colmar
,201600032802,2016-11-14,68,17,68066,0,0,Intersection en T,Deux véhicules - par le coté,Nuit avec éclairage public allumé,Normale,Voie Communale,,2,Plat,,,,normale,,Sur chaussée,Conducteur,2,M,17-18,Autre,Equipement réfléchissant,Non,1,1,11 - novembre,0 - lundi,Colmar
,201600037331,2016-11-14,92,8,92004,0,0,Intersection en X,Deux véhicules - frontale,Plein jour,Normale,Route Départementale,,1,Plat,Partie rectiligne,,,normale,,Sur chaussée,Conducteur,1,M,38-39,Utilisation professionnelle,Casque,Non déterminable,1,1,11 - novembre,0 - lundi,Asnières-sur-Seine
,201600038033,2016-11-14,92,12,92025,0,0,Hors intersection,Deux véhicules - par le coté,Plein jour,Normale,Voie Communale,,1,,,,,normale,,Sur trottoir,Conducteur,1,M,15-16,Promenade - loisirs,Autre,Non,1,1,11 - novembre,0 - lundi,Colombes
,201600051177,2016-11-14,75,17,75101,48.8589,2.347,Hors intersection,Autre,Crépuscule ou aube,Normale,Voie Communale,,3,Plat,Partie rectiligne,8,110,normale,,Sur chaussée,Conducteur,1,M,45-46,,Casque,Non déterminable,,1,11 - novembre,0 - lundi,Paris 1er Arrondissement
,201600053260,2016-11-14,75,8,75111,48.8655,2.37345,Hors intersection,Deux véhicules - par le coté,Plein jour,Temps couvert,Voie Communale,,,Pente,Partie rectiligne,,150,normale,,Sur chaussée,Conducteur,1,F,28-29,Domicile - travail,Casque,Non déterminable,1,1,11 - novembre,0 - lundi,Paris 11e  Arrondissement
,201600053261,2016-11-14,75,9,75111,48.8598,2.3887,Intersection en X,Deux véhicules - par le coté,Plein jour,Normale,Voie Communale,,2,Plat,Partie rectiligne,10,100,normale,,Sur chaussée,Conducteur,1,F,36-37,Utilisation professionnelle,Casque,Oui,1,1,11 - novembre,0 - lundi,Paris 11e  Arrondissement
,201600053262,2016-11-14,75,12,75111,48.8518,2.37638,Hors intersection,Deux véhicules - par le coté,Plein jour,Normale,Voie Communale,,2,Plat,Partie rectiligne,,100,normale,,Sur chaussée,Conducteur,1,F,46-47,Domicile - travail,Casque,Non déterminable,1,1,11 - novembre,0 - lundi,Paris 11e  Arrondissement
,201600059422,2016-11-14,976,8,97611,0,0,Hors intersection,Deux véhicules - par le coté,Plein jour,Normale,Route Nationale,,,Plat,Partie rectiligne,,,normale,,Sur chaussée,Conducteur,1,M,25-26,Domicile - travail,Casque,Oui,1,1,11 - novembre,0 - lundi,Mamoudzou
,201600008328,2016-11-13,83,11,83004,0,0,Hors intersection,Deux véhicules - frontale,Plein jour,Normale,Route Départementale,,2,,Partie rectiligne,,65,normale,,,Conducteur,2,M,79-80,Promenade - loisirs,Casque,Oui,1,,11 - novembre,6 - dimanche,Arcs
,201600018511,2016-11-13,41,10,41059,47.41638,1.43177,Intersection en T,Deux véhicules - par le coté,Plein jour,Normale,Route Départementale,,1,,,35,,normale,,Sur chaussée,Conducteur,2,F,83-84,Promenade - loisirs,,,1,1,11 - novembre,6 - dimanche,Contres
,201600032686,2016-11-13,67,12,67482,48.59676,7.74255,Hors intersection,Deux véhicules - par le coté,Plein jour,Normale,Voie Communale,,2,Plat,Partie rectiligne,,100,normale,,Sur chaussée,Conducteur,1,M,14-15,Promenade - loisirs,Autre,Non déterminable,1,1,11 - novembre,6 - dimanche,Strasbourg
,201600058435,2016-11-13,972,11,97209,14.62032,-61.05092,Hors intersection,Autre,Plein jour,Normale,Voie Communale,,,Pente,Partie rectiligne,,,normale,,,Conducteur,2,F,7-8,Promenade - loisirs,Autre,Non,1,1,11 - novembre,6 - dimanche,Fort-de-France
,201600011471,2016-11-12,7,11,7281,0,0,Hors intersection,Deux véhicules - par l’arrière,Plein jour,Normale,Route Départementale,,2,Plat,Partie rectiligne,,,normale,,Sur piste cyclable,Conducteur,1,M,17-18,,Autre,Non,1,1,11 - novembre,5 - samedi,Saint-Péray
,201600030989,2016-11-12,62,17,62160,50.73096,1.61947,Hors intersection,Autre,Nuit avec éclairage public allumé,Pluie légère,Autre,,2,Plat,,,,mouillée,,Sur chaussée,Conducteur,2,M,15-16,Domicile - école,,,,1,11 - novembre,5 - samedi,Boulogne-sur-Mer
,201600050985,2016-11-12,13,15,13055,0,0,Hors intersection,Autre,Plein jour,Normale,Autoroute,,3,Plat,En courbe à gauche,20,105,normale,,,Conducteur,1,M,62-63,Promenade - loisirs,Casque,Oui,,,11 - novembre,5 - samedi,Marseille
,201600051594,2016-11-12,75,13,75104,48.8551,2.35021,Intersection en X,Deux véhicules - par le coté,Plein jour,Normale,Voie Communale,,1,Plat,,,100,normale,,Sur chaussée,Conducteur,1,M,18-19,Utilisation professionnelle,Casque,Oui,1,1,11 - novembre,5 - samedi,Paris 4e  Arrondissement
,201600055240,2016-11-12,75,10,75116,48.8708,2.25947,Hors intersection,Deux véhicules - par l’arrière,Plein jour,Normale,Voie Communale,,3,Plat,Partie rectiligne,,,normale,,Sur chaussée,Conducteur,1,M,65-66,Promenade - loisirs,Casque,Oui,1,1,11 - novembre,5 - samedi,Paris 16e  Arrondissement
,201600026577,2016-11-11,42,9,42184,46.03985,4.05211,Autre intersection,Autre,Plein jour,Pluie légère,Voie Communale,,1,Plat,En courbe à gauche,,,mouillée,,Sur chaussée,Conducteur,1,M,69-70,Promenade - loisirs,Autre,Oui,1,1,11 - novembre,4 - vendredi,Riorges
,201600028076,2016-11-11,50,13,50129,49.6445,-1.62731,Intersection en X,Trois véhicules et plus - collisions multiples,Plein jour,Normale,Voie Communale,,2,Plat,Partie rectiligne,,,normale,Carrefour aménagé,Sur chaussée,Conducteur,2,M,52-53,Promenade - loisirs,Casque,Non,2,,11 - novembre,4 - vendredi,Cherbourg-en-Cotentin
,201600035470,2016-11-11,84,9,84007,0,0,Hors intersection,Deux véhicules - par le coté,Plein jour,Normale,Voie Communale,,3,Plat,Partie rectiligne,,70,normale,,Sur chaussée,Conducteur,2,M,60-61,Promenade - loisirs,Casque,Oui,1,1,11 - novembre,4 - vendredi,Avignon
,201600038739,2016-11-11,92,15,92020,0,0,Intersection en T,Deux véhicules - par le coté,Plein jour,Normale,Route Départementale,,2,Bas de côte,Partie rectiligne,,,normale,,Sur chaussée,Conducteur,1,M,55-56,,Casque,Oui,1,1,11 - novembre,4 - vendredi,Châtillon
,201600043580,2016-11-11,94,12,94068,0,0,Hors intersection,Autre,Plein jour,Normale,Route Départementale,,1,Plat,Partie rectiligne,,,normale,,Sur chaussée,Conducteur,1,M,13-14,Promenade - loisirs,Casque,Non,1,1,11 - novembre,4 - vendredi,Saint-Maur-des-Fossés
,201600059001,2016-11-11,974,21,97407,0,0,Hors intersection,Aucune,Nuit avec éclairage public allumé,Normale,Voie Communale,,2,Plat,Partie rectiligne,,,normale,,,Conducteur,1,M,43-44,Promenade - loisirs,Casque,Oui,,,11 - novembre,4 - vendredi,Port
,201600059119,2016-11-11,974,15,97416,0,0,Hors intersection,Autre,Plein jour,Normale,Voie Communale,,2,Pente,En courbe à droite,,40,normale,,Sur chaussée,Conducteur,1,M,12-13,Promenade - loisirs,Casque,Non,,1,11 - novembre,4 - vendredi,Saint-Pierre
,201600004950,2016-11-10,2,8,2738,49.66957,3.30064,Intersection en T,Deux véhicules - par le coté,Plein jour,Pluie légère,Voie Communale,,1,Pente,Partie rectiligne,,48,mouillée,,Sur chaussée,Conducteur,1,F,74-75,Promenade - loisirs,Autre,Non déterminable,1,1,11 - novembre,3 - jeudi,Tergnier
,201600025418,2016-11-10,35,15,35051,48.12255,-1.61822,Hors intersection,Aucune,Plein jour,Normale,Voie Communale,,1,Plat,En courbe à gauche,,,autre,,Sur chaussée,Conducteur,1,M,17-18,Promenade - loisirs,Casque,Non,,1,11 - novembre,3 - jeudi,Cesson-Sévigné
,201600025419,2016-11-10,35,7,35238,48.10405,-1.65017,Giratoire,Deux véhicules - par le coté,Nuit avec éclairage public allumé,Pluie légère,Voie Communale,,2,Plat,Partie rectiligne,,,mouillée,Carrefour aménagé,Sur chaussée,Conducteur,1,M,40-41,,Casque,Non déterminable,1,1,11 - novembre,3 - jeudi,Rennes
,201600027181,2016-11-10,44,18,44184,47.27892,-2.22648,Intersection en T,Deux véhicules - frontale,Crépuscule ou aube,Normale,Route Départementale,,2,Plat,En courbe à droite,,,normale,,Sur piste cyclable,Conducteur,1,F,35-36,Courses - achats,Casque,Non,1,1,11 - novembre,3 - jeudi,Saint-Nazaire
,201600033461,2016-11-10,74,18,74010,45.90455,6.13107,Intersection en Y,Autre,Nuit avec éclairage public allumé,Pluie légère,Voie Communale,,2,Plat,Partie rectiligne,,64,mouillée,,Sur chaussée,Conducteur,2,F,37-38,Domicile - travail,Autre,Non déterminable,1,1,11 - novembre,3 - jeudi,Annecy
,201600051277,2016-11-10,75,18,75102,48.8634,2.35094,Intersection en X,Deux véhicules - frontale,Nuit avec éclairage public allumé,Pluie forte,Voie Communale,,4,Plat,Partie rectiligne,,120,mouillée,,Sur chaussée,Conducteur,1,M,51-52,Domicile - travail,Casque,Non déterminable,1,1,11 - novembre,3 - jeudi,Paris 2e  Arrondissement
,201600051412,2016-11-10,75,14,75103,48.8612,2.35345,Intersection en X,Deux véhicules - par l’arrière,Plein jour,Pluie légère,Voie Communale,,3,Plat,Partie rectiligne,3,104,mouillée,Carrefour aménagé,Sur chaussée,Conducteur,1,M,48-49,Promenade - loisirs,Casque,Non déterminable,1,1,11 - novembre,3 - jeudi,Paris 3e  Arrondissement
,201600051778,2016-11-10,75,13,75105,48.8465,2.35457,Intersection en Y,Autre,Plein jour,Pluie légère,Voie Communale,,1,Plat,,,,mouillée,,Sur chaussée,Conducteur,0,F,18-19,Domicile - école,Casque,Non déterminable,,1,11 - novembre,3 - jeudi,Paris 5e  Arrondissement
,201600051945,2016-11-10,75,18,75106,48.8415,2.33121,Intersection en X,Deux véhicules - par le coté,Nuit avec éclairage public allumé,Pluie forte,Voie Communale,,6,Plat,,,180,mouillée,,Sur chaussée,Conducteur,1,F,68-69,,Equipement réfléchissant,Oui,1,1,11 - novembre,3 - jeudi,Paris 6e  Arrondissement
,201600054724,2016-11-10,75,15,75115,48.8481,2.29018,Intersection en X,Deux véhicules - par le coté,Plein jour,Normale,Voie Communale,,1,Plat,Partie rectiligne,,40,mouillée,,Sur chaussée,Conducteur,1,M,34-35,Utilisation professionnelle,Casque,Non déterminable,1,1,11 - novembre,3 - jeudi,Paris 15e  Arrondissement
,201600056359,2016-11-10,75,20,75119,48.8857,2.37091,Intersection en X,Deux véhicules - par le coté,Nuit avec éclairage public allumé,Pluie légère,Voie Communale,,2,Plat,Partie rectiligne,,,mouillée,,Sur chaussée,Conducteur,1,M,12-13,Promenade - loisirs,Casque,Non déterminable,1,1,11 - novembre,3 - jeudi,Paris 19e  Arrondissement
,201600023221,2016-11-09,31,6,31555,43.63671,1.43912,Hors intersection,Deux véhicules - par l’arrière,Nuit avec éclairage public allumé,Pluie forte,Voie Communale,,2,Plat,En courbe à droite,,,normale,,Sur chaussée,Conducteur,1,M,31-32,Domicile - travail,Autre,Non déterminable,1,1,11 - novembre,2 - mercredi,Toulouse
,201600024317,2016-11-09,33,16,33063,44.8551,-0.57178,Autre intersection,Deux véhicules - par le coté,Plein jour,Pluie forte,Voie Communale,,2,Plat,Partie rectiligne,,,mouillée,,Sur chaussée,Conducteur,1,F,48-49,Autre,Casque,Non déterminable,1,1,11 - novembre,2 - mercredi,Bordeaux
,201600024411,2016-11-09,33,16,33063,44.8453,-0.61535,Intersection en X,Deux véhicules - par le coté,Plein jour,Pluie légère,Voie Communale,,4,Plat,Partie rectiligne,,,mouillée,,Sur chaussée,Conducteur,1,M,45-46,Autre,Casque,Non déterminable,1,1,11 - novembre,2 - mercredi,Bordeaux
,201600026797,2016-11-09,44,9,44109,47.20091,-1.54455,Hors intersection,Autre,Crépuscule ou aube,Normale,Voie Communale,,,Plat,Partie rectiligne,,,normale,,,Conducteur,2,M,70-71,,Casque,Oui,1,1,11 - novembre,2 - mercredi,Nantes
,201600029678,2016-11-09,57,9,57672,49.36136,6.16551,Intersection en X,Deux véhicules - par le coté,Plein jour,Pluie légère,Voie Communale,,4,Plat,Partie rectiligne,,128,mouillée,,Sur chaussée,Conducteur,1,F,41-42,Promenade - loisirs,Equipement réfléchissant,Oui,1,1,11 - novembre,2 - mercredi,Thionville
,201600032683,2016-11-09,67,19,67482,48.57113,7.77346,Hors intersection,Deux véhicules - par le coté,Nuit avec éclairage public allumé,Pluie légère,Voie Communale,,4,Plat,Partie rectiligne,,140,mouillée,,Sur chaussée,Conducteur,2,M,21-22,Promenade - loisirs,Autre,Non déterminable,1,1,11 - novembre,2 - mercredi,Strasbourg
,201600052516,2016-11-09,75,8,75108,48.865,2.31369,Intersection en X,Deux véhicules - par le coté,Plein jour,Normale,Voie Communale,,,Plat,Partie rectiligne,,90,mouillée,,Sur chaussée,Conducteur,1,F,23-24,,Casque,Non déterminable,1,1,11 - novembre,2 - mercredi,Paris 8e  Arrondissement
,201600054357,2016-11-09,75,9,75114,48.8314,2.31582,Hors intersection,Deux véhicules - par l’arrière,Plein jour,Pluie légère,Voie Communale,,2,Plat,Partie rectiligne,,,mouillée,,Sur chaussée,Conducteur,1,F,34-35,Domicile - travail,Casque,Non déterminable,1,1,11 - novembre,2 - mercredi,Paris 14e  Arrondissement
,201600004927,2016-11-08,38,8,38524,0,0,Hors intersection,Deux véhicules - par le coté,Crépuscule ou aube,Brouillard - fumée,Voie Communale,,2,Plat,,,,normale,,Sur chaussée,Conducteur,2,F,77-78,Promenade - loisirs,Casque,Non,1,1,11 - novembre,1 - mardi,Varces-Allières-et-Risset
,201600008027,2016-11-08,13,9,13014,0,0,Giratoire,Deux véhicules - frontale,Plein jour,Normale,Voie Communale,,,,En courbe à gauche,50,,normale,Carrefour aménagé,Sur chaussée,Conducteur,1,M,82-83,Courses - achats,Ceinture,,1,1,11 - novembre,1 - mardi,'Berre-l''Étang'
,201600008992,2016-11-08,30,15,30275,44.05754,4.22237,Hors intersection,Deux véhicules - par le coté,Plein jour,Normale,Route Départementale,,,Plat,Partie rectiligne,,70,normale,,Sur chaussée,Conducteur,2,M,59-60,Promenade - loisirs,Casque,Oui,1,,11 - novembre,1 - mardi,Saint-Just-et-Vacquières
,201600010365,2016-11-08,6,10,6004,0,0,Hors intersection,Autre,Plein jour,Normale,Voie Communale,,2,,,,,,,Sur chaussée,Conducteur,3,M,72-73,Promenade - loisirs,Casque,Oui,,1,11 - novembre,1 - mardi,Antibes
,201600012970,2016-11-08,10,9,10387,48.29474,4.07382,Hors intersection,Deux véhicules - par le coté,Plein jour,Normale,Voie Communale,,1,Plat,,,50,normale,,Sur chaussée,Conducteur,2,M,58-59,Domicile - travail,Casque,Oui,1,1,11 - novembre,1 - mardi,Troyes
,201600015908,2016-11-08,13,7,13055,43.33368,5.42021,Intersection en T,Deux véhicules - par le coté,Plein jour,Normale,Voie Communale,,2,Pente,Partie rectiligne,,60,normale,,Sur chaussée,Conducteur,2,F,46-47,Domicile - travail,Casque,Oui,1,1,11 - novembre,1 - mardi,Marseille
,201600019123,2016-11-08,31,17,31032,43.67923,1.31938,Hors intersection,Deux véhicules - par le coté,Nuit sans éclairage public,Normale,Voie Communale,,2,Pente,Partie rectiligne,,70,normale,,Sur chaussée,Conducteur,1,M,10-11,Promenade - loisirs,Casque,Non,1,1,11 - novembre,1 - mardi,Aussonne
,201600020290,2016-11-08,83,6,83054,0,0,Giratoire,Deux véhicules - frontale,Crépuscule ou aube,Normale,Route Départementale,,,Bas de côte,,,60,normale,Carrefour aménagé,Sur chaussée,Conducteur,2,M,59-60,Domicile - travail,Casque,Oui,1,1,11 - novembre,1 - mardi,Farlède
,201600022511,2016-11-08,30,9,30189,43.83023,4.35192,Intersection en T,Deux véhicules - par le coté,Plein jour,Normale,Voie Communale,,1,Plat,Partie rectiligne,,30,normale,,,Conducteur,1,F,18-19,,Casque,Non déterminable,1,1,11 - novembre,1 - mardi,Nîmes
,201600027768,2016-11-08,49,18,49007,47.46061,-0.53271,Hors intersection,Deux véhicules - frontale,Nuit avec éclairage public allumé,Normale,Voie Communale,,2,Plat,Partie rectiligne,,,normale,,Sur piste cyclable,Conducteur,1,M,15-16,Promenade - loisirs,Autre,Oui,1,1,11 - novembre,1 - mardi,Angers
,201600027770,2016-11-08,49,19,49007,47.47632,-0.55055,Hors intersection,Autre,Nuit avec éclairage public allumé,Normale,Voie Communale,,2,Plat,Partie rectiligne,,,normale,,Sur chaussée,Conducteur,1,M,26-27,Autre,Autre,Oui,1,1,11 - novembre,1 - mardi,Angers
,201600029356,2016-11-08,56,16,56121,47.74726,-3.37642,Giratoire,Deux véhicules - par le coté,Plein jour,Pluie légère,Voie Communale,,2,Pente,Partie rectiligne,,,mouillée,,Sur chaussée,Conducteur,2,M,71-72,Promenade - loisirs,Casque,Oui,1,1,11 - novembre,1 - mardi,Lorient
,201600030442,2016-11-08,59,21,59646,0,0,Intersection en T,Deux véhicules - frontale,Nuit avec éclairage public allumé,Normale,Voie Communale,,2,Plat,En courbe à gauche,,60,normale,,,Conducteur,2,M,41-42,Promenade - loisirs,Casque,Oui,1,1,11 - novembre,1 - mardi,Wasquehal
,201600032682,2016-11-08,67,17,67482,48.59683,7.74142,Hors intersection,Deux véhicules - par le coté,Nuit avec éclairage public allumé,Temps couvert,Voie Communale,,2,Plat,En courbe à droite,32,35,mouillée,,Sur chaussée,Conducteur,1,F,23-24,Promenade - loisirs,Casque,Non,1,1,11 - novembre,1 - mardi,Strasbourg
,201600035871,2016-11-08,86,16,86194,46.56926,0.3693,Intersection en X,Deux véhicules - frontale,Plein jour,Normale,Route Départementale,,4,Plat,Partie rectiligne,35,140,normale,,Sur chaussée,Conducteur,1,F,49-50,Autre,Autre,Non déterminable,1,1,11 - novembre,1 - mardi,Poitiers
,201600043489,2016-11-08,94,18,94052,0,0,Hors intersection,Deux véhicules - par le coté,Nuit avec éclairage public allumé,Normale,Route Nationale,,2,Pente,Partie rectiligne,,112,normale,,Sur chaussée,Conducteur,1,M,41-42,Domicile - travail,Casque,Oui,1,1,11 - novembre,1 - mardi,Nogent-sur-Marne
,201600053680,2016-11-08,75,17,75112,48.8358,2.45314,Intersection en X,Deux véhicules - par le coté,Crépuscule ou aube,Normale,Voie Communale,,4,Plat,Partie rectiligne,,120,normale,,Sur chaussée,Conducteur,1,F,13-14,Promenade - loisirs,Casque,Oui,1,1,11 - novembre,1 - mardi,Paris 12e  Arrondissement
,201600010266,2016-11-07,44,15,44020,47.17402,-1.60997,Giratoire,Deux véhicules - par le coté,Plein jour,Temps éblouissant,Voie Communale,,1,Plat,,9,710,normale,,,Conducteur,2,M,67-68,Promenade - loisirs,Casque,Oui,1,1,11 - novembre,0 - lundi,Bouguenais
,201600021076,2016-11-07,25,16,25056,47.25459,6.04481,Intersection en T,Deux véhicules - par le coté,Plein jour,Normale,Voie Communale,,2,,,,,,,Sur chaussée,Conducteur,2,M,13-14,Autre,Casque,Non déterminable,1,1,11 - novembre,0 - lundi,Besançon
,201600024304,2016-11-07,33,7,33063,44.8157,-0.57245,Hors intersection,Deux véhicules - frontale,Crépuscule ou aube,Normale,Voie Communale,,2,Plat,Partie rectiligne,,,normale,,Sur chaussée,Conducteur,1,M,32-33,Autre,Casque,Non,1,1,11 - novembre,0 - lundi,Bordeaux
,201600026025,2016-11-07,37,10,37261,47.38892,0.67936,Intersection en X,Deux véhicules - frontale,Plein jour,Pluie légère,Voie Communale,,2,Plat,Partie rectiligne,,,mouillée,,Sur trottoir,Conducteur,1,F,17-18,Domicile - école,Casque,Oui,1,1,11 - novembre,0 - lundi,Tours
,201600028513,2016-11-07,52,11,52121,48.1165,5.14033,Giratoire,Deux véhicules - par l’arrière,Plein jour,Temps éblouissant,Route Départementale,,1,Plat,En courbe à gauche,,,normale,,Sur chaussée,Conducteur,1,M,63-64,Promenade - loisirs,Casque,Oui,1,1,11 - novembre,0 - lundi,Chaumont
,201600032680,2016-11-07,67,8,67218,48.52932,7.73401,Hors intersection,Deux véhicules - frontale,Plein jour,Normale,Voie Communale,,2,Plat,Partie rectiligne,,60,normale,,Sur chaussée,Conducteur,1,M,22-23,Domicile - travail,Autre,Oui,1,1,11 - novembre,0 - lundi,Illkirch-Graffenstaden
,201600034171,2016-11-07,77,17,77475,48.95773,2.94678,Intersection en Y,Autre,Nuit avec éclairage public allumé,Normale,Route Départementale,,3,Plat,Partie rectiligne,,,mouillée,Carrefour aménagé,Sur chaussée,Conducteur,0,M,28-29,Autre,Autre,Non déterminable,,1,11 - novembre,0 - lundi,Trilport
,201600043488,2016-11-07,94,10,94052,48.8355,2.49405,Intersection en X,Deux véhicules - par le coté,Plein jour,Pluie légère,Route Nationale,,4,Pente,Partie rectiligne,25,60,mouillée,Carrefour aménagé,Sur chaussée,Conducteur,1,M,65-66,Promenade - loisirs,Casque,Non,1,1,11 - novembre,0 - lundi,Nogent-sur-Marne
,201600043576,2016-11-07,94,7,94068,0,0,Intersection en X,Deux véhicules - par le coté,Nuit avec éclairage public allumé,Neige - grêle,Route Nationale,,2,Plat,Partie rectiligne,,,mouillée,,Sur chaussée,Conducteur,1,F,45-46,Domicile - travail,Casque,Non,1,1,11 - novembre,0 - lundi,Saint-Maur-des-Fossés
,201600049539,2016-11-07,69,12,69388,0,0,Hors intersection,Deux véhicules - par le coté,Plein jour,Normale,Voie Communale,,1,Plat,Partie rectiligne,,,normale,,Sur chaussée,Conducteur,0,F,19-20,,Casque,Non,1,1,11 - novembre,0 - lundi,Lyon 8e  Arrondissement