test,identifiantAccident,date,departement,heure,commune,lat,lon,typeIntersection,typeCollision,luminosite,conditionsAtmosperiques,typeRoute,circulation,nbVoies,profilLongRoute,tracePlanRoute,largeurTPC,largeurRoute,etatSurface,amenagement,situation,categorieUsager,graviteAccident,sexe,age,motifDeplacement,existenceSecurite,usageSecurite,nombreAutresVehicules,enAgglomeration,mois,jour,NCCENR
,201600001441,2016-11-06,14,17,14150,0,0,Hors intersection,Deux véhicules - par le coté,Crépuscule ou aube,Normale,Route Départementale,,2,Plat,Partie rectiligne,,,normale,,Sur accotement,Conducteur,2,M,2-3,Promenade - loisirs,Casque,Oui,1,,11 - novembre,6 - dimanche,Cesny-Bois-Halbout
,201600040637,2016-11-06,93,16,93045,0,0,Hors intersection,Autre,Plein jour,Normale,Voie Communale,,2,Plat,Partie rectiligne,60,60,normale,,Sur chaussée,Conducteur,1,F,45-46,Promenade - loisirs,Autre,Non déterminable,1,1,11 - novembre,6 - dimanche,Lilas
,201600040637,2016-11-06,93,16,93045,0,0,Hors intersection,Autre,Plein jour,Normale,Voie Communale,,2,Plat,Partie rectiligne,60,60,normale,,Sur chaussée,Passager,1,F,10-11,Promenade - loisirs,Autre,Non déterminable,1,1,11 - novembre,6 - dimanche,Lilas
,201600044230,2016-11-06,95,12,95428,48.9833,2.3258,Hors intersection,Deux véhicules - par l’arrière,Plein jour,Normale,Route Départementale,,,Pente,Partie rectiligne,,,normale,,Sur chaussée,Conducteur,1,M,16-17,Promenade - loisirs,Casque,Oui,1,1,11 - novembre,6 - dimanche,Montmorency
,201600053673,2016-11-06,75,13,75112,48.8265,2.4551,Hors intersection,Deux véhicules - par l’arrière,Plein jour,Normale,Voie Communale,,2,Plat,Partie rectiligne,,30,normale,,Sur chaussée,Conducteur,1,M,13-14,Promenade - loisirs,Casque,Oui,1,1,11 - novembre,6 - dimanche,Paris 12e  Arrondissement
,201600018279,2016-11-05,44,11,44069,47.32725,-2.41762,Hors intersection,Deux véhicules - par le coté,Plein jour,Normale,Autre,,2,Plat,,,10,normale,,,Conducteur,2,M,62-63,Promenade - loisirs,Casque,Oui,1,1,11 - novembre,5 - samedi,Guérande
,201600018973,2016-11-05,80,15,80368,50.09452,1.55982,Intersection en T,Aucune,Plein jour,Normale,Voie Communale,,2,Plat,,,54,normale,,Sur chaussée,Conducteur,1,M,48-49,Promenade - loisirs,Autre,Non,1,1,11 - novembre,5 - samedi,Friville-Escarbotin
,201600019955,2016-11-05,17,17,17300,46.17082,-1.18653,Intersection en T,Deux véhicules - par le coté,Plein jour,Normale,Voie Communale,,2,Plat,Partie rectiligne,,46,normale,,Sur chaussée,Conducteur,1,M,11-12,Promenade - loisirs,Casque,Non déterminable,1,1,11 - novembre,5 - samedi,Rochelle
,201600026399,2016-11-05,41,9,41018,47.59237,1.30628,Intersection en T,Deux véhicules - par le coté,Plein jour,Normale,Voie Communale,,2,Plat,Partie rectiligne,,,normale,,Sur chaussée,Conducteur,1,F,53-54,Domicile - travail,Equipement réfléchissant,Non déterminable,1,1,11 - novembre,5 - samedi,Blois
,201600031737,2016-11-05,64,6,64132,43.30669,-0.32749,Intersection en X,Deux véhicules - par le coté,Nuit avec éclairage public allumé,Pluie forte,Voie Communale,,2,Pente,Partie rectiligne,,100,mouillée,,Sur chaussée,Conducteur,1,M,39-40,Autre,Casque,Oui,1,1,11 - novembre,5 - samedi,Bizanos
,201600031738,2016-11-05,64,12,64445,43.33141,-0.36156,Intersection en T,Deux véhicules - par le coté,Plein jour,Pluie forte,Voie Communale,,2,Plat,Partie rectiligne,,91,mouillée,,Sur chaussée,Conducteur,1,M,17-18,Promenade - loisirs,Casque,Non,1,1,11 - novembre,5 - samedi,Pau
,201600048733,2016-11-05,69,20,69382,0,0,Hors intersection,Deux véhicules - par l’arrière,Nuit avec éclairage public allumé,Pluie forte,Voie Communale,,3,Plat,,,,mouillée,,,Conducteur,1,M,22-23,,Casque,Non,1,1,11 - novembre,5 - samedi,Lyon 2e  Arrondissement
,201600053670,2016-11-05,75,18,75112,48.846,2.36735,Hors intersection,Aucune,Nuit avec éclairage public allumé,Pluie légère,Voie Communale,,3,Plat,Partie rectiligne,,80,mouillée,,Sur trottoir,Conducteur,1,F,31-32,Autre,Casque,Non,,1,11 - novembre,5 - samedi,Paris 12e  Arrondissement
,201600054058,2016-11-05,75,1,75111,48.8661,2.37014,Intersection en X,Deux véhicules - par le coté,Nuit avec éclairage public allumé,Pluie légère,Voie Communale,,2,Pente,Partie rectiligne,,,mouillée,,Sur chaussée,Conducteur,1,M,22-23,,Casque,Non,1,1,11 - novembre,5 - samedi,Paris 11e  Arrondissement
,201600054059,2016-11-05,75,20,75113,48.8229,2.3687,Intersection en X,Deux véhicules - par le coté,Nuit avec éclairage public allumé,Pluie légère,Voie Communale,,2,Plat,Partie rectiligne,,,mouillée,,Sur chaussée,Conducteur,1,M,19-20,Domicile - travail,Casque,Non,1,1,11 - novembre,5 - samedi,Paris 13e  Arrondissement
,201600055228,2016-11-05,75,16,75116,48.8623,2.23822,Intersection en T,Deux véhicules - par le coté,Plein jour,Pluie légère,Voie Communale,,1,Plat,En courbe à droite,,,normale,,Sur chaussée,Conducteur,1,M,50-51,Promenade - loisirs,Casque,Oui,1,1,11 - novembre,5 - samedi,Paris 16e  Arrondissement
,201600058854,2016-11-05,973,8,97302,0,0,Intersection en X,Deux véhicules - par le coté,Plein jour,Normale,Voie Communale,,2,Plat,Partie rectiligne,,80,normale,,,Conducteur,2,M,61-62,Promenade - loisirs,Autre,Oui,1,1,11 - novembre,5 - samedi,Cayenne
,201600058855,2016-11-05,973,15,97302,0,0,Hors intersection,Deux véhicules - par l’arrière,Plein jour,Normale,Voie Communale,,,Plat,Partie rectiligne,,60,normale,,,Conducteur,1,M,59-60,,Casque,Oui,1,1,11 - novembre,5 - samedi,Cayenne
,201600006833,2016-11-04,68,14,68287,47.95997,7.29227,Hors intersection,Deux véhicules - par le coté,Plein jour,Normale,Voie Communale,,2,Plat,Partie rectiligne,,49,normale,,Sur chaussée,Conducteur,1,M,40-41,Promenade - loisirs,Casque,Oui,1,1,11 - novembre,4 - vendredi,Rouffach
,201600009019,2016-11-04,30,12,30227,44.24332,4.19662,Hors intersection,Deux véhicules - par l’arrière,Plein jour,Normale,Route Départementale,,2,Plat,Partie rectiligne,,63,normale,,Sur chaussée,Conducteur,2,M,38-39,Domicile - travail,Casque,Oui,1,,11 - novembre,4 - vendredi,Saint-Ambroix
,201600015878,2016-11-04,13,9,13002,43.32967,5.49006,Hors intersection,Deux véhicules - frontale,Plein jour,Temps éblouissant,Voie Communale,,1,Plat,Partie rectiligne,15,60,normale,,Sur chaussée,Conducteur,1,M,54-55,Promenade - loisirs,Casque,Oui,1,1,11 - novembre,4 - vendredi,Allauch
,201600023212,2016-11-04,31,19,31555,43.59772,1.41056,Hors intersection,Deux véhicules - frontale,Nuit sans éclairage public,Normale,Voie Communale,,,Plat,Partie rectiligne,,,normale,,Sur piste cyclable,Conducteur,0,M,37-38,Promenade - loisirs,Equipement réfléchissant,Non déterminable,1,,11 - novembre,4 - vendredi,Toulouse
,201600025611,2016-11-04,36,17,36202,46.782,1.65472,Hors intersection,Aucune,Crépuscule ou aube,Normale,Voie Communale,,2,Plat,Partie rectiligne,,,normale,,Sur chaussée,Conducteur,2,M,47-48,Utilisation professionnelle,Equipement réfléchissant,Oui,1,1,11 - novembre,4 - vendredi,Saint-Maur
,201600026216,2016-11-04,38,18,38185,45.1894,5.73057,Intersection en T,Autre,Nuit avec éclairage public allumé,Normale,Voie Communale,,1,Plat,Partie rectiligne,,53,normale,,Sur chaussée,Conducteur,2,M,38-39,,Casque,Non déterminable,1,1,11 - novembre,4 - vendredi,Grenoble
,201600033175,2016-11-04,69,13,69266,45.77954,4.87508,Giratoire,Deux véhicules - par le coté,Plein jour,Normale,Voie Communale,,2,Plat,Partie rectiligne,,75,normale,,Sur piste cyclable,Conducteur,3,F,20-21,,Autre,Non,1,,11 - novembre,4 - vendredi,Villeurbanne
,201600038735,2016-11-04,92,18,92049,0,0,Hors intersection,Autre,Nuit avec éclairage public allumé,Normale,Route Départementale,,2,,,,,normale,,Sur piste cyclable,Conducteur,2,M,25-26,Promenade - loisirs,Autre,Oui,1,1,11 - novembre,4 - vendredi,Montrouge
,201600043575,2016-11-04,94,17,94068,0,0,Hors intersection,Deux véhicules - par le coté,Nuit avec éclairage public allumé,Pluie forte,Route Départementale,,2,Plat,Partie rectiligne,,65,mouillée,,Sur accotement,Conducteur,2,M,15-16,Promenade - loisirs,Casque,Non,1,1,11 - novembre,4 - vendredi,Saint-Maur-des-Fossés
,201600049535,2016-11-04,69,7,69387,45.74344,4.84099,Hors intersection,Deux véhicules - par le coté,Plein jour,Normale,Voie Communale,,4,Plat,Partie rectiligne,,54,normale,,,Conducteur,1,M,45-46,Domicile - travail,Casque,Oui,1,1,11 - novembre,4 - vendredi,Lyon 7e  Arrondissement
,201600049537,2016-11-04,69,12,69259,0,0,Giratoire,Deux véhicules - par le coté,Plein jour,Normale,Voie Communale,,,Plat,,,,normale,Carrefour aménagé,Sur chaussée,Conducteur,1,M,41-42,,Autre,Oui,1,1,11 - novembre,4 - vendredi,Vénissieux
,201600052513,2016-11-04,75,23,75108,48.8781,2.32257,Intersection en X,Deux véhicules - par le coté,Nuit avec éclairage public allumé,Pluie forte,Voie Communale,,,,,,,,,,Conducteur,1,M,28-29,Autre,Casque,Oui,1,1,11 - novembre,4 - vendredi,Paris 8e  Arrondissement
,201600052701,2016-11-04,75,,75109,48.8843,2.33001,Hors intersection,Autre,Nuit avec éclairage public allumé,Normale,Voie Communale,,,,,,,,,Sur chaussée,Conducteur,1,M,19-20,,Casque,Non déterminable,1,1,11 - novembre,4 - vendredi,Paris 9e  Arrondissement
,201600053250,2016-11-04,75,9,75111,48.8646,2.37798,Intersection en X,Aucune,Plein jour,Pluie légère,Voie Communale,,,Pente,Partie rectiligne,,140,mouillée,,Sur chaussée,Conducteur,1,F,57-58,Domicile - travail,Casque,Non déterminable,,1,11 - novembre,4 - vendredi,Paris 11e  Arrondissement
,201600053251,2016-11-04,75,13,75111,48.8616,2.36759,Hors intersection,Autre,Plein jour,Pluie légère,Voie Communale,,,Plat,Partie rectiligne,,60,mouillée,,Sur piste cyclable,Conducteur,0,M,18-19,Utilisation professionnelle,Casque,Non déterminable,,1,11 - novembre,4 - vendredi,Paris 11e  Arrondissement
,201600054716,2016-11-04,75,9,75115,48.8365,2.28398,Hors intersection,Deux véhicules - par le coté,Plein jour,Pluie légère,Voie Communale,,1,Pente,Partie rectiligne,,60,normale,,Sur chaussée,Conducteur,1,F,46-47,Domicile - travail,Casque,Non déterminable,1,1,11 - novembre,4 - vendredi,Paris 15e  Arrondissement
,201600000286,2016-11-03,62,10,62598,50.84352,2.11443,Hors intersection,Deux véhicules - par l’arrière,Plein jour,Normale,Voie Communale,,2,Pente,En courbe à gauche,,,normale,,Sur chaussée,Conducteur,2,M,69-70,Promenade - loisirs,Casque,Non,1,1,11 - novembre,3 - jeudi,Muncq-Nieurlet
,201600006562,2016-11-03,67,15,67061,0,0,Hors intersection,Deux véhicules - par le coté,Crépuscule ou aube,Temps éblouissant,Route Départementale,,,Pente,Partie rectiligne,,40,normale,,Sur chaussée,Conducteur,2,M,61-62,Promenade - loisirs,Casque,Oui,1,,11 - novembre,3 - jeudi,Bouxwiller
,201600006871,2016-11-03,68,15,68174,0,0,Hors intersection,Deux véhicules - par le coté,Plein jour,Normale,Route Départementale,,2,,Partie rectiligne,,63,normale,,Sur chaussée,Conducteur,2,M,65-66,Promenade - loisirs,Casque,Oui,1,,11 - novembre,3 - jeudi,Landser
,201600012965,2016-11-03,10,7,10387,48.26883,4.08452,Intersection en T,Deux véhicules - par le coté,Plein jour,Normale,Voie Communale,,1,Plat,Partie rectiligne,,,normale,,Sur chaussée,Conducteur,2,M,38-39,Autre,Casque,Oui,1,1,11 - novembre,3 - jeudi,Troyes
,201600017237,2016-11-03,21,15,21256,47.31808,5.33652,Hors intersection,Deux véhicules - par le coté,Plein jour,Normale,Route Départementale,,1,Plat,Partie rectiligne,,70,normale,,Sur chaussée,Conducteur,1,M,58-59,Promenade - loisirs,Casque,Oui,1,,11 - novembre,3 - jeudi,Étevaux
,201600020731,2016-11-03,21,17,21054,47.0352,4.83799,Intersection en T,Deux véhicules - par le coté,Crépuscule ou aube,Normale,Voie Communale,,1,,,,,,,Sur chaussée,Conducteur,1,M,14-15,,Casque,Non,1,1,11 - novembre,3 - jeudi,Beaune
,201600020731,2016-11-03,21,17,21054,47.0352,4.83799,Intersection en T,Deux véhicules - par le coté,Crépuscule ou aube,Normale,Voie Communale,,1,,,,,,,Sur chaussée,Passager,1,F,12-13,,Casque,Non,1,1,11 - novembre,3 - jeudi,Beaune
,201600020962,2016-11-03,24,6,24037,44.8606,0.47912,Intersection en X,Autre,Nuit avec éclairage public allumé,Brouillard - fumée,Voie Communale,,2,Plat,Partie rectiligne,,70,normale,Carrefour aménagé,Sur chaussée,Conducteur,3,M,57-58,Domicile - travail,Autre,Non,1,1,11 - novembre,3 - jeudi,Bergerac
,201600023208,2016-11-03,31,18,31555,43.59363,1.44872,Hors intersection,Deux véhicules - par le coté,Crépuscule ou aube,Normale,Voie Communale,,,Plat,Partie rectiligne,,,normale,,Sur chaussée,Conducteur,1,M,48-49,Autre,Equipement réfléchissant,Oui,1,1,11 - novembre,3 - jeudi,Toulouse
,201600024310,2016-11-03,33,16,33039,44.8041,-0.55492,Intersection en X,Deux véhicules - par le coté,Plein jour,Normale,Voie Communale,,2,Plat,Partie rectiligne,,,normale,,Sur chaussée,Conducteur,1,M,58-59,Autre,Casque,Non déterminable,1,1,11 - novembre,3 - jeudi,Bègles
,201600025391,2016-11-03,35,8,35278,48.13623,-1.69222,Giratoire,Deux véhicules - par le coté,Plein jour,Temps éblouissant,Route Départementale,,2,Plat,,,,normale,,Sur chaussée,Conducteur,1,F,27-28,Domicile - travail,Casque,Non,1,,11 - novembre,3 - jeudi,Saint-Grégoire
,201600027762,2016-11-03,49,14,49007,47.46472,-0.54537,Intersection en Y,Deux véhicules - par le coté,Plein jour,Normale,Voie Communale,,2,Plat,Partie rectiligne,,59,normale,,Sur chaussée,Conducteur,1,M,55-56,Domicile - travail,Casque,Non déterminable,1,1,11 - novembre,3 - jeudi,Angers
,201600032234,2016-11-03,67,13,67180,0,0,Hors intersection,Deux véhicules - par le coté,Plein jour,Normale,Route Départementale,,3,Plat,Partie rectiligne,,,mouillée,,Sur chaussée,Conducteur,1,M,81-82,Promenade - loisirs,Equipement réfléchissant,Oui,1,1,11 - novembre,3 - jeudi,Haguenau
,201600032678,2016-11-03,67,19,67482,48.5605,7.75097,Intersection en T,Deux véhicules - par le coté,Nuit avec éclairage public allumé,Normale,Voie Communale,,3,Plat,Partie rectiligne,,60,normale,,Sur chaussée,Conducteur,1,F,24-25,Autre,Autre,Non déterminable,1,1,11 - novembre,3 - jeudi,Strasbourg
,201600032800,2016-11-03,68,9,68066,48.07032,7.35341,Intersection en X,Deux véhicules - par le coté,Plein jour,Normale,Voie Communale,,4,Plat,Partie rectiligne,,100,normale,Carrefour aménagé,Sur chaussée,Conducteur,1,M,18-19,Domicile - école,Casque,Oui,1,1,11 - novembre,3 - jeudi,Colmar
,201600032839,2016-11-03,68,9,68224,0,0,Giratoire,Deux véhicules - par le coté,Plein jour,Normale,Voie Communale,,,Plat,Partie rectiligne,,,normale,,,Conducteur,1,M,67-68,,Autre,Non déterminable,1,1,11 - novembre,3 - jeudi,Mulhouse
,201600034524,2016-11-03,78,7,78168,0,0,Hors intersection,Deux véhicules - par le coté,Nuit avec éclairage public allumé,Normale,Route Nationale,,,Plat,Partie rectiligne,,,normale,,Sur chaussée,Conducteur,2,M,65-66,,Casque,Non,1,1,11 - novembre,3 - jeudi,Coignières
,201600034987,2016-11-03,80,18,80021,49.89679,2.28304,Intersection en T,Deux véhicules - par le coté,Nuit avec éclairage public allumé,Normale,Voie Communale,,2,Plat,Partie rectiligne,,,normale,,Sur chaussée,Conducteur,2,M,57-58,Promenade - loisirs,Casque,Oui,1,1,11 - novembre,3 - jeudi,Amiens
,201600037753,2016-11-03,92,17,92023,0,0,Intersection en X,Deux véhicules - par l’arrière,Crépuscule ou aube,Normale,Route Départementale,,4,Plat,Partie rectiligne,,,normale,,Sur chaussée,Conducteur,1,M,51-52,Promenade - loisirs,Casque,Non,1,1,11 - novembre,3 - jeudi,Clamart
,201600040734,2016-11-03,93,9,93015,0,0,Giratoire,Deux véhicules - par le coté,Plein jour,Normale,Route Départementale,,2,Plat,,,,normale,Carrefour aménagé,Sur chaussée,Conducteur,1,M,61-62,Promenade - loisirs,Casque,Non déterminable,1,,11 - novembre,3 - jeudi,Coubron
,201600043285,2016-11-03,94,8,94046,0,0,Intersection en X,Deux véhicules - par l’arrière,Plein jour,Normale,Route Départementale,,2,Plat,Partie rectiligne,,,normale,,Sur chaussée,Conducteur,1,F,31-32,Domicile - travail,Casque,Non déterminable,1,1,11 - novembre,3 - jeudi,Maisons-Alfort
,201600048706,2016-11-03,69,11,69389,0,0,Hors intersection,Deux véhicules - par le coté,Plein jour,Normale,Voie Communale,,3,Plat,Partie rectiligne,,119,normale,,Sur chaussée,Conducteur,0,M,36-37,Promenade - loisirs,Casque,Non déterminable,1,1,11 - novembre,3 - jeudi,Lyon 9e  Arrondissement
,201600051172,2016-11-03,75,15,75101,48.8635,2.33975,Intersection en X,Deux véhicules - par le coté,Plein jour,Normale,Voie Communale,,2,Plat,Partie rectiligne,,80,normale,,Sur chaussée,Conducteur,1,M,29-30,,Casque,Non,1,1,11 - novembre,3 - jeudi,Paris 1er Arrondissement
,201600052918,2016-11-03,75,9,75110,48.8738,2.36301,Hors intersection,Autre,Plein jour,Normale,Voie Communale,,1,Pente,Partie rectiligne,,,normale,,Sur piste cyclable,Conducteur,1,M,33-34,Domicile - travail,Casque,Non,,1,11 - novembre,3 - jeudi,Paris 10e  Arrondissement
,201600018972,2016-11-02,80,14,80368,50.07299,1.54178,Giratoire,Deux véhicules - par le coté,Plein jour,Normale,Route Départementale,,2,Plat,,,15,normale,Carrefour aménagé,Sur chaussée,Conducteur,1,M,72-73,Promenade - loisirs,Equipement réfléchissant,Non,1,,11 - novembre,2 - mercredi,Friville-Escarbotin
,201600023204,2016-11-02,31,17,31555,43.5911,1.42107,Hors intersection,Deux véhicules - par le coté,Plein jour,Normale,Route Départementale,,1,Plat,Partie rectiligne,,,normale,,Sur chaussée,Conducteur,1,M,41-42,Promenade - loisirs,Autre,Non déterminable,1,1,11 - novembre,2 - mercredi,Toulouse
,201600024292,2016-11-02,33,9,33063,44.8524,-0.57422,Intersection en X,Autre,Plein jour,Normale,Voie Communale,,3,Plat,Partie rectiligne,,,normale,Voie ferrée,Sur trottoir,Conducteur,0,M,48-49,Autre,Casque,Non déterminable,,1,11 - novembre,2 - mercredi,Bordeaux
,201600028068,2016-11-02,50,14,50173,49.6563,-1.69707,Hors intersection,Deux véhicules - par le coté,Plein jour,Normale,Route Départementale,,2,Pente,Partie rectiligne,,80,normale,,Sur chaussée,Conducteur,1,F,79-80,Promenade - loisirs,Casque,Oui,1,1,11 - novembre,2 - mercredi,Équeurdreville-Hainneville
,201600030778,2016-11-02,71,10,71087,46.56011,4.71413,Hors intersection,Deux véhicules - frontale,Plein jour,Temps couvert,Voie Communale,,,Plat,En courbe à gauche,,45,normale,,Sur chaussée,Conducteur,3,M,68-69,Promenade - loisirs,Casque,Non,1,,11 - novembre,2 - mercredi,Chapaize
,201600032677,2016-11-02,67,10,67482,48.54883,7.7415,Intersection en X,Deux véhicules - par le coté,Plein jour,Normale,Voie Communale,,5,Plat,Partie rectiligne,,75,normale,,Sur chaussée,Conducteur,1,F,76-77,,Equipement réfléchissant,Oui,1,1,11 - novembre,2 - mercredi,Strasbourg
,201600034771,2016-11-02,78,13,78646,48.80635,2.15791,Intersection en Y,Deux véhicules - frontale,Plein jour,Normale,Voie Communale,,1,Plat,En courbe à gauche,,,normale,,Sur chaussée,Conducteur,2,M,61-62,Promenade - loisirs,Casque,Oui,1,1,11 - novembre,2 - mercredi,Versailles
,201600038893,2016-11-02,92,9,92050,0,0,Intersection en X,Deux véhicules - frontale,Plein jour,Normale,Autre,,2,Plat,Partie rectiligne,,30,normale,,Sur chaussée,Conducteur,1,M,21-22,,Autre,Non déterminable,1,1,11 - novembre,2 - mercredi,Nanterre
,201600042256,2016-11-02,94,14,94069,0,0,Intersection en X,Trois véhicules et plus - collisions multiples,Plein jour,Normale,Voie Communale,,2,Plat,Partie rectiligne,,126,normale,Carrefour aménagé,Sur chaussée,Conducteur,1,M,37-38,,Autre,Non déterminable,2,1,11 - novembre,2 - mercredi,Saint-Maurice
,201600048705,2016-11-02,69,13,69384,0,0,Hors intersection,Deux véhicules - par l’arrière,Plein jour,Normale,Voie Communale,,1,Plat,Partie rectiligne,,31,normale,,Sur trottoir,Conducteur,1,F,33-34,,Casque,Non,1,1,11 - novembre,2 - mercredi,Lyon 4e  Arrondissement
,201600053247,2016-11-02,75,19,75111,48.8662,2.36963,Intersection à plus de 4 branches,Deux véhicules - par le coté,Nuit sans éclairage public,Normale,Voie Communale,,2,Pente,Partie rectiligne,,100,normale,,Sur chaussée,Conducteur,0,M,20-21,Utilisation professionnelle,Casque,Non déterminable,1,1,11 - novembre,2 - mercredi,Paris 11e  Arrondissement
,201600053247,2016-11-02,75,19,75111,48.8662,2.36963,Intersection à plus de 4 branches,Deux véhicules - par le coté,Nuit sans éclairage public,Normale,Voie Communale,,2,Pente,Partie rectiligne,,100,normale,,Sur chaussée,Conducteur,1,F,59-60,,Casque,Non déterminable,1,1,11 - novembre,2 - mercredi,Paris 11e  Arrondissement
,201600054715,2016-11-02,75,21,75115,48.84,2.29031,Intersection en X,Deux véhicules - par le coté,Nuit avec éclairage public allumé,Normale,Voie Communale,,3,Plat,Partie rectiligne,,110,normale,,Sur chaussée,Conducteur,1,M,28-29,Utilisation professionnelle,Casque,Non déterminable,1,1,11 - novembre,2 - mercredi,Paris 15e  Arrondissement
,201600055221,2016-11-02,75,19,75116,48.855,2.26567,Intersection en T,Autre,Nuit avec éclairage public allumé,Normale,Voie Communale,,2,Plat,Partie rectiligne,,,normale,,Sur chaussée,Conducteur,0,M,19-20,Utilisation professionnelle,Casque,Non déterminable,,1,11 - novembre,2 - mercredi,Paris 16e  Arrondissement
,201600005208,2016-11-01,42,14,42285,45.5541,4.13649,Hors intersection,Deux véhicules - frontale,Plein jour,Normale,Route Départementale,,2,,Partie rectiligne,,60,normale,Zone piétonne,Sur chaussée,Conducteur,2,M,13-14,Promenade - loisirs,Casque,Non,1,,11 - novembre,1 - mardi,Saint-Romain-le-Puy
,201600033564,2016-11-01,76,16,76217,49.9268,1.07959,Hors intersection,Deux véhicules - frontale,Plein jour,Normale,Voie Communale,,4,Plat,Partie rectiligne,,,normale,,Sur chaussée,Conducteur,1,M,18-19,Domicile - travail,Casque,Non,1,1,11 - novembre,1 - mardi,Dieppe
,201600034483,2016-11-01,78,12,78643,48.97633,1.98163,Giratoire,Deux véhicules - par le coté,Plein jour,Normale,Route Départementale,,1,Plat,,,90,normale,Carrefour aménagé,Sur chaussée,Conducteur,1,M,49-50,,Casque,Non déterminable,1,1,11 - novembre,1 - mardi,Vernouillet
,201600034653,2016-11-01,78,18,78146,48.91011,2.13952,Intersection en T,Deux véhicules - par le coté,Crépuscule ou aube,Normale,Voie Communale,,2,,,,,,,,Conducteur,2,M,26-27,,Casque,Non,1,1,11 - novembre,1 - mardi,Chatou
,201600037570,2016-11-01,92,1,92012,0,0,Place,Deux véhicules - par le coté,Plein jour,Normale,Voie Communale,,1,Plat,En courbe à gauche,,,normale,,Sur chaussée,Conducteur,1,F,51-52,Autre,Casque,Oui,1,1,11 - novembre,1 - mardi,Boulogne-Billancourt
,201600048704,2016-11-01,69,11,69385,45.75392,4.79812,Intersection en Y,Deux véhicules - par le coté,Plein jour,Normale,Voie Communale,,1,Plat,Partie rectiligne,,35,normale,,Sur chaussée,Conducteur,2,M,34-35,Promenade - loisirs,Autre,Non,1,1,11 - novembre,1 - mardi,Lyon 5e  Arrondissement
,201600054049,2016-11-01,75,16,75113,48.8308,2.34412,Intersection à plus de 4 branches,Autre,Plein jour,Normale,Voie Communale,,,Plat,Partie rectiligne,,,normale,,Sur chaussée,Conducteur,1,F,26-27,,Casque,Non déterminable,1,1,11 - novembre,1 - mardi,Paris 13e  Arrondissement
,201600004586,2016-10-31,1,16,1138,0,0,Giratoire,Deux véhicules - par le coté,Plein jour,Normale,Route Départementale,,,Plat,,,,normale,Carrefour aménagé,Sur chaussée,Conducteur,1,M,81-82,Promenade - loisirs,Casque,Oui,1,1,10 - octobre,0 - lundi,Culoz
,201600006602,2016-10-31,67,14,67239,0,0,Hors intersection,Deux véhicules - frontale,Plein jour,Normale,Autre,,2,Plat,En courbe à droite,,26,normale,,Sur piste cyclable,Conducteur,3,M,68-69,Promenade - loisirs,Casque,Oui,1,,10 - octobre,0 - lundi,Kintzheim
,201600006602,2016-10-31,67,14,67239,0,0,Hors intersection,Deux véhicules - frontale,Plein jour,Normale,Autre,,2,Plat,En courbe à droite,,26,normale,,Sur piste cyclable,Conducteur,0,F,15-16,Promenade - loisirs,Casque,Non,1,,10 - octobre,0 - lundi,Kintzheim
,201600013045,2016-10-31,35,11,35266,48.00795,-1.64071,Intersection en T,Deux véhicules - par l’arrière,Plein jour,Normale,Route Départementale,,2,Plat,Partie rectiligne,,10,normale,,Sur chaussée,Conducteur,2,M,15-16,Promenade - loisirs,Casque,Non déterminable,1,,10 - octobre,0 - lundi,Saint-Erblon
,201600019281,2016-10-31,76,14,76198,49.65669,0.868,Giratoire,Deux véhicules - par le coté,Plein jour,Normale,Route Départementale,,2,Plat,Partie rectiligne,,,normale,Carrefour aménagé,,Conducteur,2,M,67-68,Promenade - loisirs,Casque,Non,1,,10 - octobre,0 - lundi,Criquetot-sur-Ouville
,201600020064,2016-10-31,17,9,17306,45.65152,-1.02388,Intersection en T,Deux véhicules - par le coté,Plein jour,Normale,Route Départementale,,2,Plat,Partie rectiligne,,75,normale,,,Conducteur,1,F,63-64,Promenade - loisirs,Casque,Non déterminable,1,1,10 - octobre,0 - lundi,Royan
,201600025382,2016-10-31,35,14,35238,48.1123,-1.69326,Hors intersection,Autre,Plein jour,Normale,Voie Communale,,3,Plat,Partie rectiligne,,,normale,,Sur piste cyclable,Conducteur,1,F,67-68,Promenade - loisirs,Casque,Non déterminable,1,1,10 - octobre,0 - lundi,Rennes
,201600025384,2016-10-31,35,14,35238,48.1005,-1.68572,Hors intersection,Aucune,Plein jour,Normale,Voie Communale,,1,Plat,Partie rectiligne,,,normale,,Sur chaussée,Conducteur,1,F,60-61,Promenade - loisirs,Casque,Non,1,1,10 - octobre,0 - lundi,Rennes
,201600031972,2016-10-31,65,14,65440,43.22697,0.07892,Hors intersection,Autre,Plein jour,Normale,Voie Communale,,2,Plat,Partie rectiligne,,,normale,,Sur chaussée,Conducteur,0,M,44-45,Promenade - loisirs,Casque,Oui,,1,10 - octobre,0 - lundi,Tarbes
,201600031973,2016-10-31,65,14,65440,43.22312,0.0916,Hors intersection,Autre,Plein jour,Normale,Route Départementale,,,Plat,En courbe à gauche,,,normale,,Sur chaussée,Conducteur,2,M,78-79,Promenade - loisirs,Casque,Oui,1,1,10 - octobre,0 - lundi,Tarbes
,201600032675,2016-10-31,67,14,67482,48.57216,7.7142,Intersection en X,Deux véhicules - par le coté,Plein jour,Normale,Voie Communale,,2,Plat,,,,normale,,,Conducteur,2,F,24-25,,Equipement réfléchissant,Oui,1,1,10 - octobre,0 - lundi,Strasbourg