test,identifiantAccident,date,departement,heure,commune,lat,lon,typeIntersection,typeCollision,luminosite,conditionsAtmosperiques,typeRoute,circulation,nbVoies,profilLongRoute,tracePlanRoute,largeurTPC,largeurRoute,etatSurface,amenagement,situation,categorieUsager,graviteAccident,sexe,age,motifDeplacement,existenceSecurite,usageSecurite,nombreAutresVehicules,enAgglomeration,mois,jour,NCCENR
,201600038027,2016-10-31,92,18,92025,0,0,Intersection en X,Autre,Plein jour,Normale,Route Départementale,,2,Plat,,,,normale,,Sur chaussée,Conducteur,1,M,59-60,,Casque,Oui,1,1,10 - octobre,0 - lundi,Colombes
,201600041347,2016-10-31,93,18,93064,0,0,Hors intersection,Autre,Nuit avec éclairage public allumé,Normale,Voie Communale,,2,Plat,En courbe à droite,,25,normale,,Sur chaussée,Conducteur,0,M,17-18,,Autre,Non déterminable,,1,10 - octobre,0 - lundi,Rosny-sous-Bois
,201600053660,2016-10-31,75,14,75112,48.8367,2.38435,Hors intersection,Autre,Plein jour,Normale,Voie Communale,,1,Plat,Partie rectiligne,,30,normale,,Sur chaussée,Conducteur,1,M,19-20,Promenade - loisirs,Casque,Non,,1,10 - octobre,0 - lundi,Paris 12e  Arrondissement
,201600056356,2016-10-31,75,22,75119,48.8868,2.37224,Hors intersection,Deux véhicules - par l’arrière,Nuit avec éclairage public allumé,Normale,Voie Communale,,2,Plat,Partie rectiligne,,80,normale,,Sur chaussée,Conducteur,1,F,24-25,Promenade - loisirs,Casque,Non,1,1,10 - octobre,0 - lundi,Paris 19e  Arrondissement
,201600057673,2016-10-31,971,21,97108,0,0,Hors intersection,Deux véhicules - par l’arrière,Nuit sans éclairage public,Normale,Route Départementale,,2,Plat,Partie rectiligne,,60,normale,,Sur chaussée,Conducteur,2,M,56-57,,Casque,Non,1,,10 - octobre,0 - lundi,Capesterre-de-Marie-Galante
,201600002487,2016-10-30,85,17,85226,46.70999,-1.9679,Hors intersection,Deux véhicules - frontale,Plein jour,Normale,Voie Communale,,,,Partie rectiligne,7,100,normale,,Sur piste cyclable,Conducteur,3,M,49-50,Autre,Equipement réfléchissant,Oui,1,1,10 - octobre,6 - dimanche,Saint-Hilaire-de-Riez
,201600003827,2016-10-30,12,8,12133,44.29612,2.57411,Hors intersection,Autre,Plein jour,Normale,Voie Communale,,,Pente,Partie rectiligne,,38,normale,,Sur chaussée,Conducteur,2,M,72-73,Promenade - loisirs,Casque,Oui,,,10 - octobre,6 - dimanche,Luc-la-Primaube
,201600008196,2016-10-30,5,16,5068,44.4898,6.11697,Hors intersection,Trois véhicules et plus - collisions multiples,Plein jour,Normale,Route Départementale,,2,,Partie rectiligne,,66,normale,,Sur chaussée,Conducteur,3,F,50-51,Promenade - loisirs,Casque,Oui,2,,10 - octobre,6 - dimanche,Jarjayes
,201600017373,2016-10-30,18,2,18118,47.03549,3.12767,Hors intersection,Deux véhicules - frontale,Nuit sans éclairage public,Brouillard - fumée,Route Départementale,,,Bas de côte,,,60,normale,,Sur chaussée,Conducteur,2,M,18-19,Promenade - loisirs,Equipement réfléchissant,Non,1,,10 - octobre,6 - dimanche,'Jouet-sur-l''Aubois'
,201600019015,2016-10-30,80,11,80232,49.73271,2.75503,Intersection en X,Deux véhicules - par le coté,Plein jour,Normale,Route Départementale,,2,Plat,,,10,normale,,,Conducteur,1,M,52-53,Promenade - loisirs,Casque,Oui,1,,10 - octobre,6 - dimanche,Damery
,201600023545,2016-10-30,33,13,33009,44.66152,-1.18696,Hors intersection,Deux véhicules - par le coté,Plein jour,Normale,Route Départementale,,1,,,,,,,Sur chaussée,Conducteur,1,M,56-57,,Casque,Non,1,1,10 - octobre,6 - dimanche,Arcachon
,201600033203,2016-10-30,69,15,69290,45.71158,4.90228,Intersection en X,Deux véhicules - par le coté,Plein jour,Normale,Voie Communale,,2,,,,,,,Sur chaussée,Conducteur,1,M,33-34,,Casque,Oui,1,1,10 - octobre,6 - dimanche,Saint-Priest
,201600037047,2016-10-30,91,17,91477,48.70974,2.25419,Hors intersection,Deux véhicules - par l’arrière,Nuit avec éclairage public allumé,Normale,Voie Communale,,2,Plat,Partie rectiligne,,60,normale,,Sur chaussée,Conducteur,1,M,42-43,Promenade - loisirs,Casque,Non déterminable,1,1,10 - octobre,6 - dimanche,Palaiseau
,201600037765,2016-10-30,92,2,92023,0,0,Hors intersection,Autre,Nuit avec éclairage public allumé,Normale,Voie Communale,,1,Plat,,,,normale,,Sur chaussée,Conducteur,1,M,17-18,Promenade - loisirs,Casque,Non,,1,10 - octobre,6 - dimanche,Clamart
,201600000331,2016-10-29,80,9,80110,50.1722,1.65806,Hors intersection,Deux véhicules - frontale,Plein jour,Temps couvert,Hors réseau public,,1,Plat,En courbe à gauche,,25,normale,Pont - autopont,Sur piste cyclable,Conducteur,2,M,52-53,Promenade - loisirs,Casque,Oui,1,,10 - octobre,5 - samedi,Boismont
,201600003065,2016-10-29,64,8,64059,43.28033,-0.23833,Hors intersection,Deux véhicules - par l’arrière,Nuit sans éclairage public,Normale,Route Départementale,,,Plat,Partie rectiligne,,217,normale,,Sur chaussée,Conducteur,2,M,47-48,Promenade - loisirs,Equipement réfléchissant,Non,1,1,10 - octobre,5 - samedi,Artigueloutan
,201600005181,2016-10-29,42,14,42224,45.33903,4.42113,Hors intersection,Deux véhicules - frontale,Plein jour,Normale,Route Départementale,,,Pente,Partie rectiligne,,,normale,,Sur chaussée,Conducteur,1,M,44-45,Promenade - loisirs,Casque,Non déterminable,1,1,10 - octobre,5 - samedi,Saint-Genest-Malifaux
,201600005455,2016-10-29,74,15,74274,0,0,Hors intersection,Deux véhicules - par l’arrière,Plein jour,Normale,Route Départementale,,2,,Partie rectiligne,60,,normale,,Sur chaussée,Conducteur,1,M,69-70,Promenade - loisirs,Casque,Oui,1,,10 - octobre,5 - samedi,Val-de-Fier
,201600018259,2016-10-29,44,16,44043,47.08959,-1.28615,Giratoire,Deux véhicules - par le coté,Plein jour,Temps éblouissant,Voie Communale,,2,Plat,,,10,normale,,,Conducteur,3,F,54-55,Promenade - loisirs,Equipement réfléchissant,Non,1,1,10 - octobre,5 - samedi,Clisson
,201600023455,2016-10-29,31,12,31113,43.51495,1.49275,Hors intersection,Deux véhicules - par le coté,Plein jour,Normale,Voie Communale,,1,Plat,Partie rectiligne,,,normale,,Sur chaussée,Conducteur,2,M,49-50,Promenade - loisirs,Casque,Oui,1,1,10 - octobre,5 - samedi,Castanet-Tolosan
,201600026314,2016-10-29,40,15,40088,43.71086,-1.04985,Hors intersection,Autre,Plein jour,Normale,Voie Communale,,2,Pente,Partie rectiligne,,,normale,,Sur chaussée,Conducteur,0,M,42-43,Promenade - loisirs,Autre,Non déterminable,,1,10 - octobre,5 - samedi,Dax
,201600033169,2016-10-29,69,19,69266,45.77931,4.87921,Intersection en X,Deux véhicules - par le coté,Nuit avec éclairage public allumé,Normale,Voie Communale,,2,Plat,Partie rectiligne,,60,normale,,Sur chaussée,Conducteur,1,M,29-30,,Autre,Non déterminable,1,1,10 - octobre,5 - samedi,Villeurbanne
,201600033237,2016-10-29,24,8,24462,45.0461,0.36775,Hors intersection,Deux véhicules - frontale,Plein jour,Normale,Route Départementale,,2,Plat,Partie rectiligne,5,58,normale,,Sur chaussée,Conducteur,3,M,14-15,Promenade - loisirs,Casque,Oui,1,,10 - octobre,5 - samedi,Saint-Médard-de-Mussidan
,201600033509,2016-10-29,74,17,74281,46.372,6.4805,Hors intersection,Autre,Plein jour,Normale,Voie Communale,,1,Plat,Partie rectiligne,,,normale,,Sur chaussée,Conducteur,0,M,19-20,Courses - achats,Autre,Oui,,1,10 - octobre,5 - samedi,Thonon-les-Bains
,201600033509,2016-10-29,74,17,74281,46.372,6.4805,Hors intersection,Autre,Plein jour,Normale,Voie Communale,,1,Plat,Partie rectiligne,,,normale,,Sur chaussée,Piéton,2,F,82-83,Promenade - loisirs,,,,1,10 - octobre,5 - samedi,Thonon-les-Bains
,201600056353,2016-10-29,75,19,75119,48.8752,2.39533,Intersection en X,Autre,Crépuscule ou aube,Normale,Voie Communale,,2,Plat,En courbe à gauche,,,,,,Conducteur,1,M,17-18,,Casque,Non,1,1,10 - octobre,5 - samedi,Paris 19e  Arrondissement
,201600056661,2016-10-29,75,12,75120,48.8721,2.40586,Hors intersection,Deux véhicules - par le coté,Plein jour,Normale,Voie Communale,,1,Plat,Partie rectiligne,,,normale,,Sur piste cyclable,Conducteur,1,M,28-29,,Casque,Non,1,1,10 - octobre,5 - samedi,Paris 20e  Arrondissement
,201600056662,2016-10-29,75,15,75120,48.8634,2.40881,Intersection en T,Deux véhicules - par le coté,Plein jour,Normale,Voie Communale,,1,Plat,Partie rectiligne,,50,normale,,Sur chaussée,Conducteur,1,M,12-13,,Casque,Non,1,1,10 - octobre,5 - samedi,Paris 20e  Arrondissement
,201600003758,2016-10-28,9,11,9108,42.99045,1.25156,Hors intersection,Autre,Plein jour,Normale,Voie Communale,,2,Pente,En « S »,,35,normale,,Sur chaussée,Conducteur,3,F,69-70,Promenade - loisirs,Casque,Oui,,,10 - octobre,4 - vendredi,Durban-sur-Arize
,201600009610,2016-10-28,91,19,91534,48.73831,2.16431,Hors intersection,Deux véhicules - par le coté,Crépuscule ou aube,Temps couvert,Route Départementale,,2,Plat,Partie rectiligne,,45,normale,,Sur chaussée,Conducteur,2,F,17-18,Domicile - travail,Equipement réfléchissant,Oui,1,,10 - octobre,4 - vendredi,Saclay
,201600011575,2016-10-28,33,16,33005,44.73383,-1.08249,Hors intersection,Deux véhicules - par le coté,Plein jour,Normale,Route Départementale,,2,,Partie rectiligne,,65,normale,,Sur chaussée,Conducteur,2,M,74-75,,Casque,Oui,1,1,10 - octobre,4 - vendredi,Andernos-les-Bains
,201600012687,2016-10-28,6,11,6018,43.61602,7.07719,Hors intersection,Autre,Plein jour,Normale,Route Départementale,,2,Pente,Partie rectiligne,20,70,normale,,Sur chaussée,Conducteur,2,M,54-55,,Casque,Oui,1,,10 - octobre,4 - vendredi,Biot
,201600016541,2016-10-28,13,10,13071,43.40734,5.29359,Hors intersection,Deux véhicules - par l’arrière,Plein jour,Normale,Route Départementale,,1,Plat,Partie rectiligne,,35,normale,,Sur chaussée,Conducteur,1,M,69-70,,Casque,Non,1,,10 - octobre,4 - vendredi,Pennes-Mirabeau
,201600019951,2016-10-28,17,9,17300,46.16212,-1.15542,Hors intersection,Aucune,Plein jour,Normale,Voie Communale,,2,Plat,Partie rectiligne,,48,normale,,Sur chaussée,Conducteur,1,M,48-49,Promenade - loisirs,Casque,Non déterminable,1,1,10 - octobre,4 - vendredi,Rochelle
,201600023198,2016-10-28,31,15,31555,43.66225,1.45334,Hors intersection,Deux véhicules - par le coté,Plein jour,Normale,Voie Communale,,,Plat,Partie rectiligne,,,normale,,Sur chaussée,Conducteur,1,M,36-37,Promenade - loisirs,Autre,Non déterminable,1,1,10 - octobre,4 - vendredi,Toulouse
,201600024290,2016-10-28,33,18,33063,44.8451,-0.62853,Intersection en T,Deux véhicules - frontale,Plein jour,Normale,Voie Communale,,2,Plat,Partie rectiligne,,,normale,,Sur chaussée,Conducteur,1,M,11-12,Autre,Casque,Non déterminable,1,1,10 - octobre,4 - vendredi,Bordeaux
,201600025374,2016-10-28,35,18,35238,48.1082,-1.69468,Hors intersection,Deux véhicules - par l’arrière,Plein jour,Normale,Voie Communale,,3,Plat,En « S »,,,normale,,Sur chaussée,Conducteur,1,M,21-22,Promenade - loisirs,Casque,Non déterminable,1,1,10 - octobre,4 - vendredi,Rennes
,201600027090,2016-10-28,44,11,44109,47.20614,-1.53868,Hors intersection,Deux véhicules - par le coté,Plein jour,Normale,Voie Communale,,,,,,,,,Sur piste cyclable,Conducteur,2,M,41-42,,Casque,Oui,1,1,10 - octobre,4 - vendredi,Nantes
,201600032671,2016-10-28,67,19,67482,48.58745,7.73866,Intersection en X,Deux véhicules - par le coté,Plein jour,Normale,Voie Communale,,3,Plat,Partie rectiligne,,80,normale,,Sur piste cyclable,Conducteur,1,F,22-23,,Equipement réfléchissant,Non,1,1,10 - octobre,4 - vendredi,Strasbourg
,201600056659,2016-10-28,75,16,75120,48.8714,2.4041,Hors intersection,Autre,Plein jour,Normale,Voie Communale,,2,Pente,Partie rectiligne,,80,normale,,Sur chaussée,Conducteur,0,M,61-62,Promenade - loisirs,Casque,Non déterminable,,1,10 - octobre,4 - vendredi,Paris 20e  Arrondissement
,201600003016,2016-10-27,47,16,47257,44.5619,0.09027,Intersection en X,Trois véhicules et plus - collisions multiples,Plein jour,Normale,Route Départementale,,2,Plat,Partie rectiligne,,,normale,,Sur chaussée,Conducteur,2,M,63-64,Promenade - loisirs,Casque,Oui,1,,10 - octobre,3 - jeudi,Saint-Martin-Petit
,201600003016,2016-10-27,47,16,47257,44.5619,0.09027,Intersection en X,Trois véhicules et plus - collisions multiples,Plein jour,Normale,Route Départementale,,2,Plat,Partie rectiligne,,,normale,,Sur chaussée,Conducteur,1,M,65-66,Promenade - loisirs,Casque,Oui,1,,10 - octobre,3 - jeudi,Saint-Martin-Petit
,201600011289,2016-10-27,6,16,6088,0,0,Intersection en T,Deux véhicules - par le coté,Plein jour,Normale,Voie Communale,,2,,,,,,,,Conducteur,2,M,13-14,Promenade - loisirs,Autre,Oui,1,1,10 - octobre,3 - jeudi,Nice
,201600018913,2016-10-27,80,14,80782,49.96315,2.24566,Intersection en T,Deux véhicules - par le coté,Plein jour,Normale,Voie Communale,,2,Plat,,7,10,normale,,,Conducteur,2,M,12-13,Promenade - loisirs,Casque,Non,1,1,10 - octobre,3 - jeudi,Vaux-en-Amiénois
,201600031730,2016-10-27,64,15,64445,43.31523,-0.36165,Hors intersection,Deux véhicules - frontale,Plein jour,Normale,Voie Communale,,2,Plat,Partie rectiligne,,,normale,,,Conducteur,2,M,77-78,Promenade - loisirs,Casque,Non,1,1,10 - octobre,3 - jeudi,Pau
,201600031731,2016-10-27,64,15,64445,43.31322,-0.37066,Hors intersection,Deux véhicules - par le coté,Plein jour,Normale,Voie Communale,,2,Plat,Partie rectiligne,,70,normale,,Sur chaussée,Conducteur,1,M,26-27,Autre,Autre,Oui,1,1,10 - octobre,3 - jeudi,Pau
,201600032297,2016-10-27,67,20,67462,0,0,Hors intersection,Deux véhicules - par le coté,Nuit avec éclairage public allumé,Normale,Voie Communale,,3,Plat,En courbe à gauche,,,normale,,Sur chaussée,Conducteur,2,M,24-25,Courses - achats,Autre,Non déterminable,1,1,10 - octobre,3 - jeudi,Sélestat
,201600032798,2016-10-27,68,16,68066,0,0,Intersection en X,Deux véhicules - frontale,Plein jour,Normale,Voie Communale,,,,,,,,,Sur chaussée,Conducteur,0,M,25-26,,Casque,Oui,1,1,10 - octobre,3 - jeudi,Colmar
,201600032798,2016-10-27,68,16,68066,0,0,Intersection en X,Deux véhicules - frontale,Plein jour,Normale,Voie Communale,,,,,,,,,Sur chaussée,Conducteur,1,F,45-46,Promenade - loisirs,Casque,Non déterminable,1,1,10 - octobre,3 - jeudi,Colmar
,201600035571,2016-10-27,85,12,85191,46.66068,-1.40187,Hors intersection,Deux véhicules - frontale,Plein jour,Temps éblouissant,Route Départementale,,2,Sommet de côte,Partie rectiligne,,101,normale,,Sur chaussée,Conducteur,2,M,11-12,Promenade - loisirs,Dispositif enfants,Non,1,1,10 - octobre,3 - jeudi,Roche-sur-Yon
,201600037875,2016-10-27,92,21,92024,0,0,Hors intersection,Deux véhicules - par l’arrière,Nuit avec éclairage public allumé,Normale,Route Départementale,,2,Plat,Partie rectiligne,,,normale,,Sur chaussée,Conducteur,1,M,18-19,,Casque,Non déterminable,1,1,10 - octobre,3 - jeudi,Clichy
,201600039818,2016-10-27,93,8,93005,0,0,Intersection en X,Deux véhicules - par le coté,Crépuscule ou aube,Brouillard - fumée,Voie Communale,,2,Plat,Partie rectiligne,,,normale,,Sur chaussée,Conducteur,1,F,28-29,,Autre,Non déterminable,1,1,10 - octobre,3 - jeudi,Aulnay-sous-Bois
,201600052119,2016-10-27,75,11,75107,48.8562,2.29295,Intersection en X,Deux véhicules - par le coté,Plein jour,Normale,Voie Communale,,,Plat,,,,normale,,Sur chaussée,Conducteur,1,F,23-24,Utilisation professionnelle,Casque,Non,1,1,10 - octobre,3 - jeudi,Paris 7e  Arrondissement
,201600054706,2016-10-27,75,18,75115,48.8404,2.31491,Intersection en X,Deux véhicules - par le coté,Plein jour,Normale,Voie Communale,,1,Plat,Partie rectiligne,80,40,,,Sur chaussée,Conducteur,1,F,59-60,Domicile - travail,Casque,Oui,1,1,10 - octobre,3 - jeudi,Paris 15e  Arrondissement
,201600001473,2016-10-26,14,13,14582,49.0672,0.18595,Hors intersection,Deux véhicules - par l’arrière,Plein jour,Normale,Route Départementale,,,Plat,Partie rectiligne,,91,normale,,Sur accotement,Conducteur,3,M,67-68,Promenade - loisirs,Casque,Oui,1,,10 - octobre,2 - mercredi,Saint-Germain-de-Livet
,201600030207,2016-10-26,59,,59350,50.62662,3.06969,Hors intersection,Trois véhicules et plus - collisions multiples,Nuit avec éclairage public allumé,Normale,Voie Communale,,2,Plat,Partie rectiligne,,,normale,,Sur chaussée,Conducteur,1,F,25-26,,Casque,Oui,1,1,10 - octobre,2 - mercredi,Lille
,201600030207,2016-10-26,59,,59350,50.62662,3.06969,Hors intersection,Trois véhicules et plus - collisions multiples,Nuit avec éclairage public allumé,Normale,Voie Communale,,2,Plat,Partie rectiligne,,,normale,,Sur chaussée,Conducteur,1,M,22-23,,Casque,Oui,1,1,10 - octobre,2 - mercredi,Lille
,201600032108,2016-10-26,66,19,66136,42.70535,2.90179,Hors intersection,Deux véhicules - par le coté,Crépuscule ou aube,Normale,Voie Communale,,2,Plat,En courbe à gauche,,100,normale,Pont - autopont,Sur chaussée,Conducteur,1,F,16-17,Promenade - loisirs,Equipement réfléchissant,Oui,1,1,10 - octobre,2 - mercredi,Perpignan
,201600032296,2016-10-26,67,14,67462,0,0,Hors intersection,Deux véhicules - par le coté,Plein jour,Normale,Route Nationale,,2,Plat,Partie rectiligne,35,76,normale,,Sur piste cyclable,Conducteur,1,M,24-25,Courses - achats,Autre,Non déterminable,1,1,10 - octobre,2 - mercredi,Sélestat
,201600035256,2016-10-26,83,17,83129,43.09601,5.83124,Hors intersection,Autre,Plein jour,Normale,Route Départementale,,2,Plat,Partie rectiligne,,60,normale,,Sur piste cyclable,Conducteur,2,M,61-62,Promenade - loisirs,Casque,Oui,1,1,10 - octobre,2 - mercredi,Six-Fours-les-Plages
,201600052915,2016-10-26,75,19,75110,48.8685,2.36026,Hors intersection,Autre,Nuit avec éclairage public allumé,Normale,Voie Communale,,1,,,,,,,Sur chaussée,Conducteur,1,F,51-52,,Casque,Non déterminable,,1,10 - octobre,2 - mercredi,Paris 10e  Arrondissement
,201600053243,2016-10-26,75,23,75111,48.8632,2.37968,Hors intersection,Deux véhicules - par le coté,Nuit avec éclairage public allumé,Normale,Voie Communale,,1,Plat,Partie rectiligne,,60,normale,,Sur chaussée,Conducteur,1,M,47-48,Promenade - loisirs,Casque,Non déterminable,1,1,10 - octobre,2 - mercredi,Paris 11e  Arrondissement
,201600058845,2016-10-26,973,6,97302,0,0,Hors intersection,Deux véhicules - par le coté,Plein jour,Normale,Voie Communale,,1,Plat,,,60,normale,,Sur chaussée,Conducteur,1,M,56-57,Autre,Autre,Non,1,1,10 - octobre,2 - mercredi,Cayenne
,201600001605,2016-10-25,50,12,50187,49.6334,-1.70542,Hors intersection,Deux véhicules - par le coté,Plein jour,Normale,Route Départementale,,2,,En courbe à gauche,,50,normale,,Sur chaussée,Conducteur,2,M,47-48,Promenade - loisirs,Casque,Oui,1,,10 - octobre,1 - mardi,Flottemanville-Hague
,201600009394,2016-10-25,2B,8,2B311,42.36264,9.52946,Hors intersection,Deux véhicules - par le coté,Plein jour,Pluie légère,Route Nationale,,2,Plat,Partie rectiligne,91,87,mouillée,,Sur chaussée,Conducteur,1,M,71-72,Promenade - loisirs,Casque,Oui,1,1,10 - octobre,1 - mardi,Santa-Maria-Poggio
,201600013044,2016-10-25,35,18,35208,47.97956,-1.65579,Hors intersection,Deux véhicules - par le coté,Plein jour,Normale,Voie Communale,,2,Pente,,,10,normale,,Sur chaussée,Conducteur,2,M,60-61,Courses - achats,Autre,Non,1,,10 - octobre,1 - mardi,Orgères
,201600013206,2016-10-25,11,9,11262,43.18866,3.0088,Giratoire,Deux véhicules - par l’arrière,Plein jour,Normale,Voie Communale,,2,Plat,En courbe à droite,,,mouillée,,Sur chaussée,Conducteur,1,F,74-75,Promenade - loisirs,Casque,Oui,1,1,10 - octobre,1 - mardi,Narbonne
,201600032668,2016-10-25,67,19,67447,48.61008,7.74741,Intersection en X,Deux véhicules - par le coté,Plein jour,Normale,Voie Communale,,2,Plat,Partie rectiligne,,,normale,,Sur chaussée,Conducteur,1,M,35-36,,Equipement réfléchissant,Non déterminable,1,1,10 - octobre,1 - mardi,Schiltigheim
,201600043221,2016-10-25,94,21,94041,0,0,Hors intersection,Deux véhicules - par le coté,Nuit avec éclairage public allumé,Normale,Voie Communale,,2,Plat,Partie rectiligne,,,normale,,Sur chaussée,Conducteur,1,F,27-28,,Autre,Non déterminable,1,1,10 - octobre,1 - mardi,Ivry-sur-Seine
,201600048695,2016-10-25,69,23,69389,45.77642,4.79676,Intersection en T,Deux véhicules - par le coté,Nuit avec éclairage public allumé,Pluie légère,Voie Communale,,1,,,,,,,,Conducteur,2,M,28-29,,Casque,Oui,1,1,10 - octobre,1 - mardi,Lyon 9e  Arrondissement
,201600049519,2016-10-25,69,16,69199,0,0,Hors intersection,Deux véhicules - par le coté,Plein jour,Normale,Voie Communale,,1,Plat,Partie rectiligne,,35,mouillée,,Sur chaussée,Conducteur,2,M,54-55,,Casque,Non déterminable,1,1,10 - octobre,1 - mardi,Saint-Fons
,201600052118,2016-10-25,75,19,75107,48.8579,2.31572,Hors intersection,Autre,Nuit avec éclairage public allumé,Normale,Voie Communale,,2,Plat,Partie rectiligne,,70,normale,,Sur chaussée,Conducteur,1,M,43-44,Domicile - travail,Casque,Non déterminable,1,1,10 - octobre,1 - mardi,Paris 7e  Arrondissement
,201600052501,2016-10-25,75,10,75108,48.8756,2.31881,Place,Deux véhicules - par le coté,Plein jour,Normale,Voie Communale,,5,Pente,Partie rectiligne,,240,normale,,Sur piste cyclable,Conducteur,1,M,43-44,Domicile - travail,Casque,Non déterminable,1,1,10 - octobre,1 - mardi,Paris 8e  Arrondissement
,201600054043,2016-10-25,75,15,75113,48.8433,2.36427,Intersection en Y,Autre,Plein jour,Normale,Voie Communale,,2,Plat,Partie rectiligne,,,normale,,Sur chaussée,Conducteur,0,M,36-37,,Casque,Non déterminable,,1,10 - octobre,1 - mardi,Paris 13e  Arrondissement
,201600054704,2016-10-25,75,19,75115,48.8302,2.30187,Intersection en T,Deux véhicules - par le coté,Crépuscule ou aube,Normale,Voie Communale,,,Pente,Partie rectiligne,,,normale,,Sur chaussée,Conducteur,1,M,8-9,Promenade - loisirs,Casque,Non déterminable,1,1,10 - octobre,1 - mardi,Paris 15e  Arrondissement
,201600003970,2016-10-24,32,10,32119,43.8356,0.15154,Intersection en Y,Deux véhicules - par le coté,Plein jour,Normale,Route Départementale,,2,Plat,Partie rectiligne,,61,normale,,Sur chaussée,Conducteur,2,M,89-90,Promenade - loisirs,Ceinture,,1,,10 - octobre,0 - lundi,Eauze
,201600007282,2016-10-24,58,13,58286,47.608,3.002,Hors intersection,Aucune,Plein jour,Pluie forte,Voie Communale,,1,Pente,Partie rectiligne,,70,mouillée,,Sur chaussée,Conducteur,2,F,53-54,Courses - achats,Ceinture,,,1,10 - octobre,0 - lundi,Tannay
,201600018255,2016-10-24,44,18,44087,46.99086,-1.78544,Hors intersection,Deux véhicules - par le coté,Plein jour,Normale,Voie Communale,,2,Plat,,4,310,normale,,,Conducteur,2,M,4-5,Promenade - loisirs,Casque,Non,1,,10 - octobre,0 - lundi,Machecoul-Saint-Même
,201600024270,2016-10-24,33,8,33192,44.77722,-0.59296,Giratoire,Deux véhicules - par le coté,Plein jour,Normale,Voie Communale,,2,Plat,En courbe à gauche,,,mouillée,,Sur chaussée,Conducteur,1,M,34-35,Domicile - travail,Casque,Oui,1,1,10 - octobre,0 - lundi,Gradignan
,201600027108,2016-10-24,44,19,44109,47.20906,-1.55597,Hors intersection,Deux véhicules - par le coté,Plein jour,Normale,Voie Communale,,2,,,,,,,,Conducteur,1,F,30-31,,Autre,Non déterminable,1,1,10 - octobre,0 - lundi,Nantes
,201600027748,2016-10-24,49,18,49007,47.47314,-0.54844,Intersection en X,Deux véhicules - par le coté,Crépuscule ou aube,Normale,Voie Communale,,2,Plat,Partie rectiligne,,107,normale,,Sur chaussée,Conducteur,1,M,43-44,,Casque,Non,1,1,10 - octobre,0 - lundi,Angers
,201600028960,2016-10-24,54,14,54395,48.68933,6.18514,Hors intersection,Autre,Plein jour,Normale,Voie Communale,,1,Plat,,,,normale,,Sur chaussée,Conducteur,1,M,67-68,Promenade - loisirs,Autre,Non déterminable,1,1,10 - octobre,0 - lundi,Nancy
,201600035533,2016-10-24,84,6,84035,0,0,Intersection en T,Deux véhicules - par le coté,Crépuscule ou aube,Normale,Voie Communale,,,Plat,Partie rectiligne,,50,normale,Carrefour aménagé,,Conducteur,1,M,29-30,Domicile - travail,Equipement réfléchissant,Oui,1,1,10 - octobre,0 - lundi,Cavaillon
,201600037563,2016-10-24,92,16,92012,0,0,Hors intersection,Autre,Plein jour,Normale,Voie Communale,,1,Plat,Partie rectiligne,,,normale,,Sur chaussée,Conducteur,0,M,44-45,Domicile - travail,Casque,Non,,1,10 - octobre,0 - lundi,Boulogne-Billancourt
,201600039487,2016-10-24,92,9,92046,0,0,Intersection en X,Deux véhicules - par le coté,Plein jour,Pluie légère,Voie Communale,,2,Plat,Partie rectiligne,,,mouillée,,Sur chaussée,Conducteur,1,M,26-27,Domicile - travail,Autre,Non déterminable,1,1,10 - octobre,0 - lundi,Malakoff
,201600041541,2016-10-24,93,17,93066,0,0,Hors intersection,Deux véhicules - par le coté,Plein jour,Pluie légère,Route Départementale,,4,Plat,Partie rectiligne,120,30,mouillée,,Sur chaussée,Conducteur,1,M,36-37,Domicile - travail,Casque,Oui,1,1,10 - octobre,0 - lundi,Saint-Denis
,201600055205,2016-10-24,75,7,75116,48.8602,2.29056,Place,Autre,Nuit avec éclairage public allumé,Pluie légère,Voie Communale,,2,Pente,Partie rectiligne,,,mouillée,Carrefour aménagé,Sur chaussée,Conducteur,1,M,52-53,Domicile - travail,Casque,Non,1,1,10 - octobre,0 - lundi,Paris 16e  Arrondissement
,201600055655,2016-10-24,75,9,75116,48.8769,2.28506,Hors intersection,Deux véhicules - par le coté,Plein jour,Pluie légère,Voie Communale,,6,Pente,Partie rectiligne,,200,mouillée,,Sur chaussée,Conducteur,1,F,57-58,,Casque,Non,1,1,10 - octobre,0 - lundi,Paris 16e  Arrondissement
,201600032667,2016-10-23,67,20,67482,48.56134,7.75153,Intersection en X,Deux véhicules - par le coté,Nuit avec éclairage public allumé,Normale,Voie Communale,,2,Plat,Partie rectiligne,,80,mouillée,,Sur chaussée,Conducteur,1,M,20-21,Promenade - loisirs,Autre,Non déterminable,1,1,10 - octobre,6 - dimanche,Strasbourg
,201600034401,2016-10-23,77,16,77404,48.52526,3.24876,Hors intersection,Aucune,Plein jour,Pluie forte,Route Départementale,,2,Plat,Partie rectiligne,,135,mouillée,,Sur chaussée,Conducteur,2,M,23-24,Promenade - loisirs,Autre,Non,1,1,10 - octobre,6 - dimanche,Sainte-Colombe
,201600036522,2016-10-23,91,11,91103,48.60862,2.31269,Giratoire,Deux véhicules - par le coté,Plein jour,Normale,Route Départementale,,2,Plat,Partie rectiligne,,,normale,Carrefour aménagé,Sur chaussée,Conducteur,1,M,38-39,Autre,Casque,Oui,1,,10 - octobre,6 - dimanche,Brétigny-sur-Orge