test,identifiantAccident,date,departement,heure,commune,lat,lon,typeIntersection,typeCollision,luminosite,conditionsAtmosperiques,typeRoute,circulation,nbVoies,profilLongRoute,tracePlanRoute,largeurTPC,largeurRoute,etatSurface,amenagement,situation,categorieUsager,graviteAccident,sexe,age,motifDeplacement,existenceSecurite,usageSecurite,nombreAutresVehicules,enAgglomeration,mois,jour,NCCENR
,201600051774,2016-10-23,75,19,75105,48.8514,2.34314,Intersection en X,Deux véhicules - par le coté,Nuit avec éclairage public allumé,Pluie légère,Voie Communale,,2,Pente,,,,mouillée,,Sur chaussée,Conducteur,1,F,20-21,Autre,Casque,Non,1,1,10 - octobre,6 - dimanche,Paris 5e  Arrondissement
,201600054342,2016-10-23,75,20,75114,48.842,2.3296,Intersection à plus de 4 branches,Deux véhicules - par le coté,Nuit avec éclairage public allumé,Pluie légère,Voie Communale,,1,Plat,Partie rectiligne,,200,mouillée,,Sur chaussée,Conducteur,1,F,21-22,Promenade - loisirs,Casque,Non,1,1,10 - octobre,6 - dimanche,Paris 14e  Arrondissement
,201600054702,2016-10-23,75,19,75115,48.8343,2.28402,Intersection en T,Deux véhicules - par l’arrière,Nuit avec éclairage public allumé,Pluie forte,Voie Communale,,2,Pente,Partie rectiligne,,,mouillée,,,Conducteur,1,M,32-33,Utilisation professionnelle,Casque,Non,1,1,10 - octobre,6 - dimanche,Paris 15e  Arrondissement
,201600056344,2016-10-23,75,15,75119,48.8845,2.36529,Hors intersection,Trois véhicules et plus - en chaîne,Plein jour,Pluie légère,Voie Communale,,2,Plat,Partie rectiligne,,,mouillée,,Sur chaussée,Conducteur,1,M,27-28,,Casque,Non,2,1,10 - octobre,6 - dimanche,Paris 19e  Arrondissement
,201600056982,2016-10-23,75,2,75107,48.8577,2.29143,Hors intersection,Aucune,Nuit avec éclairage public allumé,Normale,Voie Communale,,5,Pente,Partie rectiligne,26,134,normale,Souterrain - tunnel,Sur piste cyclable,Conducteur,2,M,61-62,Promenade - loisirs,Casque,Non déterminable,,1,10 - octobre,6 - dimanche,Paris 7e  Arrondissement
,201600059035,2016-10-23,974,20,97409,0,0,Hors intersection,Deux véhicules - par le coté,Nuit avec éclairage public allumé,Normale,Route Nationale,,,Plat,Partie rectiligne,25,75,normale,,Sur chaussée,Conducteur,2,M,17-18,Promenade - loisirs,Autre,Non déterminable,1,1,10 - octobre,6 - dimanche,Saint-André
,201600003786,2016-10-22,9,10,9167,43.26295,1.34694,Hors intersection,Aucune,Plein jour,Vent fort - tempête,Route Départementale,,,Plat,Partie rectiligne,,50,normale,,Sur chaussée,Conducteur,2,M,18-19,,Casque,Oui,,,10 - octobre,5 - samedi,Lézat-sur-Lèze
,201600006470,2016-10-22,88,16,88196,48.06516,6.85648,Hors intersection,Deux véhicules - frontale,Plein jour,Normale,Route Départementale,,2,Plat,En courbe à droite,,68,normale,,Sur chaussée,Conducteur,1,F,27-28,Promenade - loisirs,Casque,Oui,1,,10 - octobre,5 - samedi,Gérardmer
,201600007044,2016-10-22,10,19,10282,48.36531,3.9495,Hors intersection,Deux véhicules - par l’arrière,Nuit sans éclairage public,Normale,Route Départementale,,,Plat,Partie rectiligne,,64,normale,,Sur accotement,Conducteur,2,M,49-50,Promenade - loisirs,Equipement réfléchissant,Non,1,,10 - octobre,5 - samedi,Payns
,201600007094,2016-10-22,10,19,10234,48.48436,3.88852,Hors intersection,Deux véhicules - par l’arrière,Nuit sans éclairage public,Brouillard - fumée,Route Départementale,,2,Plat,Partie rectiligne,,54,normale,,Sur chaussée,Conducteur,2,M,14-15,Promenade - loisirs,Equipement réfléchissant,Non,1,,10 - octobre,5 - samedi,Mesgrigny
,201600011282,2016-10-22,6,10,6088,0,0,Hors intersection,Deux véhicules - par le coté,Plein jour,Normale,Voie Communale,,4,Plat,Partie rectiligne,,195,normale,,Sur chaussée,Conducteur,1,M,83-84,Promenade - loisirs,Casque,Oui,1,1,10 - octobre,5 - samedi,Nice
,201600016539,2016-10-22,13,9,13019,43.45034,5.36012,Hors intersection,Deux véhicules - par le coté,Plein jour,Normale,Route Départementale,,,Plat,,400,80,normale,,Sur chaussée,Conducteur,1,M,59-60,Promenade - loisirs,Casque,Oui,1,,10 - octobre,5 - samedi,Cabriès
,201600017852,2016-10-22,14,16,14220,0,0,Hors intersection,Aucune,Plein jour,Normale,Route Départementale,,4,Plat,Partie rectiligne,,,normale,,Sur chaussée,Conducteur,1,M,41-42,Promenade - loisirs,Autre,Oui,1,1,10 - octobre,5 - samedi,Deauville
,201600018441,2016-10-22,34,3,34079,43.6107,3.43668,Hors intersection,Deux véhicules - par l’arrière,Nuit sans éclairage public,Normale,Route Départementale,,,Plat,Partie rectiligne,,70,normale,,Sur chaussée,Conducteur,3,M,21-22,Promenade - loisirs,Equipement réfléchissant,Non,1,,10 - octobre,5 - samedi,'Clermont-l''Hérault'
,201600018705,2016-10-22,63,17,63118,0,0,Hors intersection,Deux véhicules - frontale,Plein jour,Normale,Route Départementale,,,Plat,Partie rectiligne,,72,normale,,Sur chaussée,Conducteur,3,M,19-20,Promenade - loisirs,Casque,Oui,1,,10 - octobre,5 - samedi,Condat-en-Combraille
,201600026000,2016-10-22,37,12,37195,47.3839,0.65884,Autre intersection,Deux véhicules - par le coté,Plein jour,Normale,Voie Communale,,2,Plat,Partie rectiligne,,70,normale,,Sur chaussée,Conducteur,1,F,57-58,Promenade - loisirs,Casque,Non,1,1,10 - octobre,5 - samedi,Riche
,201600037044,2016-10-22,91,18,91122,48.68844,2.15315,Hors intersection,Deux véhicules - par le coté,Plein jour,Normale,Voie Communale,,2,Bas de côte,En courbe à droite,,70,normale,,Sur chaussée,Conducteur,1,F,6-7,Promenade - loisirs,Casque,Non,1,1,10 - octobre,5 - samedi,Bures-sur-Yvette
,201600038532,2016-10-22,92,17,92048,0,0,Intersection en X,Deux véhicules - frontale,Plein jour,Normale,Voie Communale,,2,Pente,,,50,normale,,Sur chaussée,Conducteur,1,M,17-18,Promenade - loisirs,Autre,Non déterminable,1,1,10 - octobre,5 - samedi,Meudon
,201600042335,2016-10-22,94,10,94060,0,0,Intersection en T,Deux véhicules - par le coté,Plein jour,Brouillard - fumée,Voie Communale,,2,,,,,,,Sur chaussée,Conducteur,1,F,18-19,Domicile - travail,Autre,Non déterminable,1,1,10 - octobre,5 - samedi,Queue-en-Brie
,201600048691,2016-10-22,69,2,69382,0,0,Hors intersection,Deux véhicules - frontale,Nuit avec éclairage public allumé,Normale,Voie Communale,,8,Plat,Partie rectiligne,,67,normale,Pont - autopont,Sur chaussée,Conducteur,2,M,21-22,Promenade - loisirs,Casque,Non,1,1,10 - octobre,5 - samedi,Lyon 2e  Arrondissement
,201600008720,2016-10-21,34,16,34154,43.6378,3.99415,Hors intersection,Autre,Plein jour,Normale,Route Départementale,,,Plat,En courbe à droite,,,normale,Carrefour aménagé,Sur piste cyclable,Conducteur,2,M,82-83,Promenade - loisirs,Casque,Oui,,1,10 - octobre,4 - vendredi,Mauguio
,201600017259,2016-10-21,53,15,53127,48.47663,-0.4384,Hors intersection,Deux véhicules - par le coté,Plein jour,Normale,Route Départementale,,2,Plat,Partie rectiligne,,62,normale,,Sur chaussée,Conducteur,2,M,61-62,Promenade - loisirs,Casque,Non,1,,10 - octobre,4 - vendredi,Lassay-les-Châteaux
,201600017450,2016-10-21,64,17,64037,43.32856,-0.50113,Intersection en X,Deux véhicules - par le coté,Plein jour,Normale,Route Départementale,,2,Plat,Partie rectiligne,,65,normale,,Sur chaussée,Conducteur,2,M,10-11,Promenade - loisirs,Ceinture,,1,1,10 - octobre,4 - vendredi,Arbus
,201600024273,2016-10-21,33,14,33192,44.7739,-0.61209,Intersection en Y,Deux véhicules - frontale,Plein jour,Normale,Voie Communale,,1,,,,,normale,,Sur chaussée,Conducteur,1,M,15-16,Autre,Casque,Non déterminable,1,1,10 - octobre,4 - vendredi,Gradignan
,201600025372,2016-10-21,35,17,35238,48.1211,-1.68681,Hors intersection,Deux véhicules - par le coté,Plein jour,Normale,Voie Communale,,2,Plat,Partie rectiligne,,,normale,,Sur chaussée,Conducteur,3,M,68-69,Promenade - loisirs,Casque,Non,1,1,10 - octobre,4 - vendredi,Rennes
,201600032665,2016-10-21,67,12,67482,48.57907,7.7349,Intersection en T,Deux véhicules - par le coté,Plein jour,Normale,Voie Communale,,1,Plat,Partie rectiligne,,,normale,,,Conducteur,1,M,48-49,Domicile - travail,Equipement réfléchissant,Non déterminable,1,1,10 - octobre,4 - vendredi,Strasbourg
,201600039351,2016-10-21,92,5,92077,0,0,Hors intersection,Autre,Nuit sans éclairage public,Normale,Route Départementale,,2,Pente,Partie rectiligne,,58,normale,,Sur chaussée,Conducteur,1,M,23-24,Autre,Casque,Non,1,1,10 - octobre,4 - vendredi,'Ville-d''Avray'
,201600039352,2016-10-21,92,18,92022,0,0,Intersection en X,Deux véhicules - par le coté,Crépuscule ou aube,Pluie légère,Route Départementale,,5,Plat,Partie rectiligne,,175,mouillée,Carrefour aménagé,Sur chaussée,Conducteur,1,M,29-30,Domicile - travail,Casque,Oui,1,1,10 - octobre,4 - vendredi,Chaville
,201600040296,2016-10-21,93,12,93013,0,0,Hors intersection,Deux véhicules - par l’arrière,Plein jour,Pluie légère,Route Départementale,,4,Pente,Partie rectiligne,25,40,mouillée,,Sur chaussée,Conducteur,2,F,45-46,Domicile - travail,Autre,Non déterminable,1,1,10 - octobre,4 - vendredi,Bourget
,201600048688,2016-10-21,69,1,69384,45.77,4.8113,Hors intersection,Deux véhicules - par le coté,Nuit avec éclairage public allumé,Normale,Voie Communale,,,Plat,Partie rectiligne,,180,normale,,Sur chaussée,Conducteur,1,M,25-26,Promenade - loisirs,Autre,Non,1,1,10 - octobre,4 - vendredi,Lyon 4e  Arrondissement
,201600004433,2016-10-20,69,15,69296,45.65266,4.84828,Hors intersection,Deux véhicules - par l’arrière,Plein jour,Normale,Voie Communale,,2,Plat,Partie rectiligne,60,,normale,,Sur chaussée,Conducteur,1,M,45-46,Promenade - loisirs,Casque,Oui,1,,10 - octobre,3 - jeudi,Solaize
,201600019641,2016-10-20,34,13,34169,43.6597,3.86327,Hors intersection,Deux véhicules - par le coté,Plein jour,Normale,Route Départementale,,2,Plat,Partie rectiligne,,60,normale,,Sur chaussée,Conducteur,2,M,74-75,Promenade - loisirs,Casque,Oui,1,1,10 - octobre,3 - jeudi,Montferrier-sur-Lez
,201600019947,2016-10-20,17,8,17300,46.16356,-1.13834,Hors intersection,Autre,Plein jour,Normale,Voie Communale,,2,Plat,Partie rectiligne,,87,normale,,Sur chaussée,Conducteur,1,M,40-41,Promenade - loisirs,Casque,Non déterminable,1,1,10 - octobre,3 - jeudi,Rochelle
,201600021943,2016-10-20,29,7,29019,48.39424,-4.47994,Hors intersection,Autre,Plein jour,Normale,Voie Communale,,,Pente,Partie rectiligne,,,normale,,Sur trottoir,Conducteur,1,M,36-37,Promenade - loisirs,Casque,Oui,,1,10 - octobre,3 - jeudi,Brest
,201600023183,2016-10-20,31,7,31555,43.56904,1.37569,Giratoire,Deux véhicules - par le coté,Nuit avec éclairage public allumé,Normale,Voie Communale,,,Plat,Partie rectiligne,,,normale,,Sur chaussée,Conducteur,1,M,27-28,,Autre,Non déterminable,1,,10 - octobre,3 - jeudi,Toulouse
,201600024259,2016-10-20,33,21,33063,44.8387,-0.5892,Intersection en X,Deux véhicules - par le coté,Nuit avec éclairage public allumé,Normale,Voie Communale,,1,Plat,Partie rectiligne,,45,normale,,Sur chaussée,Conducteur,1,F,32-33,Domicile - travail,Casque,Non déterminable,1,1,10 - octobre,3 - jeudi,Bordeaux
,201600025615,2016-10-20,37,8,37122,0,0,Hors intersection,Aucune,Plein jour,Normale,Voie Communale,,2,Pente,En courbe à gauche,,,normale,,Sur chaussée,Conducteur,1,M,19-20,Domicile - école,Casque,Non déterminable,,1,10 - octobre,3 - jeudi,Joué-lès-Tours
,201600025996,2016-10-20,37,15,37261,47.393,0.687,Hors intersection,Aucune,Plein jour,Normale,Route Départementale,,1,Plat,Partie rectiligne,80,80,normale,Voie ferrée,Sur chaussée,Conducteur,2,F,75-76,Autre,Casque,Oui,,1,10 - octobre,3 - jeudi,Tours
,201600029012,2016-10-20,54,14,54300,48.65983,6.23133,Hors intersection,Deux véhicules - par le coté,Plein jour,Normale,Voie Communale,,2,Plat,Partie rectiligne,,,normale,,Sur chaussée,Conducteur,1,M,14-15,,Casque,Oui,1,1,10 - octobre,3 - jeudi,Laneuveville-devant-Nancy
,201600030204,2016-10-20,59,16,59350,0,0,Hors intersection,Deux véhicules - par le coté,Plein jour,Autre,Route Nationale,,4,Plat,Partie rectiligne,,,mouillée,,Sur chaussée,Conducteur,2,M,16-17,,Casque,Oui,1,1,10 - octobre,3 - jeudi,Lille
,201600039662,2016-10-20,93,9,93001,0,0,Intersection en X,Deux véhicules - par le coté,Plein jour,Pluie légère,Route Départementale,,1,Plat,Partie rectiligne,,80,mouillée,,,Conducteur,1,F,45-46,,Autre,Non déterminable,1,1,10 - octobre,3 - jeudi,Aubervilliers
,201600049514,2016-10-20,69,17,69388,0,0,Intersection en X,Deux véhicules - frontale,Plein jour,Normale,Voie Communale,,2,Plat,Partie rectiligne,,60,normale,,Sur chaussée,Conducteur,1,M,17-18,Promenade - loisirs,Casque,Oui,1,1,10 - octobre,3 - jeudi,Lyon 8e  Arrondissement
,201600056035,2016-10-20,75,13,75118,48.8858,2.36495,Intersection en T,Deux véhicules - par le coté,Plein jour,Pluie légère,Voie Communale,,1,Plat,Partie rectiligne,,40,mouillée,,Sur trottoir,Conducteur,1,M,8-9,Promenade - loisirs,Casque,Non déterminable,1,1,10 - octobre,3 - jeudi,Paris 18e  Arrondissement
,201600001075,2016-10-19,29,16,29046,48.09506,-4.36303,Hors intersection,Aucune,Plein jour,Normale,Voie Communale,,,Pente,Partie rectiligne,,42,normale,,Sur chaussée,Conducteur,2,M,76-77,Promenade - loisirs,Casque,Non,,,10 - octobre,2 - mercredi,Douarnenez
,201600002266,2016-10-19,72,14,72154,47.701,-0.072,Hors intersection,Deux véhicules - frontale,Plein jour,Normale,Voie Communale,,1,Plat,En courbe à gauche,,,normale,,Sur chaussée,Conducteur,2,M,76-77,Promenade - loisirs,Casque,Oui,1,1,10 - octobre,2 - mercredi,Flèche
,201600004726,2016-10-19,7,17,7349,0,0,Hors intersection,Autre,Plein jour,Normale,Route Départementale,,2,Plat,Partie rectiligne,9,90,normale,,Sur chaussée,Conducteur,0,M,71-72,Promenade - loisirs,Casque,Oui,,,10 - octobre,2 - mercredi,Voulte-sur-Rhône
,201600004726,2016-10-19,7,17,7349,0,0,Hors intersection,Autre,Plein jour,Normale,Route Départementale,,2,Plat,Partie rectiligne,9,90,normale,,Sur chaussée,Passager,2,F,70-71,,Casque,Oui,,,10 - octobre,2 - mercredi,Voulte-sur-Rhône
,201600005489,2016-10-19,74,15,74236,0,0,Hors intersection,Deux véhicules - par le coté,Plein jour,Normale,Route Départementale,,2,,Partie rectiligne,,74,normale,,Sur chaussée,Conducteur,2,M,59-60,Promenade - loisirs,Casque,Oui,1,,10 - octobre,2 - mercredi,Saint-Gervais-les-Bains
,201600006903,2016-10-19,68,17,68359,47.84729,7.14319,Hors intersection,Trois véhicules et plus - collisions multiples,Plein jour,Normale,Voie Communale,,2,Pente,En « S »,,45,mouillée,,Sur chaussée,Conducteur,1,M,16-17,Promenade - loisirs,Casque,Non,1,,10 - octobre,2 - mercredi,Wattwiller
,201600006903,2016-10-19,68,17,68359,47.84729,7.14319,Hors intersection,Trois véhicules et plus - collisions multiples,Plein jour,Normale,Voie Communale,,2,Pente,En « S »,,45,mouillée,,Sur chaussée,Conducteur,0,M,17-18,Promenade - loisirs,Casque,Non,1,,10 - octobre,2 - mercredi,Wattwiller
,201600007161,2016-10-19,21,8,21038,47.19375,5.39393,Intersection en T,Deux véhicules - par le coté,Crépuscule ou aube,Normale,Route Départementale,,2,Plat,,6,15,normale,,,Conducteur,2,M,16-17,Domicile - école,Casque,Non,1,1,10 - octobre,2 - mercredi,Auxonne
,201600010111,2016-10-19,36,14,36046,0,0,Hors intersection,Deux véhicules - par le coté,Plein jour,Normale,Voie Communale,,1,Plat,Partie rectiligne,,,normale,Carrefour aménagé,Sur chaussée,Conducteur,2,M,12-13,Promenade - loisirs,Casque,Non,1,1,10 - octobre,2 - mercredi,Châtre
,201600024253,2016-10-19,33,18,33167,44.8381,-0.53274,Hors intersection,Deux véhicules - par le coté,Plein jour,Normale,Voie Communale,,1,Plat,Partie rectiligne,,34,normale,,Sur chaussée,Conducteur,1,M,4-5,Autre,Autre,Non déterminable,1,1,10 - octobre,2 - mercredi,Floirac
,201600025339,2016-10-19,35,21,35238,48.1171,-1.67793,Hors intersection,Deux véhicules - frontale,Nuit avec éclairage public allumé,Normale,Voie Communale,,2,Plat,Partie rectiligne,,,normale,,Sur chaussée,Conducteur,1,M,41-42,Promenade - loisirs,Casque,Non déterminable,1,1,10 - octobre,2 - mercredi,Rennes
,201600027088,2016-10-19,44,18,44109,47.22452,-1.54978,Hors intersection,Autre,Plein jour,Normale,Voie Communale,,2,Pente,Partie rectiligne,,,normale,,Sur trottoir,Conducteur,0,F,34-35,,Casque,Non déterminable,,1,10 - octobre,2 - mercredi,Nantes
,201600030765,2016-10-19,60,15,60463,49.27676,2.47346,Intersection en X,Deux véhicules - par le coté,Plein jour,Normale,Voie Communale,,2,Plat,Partie rectiligne,,,normale,,Sur chaussée,Conducteur,2,M,16-17,Autre,Casque,Oui,1,1,10 - octobre,2 - mercredi,Nogent-sur-Oise
,201600032106,2016-10-19,66,18,66136,42.70027,2.88968,Hors intersection,Autre,Plein jour,Normale,Voie Communale,,3,Plat,Partie rectiligne,,,normale,,Sur trottoir,Conducteur,0,M,17-18,Promenade - loisirs,Equipement réfléchissant,Oui,,1,10 - octobre,2 - mercredi,Perpignan
,201600036172,2016-10-19,87,16,87050,45.8768,1.24388,Intersection en T,Deux véhicules - par le coté,Plein jour,Normale,Voie Communale,,2,Plat,Partie rectiligne,,60,normale,,Sur chaussée,Conducteur,1,M,46-47,Promenade - loisirs,Autre,Non déterminable,1,,10 - octobre,2 - mercredi,Couzeix
,201600041108,2016-10-19,93,7,93053,0,0,Hors intersection,Deux véhicules - par le coté,Plein jour,Normale,Route Départementale,,1,Pente,,,,normale,,Sur chaussée,Conducteur,2,F,45-46,,Autre,Non déterminable,1,1,10 - octobre,2 - mercredi,Noisy-le-Sec
,201600049510,2016-10-19,69,21,69383,45.75265,4.86582,Intersection en Y,Deux véhicules - par le coté,Nuit avec éclairage public allumé,Normale,Voie Communale,,1,Plat,,,,normale,,Sur chaussée,Conducteur,1,M,25-26,Domicile - travail,Autre,Oui,1,1,10 - octobre,2 - mercredi,Lyon 3e  Arrondissement
,201600053233,2016-10-19,75,10,75111,48.8532,2.37022,Intersection à plus de 4 branches,Autre,Plein jour,Normale,Voie Communale,,1,Plat,Partie rectiligne,,100,normale,,Sur chaussée,Conducteur,0,M,27-28,Domicile - travail,Casque,Non déterminable,,1,10 - octobre,2 - mercredi,Paris 11e  Arrondissement
,201600053234,2016-10-19,75,22,75111,48.8507,2.39447,Intersection en X,Deux véhicules - par le coté,Nuit sans éclairage public,Normale,Voie Communale,,1,Plat,Partie rectiligne,,60,normale,,,Conducteur,1,F,28-29,Courses - achats,Casque,Non déterminable,1,1,10 - octobre,2 - mercredi,Paris 11e  Arrondissement
,201600056338,2016-10-19,75,15,75119,48.8896,2.36906,Hors intersection,Deux véhicules - par le coté,Plein jour,Normale,Voie Communale,,1,Plat,Partie rectiligne,,,normale,,Sur piste cyclable,Conducteur,1,M,35-36,Domicile - travail,Casque,Non déterminable,1,1,10 - octobre,2 - mercredi,Paris 19e  Arrondissement
,201600002517,2016-10-18,85,8,85004,46.40636,-1.41332,Hors intersection,Deux véhicules - par l’arrière,Plein jour,Temps éblouissant,Route Départementale,,,Plat,Partie rectiligne,,67,normale,,Sur chaussée,Conducteur,3,F,77-78,Promenade - loisirs,Casque,Non,1,1,10 - octobre,1 - mardi,Angles
,201600018790,2016-10-18,71,14,71263,46.62398,5.23086,Hors intersection,Deux véhicules - frontale,Plein jour,Normale,Autre,,2,Plat,Partie rectiligne,37,75,normale,,Sur chaussée,Conducteur,2,M,74-75,Promenade - loisirs,Casque,Oui,1,1,10 - octobre,1 - mardi,Louhans
,201600022204,2016-10-18,29,14,29232,48.00329,-4.11552,Hors intersection,Deux véhicules - par le coté,Plein jour,Normale,Route Départementale,,2,Plat,Partie rectiligne,,,normale,,,Conducteur,1,M,41-42,,Autre,Non déterminable,1,1,10 - octobre,1 - mardi,Quimper
,201600023180,2016-10-18,31,18,31069,43.6271,1.38523,Hors intersection,Deux véhicules - par le coté,Plein jour,Normale,Route Départementale,,,Plat,En courbe à gauche,,,normale,,Sur chaussée,Conducteur,1,M,57-58,Autre,Autre,Oui,1,1,10 - octobre,1 - mardi,Blagnac
,201600028951,2016-10-18,54,13,54395,48.69062,6.17361,Intersection en T,Deux véhicules - par le coté,Plein jour,Normale,Voie Communale,,2,Plat,Partie rectiligne,,,normale,Pont - autopont,Sur chaussée,Conducteur,1,F,20-21,Promenade - loisirs,Autre,Non déterminable,1,1,10 - octobre,1 - mardi,Nancy
,201600029337,2016-10-18,56,15,56121,47.73813,-3.3818,Hors intersection,Deux véhicules - par le coté,Plein jour,Normale,Voie Communale,,2,Pente,Partie rectiligne,,,normale,,Sur piste cyclable,Conducteur,1,M,10-11,Domicile - école,Casque,Oui,1,1,10 - octobre,1 - mardi,Lorient
,201600035188,2016-10-18,83,12,83069,43.08417,6.15242,Hors intersection,Deux véhicules - par l’arrière,Plein jour,Normale,Route Départementale,,1,Plat,Partie rectiligne,,70,normale,,Sur chaussée,Conducteur,2,M,72-73,Promenade - loisirs,Casque,Oui,1,1,10 - octobre,1 - mardi,Hyères
,201600039987,2016-10-18,93,16,93008,0,0,Hors intersection,Deux véhicules - par le coté,Plein jour,Temps couvert,Voie Communale,,1,Plat,Partie rectiligne,,,,,Sur chaussée,Conducteur,1,M,55-56,Domicile - travail,Equipement réfléchissant,Oui,1,1,10 - octobre,1 - mardi,Bobigny
,201600041900,2016-10-18,94,17,94002,0,0,Intersection en T,Deux véhicules - par le coté,Plein jour,Pluie légère,Route Départementale,,1,Pente,Partie rectiligne,,70,mouillée,,Sur chaussée,Conducteur,1,M,21-22,Promenade - loisirs,Autre,Non déterminable,1,1,10 - octobre,1 - mardi,Alfortville
,201600047113,2016-10-18,92,11,92036,0,0,Hors intersection,Deux véhicules - frontale,Plein jour,Normale,Autoroute,,,,,,,,,Sur chaussée,Conducteur,1,M,51-52,Domicile - travail,Casque,Oui,1,,10 - octobre,1 - mardi,Gennevilliers
,201600048684,2016-10-18,69,8,69389,45.78178,4.81015,Hors intersection,Deux véhicules - par le coté,Plein jour,Normale,Voie Communale,,2,Plat,Partie rectiligne,,115,normale,,Sur chaussée,Conducteur,1,F,32-33,Domicile - travail,Casque,Non,1,,10 - octobre,1 - mardi,Lyon 9e  Arrondissement
,201600049507,2016-10-18,69,17,69386,0,0,Intersection en X,Deux véhicules - par le coté,Plein jour,Normale,Route Départementale,,1,Plat,Partie rectiligne,,,normale,,,Conducteur,1,M,49-50,Promenade - loisirs,Autre,Non déterminable,1,1,10 - octobre,1 - mardi,Lyon 6e  Arrondissement
,201600049508,2016-10-18,69,16,69383,0,0,Hors intersection,Deux véhicules - par le coté,Plein jour,Normale,Voie Communale,,,Plat,Partie rectiligne,,,normale,,Sur chaussée,Conducteur,0,M,25-26,,Autre,Non déterminable,1,1,10 - octobre,1 - mardi,Lyon 3e  Arrondissement
,201600049509,2016-10-18,69,17,69388,0,0,Hors intersection,Deux véhicules - par le coté,Plein jour,Normale,Voie Communale,,2,Plat,Partie rectiligne,,,normale,,,Conducteur,1,M,82-83,,Casque,Oui,1,1,10 - octobre,1 - mardi,Lyon 8e  Arrondissement
,201600052913,2016-10-18,75,11,75110,48.8807,2.36583,Hors intersection,Autre,Plein jour,Normale,Voie Communale,,1,Plat,Partie rectiligne,,,normale,,Sur chaussée,Conducteur,0,F,42-43,Domicile - travail,Casque,Oui,,1,10 - octobre,1 - mardi,Paris 10e  Arrondissement
,201600054339,2016-10-18,75,14,75114,48.8325,2.32498,Intersection en X,Deux véhicules - par le coté,Plein jour,Normale,Voie Communale,,4,Plat,Partie rectiligne,,,normale,,Sur chaussée,Conducteur,1,M,72-73,Promenade - loisirs,Casque,Non déterminable,1,1,10 - octobre,1 - mardi,Paris 14e  Arrondissement
,201600056650,2016-10-18,75,18,75120,48.8513,2.40627,Hors intersection,Autre,Crépuscule ou aube,Pluie légère,Voie Communale,,1,Pente,Partie rectiligne,,50,mouillée,,Sur chaussée,Conducteur,1,F,55-56,,Casque,Non déterminable,1,1,10 - octobre,1 - mardi,Paris 20e  Arrondissement
,201600058839,2016-10-18,973,17,97302,0,0,Hors intersection,Deux véhicules - par le coté,Plein jour,Normale,Voie Communale,,,Plat,,,60,normale,,,Conducteur,0,M,14-15,,Casque,Oui,1,1,10 - octobre,1 - mardi,Cayenne
,201600058839,2016-10-18,973,17,97302,0,0,Hors intersection,Deux véhicules - par le coté,Plein jour,Normale,Voie Communale,,,Plat,,,60,normale,,,Passager,1,M,15-16,,Casque,Oui,1,1,10 - octobre,1 - mardi,Cayenne
,201600002485,2016-10-17,85,18,85226,46.72779,-1.9487,Giratoire,Deux véhicules - par le coté,Plein jour,Temps couvert,Autre,,,,,,,mouillée,,Sur chaussée,Conducteur,1,F,42-43,Domicile - travail,Casque,Oui,1,,10 - octobre,0 - lundi,Saint-Hilaire-de-Riez
,201600003969,2016-10-17,32,7,32211,43.8657,-0.06858,Hors intersection,Deux véhicules - par l’arrière,Nuit sans éclairage public,Normale,Route Départementale,,2,Pente,Partie rectiligne,,52,normale,,Sur chaussée,Conducteur,2,M,16-17,Domicile - école,Casque,Oui,1,,10 - octobre,0 - lundi,'Lias-d''Armagnac'
,201600005443,2016-10-17,74,17,74242,0,0,Intersection en Y,Deux véhicules - par le coté,Plein jour,Pluie légère,Voie Communale,,2,Plat,Partie rectiligne,,,mouillée,,Sur piste cyclable,Conducteur,2,F,19-20,,Casque,Non,1,1,10 - octobre,0 - lundi,Saint-Jorioz
,201600017339,2016-10-17,10,17,10268,48.49228,3.49675,Hors intersection,Deux véhicules - par le coté,Plein jour,Normale,Route Départementale,,,Plat,Partie rectiligne,,,mouillée,,Sur chaussée,Conducteur,1,M,24-25,Promenade - loisirs,Casque,Non,1,1,10 - octobre,0 - lundi,Nogent-sur-Seine
,201600017851,2016-10-17,14,14,14079,0,0,Hors intersection,Aucune,Plein jour,Normale,Route Départementale,,2,Plat,Partie rectiligne,,,normale,,Sur chaussée,Conducteur,1,M,69-70,Promenade - loisirs,Casque,Oui,,1,10 - octobre,0 - lundi,Blonville-sur-Mer
,201600019944,2016-10-17,17,9,17300,46.16134,-1.18303,Giratoire,Deux véhicules - par le coté,Plein jour,Normale,Voie Communale,,1,Plat,Partie rectiligne,,65,normale,,Sur chaussée,Conducteur,1,F,14-15,Promenade - loisirs,Casque,Non déterminable,1,1,10 - octobre,0 - lundi,Rochelle
,201600019945,2016-10-17,17,17,17300,46.16166,-1.14549,Intersection en X,Deux véhicules - frontale,Plein jour,Normale,Voie Communale,,1,Plat,Partie rectiligne,,51,normale,,Sur chaussée,Conducteur,1,F,20-21,Promenade - loisirs,Casque,Non déterminable,1,1,10 - octobre,0 - lundi,Rochelle
,201600021147,2016-10-17,25,12,25462,46.90205,6.35925,Intersection en T,Deux véhicules - par l’arrière,Plein jour,Pluie légère,Voie Communale,,1,,,,,mouillée,,,Conducteur,1,M,15-16,Domicile - école,Casque,Oui,1,1,10 - octobre,0 - lundi,Pontarlier