test,identifiantAccident,date,departement,heure,commune,lat,lon,typeIntersection,typeCollision,luminosite,conditionsAtmosperiques,typeRoute,circulation,nbVoies,profilLongRoute,tracePlanRoute,largeurTPC,largeurRoute,etatSurface,amenagement,situation,categorieUsager,graviteAccident,sexe,age,motifDeplacement,existenceSecurite,usageSecurite,nombreAutresVehicules,enAgglomeration,mois,jour,NCCENR
,201600025326,2016-10-17,35,14,35238,48.1296,-1.64302,Intersection en X,Deux véhicules - par le coté,Plein jour,Temps couvert,Voie Communale,,2,Bas de côte,Partie rectiligne,,,normale,,Sur chaussée,Conducteur,1,M,30-31,Promenade - loisirs,Casque,Oui,1,1,10 - octobre,0 - lundi,Rennes
,201600025331,2016-10-17,35,18,35238,48.0992,-1.65274,Intersection en T,Deux véhicules - par le coté,Plein jour,Normale,Voie Communale,,2,Plat,Partie rectiligne,,,normale,,Sur chaussée,Conducteur,1,M,20-21,Promenade - loisirs,Casque,Non déterminable,1,1,10 - octobre,0 - lundi,Rennes
,201600027261,2016-10-17,45,17,45068,48.02459,2.73511,Hors intersection,Autre,Plein jour,Normale,Voie Communale,,2,Plat,Partie rectiligne,,50,normale,,Sur chaussée,Conducteur,1,M,11-12,Domicile - école,Autre,Oui,,1,10 - octobre,0 - lundi,Châlette-sur-Loing
,201600027740,2016-10-17,49,18,49007,47.47202,-0.56703,Giratoire,Deux véhicules - frontale,Plein jour,Normale,Voie Communale,,3,Plat,Partie rectiligne,,112,normale,,Sur chaussée,Conducteur,1,M,22-23,Domicile - travail,Casque,Non déterminable,1,1,10 - octobre,0 - lundi,Angers
,201600032663,2016-10-17,67,10,67482,48.59027,7.75468,Intersection en X,Deux véhicules - par le coté,Plein jour,Normale,Voie Communale,,2,Plat,Partie rectiligne,,80,normale,,Sur chaussée,Conducteur,1,M,20-21,Domicile - travail,Autre,Non,1,1,10 - octobre,0 - lundi,Strasbourg
,201600033160,2016-10-17,69,17,69275,0,0,Hors intersection,Autre,Plein jour,Normale,Route Départementale,,1,Pente,Partie rectiligne,,78,normale,,Sur piste cyclable,Conducteur,1,M,14-15,Domicile - école,Autre,Non déterminable,1,1,10 - octobre,0 - lundi,Décines-Charpieu
,201600033161,2016-10-17,69,22,69266,45.76903,4.90568,Hors intersection,Deux véhicules - par l’arrière,Nuit avec éclairage public non allumé,Normale,Voie Communale,,4,Sommet de côte,Partie rectiligne,,120,normale,Pont - autopont,Sur chaussée,Conducteur,1,M,47-48,,Casque,Oui,1,1,10 - octobre,0 - lundi,Villeurbanne
,201600033369,2016-10-17,47,20,47219,44.6565,0.76689,Hors intersection,Autre,Nuit sans éclairage public,Normale,Route Départementale,,2,Plat,En courbe à droite,,34,mouillée,,Sur chaussée,Conducteur,1,M,17-18,Promenade - loisirs,Equipement réfléchissant,Oui,1,,10 - octobre,0 - lundi,Rayet
,201600042902,2016-10-17,94,9,94076,0,0,Hors intersection,Autre,Plein jour,Pluie légère,Route Départementale,,,Pente,Partie rectiligne,,,mouillée,,Sur chaussée,Conducteur,1,M,25-26,Domicile - travail,Casque,Oui,2,1,10 - octobre,0 - lundi,Villejuif
,201600049506,2016-10-17,69,15,69387,45.74418,4.84131,Hors intersection,Deux véhicules - par le coté,Plein jour,Normale,Parc de stationnement ouvert à la circulation publique,,,Plat,Partie rectiligne,,,normale,Pont - autopont,Sur chaussée,Conducteur,1,M,32-33,Promenade - loisirs,Casque,Non,1,1,10 - octobre,0 - lundi,Lyon 7e  Arrondissement
,201600054697,2016-10-17,75,19,75115,48.8524,2.29058,Intersection en X,Autre,Nuit avec éclairage public allumé,Temps couvert,Voie Communale,,1,Plat,Partie rectiligne,,,normale,,Sur chaussée,Conducteur,0,F,59-60,Promenade - loisirs,Casque,Non,,1,10 - octobre,0 - lundi,Paris 15e  Arrondissement
,201600056649,2016-10-17,75,19,75120,48.8737,2.39346,Hors intersection,Autre,Nuit avec éclairage public allumé,Normale,Voie Communale,,1,Plat,Partie rectiligne,,,normale,,Sur piste cyclable,Conducteur,0,F,35-36,Domicile - travail,Casque,Non déterminable,,1,10 - octobre,0 - lundi,Paris 20e  Arrondissement
,201600027101,2016-10-16,44,9,44109,47.22162,-1.55744,Hors intersection,Autre,Plein jour,Normale,Voie Communale,,,,,,,,,,Conducteur,1,F,25-26,,Autre,Oui,1,1,10 - octobre,6 - dimanche,Nantes
,201600032662,2016-10-16,67,5,67447,48.60025,7.75381,Intersection en X,Deux véhicules - par le coté,Nuit avec éclairage public allumé,Normale,Voie Communale,,6,Plat,Partie rectiligne,20,180,normale,,Sur chaussée,Conducteur,2,M,19-20,Promenade - loisirs,Autre,Non déterminable,1,1,10 - octobre,6 - dimanche,Schiltigheim
,201600037631,2016-10-16,92,13,92032,0,0,Intersection en X,Deux véhicules - par le coté,Plein jour,Normale,Voie Communale,,2,Pente,Partie rectiligne,,60,normale,,Sur chaussée,Conducteur,1,M,38-39,Promenade - loisirs,Casque,Non,1,1,10 - octobre,6 - dimanche,Fontenay-aux-Roses
,201600052692,2016-10-16,75,18,75109,48.8763,2.33366,Hors intersection,Autre,Crépuscule ou aube,Normale,Voie Communale,,2,Plat,Partie rectiligne,,,normale,,Sur chaussée,Conducteur,1,M,61-62,,Casque,Non déterminable,1,1,10 - octobre,6 - dimanche,Paris 9e  Arrondissement
,201600057728,2016-10-16,971,6,97116,0,0,Hors intersection,Deux véhicules - par l’arrière,Crépuscule ou aube,Normale,Route Nationale,,,Plat,Partie rectiligne,,70,normale,,Sur chaussée,Conducteur,3,M,55-56,Utilisation professionnelle,Casque,Oui,1,,10 - octobre,6 - dimanche,'Morne-à-l''Eau'
,201600001220,2016-10-15,56,11,56158,0,0,Giratoire,Autre,Plein jour,Normale,Route Départementale,,,,Partie rectiligne,,60,mouillée,,Sur chaussée,Conducteur,2,M,22-23,Promenade - loisirs,Casque,Oui,,1,10 - octobre,5 - samedi,Plescop
,201600003367,2016-10-15,17,9,17219,45.82057,-1.09947,Hors intersection,Deux véhicules - par le coté,Plein jour,Normale,Voie Communale,,2,Plat,Partie rectiligne,,79,normale,,Sur chaussée,Conducteur,1,M,83-84,Courses - achats,Autre,Oui,1,1,10 - octobre,5 - samedi,Marennes
,201600006952,2016-10-15,51,15,51413,49.02395,4.04559,Intersection en T,Deux véhicules - par le coté,Plein jour,Normale,Voie Communale,,2,Plat,Partie rectiligne,,43,normale,,Sur chaussée,Conducteur,1,M,13-14,Promenade - loisirs,Casque,Non déterminable,1,1,10 - octobre,5 - samedi,Oiry
,201600023175,2016-10-15,31,17,31555,43.57899,1.44342,Intersection en T,Deux véhicules - par le coté,Plein jour,Normale,Voie Communale,,,Plat,Partie rectiligne,,,normale,,Sur chaussée,Conducteur,1,M,75-76,Autre,Casque,Oui,1,,10 - octobre,5 - samedi,Toulouse
,201600024241,2016-10-15,33,15,33063,44.8471,-0.57668,Intersection en T,Deux véhicules - par le coté,Plein jour,Normale,Voie Communale,,5,Plat,Partie rectiligne,,,normale,,Sur chaussée,Conducteur,1,M,56-57,Autre,Casque,Non déterminable,1,1,10 - octobre,5 - samedi,Bordeaux
,201600027737,2016-10-15,49,11,49007,47.45861,-0.55433,Hors intersection,Aucune,Plein jour,Normale,Voie Communale,,2,Plat,Partie rectiligne,,68,mouillée,,Sur chaussée,Conducteur,2,F,87-88,Autre,Autre,Oui,,1,10 - octobre,5 - samedi,Angers
,201600032661,2016-10-15,67,12,67482,48.57714,7.76889,Hors intersection,Deux véhicules - par le coté,Plein jour,Normale,Voie Communale,,1,Plat,Partie rectiligne,,50,normale,,,Conducteur,1,F,27-28,Autre,Autre,Non déterminable,1,1,10 - octobre,5 - samedi,Strasbourg
,201600033507,2016-10-15,74,11,74218,46.38949,6.52406,Intersection en X,Deux véhicules - par le coté,Plein jour,Normale,Voie Communale,,1,Plat,En courbe à gauche,,80,normale,,Sur chaussée,Conducteur,1,M,66-67,Promenade - loisirs,Casque,Non,1,,10 - octobre,5 - samedi,Publier
,201600042901,2016-10-15,94,16,94003,0,0,Hors intersection,Deux véhicules - par le coté,Plein jour,Normale,Route Départementale,,5,Plat,Partie rectiligne,,,normale,,Sur chaussée,Conducteur,1,M,63-64,Promenade - loisirs,Casque,Non déterminable,1,1,10 - octobre,5 - samedi,Arcueil
,201600051403,2016-10-15,75,21,75104,48.8551,2.34565,Hors intersection,Deux véhicules - par le coté,Nuit avec éclairage public allumé,Normale,Voie Communale,,4,Plat,Partie rectiligne,,,normale,,Sur chaussée,Conducteur,1,M,21-22,Promenade - loisirs,Casque,Non déterminable,1,1,10 - octobre,5 - samedi,Paris 4e  Arrondissement
,201600051587,2016-10-15,75,15,75101,48.8583,2.34337,Intersection en T,Deux véhicules - par le coté,Plein jour,Normale,Voie Communale,,2,Plat,Partie rectiligne,,126,normale,,Sur chaussée,Conducteur,1,M,42-43,Promenade - loisirs,Casque,Non déterminable,1,1,10 - octobre,5 - samedi,Paris 1er Arrondissement
,201600054027,2016-10-15,75,2,75113,48.8326,2.37493,Hors intersection,Deux véhicules - par l’arrière,Nuit avec éclairage public allumé,Temps couvert,Voie Communale,,2,Plat,Partie rectiligne,,,mouillée,,Sur chaussée,Conducteur,1,M,31-32,,Casque,Oui,1,1,10 - octobre,5 - samedi,Paris 13e  Arrondissement
,201600058837,2016-10-15,973,7,97302,0,0,Hors intersection,Deux véhicules - par le coté,Plein jour,Normale,Voie Communale,,,Plat,En courbe à gauche,,,normale,,,Conducteur,2,F,26-27,,Autre,Non,1,1,10 - octobre,5 - samedi,Cayenne
,201600012746,2016-10-14,78,8,78043,0,0,Hors intersection,Deux véhicules - par le coté,Plein jour,Normale,Route Départementale,,3,Bas de côte,En courbe à droite,,,normale,Carrefour aménagé,Sur chaussée,Conducteur,1,M,55-56,Domicile - travail,Casque,Oui,1,1,10 - octobre,4 - vendredi,Bailly
,201600025317,2016-10-14,35,10,35238,48.10182,-1.70725,Giratoire,Autre,Plein jour,Normale,Voie Communale,,2,Plat,Partie rectiligne,,,normale,,Sur chaussée,Conducteur,1,M,40-41,Domicile - travail,Casque,Non,1,1,10 - octobre,4 - vendredi,Rennes
,201600027064,2016-10-14,44,16,44109,47.21382,-1.56036,Hors intersection,Autre,Plein jour,Normale,Voie Communale,,2,Pente,Partie rectiligne,,,normale,,,Piéton,2,F,77-78,,,,,1,10 - octobre,4 - vendredi,Nantes
,201600030033,2016-10-14,59,13,59540,0,0,Hors intersection,Deux véhicules - frontale,Plein jour,Normale,Route Départementale,,4,,,,,,,Sur chaussée,Conducteur,2,M,81-82,,Casque,Oui,1,1,10 - octobre,4 - vendredi,Saint-Pol-sur-Mer
,201600030033,2016-10-14,59,13,59540,0,0,Hors intersection,Deux véhicules - frontale,Plein jour,Normale,Route Départementale,,4,,,,,,,Sur chaussée,Conducteur,0,M,64-65,,Casque,Oui,1,1,10 - octobre,4 - vendredi,Saint-Pol-sur-Mer
,201600032656,2016-10-14,67,13,67218,48.52224,7.72172,Intersection en X,Deux véhicules - frontale,Plein jour,Normale,Voie Communale,,2,Plat,Partie rectiligne,,40,normale,,Sur chaussée,Conducteur,1,M,16-17,,Casque,Oui,1,1,10 - octobre,4 - vendredi,Illkirch-Graffenstaden
,201600032658,2016-10-14,67,16,67482,48.54978,7.73418,Hors intersection,Deux véhicules - par le coté,Plein jour,Normale,Voie Communale,,2,Plat,Partie rectiligne,,80,normale,,Sur chaussée,Conducteur,1,M,38-39,,Equipement réfléchissant,Oui,1,1,10 - octobre,4 - vendredi,Strasbourg
,201600036553,2016-10-14,91,18,91027,48.71021,2.38901,Intersection en X,Deux véhicules - par le coté,Crépuscule ou aube,Pluie légère,Voie Communale,,1,Plat,Partie rectiligne,,,mouillée,,Sur chaussée,Conducteur,2,M,15-16,Domicile - école,Autre,Non,1,1,10 - octobre,4 - vendredi,Athis-Mons
,201600048673,2016-10-14,69,16,69385,45.75653,4.79845,Hors intersection,Deux véhicules - par le coté,Plein jour,Pluie légère,Voie Communale,,2,Plat,Partie rectiligne,,,mouillée,,Sur chaussée,Conducteur,1,M,25-26,Utilisation professionnelle,Casque,Oui,1,1,10 - octobre,4 - vendredi,Lyon 5e  Arrondissement
,201600051268,2016-10-14,75,11,75102,48.864,2.34836,Hors intersection,Deux véhicules - par le coté,Plein jour,Temps couvert,Voie Communale,,3,Plat,Partie rectiligne,,,normale,,Sur chaussée,Conducteur,1,M,36-37,Promenade - loisirs,Casque,Non déterminable,1,1,10 - octobre,4 - vendredi,Paris 2e  Arrondissement
,201600054694,2016-10-14,75,9,75115,48.8369,2.28359,Intersection en X,Aucune,Plein jour,Normale,Voie Communale,,2,Plat,Partie rectiligne,,50,normale,,Sur chaussée,Conducteur,1,M,23-24,Utilisation professionnelle,Casque,Oui,,1,10 - octobre,4 - vendredi,Paris 15e  Arrondissement
,201600000645,2016-10-13,76,16,76533,49.49701,0.26809,Hors intersection,Deux véhicules - frontale,Plein jour,Normale,Route Départementale,,2,Plat,En courbe à droite,,70,normale,,Sur chaussée,Conducteur,3,M,74-75,Promenade - loisirs,Casque,Oui,1,,10 - octobre,3 - jeudi,Rogerville
,201600001304,2016-10-13,56,13,56075,47.90426,-2.11839,Intersection en T,Deux véhicules - par le coté,Plein jour,Normale,Autre,,2,Plat,Partie rectiligne,,64,normale,,Sur chaussée,Conducteur,2,M,8-9,Domicile - école,Casque,Oui,1,1,10 - octobre,3 - jeudi,Guer
,201600018235,2016-10-13,44,12,44003,47.37439,-1.18753,Hors intersection,Deux véhicules - par le coté,Plein jour,Normale,Voie Communale,,2,Pente,Partie rectiligne,,72,normale,,Sur chaussée,Conducteur,2,M,11-12,Domicile - école,Autre,Non déterminable,1,1,10 - octobre,3 - jeudi,Ancenis
,201600025311,2016-10-13,35,19,35238,48.1098,-1.67706,Hors intersection,Deux véhicules - par le coté,Plein jour,Normale,Voie Communale,,2,Plat,Partie rectiligne,,,normale,,Sur chaussée,Conducteur,1,M,17-18,Promenade - loisirs,Casque,Non,1,1,10 - octobre,3 - jeudi,Rennes
,201600031887,2016-10-13,64,17,64189,43.3752,-1.6601,Hors intersection,Autre,Plein jour,Temps couvert,Voie Communale,,1,,,,,mouillée,,Sur chaussée,Conducteur,1,M,16-17,,Casque,Oui,,1,10 - octobre,3 - jeudi,Ciboure
,201600049499,2016-10-13,69,23,69383,0,0,Intersection en X,Deux véhicules - par le coté,Nuit avec éclairage public allumé,Pluie forte,Voie Communale,,,Plat,Partie rectiligne,,,mouillée,,Sur chaussée,Conducteur,1,M,31-32,Promenade - loisirs,Equipement réfléchissant,Non déterminable,1,1,10 - octobre,3 - jeudi,Lyon 3e  Arrondissement
,201600051770,2016-10-13,75,19,75105,48.8504,2.34267,Intersection à plus de 4 branches,Autre,Crépuscule ou aube,Pluie légère,Voie Communale,,3,Plat,Partie rectiligne,,126,mouillée,,Sur chaussée,Conducteur,0,M,21-22,Domicile - travail,Casque,Non,,1,10 - octobre,3 - jeudi,Paris 5e  Arrondissement
,201600052911,2016-10-13,75,9,75110,48.8718,2.36004,Hors intersection,Deux véhicules - par l’arrière,Plein jour,Normale,Voie Communale,,4,Plat,Partie rectiligne,,,normale,,Sur piste cyclable,Conducteur,1,M,29-30,Domicile - travail,Casque,Non,1,1,10 - octobre,3 - jeudi,Paris 10e  Arrondissement
,201600058835,2016-10-13,973,8,97302,0,0,Hors intersection,Deux véhicules - par le coté,Plein jour,Normale,Voie Communale,,1,Plat,Partie rectiligne,,60,normale,,Sur chaussée,Conducteur,1,M,20-21,,Casque,Oui,1,1,10 - octobre,3 - jeudi,Cayenne
,201600004759,2016-10-12,7,11,7324,0,0,Hors intersection,Deux véhicules - par le coté,Plein jour,Normale,Voie Communale,,2,,Partie rectiligne,,60,normale,,Sur chaussée,Conducteur,3,F,61-62,Domicile - travail,Ceinture,,1,1,10 - octobre,2 - mercredi,Tournon-sur-Rhône
,201600006742,2016-10-12,68,17,68374,0,0,Hors intersection,Deux véhicules - par le coté,Plein jour,Normale,Route Départementale,,,,Partie rectiligne,,60,normale,,Sur chaussée,Conducteur,1,M,15-16,,Casque,Oui,1,,10 - octobre,2 - mercredi,Wintzenheim
,201600007065,2016-10-12,10,14,10094,48.518,4.568,Hors intersection,Deux véhicules - frontale,Plein jour,Normale,Voie Communale,,,Plat,Partie rectiligne,,,normale,,Sur chaussée,Conducteur,2,M,8-9,Promenade - loisirs,Casque,Non,1,1,10 - octobre,2 - mercredi,Chavanges
,201600016727,2016-10-12,14,8,14327,0,0,Hors intersection,Autre,Plein jour,Normale,Route Départementale,,5,Plat,Partie rectiligne,,,normale,,Sur chaussée,Conducteur,2,M,21-22,,Equipement réfléchissant,Oui,1,1,10 - octobre,2 - mercredi,Hérouville-Saint-Clair
,201600023171,2016-10-12,31,18,31555,43.61604,1.45314,Intersection en Y,Deux véhicules - par le coté,Plein jour,Normale,Voie Communale,,2,Plat,Partie rectiligne,,,normale,,Sur chaussée,Conducteur,1,M,38-39,,Casque,Oui,1,1,10 - octobre,2 - mercredi,Toulouse
,201600024234,2016-10-12,33,7,33063,44.835,-0.57205,Intersection en X,Deux véhicules - par le coté,Crépuscule ou aube,Normale,Voie Communale,,2,Plat,Partie rectiligne,,,normale,,Sur chaussée,Conducteur,1,M,44-45,Autre,Autre,Non déterminable,1,1,10 - octobre,2 - mercredi,Bordeaux
,201600025301,2016-10-12,35,8,35238,48.1118,-1.64641,Giratoire,Deux véhicules - par le coté,Plein jour,Normale,Voie Communale,,2,Plat,Partie rectiligne,,,normale,,Sur chaussée,Conducteur,1,F,17-18,Domicile - école,Casque,Non,1,1,10 - octobre,2 - mercredi,Rennes
,201600025305,2016-10-12,35,18,35238,48.1175,-1.70466,Giratoire,Deux véhicules - par le coté,Plein jour,Normale,Voie Communale,,1,Plat,Partie rectiligne,,,normale,,Sur chaussée,Conducteur,1,M,17-18,Domicile - école,,,1,1,10 - octobre,2 - mercredi,Rennes
,201600025988,2016-10-12,37,17,37261,47.38998,0.67006,Hors intersection,Deux véhicules - frontale,Plein jour,Normale,Voie Communale,,2,Plat,Partie rectiligne,,,normale,,Sur chaussée,Conducteur,1,M,21-22,Domicile - école,Casque,Non,1,1,10 - octobre,2 - mercredi,Tours
,201600026559,2016-10-12,42,16,42071,46.02173,4.09223,Intersection en T,Deux véhicules - par le coté,Plein jour,Normale,Voie Communale,,2,,,,,,,Sur chaussée,Conducteur,1,M,20-21,,Autre,Non déterminable,1,1,10 - octobre,2 - mercredi,Coteau
,201600031188,2016-10-12,62,11,62351,50.41987,2.8941,Hors intersection,Deux véhicules - par le coté,Plein jour,Pluie légère,Voie Communale,,2,Plat,Partie rectiligne,,124,mouillée,,Sur piste cyclable,Conducteur,2,M,23-24,Promenade - loisirs,Casque,Oui,1,1,10 - octobre,2 - mercredi,Fouquières-lès-Lens
,201600031718,2016-10-12,64,13,64445,43.31681,-0.36826,Intersection en T,Deux véhicules - frontale,Plein jour,Normale,Voie Communale,,2,Plat,Partie rectiligne,25,91,normale,,Sur chaussée,Conducteur,1,M,33-34,,Casque,Oui,1,1,10 - octobre,2 - mercredi,Pau
,201600032654,2016-10-12,67,13,67482,48.59062,7.7004,Hors intersection,Autre,Plein jour,Normale,Voie Communale,,4,Plat,Partie rectiligne,50,100,normale,,Sur trottoir,Conducteur,1,M,51-52,,Equipement réfléchissant,Non déterminable,1,1,10 - octobre,2 - mercredi,Strasbourg
,201600035019,2016-10-12,81,13,81004,43.9334,2.14641,Hors intersection,Deux véhicules - par le coté,Plein jour,Normale,Voie Communale,,2,Plat,Partie rectiligne,,,normale,,Sur chaussée,Conducteur,2,M,17-18,Promenade - loisirs,Autre,Non déterminable,1,1,10 - octobre,2 - mercredi,Albi
,201600035416,2016-10-12,83,17,83137,43.12099,5.94724,Hors intersection,Deux véhicules - par le coté,Plein jour,Temps couvert,Voie Communale,,2,Plat,Partie rectiligne,,,normale,,Sur chaussée,Conducteur,1,M,11-12,,Casque,Non,1,1,10 - octobre,2 - mercredi,Toulon
,201600039486,2016-10-12,92,8,92075,0,0,Intersection en T,Deux véhicules - par le coté,Plein jour,Normale,Voie Communale,,,Plat,Partie rectiligne,,,normale,,Sur chaussée,Conducteur,1,F,35-36,Domicile - travail,Casque,Oui,1,1,10 - octobre,2 - mercredi,Vanves
,201600040857,2016-10-12,93,16,93048,0,0,Hors intersection,Deux véhicules - par le coté,Plein jour,Normale,Voie Communale,,2,Plat,Partie rectiligne,,,normale,,Sur chaussée,Conducteur,0,F,71-72,Promenade - loisirs,Casque,Oui,1,1,10 - octobre,2 - mercredi,Montreuil
,201600042408,2016-10-12,94,15,94022,0,0,Intersection en T,Deux véhicules - par le coté,Plein jour,Normale,Route Départementale,,2,Plat,,30,74,normale,,Sur chaussée,Conducteur,1,M,56-57,Promenade - loisirs,Autre,Non déterminable,1,1,10 - octobre,2 - mercredi,Choisy-le-Roi
,201600042409,2016-10-12,94,16,94022,0,0,Intersection en T,Deux véhicules - frontale,Plein jour,Normale,Route Départementale,,4,,,,,,,,Conducteur,1,M,13-14,Promenade - loisirs,Casque,Non,1,1,10 - octobre,2 - mercredi,Choisy-le-Roi
,201600049496,2016-10-12,69,6,69259,0,0,Intersection en X,Deux véhicules - par le coté,Nuit avec éclairage public allumé,Normale,Voie Communale,,3,Pente,Partie rectiligne,,138,normale,,Sur chaussée,Conducteur,1,M,45-46,,Casque,Non,1,1,10 - octobre,2 - mercredi,Vénissieux
,201600054024,2016-10-12,75,9,75113,48.8285,2.36692,Hors intersection,Deux véhicules - par le coté,Plein jour,Normale,Voie Communale,,1,Pente,Partie rectiligne,,40,normale,,Sur piste cyclable,Conducteur,1,M,63-64,Promenade - loisirs,Casque,Non déterminable,1,1,10 - octobre,2 - mercredi,Paris 13e  Arrondissement
,201600054331,2016-10-12,75,8,75115,48.8458,2.30512,Hors intersection,Deux véhicules - par le coté,Plein jour,Normale,Voie Communale,,,Plat,Partie rectiligne,,,normale,,Sur chaussée,Conducteur,1,F,37-38,Domicile - travail,Casque,Non déterminable,1,1,10 - octobre,2 - mercredi,Paris 15e  Arrondissement
,201600002644,2016-10-11,33,17,33227,44.55873,-0.25099,Hors intersection,Autre,Crépuscule ou aube,Normale,Route Départementale,,2,Sommet de côte,Partie rectiligne,,,normale,Pont - autopont,Sur chaussée,Conducteur,2,M,18-19,Domicile - travail,Casque,Oui,,,10 - octobre,1 - mardi,Langon
,201600006296,2016-10-11,54,15,54490,48.77409,6.05395,Hors intersection,Deux véhicules - par l’arrière,Plein jour,Normale,Route Départementale,,2,,Partie rectiligne,,62,normale,,Sur chaussée,Conducteur,3,M,68-69,Promenade - loisirs,Casque,Oui,1,,10 - octobre,1 - mardi,Saizerais
,201600021067,2016-10-11,25,12,25056,47.22536,5.97404,Intersection en T,Autre,Plein jour,Normale,Route Départementale,,2,Plat,Partie rectiligne,,,normale,,Sur chaussée,Conducteur,2,F,56-57,Autre,Autre,Oui,1,1,10 - octobre,1 - mardi,Besançon
,201600024238,2016-10-11,33,18,33281,44.8282,-0.63885,Hors intersection,Autre,Plein jour,Normale,Voie Communale,,4,,,,,,,Sur piste cyclable,Conducteur,0,M,32-33,Domicile - travail,Autre,Oui,,1,10 - octobre,1 - mardi,Mérignac
,201600028943,2016-10-11,54,7,54547,48.6614,6.16901,Intersection en X,Aucune,Plein jour,Normale,Voie Communale,,2,Plat,Partie rectiligne,,,normale,,Sur chaussée,Conducteur,1,M,19-20,Promenade - loisirs,Casque,Non,1,1,10 - octobre,1 - mardi,Vanduvre-lès-Nancy
,201600029327,2016-10-11,56,14,56121,47.75183,-3.36509,Hors intersection,Deux véhicules - par l’arrière,Plein jour,Normale,Route Départementale,,1,Plat,Partie rectiligne,,,normale,,Sur chaussée,Conducteur,1,M,26-27,Promenade - loisirs,Casque,Oui,1,1,10 - octobre,1 - mardi,Lorient
,201600035413,2016-10-11,83,16,83137,43.12203,5.94019,Hors intersection,Deux véhicules - par le coté,Plein jour,Normale,Voie Communale,,5,Plat,En courbe à gauche,,25,normale,,Sur chaussée,Conducteur,2,M,62-63,,Autre,Non déterminable,1,1,10 - octobre,1 - mardi,Toulon
,201600037550,2016-10-11,92,18,92012,0,0,Hors intersection,Deux véhicules - par le coté,Plein jour,Normale,Voie Communale,,1,Plat,Partie rectiligne,,,normale,,Sur chaussée,Conducteur,1,F,27-28,Domicile - travail,Casque,Oui,1,1,10 - octobre,1 - mardi,Boulogne-Billancourt
,201600038137,2016-10-11,92,16,92026,0,0,Hors intersection,Deux véhicules - par le coté,Plein jour,Normale,Route Nationale,,4,Plat,Partie rectiligne,,138,normale,,Sur chaussée,Conducteur,3,M,12-13,Domicile - école,Casque,Non,1,1,10 - octobre,1 - mardi,Courbevoie
,201600048664,2016-10-11,69,8,69382,0,0,Hors intersection,Deux véhicules - par le coté,Plein jour,Normale,Voie Communale,,2,Plat,Partie rectiligne,,,normale,,Sur chaussée,Conducteur,1,M,39-40,Domicile - travail,Casque,Oui,1,1,10 - octobre,1 - mardi,Lyon 2e  Arrondissement
,201600051399,2016-10-11,75,17,75103,48.8638,2.36629,Hors intersection,Autre,Plein jour,Normale,Voie Communale,,5,Pente,Partie rectiligne,,160,normale,,Sur chaussée,Conducteur,1,M,57-58,Domicile - travail,Casque,Non,,1,10 - octobre,1 - mardi,Paris 3e  Arrondissement
,201600054022,2016-10-11,75,11,75113,48.8209,2.35076,Intersection en X,Deux véhicules - par le coté,Plein jour,Normale,Voie Communale,,3,Pente,Partie rectiligne,,30,normale,,Sur chaussée,Conducteur,1,M,27-28,Domicile - travail,Casque,Non,1,1,10 - octobre,1 - mardi,Paris 13e  Arrondissement
,201600008536,2016-10-10,83,10,83027,0,0,Hors intersection,Autre,Plein jour,Normale,Route Départementale,,2,Plat,Partie rectiligne,,,normale,Zone piétonne,Sur chaussée,Conducteur,0,M,72-73,Promenade - loisirs,Casque,Oui,,,10 - octobre,0 - lundi,'Cadière-d''Azur'
,201600017190,2016-10-10,40,9,40291,43.66991,-1.34233,Hors intersection,Deux véhicules - par l’arrière,Plein jour,Temps éblouissant,Route Départementale,,2,Pente,En courbe à gauche,,53,normale,,Sur chaussée,Conducteur,2,F,62-63,Promenade - loisirs,Equipement réfléchissant,Non,1,,10 - octobre,0 - lundi,Saubion
,201600027385,2016-10-10,47,17,47323,44.4085,0.7195,Hors intersection,Autre,Plein jour,Normale,Voie Communale,,2,Pente,Partie rectiligne,,32,normale,,Sur chaussée,Conducteur,2,M,16-17,Domicile - école,Casque,Non,1,1,10 - octobre,0 - lundi,Villeneuve-sur-Lot
,201600028445,2016-10-10,51,5,51454,49.23779,4.06611,Hors intersection,Deux véhicules - par l’arrière,Nuit avec éclairage public allumé,Normale,Voie Communale,,2,Pente,Partie rectiligne,36,60,normale,,Sur chaussée,Conducteur,2,M,37-38,,Autre,Non déterminable,1,1,10 - octobre,0 - lundi,Reims
,201600031884,2016-10-10,64,17,64483,43.3768,-1.6377,Hors intersection,Autre,Plein jour,Normale,Route Départementale,,,Plat,Partie rectiligne,,,normale,,Sur piste cyclable,Conducteur,1,M,67-68,Promenade - loisirs,Casque,Oui,,1,10 - octobre,0 - lundi,Saint-Jean-de-Luz
,201600032648,2016-10-10,67,7,67482,48.58782,7.75353,Hors intersection,Autre,Plein jour,Normale,Voie Communale,,1,Plat,Partie rectiligne,,27,normale,,,Piéton,1,M,11-12,,,,,1,10 - octobre,0 - lundi,Strasbourg
,201600032796,2016-10-10,68,10,68066,48.08345,7.35057,Intersection en T,Deux véhicules - par le coté,Plein jour,Normale,Route Départementale,,2,Pente,En courbe à gauche,,95,normale,,Sur piste cyclable,Conducteur,2,M,66-67,Autre,Autre,Non,1,1,10 - octobre,0 - lundi,Colmar
,201600038722,2016-10-10,92,9,92020,0,0,Intersection en X,Deux véhicules - par le coté,Plein jour,Normale,Route Départementale,,2,Pente,Partie rectiligne,,,normale,,,Conducteur,1,M,21-22,,Casque,Non déterminable,1,1,10 - octobre,0 - lundi,Châtillon