test,identifiantAccident,date,departement,heure,commune,lat,lon,typeIntersection,typeCollision,luminosite,conditionsAtmosperiques,typeRoute,circulation,nbVoies,profilLongRoute,tracePlanRoute,largeurTPC,largeurRoute,etatSurface,amenagement,situation,categorieUsager,graviteAccident,sexe,age,motifDeplacement,existenceSecurite,usageSecurite,nombreAutresVehicules,enAgglomeration,mois,jour,NCCENR
,201600048671,2016-10-10,69,12,69385,45.7606,4.82845,Hors intersection,Deux véhicules - par le coté,Plein jour,Normale,Voie Communale,,2,Plat,Partie rectiligne,,55,normale,,Sur piste cyclable,Conducteur,1,M,16-17,Promenade - loisirs,Casque,Oui,1,1,10 - octobre,0 - lundi,Lyon 5e  Arrondissement
,201600051398,2016-10-10,75,14,75103,48.8596,2.36755,Hors intersection,Autre,Plein jour,Normale,Voie Communale,,6,Plat,Partie rectiligne,,120,normale,,Sur chaussée,Conducteur,1,F,48-49,Promenade - loisirs,Casque,Non déterminable,1,1,10 - octobre,0 - lundi,Paris 3e  Arrondissement
,201600051929,2016-10-10,75,9,75106,48.8568,2.33927,Hors intersection,Autre,Plein jour,Normale,Voie Communale,,3,Plat,Partie rectiligne,,140,normale,,Sur chaussée,Conducteur,1,F,37-38,Domicile - travail,Casque,Non déterminable,,1,10 - octobre,0 - lundi,Paris 6e  Arrondissement
,201600054020,2016-10-10,75,21,75113,48.8375,2.34631,Intersection en T,Deux véhicules - frontale,Nuit avec éclairage public allumé,Normale,Voie Communale,,2,Plat,Partie rectiligne,,80,mouillée,,Sur chaussée,Conducteur,1,M,25-26,Promenade - loisirs,Casque,Non déterminable,1,1,10 - octobre,0 - lundi,Paris 13e  Arrondissement
,201600055634,2016-10-10,75,14,75117,48.8831,2.28749,Intersection en X,Autre,Plein jour,Normale,Voie Communale,,,Plat,Partie rectiligne,,,normale,,Sur chaussée,Conducteur,0,M,19-20,Courses - achats,Casque,Oui,,1,10 - octobre,0 - lundi,Paris 17e  Arrondissement
,201600056019,2016-10-10,75,15,75118,48.8917,2.33496,Intersection en X,Autre,Plein jour,Normale,Voie Communale,,1,Plat,Partie rectiligne,,,mouillée,,Sur chaussée,Conducteur,0,M,17-18,Promenade - loisirs,Casque,Oui,,1,10 - octobre,0 - lundi,Paris 18e  Arrondissement
,201600008003,2016-10-09,13,9,13022,43.24476,5.54667,Hors intersection,Aucune,Plein jour,Normale,Route Départementale,,3,,En courbe à droite,,,normale,,Sur chaussée,Conducteur,2,M,64-65,Promenade - loisirs,Casque,Oui,,,10 - octobre,6 - dimanche,Cassis
,201600010775,2016-10-09,6,11,6069,0,0,Hors intersection,Deux véhicules - frontale,Plein jour,Normale,Voie Communale,,2,Pente,En courbe à gauche,,,normale,,Sur chaussée,Conducteur,1,M,48-49,Promenade - loisirs,Casque,Oui,1,1,10 - octobre,6 - dimanche,Grasse
,201600017216,2016-10-09,40,21,40084,43.65008,-0.89969,Hors intersection,Deux véhicules - par l’arrière,Nuit sans éclairage public,Normale,Route Départementale,,2,Plat,Partie rectiligne,,63,normale,,Sur chaussée,Conducteur,3,M,15-16,Promenade - loisirs,Autre,Non,1,1,10 - octobre,6 - dimanche,Clermont
,201600018508,2016-10-09,41,10,41198,47.27163,1.37246,Hors intersection,Autre,Plein jour,Normale,Route Départementale,,2,Plat,Partie rectiligne,,,normale,,Sur chaussée,Conducteur,2,M,64-65,Promenade - loisirs,Casque,Oui,,1,10 - octobre,6 - dimanche,Saint-Aignan
,201600037548,2016-10-09,92,17,92012,0,0,Hors intersection,Deux véhicules - par le coté,Plein jour,Normale,Voie Communale,,1,Plat,En courbe à droite,,,normale,,Sur chaussée,Conducteur,1,M,42-43,Promenade - loisirs,Casque,Oui,1,1,10 - octobre,6 - dimanche,Boulogne-Billancourt
,201600053630,2016-10-09,75,23,75112,48.8483,2.37327,Hors intersection,Autre,Nuit avec éclairage public allumé,Normale,Voie Communale,,4,Plat,Partie rectiligne,4,70,normale,,Sur piste cyclable,Conducteur,1,M,50-51,Promenade - loisirs,Casque,Non,,1,10 - octobre,6 - dimanche,Paris 12e  Arrondissement
,201600054325,2016-10-09,75,17,75114,48.8227,2.32263,Intersection en X,Deux véhicules - par le coté,Plein jour,Normale,Voie Communale,,,Plat,Partie rectiligne,,,normale,,,Conducteur,1,M,25-26,,Casque,Oui,1,1,10 - octobre,6 - dimanche,Paris 14e  Arrondissement
,201600057727,2016-10-09,971,7,97116,0,0,Hors intersection,Deux véhicules - par l’arrière,Plein jour,Pluie légère,Route Nationale,,,Plat,Partie rectiligne,10,70,mouillée,,Sur chaussée,Conducteur,2,M,53-54,Promenade - loisirs,Casque,Oui,1,,10 - octobre,6 - dimanche,'Morne-à-l''Eau'
,201600015693,2016-10-08,13,7,13055,43.2964,5.37764,Intersection en X,Autre,Crépuscule ou aube,Normale,Voie Communale,,2,Pente,Partie rectiligne,,100,normale,,Sur chaussée,Conducteur,2,M,43-44,Promenade - loisirs,Casque,Non déterminable,1,1,10 - octobre,5 - samedi,Marseille
,201600016801,2016-10-08,8,16,8156,49.89306,4.40168,Hors intersection,Trois véhicules et plus - collisions multiples,Plein jour,Temps éblouissant,Route Départementale,,2,,Partie rectiligne,,61,,,Sur chaussée,Conducteur,2,M,63-64,Promenade - loisirs,Casque,Oui,2,,10 - octobre,5 - samedi,Éteignières
,201600021311,2016-10-08,26,15,26281,45.05091,5.08708,Hors intersection,Deux véhicules - par l’arrière,Plein jour,Normale,Voie Communale,,2,Plat,Partie rectiligne,,,normale,,Sur chaussée,Conducteur,1,M,33-34,,Autre,Oui,1,1,10 - octobre,5 - samedi,Romans-sur-Isère
,201600026781,2016-10-08,44,14,44135,47.26731,-2.42288,Hors intersection,Deux véhicules - par le coté,Plein jour,Normale,Autre,,1,Plat,Partie rectiligne,,,normale,,Sur chaussée,Conducteur,1,M,50-51,Promenade - loisirs,Autre,Oui,1,1,10 - octobre,5 - samedi,Pouliguen
,201600027258,2016-10-08,45,16,45068,48.01206,2.71901,Giratoire,Deux véhicules - par le coté,Plein jour,Normale,Route Départementale,,2,Plat,Partie rectiligne,,60,normale,Carrefour aménagé,Sur chaussée,Conducteur,1,M,13-14,Autre,Autre,Non déterminable,1,1,10 - octobre,5 - samedi,Châlette-sur-Loing
,201600028443,2016-10-08,51,14,51454,49.25868,4.04284,Hors intersection,Deux véhicules - par le coté,Plein jour,Normale,Voie Communale,,3,Plat,Partie rectiligne,,76,normale,,Sur chaussée,Conducteur,1,M,18-19,,Casque,Oui,1,1,10 - octobre,5 - samedi,Reims
,201600051265,2016-10-08,75,19,75104,48.849,2.36447,Intersection en T,Deux véhicules - par le coté,Nuit avec éclairage public allumé,Normale,Voie Communale,,3,Plat,Partie rectiligne,,,normale,,Sur piste cyclable,Conducteur,1,M,16-17,Autre,Casque,Oui,1,1,10 - octobre,5 - samedi,Paris 4e  Arrondissement
,201600056328,2016-10-08,75,19,75119,48.8824,2.38618,Hors intersection,Deux véhicules - par l’arrière,Nuit avec éclairage public allumé,Normale,Voie Communale,,2,Bas de côte,Partie rectiligne,,,normale,,Sur chaussée,Conducteur,2,F,45-46,Autre,Casque,Oui,1,1,10 - octobre,5 - samedi,Paris 19e  Arrondissement
,201600007710,2016-10-07,39,17,39030,47.11659,5.50725,Hors intersection,Deux véhicules - par l’arrière,Plein jour,Normale,Route Départementale,,2,Plat,Partie rectiligne,,,normale,,Sur chaussée,Conducteur,2,M,76-77,Promenade - loisirs,Casque,Oui,1,,10 - octobre,4 - vendredi,Authume
,201600010773,2016-10-07,6,14,6069,0,0,Hors intersection,Deux véhicules - par le coté,Plein jour,Normale,Voie Communale,,2,Pente,En courbe à droite,,,,,Sur chaussée,Conducteur,1,M,55-56,,Casque,Oui,1,1,10 - octobre,4 - vendredi,Grasse
,201600020552,2016-10-07,72,14,72213,0,0,Intersection en X,Deux véhicules - frontale,Plein jour,Normale,Voie Communale,,2,Plat,Partie rectiligne,,57,normale,,Sur chaussée,Conducteur,1,M,61-62,Promenade - loisirs,Casque,Oui,1,1,10 - octobre,4 - vendredi,Mulsanne
,201600020727,2016-10-07,21,12,21054,47.01979,4.84716,Giratoire,Autre,Plein jour,Normale,Voie Communale,,2,Plat,Partie rectiligne,,,normale,,Sur chaussée,Conducteur,2,M,47-48,,Casque,Non,1,1,10 - octobre,4 - vendredi,Beaune
,201600021144,2016-10-07,25,6,25204,46.92794,6.34891,Hors intersection,Deux véhicules - par l’arrière,Nuit avec éclairage public allumé,Normale,Route Départementale,,,Plat,Partie rectiligne,,60,normale,,Sur chaussée,Conducteur,2,M,34-35,Promenade - loisirs,Autre,Non déterminable,1,1,10 - octobre,4 - vendredi,Doubs
,201600023379,2016-10-07,81,19,81036,43.4938,2.43503,Hors intersection,Deux véhicules - par le coté,Crépuscule ou aube,Normale,Route Départementale,,3,Plat,Partie rectiligne,,110,normale,,Sur chaussée,Conducteur,1,M,41-42,Promenade - loisirs,Casque,Oui,1,,10 - octobre,4 - vendredi,Bout-du-Pont-de-Larn
,201600025296,2016-10-07,35,16,35238,48.0914,-1.66456,Hors intersection,Deux véhicules - par le coté,Plein jour,Normale,Voie Communale,,2,Plat,Partie rectiligne,,,normale,,Sur trottoir,Conducteur,1,M,13-14,Domicile - école,Casque,Oui,1,1,10 - octobre,4 - vendredi,Rennes
,201600025978,2016-10-07,37,11,37261,47.3924,0.6971,Intersection en X,Deux véhicules - par le coté,Plein jour,Normale,Voie Communale,,1,Plat,Partie rectiligne,,,normale,,Sur chaussée,Conducteur,2,M,29-30,,Casque,Oui,1,1,10 - octobre,4 - vendredi,Tours
,201600027730,2016-10-07,49,15,49007,47.47178,-0.54258,Hors intersection,Autre,Plein jour,Normale,Voie Communale,,,Plat,Partie rectiligne,,17,normale,,Sur chaussée,Conducteur,1,F,18-19,Promenade - loisirs,Casque,Non déterminable,1,1,10 - octobre,4 - vendredi,Angers
,201600027730,2016-10-07,49,15,49007,47.47178,-0.54258,Hors intersection,Autre,Plein jour,Normale,Voie Communale,,,Plat,Partie rectiligne,,17,normale,,Sur chaussée,Conducteur,1,F,17-18,Promenade - loisirs,Casque,Non déterminable,1,1,10 - octobre,4 - vendredi,Angers
,201600029441,2016-10-07,56,7,56260,47.64682,-2.77897,Intersection en T,Deux véhicules - par le coté,Crépuscule ou aube,Normale,Voie Communale,,3,Plat,Partie rectiligne,,,normale,,Sur chaussée,Conducteur,2,M,19-20,Domicile - école,Casque,Oui,1,1,10 - octobre,4 - vendredi,Vannes
,201600029776,2016-10-07,58,8,58194,46.98755,3.15175,Intersection en T,Autre,Plein jour,Normale,Voie Communale,,,,,20,60,,,Sur chaussée,Conducteur,0,M,73-74,,Casque,Oui,,1,10 - octobre,4 - vendredi,Nevers
,201600030034,2016-10-07,59,20,59273,0,0,Hors intersection,Deux véhicules - par le coté,Nuit avec éclairage public allumé,Normale,Voie Communale,,2,Plat,Partie rectiligne,,64,normale,,Sur chaussée,Conducteur,0,M,16-17,Autre,Casque,Non,1,1,10 - octobre,4 - vendredi,Gravelines
,201600039808,2016-10-07,93,17,93005,0,0,Hors intersection,Autre,Plein jour,Normale,Voie Communale,,2,Plat,Partie rectiligne,,,normale,,Sur piste cyclable,Conducteur,1,M,14-15,,Casque,Non,1,1,10 - octobre,4 - vendredi,Aulnay-sous-Bois
,201600048658,2016-10-07,69,18,69286,0,0,Hors intersection,Deux véhicules - par le coté,Plein jour,Normale,Voie Communale,,2,Sommet de côte,Partie rectiligne,,80,normale,,Sur chaussée,Conducteur,2,M,45-46,,Casque,Oui,1,1,10 - octobre,4 - vendredi,Rillieux-la-Pape
,201600053215,2016-10-07,75,9,75111,48.8589,2.36771,Hors intersection,Deux véhicules - par le coté,Plein jour,Temps couvert,Voie Communale,,2,Plat,Partie rectiligne,20,160,normale,,Sur chaussée,Conducteur,1,M,49-50,Domicile - travail,Casque,Oui,1,1,10 - octobre,4 - vendredi,Paris 11e  Arrondissement
,201600053216,2016-10-07,75,11,75111,48.8646,2.36581,Intersection en T,Deux véhicules - par le coté,Plein jour,Normale,Voie Communale,,1,Plat,Partie rectiligne,,50,normale,,,Conducteur,2,M,68-69,Promenade - loisirs,Casque,Non,1,1,10 - octobre,4 - vendredi,Paris 11e  Arrondissement
,201600054687,2016-10-07,75,9,75115,48.8278,2.29278,Place,Autre,Plein jour,Normale,Voie Communale,,2,Plat,Partie rectiligne,,,normale,Carrefour aménagé,Sur chaussée,Conducteur,1,F,26-27,Domicile - travail,Casque,Non,1,1,10 - octobre,4 - vendredi,Paris 15e  Arrondissement
,201600058181,2016-10-07,971,13,97105,0,0,Hors intersection,Autre,Plein jour,Normale,Voie Communale,,2,Plat,Partie rectiligne,,35,normale,,Sur chaussée,Conducteur,1,M,19-20,Promenade - loisirs,Casque,Oui,,1,10 - octobre,4 - vendredi,Basse-Terre
,201600006977,2016-10-06,51,15,51432,48.69196,3.84042,Hors intersection,Deux véhicules - par le coté,Plein jour,Vent fort - tempête,Route Départementale,,2,Plat,Partie rectiligne,,56,normale,,Sur chaussée,Conducteur,3,M,20-21,Promenade - loisirs,Casque,Non,1,,10 - octobre,3 - jeudi,Pleurs
,201600010586,2016-10-06,6,20,6029,43.55142,6.96862,Hors intersection,Deux véhicules - par le coté,Nuit avec éclairage public allumé,Normale,Voie Communale,,2,,,,,,,,Conducteur,1,M,10-11,,Autre,Oui,1,1,10 - octobre,3 - jeudi,Cannes
,201600015683,2016-10-06,13,16,13055,43.36797,5.36307,Hors intersection,Deux véhicules - par le coté,Plein jour,Pluie légère,Voie Communale,,2,Plat,En courbe à gauche,,60,mouillée,,Sur chaussée,Conducteur,1,M,48-49,Promenade - loisirs,Casque,Oui,1,1,10 - octobre,3 - jeudi,Marseille
,201600019932,2016-10-06,17,15,17300,46.14104,-1.14127,Intersection en X,Deux véhicules - frontale,Plein jour,Normale,Voie Communale,,2,Plat,Partie rectiligne,,72,normale,,Sur chaussée,Conducteur,1,F,18-19,Promenade - loisirs,Casque,Non déterminable,1,1,10 - octobre,3 - jeudi,Rochelle
,201600021586,2016-10-06,59,17,59266,50.538,2.973,Hors intersection,Trois véhicules et plus - collisions multiples,Plein jour,Normale,Route Départementale,,,,Partie rectiligne,50,,normale,,Sur chaussée,Conducteur,3,M,64-65,Courses - achats,Ceinture,,2,,10 - octobre,3 - jeudi,Gondecourt
,201600022613,2016-10-06,27,9,27507,48.90689,1.2696,Hors intersection,Deux véhicules - frontale,Plein jour,Normale,Route Départementale,,,Plat,Partie rectiligne,,62,normale,,Sur chaussée,Conducteur,2,M,11-12,Promenade - loisirs,Casque,Non,1,1,10 - octobre,3 - jeudi,'Saint-André-de-l''Eure'
,201600024213,2016-10-06,33,15,33063,44.8389,-0.58178,Intersection en Y,Deux véhicules - par le coté,Plein jour,Normale,Voie Communale,,2,Pente,En courbe à gauche,,,normale,,Sur chaussée,Conducteur,1,F,30-31,Autre,Casque,Non déterminable,1,1,10 - octobre,3 - jeudi,Bordeaux
,201600024214,2016-10-06,33,9,33063,44.8657,-0.56219,Intersection en T,Deux véhicules - par le coté,Plein jour,Normale,Voie Communale,,2,Plat,Partie rectiligne,,,normale,,Sur chaussée,Conducteur,1,M,19-20,Promenade - loisirs,Autre,Non déterminable,1,1,10 - octobre,3 - jeudi,Bordeaux
,201600025283,2016-10-06,35,10,35238,48.0978,-1.6632,Intersection en X,Deux véhicules - par le coté,Plein jour,Normale,Voie Communale,,2,Sommet de côte,Partie rectiligne,,,normale,,Sur chaussée,Conducteur,3,M,79-80,Promenade - loisirs,,,1,1,10 - octobre,3 - jeudi,Rennes
,201600025288,2016-10-06,35,17,35238,48.1223,-1.63874,Giratoire,Deux véhicules - par le coté,Plein jour,Normale,Voie Communale,,2,,En courbe à droite,,,normale,Carrefour aménagé,Sur chaussée,Conducteur,1,M,27-28,Domicile - travail,Casque,Non,1,1,10 - octobre,3 - jeudi,Rennes
,201600027100,2016-10-06,44,18,44109,47.23529,-1.54543,Hors intersection,Deux véhicules - frontale,Plein jour,Normale,Voie Communale,,2,Pente,Partie rectiligne,,,normale,,,Conducteur,2,M,26-27,,Casque,Non,1,1,10 - octobre,3 - jeudi,Nantes
,201600027727,2016-10-06,49,15,49007,47.47442,-0.54688,Intersection en X,Deux véhicules - par le coté,Plein jour,Temps éblouissant,Voie Communale,,8,Plat,Partie rectiligne,,160,normale,,Sur chaussée,Conducteur,1,F,40-41,Promenade - loisirs,Casque,Non déterminable,1,1,10 - octobre,3 - jeudi,Angers
,201600029322,2016-10-06,56,15,56121,47.7578,-3.3903,Hors intersection,Autre,Plein jour,Normale,Voie Communale,,1,Plat,Partie rectiligne,,,normale,,Sur trottoir,Conducteur,0,M,13-14,Promenade - loisirs,Casque,Oui,,1,10 - octobre,3 - jeudi,Lorient
,201600030426,2016-10-06,59,22,59299,0,0,Hors intersection,Deux véhicules - par le coté,Nuit avec éclairage public allumé,Normale,Route Départementale,,,,,,,,,,Conducteur,2,F,30-31,,Autre,Oui,1,,10 - octobre,3 - jeudi,Hem
,201600030902,2016-10-06,62,17,62041,50.27809,2.78488,Hors intersection,Autre,Plein jour,Normale,Voie Communale,,2,Plat,Partie rectiligne,,,normale,,Sur chaussée,Conducteur,1,M,13-14,Promenade - loisirs,Casque,Non,1,1,10 - octobre,3 - jeudi,Arras
,201600031713,2016-10-06,64,16,64129,43.3028,-0.39569,Intersection en X,Deux véhicules - par le coté,Plein jour,Normale,Voie Communale,,2,Plat,Partie rectiligne,,113,normale,,Sur chaussée,Conducteur,1,M,44-45,,Casque,Non,1,1,10 - octobre,3 - jeudi,Billère
,201600034603,2016-10-06,78,16,78674,48.82,2.025,Hors intersection,Deux véhicules - frontale,Plein jour,Normale,Voie Communale,,2,Plat,Partie rectiligne,,,normale,,Sur chaussée,Conducteur,2,M,45-46,Promenade - loisirs,Casque,Oui,1,,10 - octobre,3 - jeudi,Villepreux
,201600052107,2016-10-06,75,15,75107,48.8506,2.30885,Hors intersection,Deux véhicules - par le coté,Plein jour,Normale,Voie Communale,,2,Plat,Partie rectiligne,,100,autre,,Sur chaussée,Conducteur,1,F,44-45,Promenade - loisirs,Casque,Non déterminable,1,1,10 - octobre,3 - jeudi,Paris 7e  Arrondissement
,201600053214,2016-10-06,75,17,75111,48.8579,2.37696,Intersection en X,Deux véhicules - par le coté,Plein jour,Normale,Voie Communale,,1,Plat,Partie rectiligne,,40,normale,,Sur piste cyclable,Conducteur,2,F,70-71,Promenade - loisirs,Casque,Non déterminable,1,1,10 - octobre,3 - jeudi,Paris 11e  Arrondissement
,201600054016,2016-10-06,75,20,75113,48.8216,2.35255,Intersection en T,Autre,Nuit avec éclairage public allumé,Normale,Voie Communale,,2,Plat,Partie rectiligne,,30,normale,,Sur chaussée,Conducteur,1,M,30-31,Domicile - travail,Casque,Non déterminable,2,1,10 - octobre,3 - jeudi,Paris 13e  Arrondissement
,201600054686,2016-10-06,75,18,75115,48.8518,2.29166,Intersection en X,Deux véhicules - par le coté,Crépuscule ou aube,Normale,Voie Communale,,2,Plat,Partie rectiligne,,90,normale,,Sur chaussée,Conducteur,1,M,19-20,Promenade - loisirs,Casque,Oui,1,1,10 - octobre,3 - jeudi,Paris 15e  Arrondissement
,201600055624,2016-10-06,75,10,75117,48.8875,2.30743,Intersection à plus de 4 branches,Deux véhicules - par le coté,Plein jour,Temps éblouissant,Voie Communale,,2,Plat,Partie rectiligne,,,normale,,Sur chaussée,Conducteur,1,F,41-42,,Casque,Non déterminable,1,1,10 - octobre,3 - jeudi,Paris 17e  Arrondissement
,201600056014,2016-10-06,75,,75118,48.8824,2.33791,Intersection en X,Deux véhicules - par le coté,Nuit avec éclairage public allumé,Normale,Voie Communale,,2,Plat,Partie rectiligne,,,normale,,Sur piste cyclable,Conducteur,1,M,38-39,Promenade - loisirs,Casque,Non déterminable,1,1,10 - octobre,3 - jeudi,Paris 18e  Arrondissement
,201600056327,2016-10-06,75,8,75119,48.8845,2.37692,Intersection en T,Deux véhicules - par le coté,Plein jour,Normale,Voie Communale,,2,Plat,Partie rectiligne,,,normale,,Sur piste cyclable,Conducteur,1,M,43-44,Domicile - travail,Casque,Non déterminable,1,1,10 - octobre,3 - jeudi,Paris 19e  Arrondissement
,201600058010,2016-10-06,973,,97309,0,0,Hors intersection,Deux véhicules - frontale,Nuit sans éclairage public,Normale,Route Nationale,,,,Partie rectiligne,,65,normale,,Sur chaussée,Conducteur,1,M,14-15,Promenade - loisirs,Equipement réfléchissant,Non déterminable,1,1,10 - octobre,3 - jeudi,Remire-Montjoly
,201600013731,2016-10-05,13,17,13028,43.18901,5.63381,Intersection en T,Deux véhicules - par le coté,Plein jour,Normale,Voie Communale,,3,Plat,Partie rectiligne,,110,normale,,Sur chaussée,Conducteur,1,M,72-73,Promenade - loisirs,Casque,Non,1,1,10 - octobre,2 - mercredi,Ciotat
,201600019930,2016-10-05,17,8,17300,46.16294,-1.15141,Hors intersection,Autre,Plein jour,Normale,Voie Communale,,1,Plat,Partie rectiligne,,35,normale,,Sur chaussée,Conducteur,1,F,16-17,Promenade - loisirs,Casque,Non déterminable,1,1,10 - octobre,2 - mercredi,Rochelle
,201600020151,2016-10-05,17,8,17415,45.74911,-0.65911,Giratoire,Deux véhicules - par le coté,Plein jour,Normale,Voie Communale,,2,,,,76,,,Sur chaussée,Conducteur,1,M,20-21,Promenade - loisirs,Casque,Non,1,1,10 - octobre,2 - mercredi,Saintes
,201600025975,2016-10-05,37,17,37122,47.33794,0.66473,Hors intersection,Deux véhicules - frontale,Plein jour,Normale,Voie Communale,,2,Plat,Partie rectiligne,,,normale,,Sur piste cyclable,Conducteur,0,M,60-61,,Casque,Oui,1,1,10 - octobre,2 - mercredi,Joué-lès-Tours
,201600025975,2016-10-05,37,17,37122,47.33794,0.66473,Hors intersection,Deux véhicules - frontale,Plein jour,Normale,Voie Communale,,2,Plat,Partie rectiligne,,,normale,,Sur piste cyclable,Conducteur,2,M,68-69,,Autre,Non,1,1,10 - octobre,2 - mercredi,Joué-lès-Tours
,201600026750,2016-10-05,43,12,43157,0,0,Hors intersection,Deux véhicules - par le coté,Plein jour,Normale,Voie Communale,,2,Plat,Partie rectiligne,,70,normale,,Sur chaussée,Conducteur,2,M,41-42,Domicile - travail,,,1,1,10 - octobre,2 - mercredi,Puy-en-Velay
,201600027172,2016-10-05,44,9,44184,47.26479,-2.24331,Giratoire,Deux véhicules - par le coté,Plein jour,Normale,Voie Communale,,2,Plat,Partie rectiligne,,,normale,,Sur chaussée,Conducteur,1,F,37-38,Domicile - travail,Autre,Oui,1,1,10 - octobre,2 - mercredi,Saint-Nazaire
,201600027910,2016-10-05,49,10,49328,47.25752,-0.08803,Hors intersection,Deux véhicules - par le coté,Plein jour,Normale,Voie Communale,,4,Plat,Partie rectiligne,,,normale,,Sur chaussée,Conducteur,1,F,31-32,Promenade - loisirs,Casque,Oui,1,1,10 - octobre,2 - mercredi,Saumur
,201600028204,2016-10-05,51,13,51108,48.95185,4.34943,Hors intersection,Deux véhicules - par le coté,Plein jour,Normale,Voie Communale,,1,Plat,Partie rectiligne,,46,normale,,Sur chaussée,Conducteur,2,F,12-13,Promenade - loisirs,Casque,Non,1,1,10 - octobre,2 - mercredi,Châlons-en-Champagne
,201600028205,2016-10-05,51,16,51108,48.94539,4.3795,Intersection en X,Deux véhicules - par le coté,Plein jour,Normale,Route Départementale,,2,Plat,Partie rectiligne,,90,normale,Carrefour aménagé,Sur chaussée,Conducteur,1,F,21-22,Promenade - loisirs,Autre,Oui,1,1,10 - octobre,2 - mercredi,Châlons-en-Champagne
,201600028436,2016-10-05,51,13,51454,49.23312,4.0144,Intersection en T,Deux véhicules - frontale,Plein jour,Normale,Voie Communale,,2,Plat,Partie rectiligne,,,normale,,Sur chaussée,Conducteur,2,M,16-17,,Autre,Non déterminable,1,1,10 - octobre,2 - mercredi,Reims
,201600030830,2016-10-05,61,16,61006,48.74471,-0.02367,Intersection en X,Deux véhicules - par le coté,Plein jour,Normale,Voie Communale,,2,Plat,Partie rectiligne,,52,normale,,Sur chaussée,Conducteur,2,F,76-77,Autre,Autre,Non,1,1,10 - octobre,2 - mercredi,Argentan
,201600032097,2016-10-05,66,12,66136,42.69122,2.90776,Hors intersection,Deux véhicules - par le coté,Plein jour,Normale,Voie Communale,,3,Plat,Partie rectiligne,,100,normale,,Sur piste cyclable,Conducteur,1,M,40-41,Promenade - loisirs,Equipement réfléchissant,Oui,1,1,10 - octobre,2 - mercredi,Perpignan
,201600035408,2016-10-05,83,18,83137,43.13929,5.88545,Hors intersection,Deux véhicules - par l’arrière,Plein jour,Normale,Voie Communale,,2,Pente,Partie rectiligne,,35,normale,,Sur chaussée,Conducteur,1,M,17-18,Promenade - loisirs,Casque,Oui,1,1,10 - octobre,2 - mercredi,Toulon
,201600035614,2016-10-05,85,12,85166,46.51942,1.76519,Giratoire,Deux véhicules - par le coté,Plein jour,Normale,Voie Communale,,2,Plat,En courbe à gauche,,,normale,Carrefour aménagé,Sur chaussée,Conducteur,2,M,15-16,Promenade - loisirs,Autre,Non déterminable,1,1,10 - octobre,2 - mercredi,Olonne-sur-Mer
,201600040541,2016-10-05,93,19,93032,0,0,Intersection à plus de 4 branches,Deux véhicules - par le coté,Nuit avec éclairage public allumé,Normale,Route Départementale,,1,Plat,Partie rectiligne,,,normale,Carrefour aménagé,Sur chaussée,Conducteur,1,F,15-16,,Autre,Non déterminable,1,1,10 - octobre,2 - mercredi,Gagny
,201600048653,2016-10-05,69,15,69286,49.83024,4.90681,Intersection en X,Deux véhicules - par le coté,Plein jour,Normale,Voie Communale,,2,Plat,En courbe à gauche,,28,normale,,Sur chaussée,Conducteur,1,M,82-83,Promenade - loisirs,Casque,Oui,1,1,10 - octobre,2 - mercredi,Rillieux-la-Pape
,201600048656,2016-10-05,69,18,69034,45.79165,4.82378,Hors intersection,Autre,Plein jour,Normale,Voie Communale,,1,Plat,Partie rectiligne,,51,normale,,Sur chaussée,Conducteur,0,M,14-15,Promenade - loisirs,Casque,Oui,,1,10 - octobre,2 - mercredi,Caluire-et-Cuire
,201600049479,2016-10-05,69,7,69383,0,0,Intersection en T,Deux véhicules - par le coté,Plein jour,Normale,Voie Communale,,,,,,,,,Sur chaussée,Conducteur,1,M,49-50,,Casque,Oui,1,1,10 - octobre,2 - mercredi,Lyon 3e  Arrondissement
,201600049480,2016-10-05,69,10,69386,0,0,Intersection en T,Deux véhicules - par le coté,Plein jour,Normale,Voie Communale,,,Plat,Partie rectiligne,,,normale,,Sur chaussée,Conducteur,1,F,52-53,,Casque,Non,1,1,10 - octobre,2 - mercredi,Lyon 6e  Arrondissement
,201600051925,2016-10-05,75,13,75106,48.8567,2.33475,Hors intersection,Deux véhicules - par le coté,Plein jour,Normale,Voie Communale,,2,Plat,Partie rectiligne,,59,normale,,Sur chaussée,Conducteur,1,M,28-29,Domicile - travail,Casque,Non déterminable,1,1,10 - octobre,2 - mercredi,Paris 6e  Arrondissement
,201600058827,2016-10-05,973,18,97302,0,0,Hors intersection,Deux véhicules - par le coté,Plein jour,Normale,Voie Communale,,1,Plat,,,60,normale,,Sur chaussée,Conducteur,1,F,19-20,,Autre,Non déterminable,1,1,10 - octobre,2 - mercredi,Cayenne
,201600007229,2016-10-04,58,18,58095,0,0,Giratoire,Deux véhicules - par le coté,Plein jour,Normale,Voie Communale,,2,Plat,En courbe à gauche,,,normale,Carrefour aménagé,Sur chaussée,Conducteur,2,F,79-80,Promenade - loisirs,Ceinture,,1,1,10 - octobre,1 - mardi,Decize
,201600015665,2016-10-04,13,17,13055,43.29438,5.49149,Hors intersection,Deux véhicules - par le coté,Plein jour,Normale,Route Départementale,,2,Pente,Partie rectiligne,,60,normale,,Sur chaussée,Conducteur,1,M,53-54,,Casque,Non,1,1,10 - octobre,1 - mardi,Marseille