test,identifiantAccident,date,departement,heure,commune,lat,lon,typeIntersection,typeCollision,luminosite,conditionsAtmosperiques,typeRoute,circulation,nbVoies,profilLongRoute,tracePlanRoute,largeurTPC,largeurRoute,etatSurface,amenagement,situation,categorieUsager,graviteAccident,sexe,age,motifDeplacement,existenceSecurite,usageSecurite,nombreAutresVehicules,enAgglomeration,mois,jour,NCCENR
,201600015666,2016-10-04,13,21,13055,43.29522,5.38724,Place,Trois véhicules et plus - collisions multiples,Nuit avec éclairage public allumé,Normale,Voie Communale,,2,Plat,Partie rectiligne,,40,normale,,Sur chaussée,Conducteur,2,M,27-28,Promenade - loisirs,Autre,Non,2,1,10 - octobre,1 - mardi,Marseille
,201600017080,2016-10-04,27,17,27056,49.08547,0.5973,Giratoire,Autre,Plein jour,Normale,Route Départementale,,,Plat,,,,normale,,Sur chaussée,Conducteur,2,M,56-57,Domicile - travail,Casque,Oui,1,1,10 - octobre,1 - mardi,Bernay
,201600019929,2016-10-04,17,13,17300,46.15782,-1.14457,Intersection en T,Deux véhicules - par le coté,Plein jour,Normale,Voie Communale,,2,Plat,Partie rectiligne,,,normale,,Sur chaussée,Conducteur,2,M,61-62,Promenade - loisirs,Casque,Non déterminable,1,1,10 - octobre,1 - mardi,Rochelle
,201600025286,2016-10-04,35,8,35238,48.1109,-1.69271,Intersection en X,Deux véhicules - par le coté,Plein jour,Normale,Voie Communale,,2,Plat,Partie rectiligne,,,normale,,Sur chaussée,Conducteur,1,M,23-24,Domicile - travail,,,1,1,10 - octobre,1 - mardi,Rennes
,201600025971,2016-10-04,37,14,37261,47.41934,0.68414,Hors intersection,Aucune,Plein jour,Normale,Voie Communale,,2,Plat,Partie rectiligne,,,normale,,Sur trottoir,Conducteur,1,M,54-55,Promenade - loisirs,Autre,Oui,,1,10 - octobre,1 - mardi,Tours
,201600025972,2016-10-04,37,19,37233,47.38984,0.71433,Hors intersection,Deux véhicules - frontale,Crépuscule ou aube,Normale,Voie Communale,,2,Plat,Partie rectiligne,,,normale,,Sur chaussée,Conducteur,1,M,10-11,Promenade - loisirs,Casque,Non,1,1,10 - octobre,1 - mardi,Saint-Pierre-des-Corps
,201600026729,2016-10-04,42,15,42186,45.52495,4.60948,Hors intersection,Deux véhicules - par le coté,Plein jour,Normale,Voie Communale,,1,Pente,En courbe à gauche,40,60,normale,,Sur chaussée,Conducteur,2,F,65-66,Promenade - loisirs,Casque,Oui,1,1,10 - octobre,1 - mardi,Rive-de-Gier
,201600027723,2016-10-04,49,13,49007,47.47003,-0.56226,Hors intersection,Aucune,Plein jour,Normale,Voie Communale,,2,Plat,Partie rectiligne,,30,normale,,Sur piste cyclable,Conducteur,2,M,14-15,Promenade - loisirs,Casque,Non,,1,10 - octobre,1 - mardi,Angers
,201600028176,2016-10-04,50,12,50502,49.119,-1.08631,Hors intersection,Autre,Plein jour,Normale,Voie Communale,,2,Plat,Partie rectiligne,,,normale,,Sur chaussée,Conducteur,0,M,40-41,Promenade - loisirs,Casque,Oui,,1,10 - octobre,1 - mardi,Saint-Lô
,201600028938,2016-10-04,54,8,54395,48.67944,6.16171,Hors intersection,Deux véhicules - par l’arrière,Plein jour,Normale,Voie Communale,,2,Plat,Partie rectiligne,,,normale,,Sur chaussée,Conducteur,1,F,16-17,Domicile - école,Autre,Non déterminable,1,1,10 - octobre,1 - mardi,Nancy
,201600029571,2016-10-04,57,8,57447,49.06013,6.16327,Giratoire,Deux véhicules - par le coté,Plein jour,Normale,Voie Communale,,,Plat,En courbe à droite,,,normale,Carrefour aménagé,Sur chaussée,Conducteur,1,M,11-12,Domicile - école,Casque,Non,1,1,10 - octobre,1 - mardi,Marly
,201600031486,2016-10-04,64,10,64122,43.46902,-1.55812,Hors intersection,Deux véhicules - par le coté,Plein jour,Normale,Voie Communale,,2,Plat,Partie rectiligne,,70,normale,,Sur chaussée,Conducteur,2,M,67-68,Promenade - loisirs,Casque,Non,1,1,10 - octobre,1 - mardi,Biarritz
,201600033152,2016-10-04,69,13,69271,0,0,Giratoire,Deux véhicules - par le coté,Plein jour,Normale,Voie Communale,,1,Plat,Partie rectiligne,,129,normale,,Sur chaussée,Conducteur,1,F,58-59,,Casque,Oui,1,1,10 - octobre,1 - mardi,Chassieu
,201600033749,2016-10-04,76,13,76351,49.5011,0.09016,Hors intersection,Deux véhicules - par l’arrière,Plein jour,Normale,Route Départementale,,2,Plat,Partie rectiligne,,92,normale,,Sur chaussée,Conducteur,1,F,80-81,Promenade - loisirs,Casque,Oui,1,1,10 - octobre,1 - mardi,Havre
,201600036157,2016-10-04,87,20,87085,45.8181,1.23399,Hors intersection,Autre,Nuit avec éclairage public non allumé,Normale,Voie Communale,,4,Plat,Partie rectiligne,10,120,normale,,Sur chaussée,Conducteur,1,F,17-18,Domicile - école,Casque,Non,1,1,10 - octobre,1 - mardi,Limoges
,201600037544,2016-10-04,92,19,92012,0,0,Hors intersection,Deux véhicules - par le coté,Nuit avec éclairage public allumé,Normale,Voie Communale,,1,Plat,Partie rectiligne,,,normale,,Sur chaussée,Conducteur,1,M,11-12,,Casque,Non déterminable,1,1,10 - octobre,1 - mardi,Boulogne-Billancourt
,201600039170,2016-10-04,92,8,92063,0,0,Intersection en T,Trois véhicules et plus - collisions multiples,Plein jour,Normale,Route Départementale,,3,Plat,Partie rectiligne,,115,normale,Carrefour aménagé,Sur chaussée,Conducteur,1,M,13-14,Domicile - école,Autre,Non,2,1,10 - octobre,1 - mardi,Rueil-Malmaison
,201600049475,2016-10-04,69,7,69383,0,0,Hors intersection,Autre,Plein jour,Normale,Voie Communale,,1,Plat,Partie rectiligne,,,normale,,Sur piste cyclable,Conducteur,0,M,28-29,Domicile - travail,Casque,Oui,,1,10 - octobre,1 - mardi,Lyon 3e  Arrondissement
,201600051264,2016-10-04,75,12,75104,48.8543,2.36373,Intersection en T,Autre,Plein jour,Normale,Voie Communale,,3,Plat,Partie rectiligne,,,normale,,Sur chaussée,Conducteur,0,F,27-28,Utilisation professionnelle,Casque,Non déterminable,,1,10 - octobre,1 - mardi,Paris 4e  Arrondissement
,201600053210,2016-10-04,75,14,75111,48.8519,2.37378,Intersection en X,Autre,Plein jour,Normale,Voie Communale,,3,Plat,Partie rectiligne,,160,normale,,Sur chaussée,Conducteur,0,M,24-25,,Casque,Non déterminable,,1,10 - octobre,1 - mardi,Paris 11e  Arrondissement
,201600053618,2016-10-04,75,1,75112,48.8454,2.36684,Place,Autre,Nuit avec éclairage public allumé,Normale,Voie Communale,,7,Plat,Partie rectiligne,5,200,normale,Pont - autopont,Sur piste cyclable,Conducteur,1,M,40-41,Promenade - loisirs,Casque,Non déterminable,1,1,10 - octobre,1 - mardi,Paris 12e  Arrondissement
,201600054320,2016-10-04,75,9,75114,48.8229,2.32718,Hors intersection,Deux véhicules - par le coté,Plein jour,Normale,Voie Communale,,2,Plat,Partie rectiligne,,,normale,,Sur chaussée,Conducteur,1,F,36-37,Domicile - travail,Casque,Non déterminable,1,1,10 - octobre,1 - mardi,Paris 14e  Arrondissement
,201600056013,2016-10-04,75,19,75118,48.8892,2.36259,Hors intersection,Deux véhicules - par le coté,Crépuscule ou aube,Normale,Voie Communale,,1,Plat,Partie rectiligne,,30,normale,,,Conducteur,1,M,36-37,Promenade - loisirs,Casque,Oui,1,1,10 - octobre,1 - mardi,Paris 18e  Arrondissement
,201600003192,2016-10-03,86,15,86090,0,0,Hors intersection,Aucune,Plein jour,Normale,Route Départementale,,2,Bas de côte,Partie rectiligne,,60,autre,,Sur chaussée,Conducteur,2,M,63-64,Promenade - loisirs,Casque,Oui,,,10 - octobre,0 - lundi,Curçay-sur-Dive
,201600017113,2016-10-03,27,16,27090,49.29601,0.92472,Intersection en T,Deux véhicules - par le coté,Plein jour,Temps éblouissant,Route Départementale,,,Plat,Partie rectiligne,,49,normale,,Sur chaussée,Conducteur,2,M,62-63,Promenade - loisirs,Casque,Non,1,1,10 - octobre,0 - lundi,Bosc-Roger-en-Roumois
,201600020834,2016-10-03,22,9,22113,48.74472,-3.47667,Giratoire,Deux véhicules - par le coté,Plein jour,Normale,Route Départementale,,2,Plat,En courbe à gauche,,,normale,,Sur chaussée,Conducteur,1,M,63-64,Promenade - loisirs,Casque,Oui,1,1,10 - octobre,0 - lundi,Lannion
,201600023139,2016-10-03,31,13,31555,43.61987,1.39677,Hors intersection,Deux véhicules - frontale,Plein jour,Normale,Voie Communale,,,Plat,Partie rectiligne,,,normale,,Sur chaussée,Conducteur,1,M,78-79,Promenade - loisirs,Casque,Non déterminable,1,1,10 - octobre,0 - lundi,Toulouse
,201600027084,2016-10-03,44,8,44162,47.24053,-1.61053,Hors intersection,Deux véhicules - par l’arrière,Plein jour,Normale,Voie Communale,,2,Pente,En courbe à droite,,,normale,,,Conducteur,2,M,42-43,,Casque,Oui,1,1,10 - octobre,0 - lundi,Saint-Herblain
,201600032637,2016-10-03,67,16,67482,48.57876,7.71101,Hors intersection,Deux véhicules - par le coté,Plein jour,Normale,Voie Communale,,2,Plat,Partie rectiligne,,60,normale,,Sur chaussée,Conducteur,1,M,22-23,,Equipement réfléchissant,Oui,1,1,10 - octobre,0 - lundi,Strasbourg
,201600032638,2016-10-03,67,21,67482,48.5822,7.74162,Hors intersection,Autre,Nuit avec éclairage public allumé,Normale,Voie Communale,,1,Plat,Partie rectiligne,,85,normale,,Sur chaussée,Conducteur,0,M,24-25,,Casque,Oui,,1,10 - octobre,0 - lundi,Strasbourg
,201600033144,2016-10-03,69,16,69266,45.77077,4.87039,Hors intersection,Deux véhicules - par le coté,Plein jour,Normale,Voie Communale,,3,Plat,Partie rectiligne,,,normale,,Sur chaussée,Conducteur,2,F,52-53,,Casque,Oui,1,,10 - octobre,0 - lundi,Villeurbanne
,201600035098,2016-10-03,82,11,82121,44.03471,1.35714,Giratoire,Deux véhicules - par le coté,Plein jour,Normale,Voie Communale,,2,Plat,Partie rectiligne,,,normale,,Sur chaussée,Conducteur,2,M,75-76,Courses - achats,Casque,Non,1,1,10 - octobre,0 - lundi,Montauban
,201600038879,2016-10-03,92,10,92050,0,0,Hors intersection,Aucune,Plein jour,Normale,Voie Communale,,1,Plat,Partie rectiligne,,30,normale,,Sur chaussée,Conducteur,1,M,50-51,Domicile - travail,Casque,Oui,,1,10 - octobre,0 - lundi,Nanterre
,201600040095,2016-10-03,93,16,93010,0,0,Intersection en Y,Deux véhicules - par le coté,Plein jour,Temps éblouissant,Voie Communale,,2,Plat,Partie rectiligne,,60,normale,Carrefour aménagé,Sur chaussée,Conducteur,1,M,57-58,,Autre,Non déterminable,1,1,10 - octobre,0 - lundi,Bondy
,201600041519,2016-10-03,93,16,93066,0,0,Hors intersection,Deux véhicules - par le coté,Plein jour,Normale,Autre,,1,Plat,,,,normale,,Sur chaussée,Conducteur,1,M,21-22,Domicile - travail,Casque,Non,1,1,10 - octobre,0 - lundi,Saint-Denis
,201600041705,2016-10-03,93,8,93005,0,0,Giratoire,Deux véhicules - frontale,Plein jour,Normale,Voie Communale,,2,Plat,,,,normale,,Sur chaussée,Conducteur,1,M,43-44,,Autre,Non déterminable,1,1,10 - octobre,0 - lundi,Aulnay-sous-Bois
,201600056634,2016-10-03,75,20,75112,48.8414,2.45114,Hors intersection,Deux véhicules - par le coté,Nuit avec éclairage public allumé,Normale,Voie Communale,,2,Plat,En courbe à gauche,,120,normale,,Sur chaussée,Conducteur,1,M,46-47,Domicile - travail,Casque,Non déterminable,1,1,10 - octobre,0 - lundi,Paris 12e  Arrondissement
,201600001354,2016-10-02,14,9,14066,49.3319,-0.40584,Intersection en X,Deux véhicules - par le coté,Plein jour,Normale,Route Départementale,,2,Plat,Partie rectiligne,,74,normale,Carrefour aménagé,Sur chaussée,Conducteur,2,M,81-82,Promenade - loisirs,Autre,Non,1,1,10 - octobre,6 - dimanche,Bernières-sur-Mer
,201600003616,2016-10-02,31,9,31228,0,0,Hors intersection,Autre,Plein jour,Normale,Route Départementale,,2,Plat,En courbe à gauche,,,normale,,Sur chaussée,Conducteur,2,F,62-63,Promenade - loisirs,Casque,Oui,1,,10 - octobre,6 - dimanche,Gragnague
,201600007005,2016-10-02,51,9,51204,49.07139,3.88316,Hors intersection,Deux véhicules - frontale,Plein jour,Normale,Route Départementale,,2,,Partie rectiligne,,80,normale,,Sur chaussée,Conducteur,3,M,68-69,Promenade - loisirs,Casque,Oui,1,,10 - octobre,6 - dimanche,Damery
,201600015642,2016-10-02,13,10,13055,43.2321,5.35573,Hors intersection,Autre,Plein jour,Normale,Voie Communale,,2,Plat,Partie rectiligne,,60,normale,,Sur chaussée,Conducteur,2,M,65-66,Promenade - loisirs,Casque,Oui,1,1,10 - octobre,6 - dimanche,Marseille
,201600021064,2016-10-02,25,11,25056,47.2395,6.01282,Hors intersection,Aucune,Plein jour,Normale,Voie Communale,,2,Pente,En courbe à droite,,,normale,,Sur chaussée,Conducteur,1,F,52-53,Autre,Equipement réfléchissant,Oui,,1,10 - octobre,6 - dimanche,Besançon
,201600027032,2016-10-02,44,1,44109,47.21214,-1.57906,Intersection en X,Deux véhicules - frontale,Nuit avec éclairage public allumé,Normale,Voie Communale,,,Pente,Partie rectiligne,,,normale,,Sur chaussée,Conducteur,2,M,33-34,Promenade - loisirs,Autre,Non,1,1,10 - octobre,6 - dimanche,Nantes
,201600051583,2016-10-02,75,12,75104,48.8552,2.36113,Intersection en T,Trois véhicules et plus - collisions multiples,Plein jour,Normale,Voie Communale,,2,Plat,Partie rectiligne,,75,normale,,Sur chaussée,Conducteur,0,F,20-21,,Casque,Non,2,1,10 - octobre,6 - dimanche,Paris 4e  Arrondissement
,201600053620,2016-10-02,75,3,75112,48.8475,2.40242,Hors intersection,Deux véhicules - par l’arrière,Nuit avec éclairage public allumé,Normale,Voie Communale,,8,Plat,Partie rectiligne,,,normale,,Sur chaussée,Conducteur,1,M,35-36,,Casque,Non,1,1,10 - octobre,6 - dimanche,Paris 12e  Arrondissement
,201600055177,2016-10-02,75,20,75116,48.8755,2.27254,Hors intersection,Deux véhicules - par l’arrière,Nuit avec éclairage public allumé,Normale,Voie Communale,,2,Plat,Partie rectiligne,,,normale,,Sur chaussée,Conducteur,1,M,44-45,Utilisation professionnelle,Casque,Non,1,1,10 - octobre,6 - dimanche,Paris 16e  Arrondissement
,201600055186,2016-10-02,75,13,75116,48.8774,2.28138,Intersection en Y,Deux véhicules - par le coté,Plein jour,Normale,Voie Communale,,6,Plat,En courbe à gauche,,,normale,,Sur chaussée,Conducteur,1,M,39-40,Domicile - travail,Casque,Non,1,1,10 - octobre,6 - dimanche,Paris 16e  Arrondissement
,201600059409,2016-10-02,976,7,97611,0,0,Hors intersection,Autre,Plein jour,Normale,Voie Communale,,,Plat,En « S »,,,normale,,Sur chaussée,Conducteur,0,M,46-47,Domicile - travail,Casque,Oui,,1,10 - octobre,6 - dimanche,Mamoudzou
,201600023138,2016-10-01,31,13,31069,43.64051,1.38235,Hors intersection,Deux véhicules - par le coté,Plein jour,Normale,Voie Communale,,,Plat,Partie rectiligne,,,normale,,Sur trottoir,Conducteur,1,M,51-52,Promenade - loisirs,Autre,Non déterminable,1,1,10 - octobre,5 - samedi,Blagnac
,201600024202,2016-10-01,33,4,33063,44.8282,-0.56077,Intersection en X,Deux véhicules - par l’arrière,Nuit avec éclairage public allumé,Pluie légère,Voie Communale,,1,Plat,Partie rectiligne,,60,mouillée,,,Conducteur,1,M,19-20,Autre,Autre,Non déterminable,1,1,10 - octobre,5 - samedi,Bordeaux
,201600028434,2016-10-01,51,15,51454,49.25035,4.03453,Hors intersection,Deux véhicules - par le coté,Plein jour,Normale,Voie Communale,,1,Pente,Partie rectiligne,,40,normale,,Sur chaussée,Conducteur,1,M,13-14,Promenade - loisirs,Casque,Non,1,1,10 - octobre,5 - samedi,Reims
,201600035186,2016-10-01,83,22,83069,43.11341,6.12922,Passage à niveau,Deux véhicules - par le coté,Nuit avec éclairage public allumé,Normale,Voie Communale,,3,Plat,Partie rectiligne,,110,,,Sur chaussée,Conducteur,2,M,26-27,,Casque,Oui,1,1,10 - octobre,5 - samedi,Hyères
,201600049462,2016-10-01,69,,69387,0,0,Intersection en X,Deux véhicules - par le coté,Nuit avec éclairage public allumé,Normale,Voie Communale,,2,Plat,Partie rectiligne,,32,normale,,Sur chaussée,Conducteur,1,F,23-24,Promenade - loisirs,Autre,Oui,1,1,10 - octobre,5 - samedi,Lyon 7e  Arrondissement
,201600052683,2016-10-01,75,11,75109,48.8697,2.32647,Intersection en Y,Deux véhicules - par le coté,Plein jour,Normale,Voie Communale,,2,Plat,Partie rectiligne,,,normale,,,Conducteur,1,F,32-33,,Casque,Oui,1,1,10 - octobre,5 - samedi,Paris 9e  Arrondissement
,201600053207,2016-10-01,75,16,75112,48.8445,2.40626,Intersection en Y,Deux véhicules - par le coté,Plein jour,Normale,Voie Communale,,2,Plat,Partie rectiligne,,300,normale,,Sur piste cyclable,Conducteur,1,F,25-26,,Casque,Non déterminable,1,1,10 - octobre,5 - samedi,Paris 12e  Arrondissement
,201600056324,2016-10-01,75,19,75119,48.8798,2.37041,Hors intersection,Deux véhicules - par le coté,Crépuscule ou aube,Normale,Voie Communale,,2,,,,,,,Sur piste cyclable,Conducteur,1,M,14-15,Promenade - loisirs,Casque,Non déterminable,1,1,10 - octobre,5 - samedi,Paris 19e  Arrondissement
,201600056631,2016-10-01,75,2,75120,48.8629,2.38742,Place,Deux véhicules - par l’arrière,Nuit sans éclairage public,Pluie légère,Voie Communale,,2,Bas de côte,En courbe à droite,,,mouillée,,Sur piste cyclable,Conducteur,1,M,27-28,,Casque,Non déterminable,1,1,10 - octobre,5 - samedi,Paris 20e  Arrondissement
,201600058823,2016-10-01,973,6,97302,0,0,Hors intersection,Deux véhicules - par le coté,Plein jour,Normale,Voie Communale,,1,Plat,Partie rectiligne,,60,normale,,Sur chaussée,Conducteur,2,M,30-31,,Equipement réfléchissant,Non,1,,10 - octobre,5 - samedi,Cayenne
,201600004856,2016-09-30,38,8,38422,45.16446,5.80833,Hors intersection,Trois véhicules et plus - collisions multiples,Plein jour,Normale,Route Départementale,,,Pente,,,,normale,,Sur chaussée,Conducteur,3,F,45-46,Domicile - travail,Casque,Oui,2,,09 - septembre,4 - vendredi,'Saint-Martin-d''Uriage'
,201600007778,2016-09-30,70,7,70120,47.68998,6.64285,Intersection à plus de 4 branches,Deux véhicules - par le coté,Crépuscule ou aube,Normale,Voie Communale,,2,Pente,Partie rectiligne,,35,normale,,Sur chaussée,Conducteur,2,M,59-60,Utilisation professionnelle,Casque,Non,1,1,09 - septembre,4 - vendredi,Champagney
,201600017488,2016-09-30,60,16,60041,49.38286,2.22354,Hors intersection,Deux véhicules - par le coté,Plein jour,Normale,Route Départementale,,,,,,,,,,Conducteur,2,M,67-68,,Casque,Non,1,1,09 - septembre,4 - vendredi,Bailleul-sur-Thérain
,201600021143,2016-09-30,25,8,25462,46.90742,6.34387,Hors intersection,Deux véhicules - par le coté,Plein jour,Normale,Voie Communale,,1,Plat,Partie rectiligne,,,normale,,Sur trottoir,Conducteur,2,M,23-24,,Casque,Non,1,1,09 - septembre,4 - vendredi,Pontarlier
,201600021440,2016-09-30,69,17,69283,0,0,Hors intersection,Deux véhicules - par le coté,Plein jour,Normale,Route Départementale,,2,Plat,Partie rectiligne,,70,normale,,Sur chaussée,Conducteur,1,M,12-13,Promenade - loisirs,Casque,Oui,1,1,09 - septembre,4 - vendredi,Mions
,201600024200,2016-09-30,33,7,33063,44.8536,-0.62191,Intersection en T,Deux véhicules - par le coté,Crépuscule ou aube,Normale,Voie Communale,,2,Pente,Partie rectiligne,,,normale,,Sur chaussée,Conducteur,1,F,30-31,Autre,Casque,Non déterminable,1,1,09 - septembre,4 - vendredi,Bordeaux
,201600025406,2016-09-30,35,10,35238,48.1199,-1.70833,Hors intersection,Aucune,Plein jour,Normale,Voie Communale,,2,Plat,Partie rectiligne,,,normale,,Sur chaussée,Conducteur,2,M,79-80,Promenade - loisirs,,,,1,09 - septembre,4 - vendredi,Rennes
,201600025408,2016-09-30,35,13,35238,48.1208,-1.63774,Hors intersection,Deux véhicules - par le coté,Plein jour,Normale,Voie Communale,,2,Pente,En courbe à gauche,,,normale,,Sur chaussée,Conducteur,1,M,21-22,Domicile - école,,,1,1,09 - septembre,4 - vendredi,Rennes
,201600025965,2016-09-30,37,8,37233,47.39575,0.727,Intersection en T,Deux véhicules - par le coté,Plein jour,Normale,Voie Communale,,2,Plat,Partie rectiligne,,,normale,,Sur piste cyclable,Conducteur,1,F,59-60,,Autre,Non déterminable,1,1,09 - septembre,4 - vendredi,Saint-Pierre-des-Corps
,201600026201,2016-09-30,38,7,38185,45.1859,5.71502,Intersection en T,Autre,Plein jour,Normale,Voie Communale,,2,Plat,Partie rectiligne,,,normale,,Sur chaussée,Conducteur,1,M,25-26,Domicile - travail,Casque,Non déterminable,1,1,09 - septembre,4 - vendredi,Grenoble
,201600032631,2016-09-30,67,14,67447,48.60401,7.75036,Intersection en X,Deux véhicules - par le coté,Plein jour,Normale,Voie Communale,,2,Plat,Partie rectiligne,,80,normale,,Sur chaussée,Conducteur,1,M,57-58,,Equipement réfléchissant,Oui,1,1,09 - septembre,4 - vendredi,Schiltigheim
,201600034211,2016-09-30,77,17,77152,48.51962,2.64574,Intersection en T,Deux véhicules - frontale,Plein jour,Pluie légère,Route Départementale,,2,Plat,Partie rectiligne,,,mouillée,Carrefour aménagé,Sur chaussée,Conducteur,2,M,10-11,,Casque,Oui,1,1,09 - septembre,4 - vendredi,Dammarie-les-Lys
,201600036414,2016-09-30,90,13,90010,0,0,Hors intersection,Deux véhicules - frontale,Plein jour,Normale,Route Départementale,,2,Plat,,,,normale,Zone piétonne,Sur chaussée,Conducteur,1,M,8-9,,Casque,Non,1,1,09 - septembre,4 - vendredi,Belfort
,201600038710,2016-09-30,92,22,92049,0,0,Intersection en T,Autre,Nuit avec éclairage public allumé,Normale,Route Départementale,,2,Plat,Partie rectiligne,,,normale,,Sur chaussée,Conducteur,1,M,26-27,,Casque,Non déterminable,1,1,09 - septembre,4 - vendredi,Montrouge
,201600040539,2016-09-30,93,8,93032,0,0,Autre intersection,Deux véhicules - par le coté,Plein jour,Normale,Voie Communale,,1,Plat,,,,normale,,Sur trottoir,Conducteur,1,F,36-37,Domicile - école,Casque,Oui,1,1,09 - septembre,4 - vendredi,Gagny
,201600043425,2016-09-30,94,8,94052,0,0,Hors intersection,Deux véhicules - par le coté,Plein jour,Normale,Voie Communale,,1,Plat,Partie rectiligne,,36,normale,,Sur chaussée,Conducteur,1,F,37-38,Domicile - travail,Casque,Oui,1,1,09 - septembre,4 - vendredi,Nogent-sur-Marne
,201600044344,2016-09-30,95,6,95424,49.0015,2.2036,Hors intersection,Deux véhicules - par l’arrière,Nuit avec éclairage public allumé,Normale,Voie Communale,,2,Plat,Partie rectiligne,,,normale,,Sur chaussée,Conducteur,2,M,22-23,Promenade - loisirs,Casque,Oui,1,1,09 - septembre,4 - vendredi,Montigny-lès-Cormeilles
,201600048645,2016-09-30,69,13,69389,45.77899,4.80543,Hors intersection,Deux véhicules - par l’arrière,Plein jour,Normale,Voie Communale,,1,Plat,Partie rectiligne,,29,normale,,Sur chaussée,Conducteur,1,M,38-39,Domicile - travail,Casque,Oui,1,1,09 - septembre,4 - vendredi,Lyon 9e  Arrondissement
,201600049460,2016-09-30,69,16,69383,0,0,Hors intersection,Deux véhicules - par le coté,Plein jour,Normale,Voie Communale,,2,Plat,Partie rectiligne,,,normale,,Sur piste cyclable,Conducteur,2,M,26-27,Domicile - travail,Casque,Non déterminable,1,1,09 - septembre,4 - vendredi,Lyon 3e  Arrondissement
,201600049469,2016-09-30,69,11,69388,0,0,Intersection en X,Deux véhicules - frontale,Plein jour,Normale,Voie Communale,,1,Plat,Partie rectiligne,,30,normale,,Sur chaussée,Conducteur,1,M,31-32,,Casque,Oui,1,1,09 - septembre,4 - vendredi,Lyon 8e  Arrondissement
,201600051582,2016-09-30,75,13,75104,48.8612,2.35345,Intersection en X,Deux véhicules - par le coté,Plein jour,Normale,Voie Communale,,3,,,,100,,,,Conducteur,1,M,34-35,,Casque,Non déterminable,1,1,09 - septembre,4 - vendredi,Paris 4e  Arrondissement
,201600052480,2016-09-30,75,10,75108,48.8742,2.31749,Intersection en X,Deux véhicules - par le coté,Plein jour,Normale,Voie Communale,,3,Plat,Partie rectiligne,,60,normale,,,Conducteur,1,M,21-22,Utilisation professionnelle,Casque,Oui,1,1,09 - septembre,4 - vendredi,Paris 8e  Arrondissement
,201600052904,2016-09-30,75,11,75110,48.8795,2.36324,Hors intersection,Deux véhicules - par le coté,Plein jour,Normale,Voie Communale,,2,Plat,Partie rectiligne,,20,normale,,Sur chaussée,Conducteur,1,F,40-41,Utilisation professionnelle,Casque,Non déterminable,1,1,09 - septembre,4 - vendredi,Paris 10e  Arrondissement
,201600053616,2016-09-30,75,11,75112,48.8371,2.40219,Intersection à plus de 4 branches,Deux véhicules - par le coté,Plein jour,Normale,Voie Communale,,2,Pente,Partie rectiligne,,,normale,,Sur piste cyclable,Conducteur,1,M,75-76,Promenade - loisirs,Casque,Non déterminable,1,1,09 - septembre,4 - vendredi,Paris 12e  Arrondissement
,201600056321,2016-09-30,75,1,75119,48.8764,2.37725,Hors intersection,Autre,Nuit avec éclairage public non allumé,Normale,Voie Communale,,1,Pente,Partie rectiligne,10,30,normale,,Sur chaussée,Conducteur,1,F,36-37,Promenade - loisirs,Casque,Non déterminable,1,1,09 - septembre,4 - vendredi,Paris 19e  Arrondissement
,201600056960,2016-09-30,75,22,75110,48.8778,2.36159,Intersection en T,Deux véhicules - par le coté,Nuit avec éclairage public allumé,Normale,Voie Communale,,2,Plat,Partie rectiligne,,120,mouillée,,Sur chaussée,Conducteur,2,M,37-38,Promenade - loisirs,Casque,Non déterminable,1,1,09 - septembre,4 - vendredi,Paris 10e  Arrondissement
,201600002484,2016-09-29,85,17,85035,46.62517,-1.85753,Intersection en T,Deux véhicules - par le coté,Plein jour,Normale,Voie Communale,,2,,Partie rectiligne,,60,normale,,Sur chaussée,Conducteur,2,M,80-81,Courses - achats,Casque,Non,1,1,09 - septembre,3 - jeudi,Bretignolles-sur-Mer
,201600003115,2016-09-29,64,12,64279,43.31661,-1.40355,Hors intersection,Deux véhicules - frontale,Plein jour,Normale,Voie Communale,,1,Pente,En courbe à droite,,,autre,,Sur chaussée,Conducteur,2,M,65-66,Promenade - loisirs,Casque,Oui,1,,09 - septembre,3 - jeudi,Itxassou
,201600006469,2016-09-29,88,11,88196,48.06956,6.83747,Intersection en T,Deux véhicules - frontale,Plein jour,Normale,Route Départementale,,2,,En courbe à gauche,,68,normale,,Sur chaussée,Conducteur,1,M,65-66,,Casque,Non,1,1,09 - septembre,3 - jeudi,Gérardmer
,201600006614,2016-09-29,67,14,67481,0,0,Hors intersection,Deux véhicules - par le coté,Plein jour,Normale,Route Départementale,,2,Plat,Partie rectiligne,,71,normale,,Sur chaussée,Conducteur,2,F,62-63,Promenade - loisirs,Casque,Oui,1,1,09 - septembre,3 - jeudi,Stotzheim
,201600007318,2016-09-29,71,19,71526,46.29754,4.72371,Hors intersection,Deux véhicules - frontale,Crépuscule ou aube,Normale,Voie Communale,,2,Pente,,40,,normale,,Sur chaussée,Conducteur,1,M,47-48,Promenade - loisirs,Casque,Oui,1,1,09 - septembre,3 - jeudi,Solutré-Pouilly
,201600007741,2016-09-29,4,8,4112,43.8295,5.78697,Intersection en T,Deux véhicules - par le coté,Plein jour,Normale,Voie Communale,,,Pente,Partie rectiligne,,40,normale,,Sur chaussée,Conducteur,2,M,20-21,Autre,Autre,Non,1,1,09 - septembre,3 - jeudi,Manosque
,201600008642,2016-09-29,84,16,84015,0,0,Hors intersection,Aucune,Plein jour,Vent fort - tempête,Route Départementale,,2,,Partie rectiligne,,,normale,,,Conducteur,2,M,49-50,,Ceinture,,,,09 - septembre,3 - jeudi,Beaumont-du-Ventoux