test,identifiantAccident,date,departement,heure,commune,lat,lon,typeIntersection,typeCollision,luminosite,conditionsAtmosperiques,typeRoute,circulation,nbVoies,profilLongRoute,tracePlanRoute,largeurTPC,largeurRoute,etatSurface,amenagement,situation,categorieUsager,graviteAccident,sexe,age,motifDeplacement,existenceSecurite,usageSecurite,nombreAutresVehicules,enAgglomeration,mois,jour,NCCENR
,201600011258,2016-09-29,6,16,6088,0,0,Hors intersection,Deux véhicules - par l’arrière,Plein jour,Normale,Voie Communale,,2,Plat,En courbe à droite,,70,normale,,Sur chaussée,Conducteur,1,M,11-12,Promenade - loisirs,Casque,Non,1,1,09 - septembre,3 - jeudi,Nice
,201600017476,2016-09-29,45,8,45030,48.06925,2.43474,Intersection en X,Deux véhicules - par le coté,Plein jour,Normale,Route Départementale,,2,Plat,Partie rectiligne,,60,normale,Carrefour aménagé,Sur chaussée,Conducteur,2,M,66-67,Promenade - loisirs,Casque,Oui,1,1,09 - septembre,3 - jeudi,Beaune-la-Rolande
,201600021944,2016-09-29,29,18,29019,48.39353,-4.47273,Intersection en X,Deux véhicules - par le coté,Plein jour,Normale,Voie Communale,,1,Pente,Partie rectiligne,,,normale,,Sur chaussée,Conducteur,1,M,27-28,Promenade - loisirs,Casque,Non,1,1,09 - septembre,3 - jeudi,Brest
,201600023132,2016-09-29,31,8,31555,43.61076,1.42609,Hors intersection,Deux véhicules - par le coté,Plein jour,Normale,Voie Communale,,,Plat,Partie rectiligne,,,normale,,Sur chaussée,Conducteur,1,M,55-56,Autre,Casque,Non déterminable,1,1,09 - septembre,3 - jeudi,Toulouse
,201600026200,2016-09-29,38,8,38516,45.19614,5.75293,Hors intersection,Deux véhicules - frontale,Plein jour,Normale,Voie Communale,,1,Pente,Partie rectiligne,,,normale,,Sur piste cyclable,Conducteur,1,M,26-27,Domicile - travail,Casque,Oui,1,,09 - septembre,3 - jeudi,Tronche
,201600026200,2016-09-29,38,8,38516,45.19614,5.75293,Hors intersection,Deux véhicules - frontale,Plein jour,Normale,Voie Communale,,1,Pente,Partie rectiligne,,,normale,,Sur piste cyclable,Conducteur,2,M,27-28,Domicile - travail,Casque,Oui,1,,09 - septembre,3 - jeudi,Tronche
,201600027077,2016-09-29,44,8,44109,47.19977,-1.56484,Hors intersection,Deux véhicules - par le coté,Plein jour,Normale,Voie Communale,,2,Plat,Partie rectiligne,,,normale,,,Conducteur,2,M,34-35,,Casque,Non déterminable,1,1,09 - septembre,3 - jeudi,Nantes
,201600027712,2016-09-29,49,12,49007,47.46255,-0.53224,Hors intersection,Aucune,Plein jour,Normale,Voie Communale,,2,Plat,Partie rectiligne,,53,normale,,Sur piste cyclable,Conducteur,1,F,49-50,Domicile - travail,Casque,Non déterminable,1,1,09 - septembre,3 - jeudi,Angers
,201600027713,2016-09-29,49,8,49007,47.45709,-0.53332,Hors intersection,Autre,Plein jour,Normale,Voie Communale,,2,Plat,Partie rectiligne,,101,normale,,Sur chaussée,Conducteur,1,M,18-19,Domicile - travail,Casque,Non déterminable,1,1,09 - septembre,3 - jeudi,Angers
,201600028432,2016-09-29,51,12,51454,49.27614,4.0182,Hors intersection,Deux véhicules - par le coté,Plein jour,Normale,Voie Communale,,2,Plat,Partie rectiligne,,110,normale,,Sur chaussée,Conducteur,2,M,12-13,Domicile - école,Autre,Non,1,1,09 - septembre,3 - jeudi,Reims
,201600029570,2016-09-29,57,19,57463,49.09907,6.16145,Hors intersection,Deux véhicules - par le coté,Nuit avec éclairage public allumé,Normale,Route Départementale,,2,Plat,Partie rectiligne,,98,normale,,Sur chaussée,Conducteur,1,M,27-28,Promenade - loisirs,Casque,Oui,1,1,09 - septembre,3 - jeudi,Metz
,201600032627,2016-09-29,67,8,67043,48.61439,7.75914,Intersection en T,Deux véhicules - par le coté,Plein jour,Normale,Voie Communale,,3,Plat,Partie rectiligne,,60,normale,,Sur chaussée,Conducteur,1,M,16-17,,Equipement réfléchissant,Non déterminable,1,1,09 - septembre,3 - jeudi,Bischheim
,201600032628,2016-09-29,67,8,67482,48.57423,7.77119,Intersection en X,Deux véhicules - par le coté,Plein jour,Normale,Voie Communale,,4,Plat,Partie rectiligne,,111,normale,,Sur chaussée,Conducteur,1,F,31-32,Promenade - loisirs,Autre,Non déterminable,1,1,09 - septembre,3 - jeudi,Strasbourg
,201600038709,2016-09-29,92,17,92049,0,0,Hors intersection,Deux véhicules - par le coté,Plein jour,Normale,Route Départementale,,4,Plat,Partie rectiligne,,,normale,,Sur chaussée,Conducteur,1,F,27-28,,Casque,Non déterminable,1,1,09 - septembre,3 - jeudi,Montrouge
,201600048644,2016-09-29,69,12,69081,0,0,Giratoire,Deux véhicules - par le coté,Plein jour,Normale,Voie Communale,,2,Plat,Partie rectiligne,,,normale,,,Conducteur,2,F,25-26,Domicile - travail,Casque,Non,1,1,09 - septembre,3 - jeudi,Écully
,201600049457,2016-09-29,69,16,69387,45.73949,4.85187,Intersection en T,Deux véhicules - par le coté,Plein jour,Normale,Voie Communale,,,Plat,Partie rectiligne,,,normale,,,Conducteur,1,F,37-38,,Autre,Oui,1,1,09 - septembre,3 - jeudi,Lyon 7e  Arrondissement
,201600052903,2016-09-29,75,16,75110,48.8777,2.36539,Intersection en T,Autre,Plein jour,Normale,Voie Communale,,2,Plat,Partie rectiligne,,,normale,,Sur piste cyclable,Conducteur,0,M,19-20,,Casque,Non,,1,09 - septembre,3 - jeudi,Paris 10e  Arrondissement
,201600053614,2016-09-29,75,21,75112,48.8486,2.39435,Place,Deux véhicules - par le coté,Nuit avec éclairage public allumé,Normale,Voie Communale,,1,Plat,En courbe à gauche,,80,normale,,Sur chaussée,Conducteur,1,M,33-34,Domicile - travail,Casque,Oui,1,1,09 - septembre,3 - jeudi,Paris 12e  Arrondissement
,201600056959,2016-09-29,75,19,75116,48.862,2.23803,Hors intersection,Deux véhicules - par le coté,Nuit avec éclairage public allumé,Normale,Voie Communale,,3,Plat,En courbe à gauche,,194,normale,,Sur chaussée,Conducteur,2,M,24-25,Promenade - loisirs,Casque,Oui,1,1,09 - septembre,3 - jeudi,Paris 16e  Arrondissement
,201600058986,2016-09-29,974,17,97407,0,0,Hors intersection,Deux véhicules - frontale,Plein jour,Normale,Voie Communale,,1,Plat,Partie rectiligne,,70,normale,,Sur chaussée,Conducteur,1,M,10-11,,Casque,Oui,1,1,09 - septembre,3 - jeudi,Port
,201600001108,2016-09-28,29,11,29075,48.43054,-4.44094,Giratoire,Deux véhicules - par l’arrière,Plein jour,Normale,Voie Communale,,,Plat,Partie rectiligne,,,normale,Carrefour aménagé,Sur chaussée,Conducteur,2,M,61-62,Promenade - loisirs,Casque,Oui,1,1,09 - septembre,2 - mercredi,Guipavas
,201600002929,2016-09-28,40,16,40287,44.50566,-1.06143,Hors intersection,Autre,Plein jour,Normale,Route Départementale,,2,Plat,Partie rectiligne,,70,normale,,Sur chaussée,Conducteur,2,M,62-63,Promenade - loisirs,Casque,Oui,1,,09 - septembre,2 - mercredi,Sanguinet
,201600004103,2016-09-28,65,17,65280,43.1355,-0.06962,Hors intersection,Deux véhicules - frontale,Plein jour,Normale,Route Départementale,,2,Pente,En courbe à gauche,,50,normale,,Sur chaussée,Conducteur,2,M,58-59,Promenade - loisirs,Casque,Oui,1,,09 - septembre,2 - mercredi,Loubajac
,201600013317,2016-09-28,12,12,12145,44.0971,3.07141,Hors intersection,Deux véhicules - par le coté,Plein jour,Normale,Voie Communale,,2,Plat,Partie rectiligne,,86,normale,,Sur chaussée,Conducteur,2,M,83-84,Promenade - loisirs,Casque,Oui,1,1,09 - septembre,2 - mercredi,Millau
,201600015614,2016-09-28,13,13,13002,43.35668,5.48762,Hors intersection,Deux véhicules - frontale,Plein jour,Normale,Route Départementale,,2,Plat,Partie rectiligne,,60,normale,,Sur chaussée,Conducteur,1,M,12-13,,Casque,Oui,1,1,09 - septembre,2 - mercredi,Allauch
,201600016965,2016-09-28,14,18,14366,49.1524,2.24211,Hors intersection,Autre,Plein jour,Normale,Voie Communale,,,Plat,Partie rectiligne,,,normale,,Sur chaussée,Conducteur,1,M,12-13,Promenade - loisirs,Equipement réfléchissant,Non,1,1,09 - septembre,2 - mercredi,Lisieux
,201600019923,2016-09-28,17,11,17300,46.1558,-1.17047,Hors intersection,Deux véhicules - par le coté,Plein jour,Normale,Voie Communale,,1,Plat,Partie rectiligne,,38,normale,,Sur chaussée,Conducteur,1,M,11-12,Promenade - loisirs,Casque,Non,1,1,09 - septembre,2 - mercredi,Rochelle
,201600028923,2016-09-28,54,12,54395,48.68711,6.19553,Hors intersection,Autre,Plein jour,Normale,Voie Communale,,3,Pente,Partie rectiligne,,,normale,Pont - autopont,Sur chaussée,Conducteur,1,M,64-65,Promenade - loisirs,Autre,Non déterminable,,1,09 - septembre,2 - mercredi,Nancy
,201600028926,2016-09-28,54,19,54395,48.68276,6.16888,Intersection en X,Autre,Nuit avec éclairage public allumé,Normale,Voie Communale,,2,Plat,Partie rectiligne,,,normale,,Sur trottoir,Conducteur,1,M,20-21,Promenade - loisirs,Autre,Non déterminable,,1,09 - septembre,2 - mercredi,Nancy
,201600029054,2016-09-28,54,17,54528,48.6887,5.88847,Hors intersection,Deux véhicules - frontale,Plein jour,Normale,Voie Communale,,2,Pente,En courbe à gauche,,49,normale,,Sur chaussée,Conducteur,2,M,14-15,Promenade - loisirs,Autre,Non,1,1,09 - septembre,2 - mercredi,Toul
,201600029440,2016-09-28,56,7,56260,47.66367,-2.76663,Hors intersection,Deux véhicules - par le coté,Nuit avec éclairage public allumé,Pluie légère,Voie Communale,,2,Plat,Partie rectiligne,,,mouillée,,Sur chaussée,Conducteur,2,M,14-15,Domicile - école,Casque,Oui,1,1,09 - septembre,2 - mercredi,Vannes
,201600030189,2016-09-28,59,11,59636,0,0,Intersection en T,Deux véhicules - par le coté,Plein jour,Normale,Route Départementale,,1,Plat,Partie rectiligne,,100,normale,Bretelle d’échangeur ou de raccordement,Sur chaussée,Conducteur,2,M,73-74,Autre,Casque,Non,1,1,09 - septembre,2 - mercredi,Wambrechies
,201600031880,2016-09-28,64,18,64545,43.35542,-1.69075,Hors intersection,Deux véhicules - frontale,Crépuscule ou aube,Normale,Route Départementale,,1,Pente,En courbe à gauche,,,normale,,Sur chaussée,Conducteur,2,M,48-49,Promenade - loisirs,Casque,Oui,1,,09 - septembre,2 - mercredi,Urrugne
,201600032624,2016-09-28,67,7,67482,48.57716,7.75837,Hors intersection,Deux véhicules - par l’arrière,Plein jour,Normale,Voie Communale,,2,Plat,Partie rectiligne,,85,normale,,Sur chaussée,Conducteur,1,F,55-56,,Autre,Non déterminable,1,1,09 - septembre,2 - mercredi,Strasbourg
,201600035251,2016-09-28,83,16,83129,43.10658,5.81434,Giratoire,Deux véhicules - par le coté,Plein jour,Normale,Route Départementale,,2,Bas de côte,,,,normale,Carrefour aménagé,Sur chaussée,Conducteur,1,M,48-49,Promenade - loisirs,Casque,Oui,1,1,09 - septembre,2 - mercredi,Six-Fours-les-Plages
,201600037035,2016-09-28,91,13,91645,48.74259,2.26309,Intersection en X,Autre,Plein jour,Normale,Voie Communale,,2,Plat,Partie rectiligne,,,normale,Carrefour aménagé,Sur chaussée,Conducteur,0,M,52-53,Domicile - travail,Casque,Non déterminable,,1,09 - septembre,2 - mercredi,Verrières-le-Buisson
,201600038706,2016-09-28,92,7,92020,0,0,Hors intersection,Autre,Plein jour,Normale,Route Départementale,,2,Plat,Partie rectiligne,,,normale,,Sur chaussée,Conducteur,1,M,53-54,Domicile - travail,Casque,Oui,1,1,09 - septembre,2 - mercredi,Châtillon
,201600041252,2016-09-28,93,23,93077,0,0,Autre intersection,Deux véhicules - par le coté,Nuit avec éclairage public allumé,Normale,Voie Communale,,,Plat,,,,normale,,Sur trottoir,Conducteur,2,M,21-22,Domicile - travail,Autre,Non déterminable,1,1,09 - septembre,2 - mercredi,Villemomble
,201600042732,2016-09-28,94,9,94033,0,0,Hors intersection,Deux véhicules - par le coté,Plein jour,Normale,Voie Communale,,,Plat,Partie rectiligne,,,normale,,Sur chaussée,Conducteur,1,F,47-48,,Autre,Non déterminable,1,1,09 - septembre,2 - mercredi,Fontenay-sous-Bois
,201600048640,2016-09-28,69,17,69385,45.75663,4.80729,Hors intersection,Deux véhicules - par le coté,Plein jour,Normale,Voie Communale,,,Pente,Partie rectiligne,27,98,normale,,Sur chaussée,Conducteur,1,M,12-13,Promenade - loisirs,Casque,Oui,1,1,09 - septembre,2 - mercredi,Lyon 5e  Arrondissement
,201600051164,2016-09-28,75,11,75102,48.8689,2.3294,Intersection en T,Deux véhicules - par l’arrière,Plein jour,Normale,Voie Communale,,1,Plat,Partie rectiligne,,80,normale,,Sur chaussée,Conducteur,1,M,41-42,Utilisation professionnelle,Casque,Non,1,1,09 - septembre,2 - mercredi,Paris 2e  Arrondissement
,201600051391,2016-09-28,75,9,75103,48.866,2.35376,Intersection en X,Deux véhicules - par le coté,Plein jour,Normale,Voie Communale,,3,Plat,Partie rectiligne,,108,normale,Carrefour aménagé,Sur chaussée,Conducteur,0,M,27-28,Utilisation professionnelle,Casque,Non,1,1,09 - septembre,2 - mercredi,Paris 3e  Arrondissement
,201600051391,2016-09-28,75,9,75103,48.866,2.35376,Intersection en X,Deux véhicules - par le coté,Plein jour,Normale,Voie Communale,,3,Plat,Partie rectiligne,,108,normale,Carrefour aménagé,Sur chaussée,Conducteur,1,F,50-51,Utilisation professionnelle,Casque,Non,1,1,09 - septembre,2 - mercredi,Paris 3e  Arrondissement
,201600052902,2016-09-28,75,12,75110,48.8838,2.35923,Hors intersection,Autre,Plein jour,Normale,Voie Communale,,,Plat,Partie rectiligne,,100,normale,,Sur chaussée,Conducteur,1,M,43-44,,Casque,Oui,,1,09 - septembre,2 - mercredi,Paris 10e  Arrondissement
,201600053611,2016-09-28,75,16,75112,48.8343,2.44129,Hors intersection,Autre,Plein jour,Normale,Voie Communale,,2,Plat,Partie rectiligne,2,60,normale,,Sur piste cyclable,Conducteur,2,M,43-44,Promenade - loisirs,Casque,Oui,,1,09 - septembre,2 - mercredi,Paris 12e  Arrondissement
,201600055617,2016-09-28,75,15,75117,48.8875,2.29467,Intersection à plus de 4 branches,Deux véhicules - par le coté,Plein jour,Normale,Voie Communale,,1,Plat,Partie rectiligne,,,normale,,Sur chaussée,Conducteur,1,F,8-9,Promenade - loisirs,Casque,Non,1,1,09 - septembre,2 - mercredi,Paris 17e  Arrondissement
,201600058819,2016-09-28,973,19,97302,0,0,Giratoire,Deux véhicules - par le coté,Nuit avec éclairage public allumé,Normale,Route Départementale,,1,Plat,Partie rectiligne,,80,normale,,Sur chaussée,Conducteur,2,M,47-48,,Autre,Oui,1,1,09 - septembre,2 - mercredi,Cayenne
,201600003347,2016-09-27,17,10,17111,45.47273,-0.5471,Intersection en X,Deux véhicules - frontale,Plein jour,Normale,Route Départementale,,2,Plat,En courbe à gauche,,46,normale,,Sur chaussée,Conducteur,3,F,62-63,Promenade - loisirs,Casque,,1,,09 - septembre,1 - mardi,Clion
,201600011489,2016-09-27,57,17,57038,49.47561,5.95788,Hors intersection,Autre,Plein jour,Normale,Route Départementale,,2,Plat,Partie rectiligne,,60,normale,,Sur chaussée,Conducteur,0,M,44-45,,Ceinture,,,1,09 - septembre,1 - mardi,Audun-le-Tiche
,201600013194,2016-09-27,11,15,11262,43.18754,2.98968,Hors intersection,Aucune,Plein jour,Normale,Route Départementale,,2,Plat,Partie rectiligne,,,normale,,Sur trottoir,Conducteur,1,M,56-57,,Autre,Non déterminable,,1,09 - septembre,1 - mardi,Narbonne
,201600019471,2016-09-27,51,5,51576,49.05694,4.12446,Hors intersection,Deux véhicules - par l’arrière,Nuit avec éclairage public allumé,Normale,Voie Communale,,2,Plat,Partie rectiligne,,66,normale,,Sur chaussée,Conducteur,1,M,50-51,Domicile - travail,Equipement réfléchissant,Oui,1,,09 - septembre,1 - mardi,Tours-sur-Marne
,201600023125,2016-09-27,31,7,31555,43.55811,1.40209,Intersection en X,Deux véhicules - par le coté,Crépuscule ou aube,Normale,Voie Communale,,,Plat,Partie rectiligne,,,normale,,Sur chaussée,Conducteur,1,M,14-15,Domicile - école,Autre,Non déterminable,1,,09 - septembre,1 - mardi,Toulouse
,201600027170,2016-09-27,44,9,44184,47.27078,-2.24203,Intersection en T,Deux véhicules - par le coté,Plein jour,Pluie légère,Voie Communale,,4,Plat,Partie rectiligne,,,mouillée,,Sur chaussée,Conducteur,1,F,41-42,,Equipement réfléchissant,Non déterminable,1,1,09 - septembre,1 - mardi,Saint-Nazaire
,201600027310,2016-09-27,45,18,45285,47.90482,1.87603,Hors intersection,Deux véhicules - frontale,Plein jour,Normale,Voie Communale,,2,Plat,Partie rectiligne,,50,normale,,Sur chaussée,Conducteur,1,M,10-11,Promenade - loisirs,Equipement réfléchissant,Non déterminable,1,1,09 - septembre,1 - mardi,Saint-Jean-de-la-Ruelle
,201600028533,2016-09-27,52,7,52121,48.09912,5.15324,Intersection en X,Autre,Crépuscule ou aube,Normale,Voie Communale,,2,Plat,En courbe à gauche,,114,normale,,Sur chaussée,Conducteur,2,F,47-48,Domicile - travail,Autre,Non déterminable,1,1,09 - septembre,1 - mardi,Chaumont
,201600028922,2016-09-27,54,21,54304,48.67962,6.15309,Intersection en T,Deux véhicules - par le coté,Nuit avec éclairage public allumé,Normale,Voie Communale,,2,Plat,Partie rectiligne,,,normale,,Sur chaussée,Conducteur,1,M,20-21,Promenade - loisirs,Autre,Non déterminable,1,1,09 - septembre,1 - mardi,Laxou
,201600030832,2016-09-27,61,10,61006,48.74144,-0.02162,Giratoire,Deux véhicules - par le coté,Plein jour,Normale,Route Départementale,,2,Plat,Partie rectiligne,40,68,normale,Carrefour aménagé,Sur chaussée,Conducteur,1,F,69-70,Promenade - loisirs,Casque,Non,1,1,09 - septembre,1 - mardi,Argentan
,201600031204,2016-09-27,62,8,62215,50.47998,2.95118,Hors intersection,Deux véhicules - frontale,Plein jour,Normale,Route Départementale,,2,Plat,Partie rectiligne,,32,normale,,Sur piste cyclable,Conducteur,2,M,16-17,,Casque,Non,1,1,09 - septembre,1 - mardi,Carvin
,201600032623,2016-09-27,67,12,67365,0,0,Intersection en T,Deux véhicules - par le coté,Plein jour,Normale,Voie Communale,,,Plat,Partie rectiligne,,69,normale,,Sur trottoir,Conducteur,1,M,12-13,Autre,Autre,Non,1,1,09 - septembre,1 - mardi,Ostwald
,201600034818,2016-09-27,79,16,79191,46.33087,-0.47053,Intersection en T,Deux véhicules - par le coté,Plein jour,Normale,Route Départementale,,2,Plat,Partie rectiligne,,80,normale,,Sur chaussée,Conducteur,1,F,26-27,Courses - achats,Autre,Non déterminable,1,1,09 - septembre,1 - mardi,Niort
,201600035097,2016-09-27,82,11,82121,44.02758,1.36797,Intersection en T,Deux véhicules - par le coté,Plein jour,Normale,Voie Communale,,3,Plat,Partie rectiligne,,,normale,,Sur chaussée,Conducteur,2,M,94-95,Promenade - loisirs,Casque,Non,1,1,09 - septembre,1 - mardi,Montauban
,201600036699,2016-09-27,91,18,91201,48.68308,2.4081,Intersection en T,Deux véhicules - par le coté,Plein jour,Normale,Route Départementale,,2,Plat,Partie rectiligne,,,normale,,,Conducteur,2,M,12-13,Autre,Casque,Non déterminable,1,1,09 - septembre,1 - mardi,Draveil
,201600038408,2016-09-27,92,18,92040,0,0,Hors intersection,Deux véhicules - par le coté,Plein jour,Normale,Voie Communale,,2,Plat,Partie rectiligne,,,normale,,Sur chaussée,Conducteur,1,M,38-39,Utilisation professionnelle,Casque,Non déterminable,1,1,09 - septembre,1 - mardi,Issy-les-Moulineaux
,201600043837,2016-09-27,94,8,94080,0,0,Hors intersection,Autre,Plein jour,Normale,Route Départementale,,2,,,,,,,Sur chaussée,Conducteur,0,M,36-37,,Autre,Non,,1,09 - septembre,1 - mardi,Vincennes
,201600044070,2016-09-27,95,14,95176,48.9592,2.2034,Giratoire,Deux véhicules - par l’arrière,Plein jour,Normale,Route Départementale,,2,Plat,En courbe à gauche,,,normale,Carrefour aménagé,Sur chaussée,Conducteur,1,F,58-59,Promenade - loisirs,Casque,Oui,1,1,09 - septembre,1 - mardi,Cormeilles-en-Parisis
,201600049453,2016-09-27,69,20,69386,0,0,Hors intersection,Deux véhicules - par le coté,Nuit avec éclairage public allumé,Normale,Voie Communale,,,Plat,Partie rectiligne,,,normale,,Sur chaussée,Conducteur,1,M,19-20,,Casque,Oui,1,,09 - septembre,1 - mardi,Lyon 6e  Arrondissement
,201600051762,2016-09-27,75,18,75105,48.8468,2.34331,Intersection en X,Autre,Plein jour,Normale,Voie Communale,,2,Plat,Partie rectiligne,,100,normale,,Sur chaussée,Conducteur,1,M,23-24,Promenade - loisirs,Casque,Non,,1,09 - septembre,1 - mardi,Paris 5e  Arrondissement
,201600052900,2016-09-27,75,16,75110,48.8737,2.35826,Intersection en X,Autre,Plein jour,Normale,Voie Communale,,5,Pente,,,50,normale,,,Conducteur,2,M,59-60,,Casque,Non,1,1,09 - septembre,1 - mardi,Paris 10e  Arrondissement
,201600054315,2016-09-27,75,16,75114,48.8344,2.33242,Place,Deux véhicules - par le coté,Plein jour,Normale,Voie Communale,,,Plat,,,,normale,Carrefour aménagé,Sur chaussée,Conducteur,2,M,49-50,Domicile - travail,Casque,Non,1,1,09 - septembre,1 - mardi,Paris 14e  Arrondissement
,201600054672,2016-09-27,75,20,75115,48.8509,2.29259,Intersection à plus de 4 branches,Autre,Nuit avec éclairage public allumé,Normale,Voie Communale,,1,Plat,Partie rectiligne,25,65,normale,,Sur piste cyclable,Conducteur,1,M,45-46,Promenade - loisirs,Casque,Non,,1,09 - septembre,1 - mardi,Paris 15e  Arrondissement
,201600001940,2016-09-26,44,18,44175,47.35948,-2.37459,Intersection en X,Deux véhicules - par le coté,Plein jour,Normale,Route Départementale,,2,Plat,Partie rectiligne,60,,normale,Carrefour aménagé,Sur chaussée,Conducteur,2,M,35-36,Promenade - loisirs,Casque,Oui,1,,09 - septembre,0 - lundi,Saint-Lyphard
,201600003201,2016-09-26,86,17,86092,0,0,Hors intersection,Deux véhicules - par l’arrière,Plein jour,Normale,Route Départementale,,2,Plat,Partie rectiligne,48,96,normale,,Sur chaussée,Conducteur,2,M,38-39,Autre,Equipement réfléchissant,Oui,1,,09 - septembre,0 - lundi,Dangé-Saint-Romain
,201600022320,2016-09-26,30,12,30007,44.12508,4.09029,Intersection en X,Autre,Plein jour,Normale,Voie Communale,,2,Plat,Partie rectiligne,,60,normale,,,Conducteur,0,M,12-13,Domicile - école,Autre,Non déterminable,,1,09 - septembre,0 - lundi,Alès
,201600022320,2016-09-26,30,12,30007,44.12508,4.09029,Intersection en X,Autre,Plein jour,Normale,Voie Communale,,2,Plat,Partie rectiligne,,60,normale,,,Passager,0,M,12-13,Domicile - école,Autre,Non déterminable,,1,09 - septembre,0 - lundi,Alès
,201600027169,2016-09-26,44,15,44184,47.27548,-2.21334,Intersection en X,Deux véhicules - frontale,Plein jour,Normale,Voie Communale,,2,Plat,Partie rectiligne,,,normale,,Sur chaussée,Conducteur,1,M,33-34,,Casque,Non déterminable,1,1,09 - septembre,0 - lundi,Saint-Nazaire
,201600033136,2016-09-26,69,22,69266,0,0,Intersection en X,Deux véhicules - frontale,Nuit avec éclairage public allumé,Normale,Autre,,1,Plat,Partie rectiligne,,,normale,,Sur chaussée,Conducteur,2,M,20-21,Autre,Casque,Non,1,1,09 - septembre,0 - lundi,Villeurbanne
,201600034267,2016-09-26,77,20,77194,48.39862,2.94484,Hors intersection,Deux véhicules - par l’arrière,Nuit sans éclairage public,Normale,Route Départementale,,2,Plat,Partie rectiligne,,,normale,,Sur chaussée,Conducteur,3,M,36-37,Promenade - loisirs,Casque,Non,1,,09 - septembre,0 - lundi,Forges
,201600036619,2016-09-26,91,19,91215,48.69764,2.5195,Giratoire,Deux véhicules - frontale,Plein jour,Normale,Route Départementale,,2,Sommet de côte,Partie rectiligne,,60,mouillée,,Sur chaussée,Conducteur,1,M,14-15,Promenade - loisirs,Autre,Non déterminable,1,1,09 - septembre,0 - lundi,Épinay-sous-Sénart
,201600036893,2016-09-26,91,8,91377,48.72103,2.30205,Hors intersection,Deux véhicules - par le coté,Plein jour,Normale,Voie Communale,,2,Plat,Partie rectiligne,,24,normale,,Sur piste cyclable,Conducteur,1,M,53-54,Utilisation professionnelle,Casque,Oui,1,,09 - septembre,0 - lundi,Massy
,201600040377,2016-09-26,93,13,93029,0,0,Hors intersection,Deux véhicules - par l’arrière,Plein jour,Normale,Voie Communale,,2,Plat,Partie rectiligne,,120,normale,,Sur chaussée,Conducteur,2,M,50-51,Domicile - travail,Autre,Non,1,1,09 - septembre,0 - lundi,Drancy
,201600051761,2016-09-26,75,10,75113,48.8391,2.36115,Intersection en Y,Deux véhicules - par le coté,Plein jour,Normale,Voie Communale,,,Pente,Partie rectiligne,,,normale,,Sur chaussée,Conducteur,1,M,21-22,Utilisation professionnelle,Casque,Non,1,1,09 - septembre,0 - lundi,Paris 13e  Arrondissement
,201600056004,2016-09-26,75,18,75118,48.8985,2.3566,Hors intersection,Deux véhicules - par le coté,Plein jour,Normale,Voie Communale,,2,,,,,,,Sur chaussée,Conducteur,2,M,44-45,,Casque,Non,1,1,09 - septembre,0 - lundi,Paris 18e  Arrondissement
,201600058815,2016-09-26,973,22,97302,0,0,Giratoire,Deux véhicules - frontale,Nuit avec éclairage public allumé,Normale,Voie Communale,,2,Plat,En courbe à gauche,,90,normale,Carrefour aménagé,Sur chaussée,Conducteur,2,M,41-42,Domicile - école,Equipement réfléchissant,Non,1,1,09 - septembre,0 - lundi,Cayenne
,201600003663,2016-09-25,31,,31094,43.77794,1.63437,Hors intersection,Autre,Nuit sans éclairage public,Normale,Voie Communale,,2,,Partie rectiligne,,,normale,,,Conducteur,2,M,51-52,Domicile - travail,Casque,Non,,1,09 - septembre,6 - dimanche,Buzet-sur-Tarn
,201600004891,2016-09-25,38,15,38382,0,0,Hors intersection,Deux véhicules - frontale,Plein jour,Normale,Voie Communale,,2,Plat,En « S »,54,,normale,,Sur chaussée,Conducteur,2,M,49-50,Promenade - loisirs,Casque,Oui,1,1,09 - septembre,6 - dimanche,Saint-Égrève
,201600005789,2016-09-25,3,9,3267,46.333,3.286,Hors intersection,Deux véhicules - par le coté,Plein jour,Normale,Route Départementale,,2,Plat,Partie rectiligne,,59,normale,,Sur chaussée,Conducteur,2,M,12-13,Promenade - loisirs,Casque,Oui,1,,09 - septembre,6 - dimanche,Saulcet
,201600006740,2016-09-25,68,17,68155,0,0,Hors intersection,Deux véhicules - par l’arrière,Plein jour,Normale,Autre,,2,Plat,Partie rectiligne,,30,normale,,Sur piste cyclable,Conducteur,1,M,53-54,Promenade - loisirs,Casque,Oui,1,,09 - septembre,6 - dimanche,Ingersheim
,201600023119,2016-09-25,31,18,31555,0,0,Hors intersection,Aucune,Plein jour,Normale,Voie Communale,,2,Plat,Partie rectiligne,,,normale,,Sur chaussée,Conducteur,2,M,64-65,,Autre,Non déterminable,,1,09 - septembre,6 - dimanche,Toulouse
,201600023120,2016-09-25,31,19,31555,0,0,Intersection en X,Deux véhicules - par l’arrière,Nuit avec éclairage public allumé,Normale,Voie Communale,,2,Plat,Partie rectiligne,,,mouillée,,Sur chaussée,Conducteur,1,M,35-36,,Autre,Non déterminable,1,1,09 - septembre,6 - dimanche,Toulouse