test,identifiantAccident,date,departement,heure,commune,lat,lon,typeIntersection,typeCollision,luminosite,conditionsAtmosperiques,typeRoute,circulation,nbVoies,profilLongRoute,tracePlanRoute,largeurTPC,largeurRoute,etatSurface,amenagement,situation,categorieUsager,graviteAccident,sexe,age,motifDeplacement,existenceSecurite,usageSecurite,nombreAutresVehicules,enAgglomeration,mois,jour,NCCENR
,201600048637,2016-09-25,69,10,69382,0,0,Hors intersection,Deux véhicules - par le coté,Plein jour,Normale,Voie Communale,,1,Plat,Partie rectiligne,,40,normale,,Sur chaussée,Conducteur,2,F,50-51,Autre,Casque,Non,1,1,09 - septembre,6 - dimanche,Lyon 2e  Arrondissement
,201600055162,2016-09-25,75,12,75116,48.8718,2.2741,Place,Deux véhicules - par le coté,Plein jour,Pluie légère,Voie Communale,,2,Plat,,,,mouillée,Zone piétonne,Sur chaussée,Conducteur,1,F,58-59,Promenade - loisirs,Casque,Non,1,1,09 - septembre,6 - dimanche,Paris 16e  Arrondissement
,201600056319,2016-09-25,75,10,75119,48.8961,2.37419,Hors intersection,Deux véhicules - par le coté,Plein jour,Normale,Voie Communale,,2,Plat,Partie rectiligne,,,,,Sur chaussée,Conducteur,1,M,39-40,Domicile - travail,Casque,Non,1,1,09 - septembre,6 - dimanche,Paris 19e  Arrondissement
,201600058984,2016-09-25,974,19,97407,-20.94569,55.29137,Intersection en X,Deux véhicules - par le coté,Nuit avec éclairage public allumé,Normale,Voie Communale,,2,Plat,Partie rectiligne,,70,normale,,Sur chaussée,Conducteur,1,M,9-10,,Casque,Oui,1,1,09 - septembre,6 - dimanche,Port
,201600007140,2016-09-24,52,8,52029,48.47337,5.13724,Intersection en T,Deux véhicules - frontale,Plein jour,Normale,Voie Communale,Avec voies d’affectation variable,,,,,,,,,Conducteur,2,M,12-13,Promenade - loisirs,Ceinture,,1,1,09 - septembre,5 - samedi,Autigny-le-Grand
,201600012984,2016-09-24,67,16,67343,0,0,Hors intersection,Deux véhicules - frontale,Plein jour,Normale,Route Départementale,,1,Plat,Partie rectiligne,,51,normale,Carrefour aménagé,Sur piste cyclable,Conducteur,1,M,58-59,Promenade - loisirs,Ceinture,,1,1,09 - septembre,5 - samedi,Oberhausbergen
,201600015581,2016-09-24,13,13,13055,43.29359,5.47396,Intersection en T,Deux véhicules - frontale,Plein jour,Normale,Voie Communale,,1,Pente,Partie rectiligne,,40,normale,,Sur chaussée,Conducteur,1,M,51-52,,Casque,Oui,1,1,09 - septembre,5 - samedi,Marseille
,201600016301,2016-09-24,13,17,13103,43.6356,5.06719,Hors intersection,Aucune,Plein jour,Normale,Voie Communale,,2,,,,,,,Sur chaussée,Conducteur,2,M,39-40,Promenade - loisirs,Autre,Non déterminable,,1,09 - septembre,5 - samedi,Salon-de-Provence
,201600016523,2016-09-24,13,16,13071,0,0,Hors intersection,Deux véhicules - par le coté,Plein jour,Normale,Voie Communale,,2,Pente,En courbe à droite,,70,normale,,Sur chaussée,Conducteur,1,M,10-11,Promenade - loisirs,Casque,Oui,1,1,09 - septembre,5 - samedi,Pennes-Mirabeau
,201600021141,2016-09-24,25,16,25462,46.91913,6.34391,Intersection en T,Deux véhicules - par l’arrière,Plein jour,Normale,Voie Communale,,2,Plat,Partie rectiligne,,,normale,,Sur chaussée,Conducteur,2,M,67-68,,Autre,Non,1,1,09 - septembre,5 - samedi,Pontarlier
,201600023129,2016-09-24,31,8,31555,0,0,Hors intersection,Deux véhicules - frontale,Plein jour,Normale,Voie Communale,,2,Plat,Partie rectiligne,,,normale,,Sur chaussée,Conducteur,1,M,41-42,,Autre,Non déterminable,1,1,09 - septembre,5 - samedi,Toulouse
,201600027037,2016-09-24,44,,44109,47.22794,-1.5273,Hors intersection,Autre,Nuit avec éclairage public allumé,Normale,Voie Communale,,,,,,,,,,Conducteur,1,M,35-36,,Casque,Oui,1,,09 - septembre,5 - samedi,Nantes
,201600033231,2016-09-24,51,9,51262,48.69621,4.57784,Hors intersection,Deux véhicules - par l’arrière,Plein jour,Normale,Route Départementale,,2,Plat,Partie rectiligne,,58,normale,,Sur chaussée,Conducteur,2,M,48-49,Promenade - loisirs,Casque,Oui,1,1,09 - septembre,5 - samedi,Frignicourt
,201600033249,2016-09-24,70,15,70285,47.56834,6.76017,Autre intersection,Deux véhicules - par le coté,Plein jour,Normale,Voie Communale,,2,Plat,Partie rectiligne,,,,,Sur chaussée,Conducteur,1,F,13-14,Promenade - loisirs,Casque,Non,1,1,09 - septembre,5 - samedi,Héricourt
,201600036262,2016-09-24,88,19,88415,48.01177,6.60886,Intersection en T,Deux véhicules - frontale,Plein jour,Normale,Voie Communale,,2,Plat,Partie rectiligne,,33,normale,,Sur chaussée,Conducteur,2,M,7-8,Promenade - loisirs,Casque,Non,1,1,09 - septembre,5 - samedi,Saint-Étienne-lès-Remiremont
,201600038194,2016-09-24,92,20,92035,0,0,Intersection en T,Deux véhicules - par le coté,Nuit avec éclairage public allumé,Normale,Route Départementale,,2,Plat,Partie rectiligne,,,normale,,Sur chaussée,Conducteur,1,M,18-19,Promenade - loisirs,Autre,Non déterminable,1,1,09 - septembre,5 - samedi,Garenne-Colombes
,201600044211,2016-09-24,95,15,95428,48.9839,2.3182,Hors intersection,Deux véhicules - frontale,Plein jour,Normale,Voie Communale,,2,Pente,En courbe à droite,,,normale,,Sur chaussée,Conducteur,1,M,27-28,Promenade - loisirs,Casque,Non,1,1,09 - septembre,5 - samedi,Montmorency
,201600044341,2016-09-24,95,10,95582,48.9689,2.2601,Hors intersection,Deux véhicules - frontale,Plein jour,Normale,Voie Communale,,2,Plat,Partie rectiligne,,,normale,,Sur chaussée,Conducteur,1,M,47-48,Promenade - loisirs,Casque,Oui,1,1,09 - septembre,5 - samedi,Sannois
,201600044342,2016-09-24,95,11,95219,48.9892,2.2588,Hors intersection,Deux véhicules - par l’arrière,Plein jour,Normale,Route Départementale,,2,Plat,En courbe à droite,,,normale,,Sur chaussée,Conducteur,1,M,42-43,Promenade - loisirs,Casque,Oui,1,1,09 - septembre,5 - samedi,Ermont
,201600051922,2016-09-24,75,20,75106,48.8532,2.33255,Intersection en T,Deux véhicules - par l’arrière,Nuit avec éclairage public allumé,Normale,Voie Communale,,4,Plat,Partie rectiligne,,120,normale,,Sur chaussée,Conducteur,1,M,23-24,Promenade - loisirs,Casque,Non déterminable,1,1,09 - septembre,5 - samedi,Paris 6e  Arrondissement
,201600000655,2016-09-23,76,14,76060,49.65037,1.535,Hors intersection,Deux véhicules - frontale,Plein jour,Normale,Route Départementale,,2,Pente,En courbe à droite,,55,normale,,Sur chaussée,Conducteur,3,M,77-78,Promenade - loisirs,Casque,Oui,1,,09 - septembre,4 - vendredi,Beaubec-la-Rosière
,201600001706,2016-09-23,1,17,1053,46.21099,5.22749,Hors intersection,Deux véhicules - par le coté,Plein jour,Normale,Voie Communale,,2,Plat,Partie rectiligne,,102,normale,,Sur chaussée,Conducteur,1,M,13-14,Promenade - loisirs,Autre,Oui,1,1,09 - septembre,4 - vendredi,Bourg-en-Bresse
,201600009328,2016-09-23,2B,11,2B172,42.56065,9.31325,Hors intersection,Deux véhicules - par le coté,Plein jour,Temps éblouissant,Voie Communale,,2,Pente,En courbe à gauche,,,normale,,Sur chaussée,Conducteur,1,F,64-65,Promenade - loisirs,Equipement réfléchissant,Oui,1,,09 - septembre,4 - vendredi,Murato
,201600020055,2016-09-23,17,9,17306,45.63167,-0.98753,Hors intersection,Deux véhicules - par le coté,Plein jour,Normale,Voie Communale,,2,Plat,Partie rectiligne,,54,normale,,Sur chaussée,Conducteur,1,F,46-47,,Casque,Oui,1,1,09 - septembre,4 - vendredi,Royan
,201600020952,2016-09-23,23,15,23096,46.14364,1.86637,Intersection en X,Deux véhicules - par le coté,Plein jour,Normale,Route Départementale,,2,Plat,Partie rectiligne,,,normale,Carrefour aménagé,Sur chaussée,Conducteur,2,M,44-45,,Casque,Non,1,,09 - septembre,4 - vendredi,Guéret
,201600024178,2016-09-23,33,18,33063,44.8511,-0.56927,Hors intersection,Deux véhicules - par le coté,Plein jour,Normale,Voie Communale,,9,Plat,Partie rectiligne,,,normale,Voie ferrée,Sur chaussée,Conducteur,1,M,28-29,Autre,Casque,Non déterminable,1,1,09 - septembre,4 - vendredi,Bordeaux
,201600024184,2016-09-23,33,15,33063,44.85054,-0.60612,Intersection en Y,Deux véhicules - par le coté,Plein jour,Normale,Voie Communale,,2,Plat,Partie rectiligne,,,normale,,,Conducteur,2,M,83-84,,Autre,Non déterminable,1,1,09 - septembre,4 - vendredi,Bordeaux
,201600024783,2016-09-23,34,12,34172,43.5999,3.89572,Hors intersection,Deux véhicules - par le coté,Plein jour,Normale,Voie Communale,,2,Plat,Partie rectiligne,,66,normale,Voie ferrée,Sur chaussée,Conducteur,2,F,54-55,Domicile - travail,Casque,Non,1,1,09 - septembre,4 - vendredi,Montpellier
,201600026780,2016-09-23,44,16,44132,47.26987,-2.34478,Hors intersection,Deux véhicules - par le coté,Plein jour,Normale,Voie Communale,,1,Plat,Partie rectiligne,,,normale,,Sur chaussée,Conducteur,1,F,69-70,Promenade - loisirs,Casque,Non,1,1,09 - septembre,4 - vendredi,Pornichet
,201600027072,2016-09-23,44,12,44109,47.24843,-1.52134,Hors intersection,Autre,Plein jour,Normale,Voie Communale,,,Plat,Partie rectiligne,,,normale,,,Conducteur,2,M,35-36,,Casque,Non,1,1,09 - septembre,4 - vendredi,Nantes
,201600028057,2016-09-23,50,18,50602,49.6391,-1.57358,Hors intersection,Deux véhicules - par le coté,Plein jour,Normale,Voie Communale,,2,Plat,Partie rectiligne,,,normale,,Sur chaussée,Conducteur,2,M,8-9,Promenade - loisirs,Casque,Non,1,1,09 - septembre,4 - vendredi,Tourlaville
,201600029053,2016-09-23,54,17,54528,0,0,Hors intersection,Deux véhicules - par le coté,Plein jour,Normale,Voie Communale,,2,Plat,Partie rectiligne,,90,normale,,Sur chaussée,Conducteur,1,M,17-18,Domicile - école,Autre,Oui,1,1,09 - septembre,4 - vendredi,Toul
,201600029313,2016-09-23,56,17,56162,47.73658,-3.43249,Hors intersection,Aucune,Plein jour,Normale,Autre,,,,,,,,,Sur chaussée,Conducteur,1,F,49-50,,Autre,Non déterminable,,1,09 - septembre,4 - vendredi,Ploemeur
,201600029960,2016-09-23,59,18,59028,0,0,Hors intersection,Deux véhicules - par le coté,Plein jour,Normale,Voie Communale,,2,Plat,Partie rectiligne,,60,normale,,,Conducteur,2,F,10-11,Promenade - loisirs,Autre,Non déterminable,1,1,09 - septembre,4 - vendredi,Auby
,201600034816,2016-09-23,79,18,79191,46.3184,-0.5111,Intersection en X,Autre,Plein jour,Normale,Voie Communale,,2,Plat,Partie rectiligne,,60,normale,,Sur chaussée,Conducteur,1,M,6-7,Promenade - loisirs,Autre,Non déterminable,1,1,09 - septembre,4 - vendredi,Niort
,201600039650,2016-09-23,93,9,93001,0,0,Hors intersection,Autre,Plein jour,Normale,Route Départementale,,2,Plat,Partie rectiligne,,,normale,,Sur chaussée,Conducteur,1,M,29-30,Domicile - travail,Equipement réfléchissant,Non déterminable,1,1,09 - septembre,4 - vendredi,Aubervilliers
,201600041510,2016-09-23,93,19,93066,0,0,Hors intersection,Deux véhicules - par l’arrière,Plein jour,Normale,Autre,,3,Plat,Partie rectiligne,,,normale,,Sur chaussée,Conducteur,1,M,46-47,,Autre,Non déterminable,1,1,09 - septembre,4 - vendredi,Saint-Denis
,201600049438,2016-09-23,69,16,69383,0,0,Hors intersection,Autre,Plein jour,Normale,Voie Communale,,4,Plat,Partie rectiligne,,,normale,,Sur chaussée,Conducteur,0,M,36-37,Domicile - travail,Autre,Non,,1,09 - septembre,4 - vendredi,Lyon 3e  Arrondissement
,201600051920,2016-09-23,75,19,75106,48.8479,2.31939,Intersection en T,Autre,Plein jour,Normale,Voie Communale,,3,Plat,Partie rectiligne,,100,normale,,Sur chaussée,Conducteur,0,M,16-17,Domicile - école,Casque,Oui,,1,09 - septembre,4 - vendredi,Paris 6e  Arrondissement
,201600053197,2016-09-23,75,18,75111,48.8552,2.39164,Hors intersection,Trois véhicules et plus - en chaîne,Crépuscule ou aube,Normale,Voie Communale,,2,Plat,Partie rectiligne,,140,normale,,Sur chaussée,Conducteur,1,F,43-44,Domicile - travail,Casque,Non,2,1,09 - septembre,4 - vendredi,Paris 11e  Arrondissement
,201600053198,2016-09-23,75,21,75111,48.8641,2.381,Intersection en T,Deux véhicules - par l’arrière,Nuit avec éclairage public allumé,Normale,Voie Communale,,1,Plat,Partie rectiligne,,30,normale,,Sur chaussée,Conducteur,2,M,29-30,Autre,Casque,Non,1,1,09 - septembre,4 - vendredi,Paris 11e  Arrondissement
,201600053603,2016-09-23,75,8,75112,48.8495,2.37072,Intersection en Y,Deux véhicules - par le coté,Plein jour,Normale,Voie Communale,,2,Plat,,,,normale,,Sur chaussée,Conducteur,1,M,44-45,Domicile - travail,Casque,Non,1,1,09 - septembre,4 - vendredi,Paris 12e  Arrondissement
,201600053605,2016-09-23,75,14,75112,48.84,2.43217,Intersection en T,Deux véhicules - par le coté,Plein jour,Normale,Voie Communale,,2,Plat,En courbe à gauche,,80,normale,,Sur chaussée,Conducteur,1,M,65-66,Promenade - loisirs,Casque,Non,1,1,09 - septembre,4 - vendredi,Paris 12e  Arrondissement
,201600053606,2016-09-23,75,21,75112,48.8494,2.37448,Hors intersection,Deux véhicules - par l’arrière,Nuit avec éclairage public allumé,Normale,Voie Communale,,1,Plat,Partie rectiligne,,30,normale,,Sur chaussée,Conducteur,1,F,51-52,Domicile - travail,Casque,Non,1,1,09 - septembre,4 - vendredi,Paris 12e  Arrondissement
,201600053998,2016-09-23,75,12,75113,48.825,2.36226,Hors intersection,Deux véhicules - par l’arrière,Plein jour,Normale,Voie Communale,,2,Plat,Partie rectiligne,,110,normale,,Sur chaussée,Conducteur,1,F,28-29,Promenade - loisirs,Casque,Non,1,1,09 - septembre,4 - vendredi,Paris 13e  Arrondissement
,201600055611,2016-09-23,75,18,75117,48.8808,2.28495,Hors intersection,Deux véhicules - par l’arrière,Plein jour,Normale,Voie Communale,,,,,,,,,Sur chaussée,Conducteur,1,F,28-29,Domicile - travail,Casque,Non,1,1,09 - septembre,4 - vendredi,Paris 17e  Arrondissement
,201600003266,2016-09-22,16,14,16097,45.73341,-0.35522,Hors intersection,Deux véhicules - par l’arrière,Plein jour,Normale,Route Départementale,,2,Plat,Partie rectiligne,13,65,normale,,Sur chaussée,Conducteur,2,M,21-22,Domicile - travail,Casque,Oui,1,1,09 - septembre,3 - jeudi,Cherves-Richemont
,201600003266,2016-09-22,16,14,16097,45.73341,-0.35522,Hors intersection,Deux véhicules - par l’arrière,Plein jour,Normale,Route Départementale,,2,Plat,Partie rectiligne,13,65,normale,,Sur chaussée,Passager,0,M,27-28,Domicile - travail,Casque,Oui,1,1,09 - septembre,3 - jeudi,Cherves-Richemont
,201600004102,2016-09-22,65,17,65340,43.27855,0.10916,Intersection en X,Deux véhicules - frontale,Plein jour,Normale,Route Nationale,,,Plat,Partie rectiligne,,,normale,,Sur chaussée,Conducteur,2,M,77-78,Promenade - loisirs,Casque,Oui,1,,09 - septembre,3 - jeudi,Orleix
,201600005188,2016-09-22,42,20,42302,45.50285,4.45055,Hors intersection,Deux véhicules - par le coté,Nuit sans éclairage public,Normale,Route Départementale,,,,En courbe à gauche,,60,normale,,Sur chaussée,Conducteur,2,M,43-44,Promenade - loisirs,Casque,Non,1,,09 - septembre,3 - jeudi,Sorbiers
,201600021478,2016-09-22,27,16,27229,49.02884,1.1726,Hors intersection,Deux véhicules - par l’arrière,Plein jour,Normale,Voie Communale,,2,Plat,Partie rectiligne,,,normale,,Sur chaussée,Conducteur,1,M,10-11,Promenade - loisirs,Casque,Non,1,1,09 - septembre,3 - jeudi,Évreux
,201600024189,2016-09-22,33,8,33167,44.8429,-0.50382,Giratoire,Deux véhicules - frontale,Plein jour,Normale,Voie Communale,,2,Plat,Partie rectiligne,,,normale,,,Conducteur,1,M,33-34,Autre,Casque,Non déterminable,1,,09 - septembre,3 - jeudi,Floirac
,201600025379,2016-09-22,35,18,35278,48.135,-1.69355,Giratoire,Autre,Plein jour,Normale,Voie Communale,,2,,En courbe à gauche,,,normale,,Sur chaussée,Conducteur,1,M,60-61,Promenade - loisirs,,,1,1,09 - septembre,3 - jeudi,Saint-Grégoire
,201600027253,2016-09-22,45,18,45208,47.99799,2.73991,Intersection en X,Deux véhicules - par le coté,Plein jour,Normale,Voie Communale,,2,Plat,Partie rectiligne,,50,normale,,Sur chaussée,Conducteur,1,M,13-14,Domicile - école,Casque,Oui,1,1,09 - septembre,3 - jeudi,Montargis
,201600030414,2016-09-22,59,21,59512,0,0,Hors intersection,Deux véhicules - par le coté,Nuit avec éclairage public allumé,Normale,Voie Communale,,,Plat,Partie rectiligne,,,normale,,,Conducteur,1,M,18-19,Promenade - loisirs,Casque,Oui,1,1,09 - septembre,3 - jeudi,Roubaix
,201600030958,2016-09-22,62,18,62119,50.5271,2.63274,Giratoire,Deux véhicules - par le coté,Plein jour,Normale,Voie Communale,,1,,,,60,,,Sur chaussée,Conducteur,1,M,15-16,,Casque,Oui,1,1,09 - septembre,3 - jeudi,Béthune
,201600040090,2016-09-22,93,5,93010,0,0,Intersection en T,Deux véhicules - frontale,Nuit avec éclairage public allumé,Normale,Route Départementale,,2,Plat,Partie rectiligne,,,normale,,Sur chaussée,Conducteur,1,M,36-37,Domicile - travail,Autre,Non,1,1,09 - septembre,3 - jeudi,Bondy
,201600042729,2016-09-22,94,9,94033,0,0,Intersection en T,Deux véhicules - par le coté,Plein jour,Normale,Voie Communale,,1,Plat,Partie rectiligne,,,normale,,Sur chaussée,Conducteur,1,M,38-39,Domicile - travail,Casque,Oui,1,1,09 - septembre,3 - jeudi,Fontenay-sous-Bois
,201600043420,2016-09-22,94,14,94058,0,0,Hors intersection,Autre,Plein jour,Normale,Autre,,2,Plat,Partie rectiligne,,60,normale,,Sur chaussée,Conducteur,1,F,56-57,Autre,Casque,Non,1,1,09 - septembre,3 - jeudi,Perreux-sur-Marne
,201600043565,2016-09-22,94,16,94068,0,0,Intersection en X,Deux véhicules - par le coté,Plein jour,Normale,Voie Communale,,2,Plat,Partie rectiligne,,59,normale,,Sur chaussée,Conducteur,1,F,67-68,Promenade - loisirs,Casque,Non,1,1,09 - septembre,3 - jeudi,Saint-Maur-des-Fossés
,201600051388,2016-09-22,75,10,75103,48.8659,2.35422,Hors intersection,Deux véhicules - par l’arrière,Plein jour,Normale,Voie Communale,,3,Plat,Partie rectiligne,,,normale,,Sur chaussée,Conducteur,1,M,66-67,Promenade - loisirs,Casque,Non déterminable,1,1,09 - septembre,3 - jeudi,Paris 3e  Arrondissement
,201600052472,2016-09-22,75,7,75108,48.8642,2.32014,Place,Deux véhicules - par le coté,Plein jour,Normale,Voie Communale,,8,Plat,Partie rectiligne,,240,normale,,Sur chaussée,Conducteur,1,F,55-56,Domicile - travail,Casque,Non déterminable,1,1,09 - septembre,3 - jeudi,Paris 8e  Arrondissement
,201600053994,2016-09-22,75,18,75113,48.8216,2.35874,Hors intersection,Deux véhicules - par le coté,Plein jour,Normale,Voie Communale,,4,Plat,Partie rectiligne,130,130,normale,,Sur trottoir,Conducteur,1,M,18-19,Promenade - loisirs,Casque,Non déterminable,1,1,09 - septembre,3 - jeudi,Paris 13e  Arrondissement
,201600056002,2016-09-22,75,17,75118,48.8953,2.33754,Intersection en X,Deux véhicules - par le coté,Plein jour,Normale,Voie Communale,,2,Plat,Partie rectiligne,,100,normale,,Sur chaussée,Conducteur,1,M,39-40,Promenade - loisirs,Casque,Non déterminable,1,1,09 - septembre,3 - jeudi,Paris 18e  Arrondissement
,201600058983,2016-09-22,974,17,97407,0,0,Hors intersection,Deux véhicules - par l’arrière,Plein jour,Normale,Voie Communale,,2,Plat,Partie rectiligne,,70,normale,,Sur chaussée,Conducteur,1,M,49-50,Promenade - loisirs,Casque,Non,1,1,09 - septembre,3 - jeudi,Port
,201600000070,2016-09-21,59,13,59546,0,0,Giratoire,Deux véhicules - par le coté,Plein jour,Normale,Route Départementale,,,Plat,En courbe à gauche,,,normale,,Sur chaussée,Conducteur,2,F,60-61,Promenade - loisirs,Ceinture,,1,1,09 - septembre,2 - mercredi,Saint-Sylvestre-Cappel
,201600020908,2016-09-21,22,17,22278,48.5023,-2.76894,Intersection en T,Deux véhicules - par le coté,Plein jour,Normale,Voie Communale,,2,Plat,Partie rectiligne,,50,normale,Carrefour aménagé,Sur chaussée,Conducteur,2,M,46-47,,Casque,Non,1,,09 - septembre,2 - mercredi,Saint-Brieuc
,201600023115,2016-09-21,31,12,31555,0,0,Hors intersection,Deux véhicules - par le coté,Plein jour,Normale,Voie Communale,,1,Plat,Partie rectiligne,,,normale,,Sur chaussée,Conducteur,2,M,31-32,,Autre,Non déterminable,1,1,09 - septembre,2 - mercredi,Toulouse
,201600024168,2016-09-21,33,8,33063,44.83773,-0.59289,Autre intersection,Deux véhicules - par le coté,Plein jour,Normale,Voie Communale,,,,Partie rectiligne,,,,,Sur chaussée,Conducteur,3,F,22-23,Domicile - travail,Casque,Non déterminable,1,1,09 - septembre,2 - mercredi,Bordeaux
,201600024174,2016-09-21,33,21,33063,44.8452,-0.57789,Giratoire,Deux véhicules - frontale,Nuit avec éclairage public allumé,Normale,Voie Communale,,2,Pente,En courbe à gauche,,,normale,,Sur chaussée,Conducteur,1,M,18-19,Autre,Equipement réfléchissant,Non déterminable,1,1,09 - septembre,2 - mercredi,Bordeaux
,201600024198,2016-09-21,33,18,33522,44.7942,-0.59705,Hors intersection,Deux véhicules - frontale,Plein jour,Normale,Voie Communale,,4,Plat,En courbe à droite,,,normale,,Sur chaussée,Conducteur,1,F,17-18,,Casque,Non déterminable,1,1,09 - septembre,2 - mercredi,Talence
,201600025375,2016-09-21,35,13,35238,48.0897,-1.68563,Intersection en X,Deux véhicules - par le coté,Plein jour,Normale,Voie Communale,,2,Plat,Partie rectiligne,,,normale,Carrefour aménagé,Sur chaussée,Conducteur,1,M,49-50,Promenade - loisirs,Casque,Oui,1,1,09 - septembre,2 - mercredi,Rennes
,201600025377,2016-09-21,35,20,35238,48.0945,-1.68562,Intersection en X,Deux véhicules - par le coté,Nuit avec éclairage public allumé,Normale,Voie Communale,,2,Plat,Partie rectiligne,,,normale,Carrefour aménagé,Sur chaussée,Conducteur,1,F,24-25,Domicile - travail,Casque,Non,1,1,09 - septembre,2 - mercredi,Rennes
,201600027707,2016-09-21,49,14,49007,47.45833,-0.54494,Giratoire,Autre,Plein jour,Normale,Voie Communale,,2,Plat,Partie rectiligne,,70,normale,,Sur chaussée,Conducteur,1,F,39-40,Domicile - travail,Casque,Non déterminable,1,1,09 - septembre,2 - mercredi,Angers
,201600027709,2016-09-21,49,13,49007,47.47809,-0.59847,Giratoire,Autre,Plein jour,Normale,Voie Communale,,1,Plat,Partie rectiligne,,55,normale,,Sur chaussée,Conducteur,1,F,17-18,Domicile - école,Casque,Non déterminable,1,1,09 - septembre,2 - mercredi,Angers
,201600029565,2016-09-21,57,16,57447,49.05654,6.13657,Hors intersection,Autre,Plein jour,Normale,Route Départementale,,2,Plat,Partie rectiligne,,70,normale,,Sur chaussée,Conducteur,2,M,61-62,Promenade - loisirs,Casque,Oui,,,09 - septembre,2 - mercredi,Marly
,201600031702,2016-09-21,64,16,64348,43.30867,-0.40835,Hors intersection,Trois véhicules et plus - collisions multiples,Plein jour,Normale,Voie Communale,,3,Plat,Partie rectiligne,,156,normale,,Sur chaussée,Conducteur,0,M,28-29,,Casque,Non,1,1,09 - septembre,2 - mercredi,Lons
,201600031702,2016-09-21,64,16,64348,43.30867,-0.40835,Hors intersection,Trois véhicules et plus - collisions multiples,Plein jour,Normale,Voie Communale,,3,Plat,Partie rectiligne,,156,normale,,Sur chaussée,Conducteur,1,M,26-27,,Casque,Non,1,1,09 - septembre,2 - mercredi,Lons
,201600032270,2016-09-21,38,13,38425,45.40046,4.76035,Intersection en T,Deux véhicules - frontale,Plein jour,Normale,Voie Communale,,2,Plat,Partie rectiligne,,60,normale,,Sur chaussée,Conducteur,2,M,79-80,Promenade - loisirs,Casque,Oui,1,1,09 - septembre,2 - mercredi,'Saint-Maurice-l''Exil'
,201600035659,2016-09-21,86,8,86066,46.81449,0.53458,Hors intersection,Autre,Plein jour,Normale,Voie Communale,,1,Plat,Partie rectiligne,,,normale,,Sur chaussée,Conducteur,1,M,23-24,Domicile - travail,Casque,Non,1,1,09 - septembre,2 - mercredi,Châtellerault
,201600038410,2016-09-21,92,18,92040,0,0,Intersection en X,Deux véhicules - par le coté,Plein jour,Normale,Route Départementale,,4,Plat,Partie rectiligne,,,normale,,Sur chaussée,Conducteur,1,M,16-17,Promenade - loisirs,Autre,Non déterminable,1,1,09 - septembre,2 - mercredi,Issy-les-Moulineaux
,201600042327,2016-09-21,94,10,94053,0,0,Hors intersection,Deux véhicules - par le coté,Plein jour,Normale,Voie Communale,,2,Plat,En courbe à droite,,66,normale,,Sur chaussée,Conducteur,1,M,11-12,,Autre,Non déterminable,1,1,09 - septembre,2 - mercredi,Noiseau
,201600048627,2016-09-21,69,19,69385,45.75465,4.81243,Intersection en X,Deux véhicules - par le coté,Crépuscule ou aube,Normale,Voie Communale,,,Pente,Partie rectiligne,,,normale,,Sur chaussée,Conducteur,1,M,17-18,Promenade - loisirs,Casque,Oui,1,1,09 - septembre,2 - mercredi,Lyon 5e  Arrondissement
,201600049432,2016-09-21,69,8,69387,0,0,Hors intersection,Deux véhicules - par le coté,Plein jour,Normale,Voie Communale,,5,Plat,En courbe à droite,,,normale,,Sur chaussée,Conducteur,1,M,48-49,Domicile - travail,Casque,Non,1,1,09 - septembre,2 - mercredi,Lyon 7e  Arrondissement
,201600053195,2016-09-21,75,13,75111,48.8591,2.37789,Hors intersection,Deux véhicules - par le coté,Plein jour,Normale,Voie Communale,,2,Plat,Partie rectiligne,,150,normale,,Sur chaussée,Conducteur,1,M,45-46,Promenade - loisirs,Casque,Non,1,1,09 - septembre,2 - mercredi,Paris 11e  Arrondissement
,201600055154,2016-09-21,75,17,75116,48.8396,2.26773,Hors intersection,Deux véhicules - par l’arrière,Plein jour,Normale,Voie Communale,,6,Plat,Partie rectiligne,,,normale,,,Conducteur,1,F,48-49,Domicile - travail,Casque,Non,1,1,09 - septembre,2 - mercredi,Paris 16e  Arrondissement
,201600056315,2016-09-21,75,9,75119,48.8784,2.37423,Intersection en X,Autre,Plein jour,Normale,Voie Communale,,2,Pente,Partie rectiligne,,,normale,,Sur chaussée,Conducteur,0,M,26-27,Domicile - travail,Casque,Non,,1,09 - septembre,2 - mercredi,Paris 19e  Arrondissement
,201600058982,2016-09-21,974,18,97407,-20.93181,55.29711,Hors intersection,Deux véhicules - par l’arrière,Plein jour,Normale,Route Départementale,,1,Plat,En courbe à droite,50,50,normale,Carrefour aménagé,Sur chaussée,Conducteur,2,M,58-59,Promenade - loisirs,Autre,Non,1,1,09 - septembre,2 - mercredi,Port
,201600001818,2016-09-20,44,16,44026,47.29278,-1.43954,Hors intersection,Deux véhicules - frontale,Plein jour,Normale,Route Départementale,,2,,Partie rectiligne,,60,normale,,Sur chaussée,Conducteur,0,M,65-66,Promenade - loisirs,Casque,Oui,1,,09 - septembre,1 - mardi,Carquefou
,201600001818,2016-09-20,44,16,44026,47.29278,-1.43954,Hors intersection,Deux véhicules - frontale,Plein jour,Normale,Route Départementale,,2,,Partie rectiligne,,60,normale,,Sur chaussée,Conducteur,3,M,64-65,Promenade - loisirs,Casque,Oui,1,,09 - septembre,1 - mardi,Carquefou
,201600015557,2016-09-20,13,7,13055,43.30227,5.40076,Hors intersection,Trois véhicules et plus - collisions multiples,Plein jour,Normale,Voie Communale,,6,Plat,Partie rectiligne,,90,normale,,Sur chaussée,Conducteur,1,M,30-31,,Casque,Oui,2,1,09 - septembre,1 - mardi,Marseille