test,identifiantAccident,date,departement,heure,commune,lat,lon,typeIntersection,typeCollision,luminosite,conditionsAtmosperiques,typeRoute,circulation,nbVoies,profilLongRoute,tracePlanRoute,largeurTPC,largeurRoute,etatSurface,amenagement,situation,categorieUsager,graviteAccident,sexe,age,motifDeplacement,existenceSecurite,usageSecurite,nombreAutresVehicules,enAgglomeration,mois,jour,NCCENR
,201600015558,2016-09-20,13,15,13055,43.25346,5.405,Hors intersection,Deux véhicules - par l’arrière,Plein jour,Normale,Voie Communale,,1,Plat,Partie rectiligne,,50,normale,,Sur trottoir,Conducteur,1,M,11-12,Domicile - école,Autre,Non déterminable,1,1,09 - septembre,1 - mardi,Marseille
,201600018559,2016-09-20,12,15,12133,44.2897,2.57794,Hors intersection,Deux véhicules - par le coté,Plein jour,Normale,Route Départementale,,2,Plat,Partie rectiligne,,80,normale,,Sur chaussée,Conducteur,2,M,69-70,Promenade - loisirs,Casque,Oui,1,,09 - septembre,1 - mardi,Luc-la-Primaube
,201600020778,2016-09-20,21,10,21231,47.30858,5.05602,Hors intersection,Deux véhicules - par le coté,Plein jour,Normale,Voie Communale,,2,Plat,Partie rectiligne,,30,normale,,Sur chaussée,Conducteur,1,F,42-43,Promenade - loisirs,Casque,Oui,1,1,09 - septembre,1 - mardi,Dijon
,201600028419,2016-09-20,51,17,51454,49.26087,4.03456,Hors intersection,Deux véhicules - frontale,Plein jour,Normale,Route Nationale,,4,Plat,Partie rectiligne,,110,normale,,Sur chaussée,Conducteur,1,M,18-19,,Casque,Non,1,1,09 - septembre,1 - mardi,Reims
,201600032613,2016-09-20,67,7,67482,48.57213,7.76723,Intersection en T,Deux véhicules - par le coté,Plein jour,Normale,Voie Communale,,2,Plat,,,71,normale,,Sur chaussée,Conducteur,1,F,42-43,Domicile - travail,Equipement réfléchissant,Non déterminable,1,1,09 - septembre,1 - mardi,Strasbourg
,201600032614,2016-09-20,67,7,67482,48.57153,7.77015,Intersection en X,Deux véhicules - par le coté,Crépuscule ou aube,Normale,Voie Communale,,3,Plat,Partie rectiligne,,90,normale,,Sur chaussée,Conducteur,1,M,19-20,Domicile - école,Autre,Non déterminable,1,1,09 - septembre,1 - mardi,Strasbourg
,201600033991,2016-09-20,76,23,76540,49.45086,1.06637,Intersection en X,Deux véhicules - par le coté,Nuit avec éclairage public allumé,Normale,Voie Communale,,2,Pente,Partie rectiligne,,,normale,Carrefour aménagé,Sur chaussée,Conducteur,2,M,21-22,Promenade - loisirs,Casque,Non,1,1,09 - septembre,1 - mardi,Rouen
,201600034975,2016-09-20,80,10,80021,49.90603,2.27026,Hors intersection,Deux véhicules - par le coté,Plein jour,Normale,Route Départementale,,2,Plat,Partie rectiligne,,,normale,,Sur chaussée,Conducteur,1,F,33-34,Promenade - loisirs,Casque,Oui,1,1,09 - septembre,1 - mardi,Amiens
,201600037532,2016-09-20,92,10,92012,0,0,Hors intersection,Deux véhicules - par le coté,Plein jour,Normale,Route Départementale,,2,Plat,Partie rectiligne,,,normale,,Sur chaussée,Conducteur,1,F,64-65,Promenade - loisirs,Casque,Non,1,1,09 - septembre,1 - mardi,Boulogne-Billancourt
,201600041626,2016-09-20,93,15,93070,0,0,Intersection en T,Autre,Plein jour,Normale,Voie Communale,,2,Plat,,,,normale,,Sur chaussée,Conducteur,0,M,24-25,Domicile - travail,Autre,Non déterminable,,1,09 - septembre,1 - mardi,Saint-Ouen
,201600044063,2016-09-20,95,10,95063,48.9283,2.2147,Intersection en T,Deux véhicules - par le coté,Plein jour,Normale,Route Départementale,,3,Plat,Partie rectiligne,,,normale,,Sur chaussée,Conducteur,1,M,29-30,Promenade - loisirs,Casque,Non,1,1,09 - septembre,1 - mardi,Bezons
,201600048626,2016-09-20,69,15,69385,45.75944,4.82546,Intersection à plus de 4 branches,Autre,Plein jour,Normale,Voie Communale,,,Bas de côte,Partie rectiligne,,,normale,Zone piétonne,Sur chaussée,Conducteur,1,M,75-76,Promenade - loisirs,Casque,Non,,1,09 - septembre,1 - mardi,Lyon 5e  Arrondissement
,201600054664,2016-09-20,75,17,75115,48.8404,2.31491,Intersection en X,Deux véhicules - par le coté,Plein jour,Normale,Voie Communale,,2,Plat,Partie rectiligne,,,normale,Carrefour aménagé,Sur chaussée,Conducteur,1,M,25-26,,Casque,Non,1,1,09 - septembre,1 - mardi,Paris 15e  Arrondissement
,201600057767,2016-09-20,973,15,97304,0,0,Hors intersection,Deux véhicules - frontale,Plein jour,Normale,Autre,,2,,Partie rectiligne,,71,normale,,Sur chaussée,Conducteur,3,M,14-15,,,,1,1,09 - septembre,1 - mardi,Kourou
,201600006899,2016-09-19,68,20,68063,0,0,Intersection en T,Deux véhicules - par le coté,Nuit avec éclairage public allumé,Autre,Route Départementale,,3,Pente,Partie rectiligne,,90,normale,Carrefour aménagé,,Conducteur,1,F,35-36,Promenade - loisirs,Casque,Non déterminable,1,1,09 - septembre,0 - lundi,Cernay
,201600016517,2016-09-19,13,16,13071,43.40992,5.31144,Hors intersection,Deux véhicules - frontale,Plein jour,Normale,Voie Communale,,2,Bas de côte,Partie rectiligne,,,normale,,Sur chaussée,Conducteur,1,M,61-62,,Autre,Non déterminable,1,1,09 - septembre,0 - lundi,Pennes-Mirabeau
,201600022011,2016-09-19,29,18,29039,47.88574,-3.91349,Giratoire,Deux véhicules - par le coté,Plein jour,Normale,Route Départementale,,1,Plat,En courbe à gauche,220,100,normale,,Sur chaussée,Conducteur,2,M,31-32,,Casque,Non déterminable,1,,09 - septembre,0 - lundi,Concarneau
,201600032612,2016-09-19,67,16,67482,0,0,Hors intersection,Deux véhicules - par le coté,Plein jour,Normale,Voie Communale,,4,Plat,Partie rectiligne,,130,normale,,Sur chaussée,Conducteur,1,F,38-39,,Equipement réfléchissant,Non déterminable,1,1,09 - septembre,0 - lundi,Strasbourg
,201600037531,2016-09-19,92,14,92012,0,0,Hors intersection,Deux véhicules - par le coté,Plein jour,Normale,Voie Communale,,1,Plat,Partie rectiligne,,,normale,,Sur trottoir,Conducteur,1,F,54-55,Domicile - travail,Casque,Non,1,1,09 - septembre,0 - lundi,Boulogne-Billancourt
,201600037531,2016-09-19,92,14,92012,0,0,Hors intersection,Deux véhicules - par le coté,Plein jour,Normale,Voie Communale,,1,Plat,Partie rectiligne,,,normale,,Sur trottoir,Conducteur,0,M,18-19,Promenade - loisirs,Casque,Oui,1,1,09 - septembre,0 - lundi,Boulogne-Billancourt
,201600048623,2016-09-19,69,7,69202,45.73239,4.80386,Intersection en X,Deux véhicules - par le coté,Plein jour,Normale,Voie Communale,,1,Pente,Partie rectiligne,,82,normale,,,Conducteur,2,M,29-30,Domicile - travail,Autre,Non,1,1,09 - septembre,0 - lundi,Sainte-Foy-lès-Lyon
,201600049429,2016-09-19,69,17,69387,45.75158,4.8537,Intersection en X,Deux véhicules - frontale,Plein jour,Normale,Voie Communale,,,Plat,Partie rectiligne,,,normale,,Sur chaussée,Conducteur,1,M,22-23,,Casque,Non,1,1,09 - septembre,0 - lundi,Lyon 7e  Arrondissement
,201600052099,2016-09-19,75,10,75107,48.8597,2.29224,Hors intersection,Deux véhicules - par le coté,Plein jour,Temps couvert,Voie Communale,,4,Plat,Partie rectiligne,,,mouillée,,Sur chaussée,Conducteur,1,M,61-62,,Casque,Non déterminable,1,1,09 - septembre,0 - lundi,Paris 7e  Arrondissement
,201600058809,2016-09-19,973,21,97302,0,0,Hors intersection,Deux véhicules - par l’arrière,Nuit avec éclairage public allumé,Normale,Route Départementale,,2,Plat,En courbe à gauche,,,normale,,Sur chaussée,Conducteur,1,M,26-27,Autre,Casque,Non,1,1,09 - septembre,0 - lundi,Cayenne
,201600059229,2016-09-19,974,19,97416,-21.29025,55.48521,Hors intersection,Deux véhicules - par l’arrière,Nuit avec éclairage public allumé,Normale,Route Départementale,,,Plat,Partie rectiligne,,,normale,,Sur chaussée,Conducteur,1,M,15-16,Promenade - loisirs,Autre,Non,1,,09 - septembre,0 - lundi,Saint-Pierre
,201600001137,2016-09-18,29,8,29177,48.43322,-4.70752,Hors intersection,Trois véhicules et plus - collisions multiples,Plein jour,Temps éblouissant,Route Départementale,,,Plat,Partie rectiligne,,,normale,,Sur chaussée,Conducteur,2,M,50-51,Promenade - loisirs,Casque,Oui,1,,09 - septembre,6 - dimanche,Plouarzel
,201600001137,2016-09-18,29,8,29177,48.43322,-4.70752,Hors intersection,Trois véhicules et plus - collisions multiples,Plein jour,Temps éblouissant,Route Départementale,,,Plat,Partie rectiligne,,,normale,,Sur chaussée,Conducteur,1,M,50-51,Promenade - loisirs,Casque,Oui,1,,09 - septembre,6 - dimanche,Plouarzel
,201600010098,2016-09-18,36,16,36018,0,0,Autre intersection,Deux véhicules - frontale,Plein jour,Normale,Autre,,2,Plat,Partie rectiligne,,,normale,,Sur chaussée,Conducteur,2,F,14-15,Promenade - loisirs,Ceinture,,1,1,09 - septembre,6 - dimanche,Blanc
,201600039013,2016-09-18,92,19,92051,0,0,Hors intersection,Trois véhicules et plus - collisions multiples,Nuit avec éclairage public allumé,Pluie légère,Voie Communale,,,Plat,Partie rectiligne,,,mouillée,,Sur chaussée,Conducteur,1,M,39-40,Autre,Casque,Oui,2,1,09 - septembre,6 - dimanche,Neuilly-sur-Seine
,201600051757,2016-09-18,75,14,75105,48.8494,2.35682,Intersection à plus de 4 branches,Deux véhicules - par le coté,Plein jour,Temps couvert,Voie Communale,,4,Plat,Partie rectiligne,10,165,normale,,Sur chaussée,Conducteur,1,F,31-32,Promenade - loisirs,Casque,Oui,1,1,09 - septembre,6 - dimanche,Paris 5e  Arrondissement
,201600052098,2016-09-18,75,19,75107,48.8627,2.31902,Intersection en X,Deux véhicules - par le coté,Crépuscule ou aube,Pluie forte,Voie Communale,,3,Plat,Partie rectiligne,,,mouillée,,Sur chaussée,Conducteur,1,M,22-23,Promenade - loisirs,Casque,Oui,1,1,09 - septembre,6 - dimanche,Paris 7e  Arrondissement
,201600055606,2016-09-18,75,12,75117,48.8856,2.29167,Intersection en X,Deux véhicules - par le coté,Plein jour,Normale,Voie Communale,,4,Plat,Partie rectiligne,10,100,normale,,Sur chaussée,Conducteur,2,M,53-54,,Casque,Non,1,1,09 - septembre,6 - dimanche,Paris 17e  Arrondissement
,201600058517,2016-09-18,972,7,97213,0,0,Hors intersection,Deux véhicules - par le coté,Plein jour,Normale,Route Nationale,,,,,,,,,,Conducteur,1,M,40-41,,Casque,Oui,1,,09 - septembre,6 - dimanche,Lamentin
,201600001168,2016-09-17,29,14,29020,48.099,-4.045,Hors intersection,Deux véhicules - frontale,Plein jour,Normale,Route Départementale,,,Plat,Partie rectiligne,,70,normale,,Sur chaussée,Conducteur,2,M,76-77,Promenade - loisirs,Casque,Oui,1,,09 - septembre,5 - samedi,Briec
,201600002036,2016-09-17,49,17,49126,47.31426,-1.19301,Hors intersection,Trois véhicules et plus - collisions multiples,Plein jour,Normale,Voie Communale,,2,Pente,Partie rectiligne,,,normale,,Sur chaussée,Conducteur,3,M,11-12,Promenade - loisirs,Casque,Non,1,,09 - septembre,5 - samedi,Drain
,201600002036,2016-09-17,49,17,49126,47.31426,-1.19301,Hors intersection,Trois véhicules et plus - collisions multiples,Plein jour,Normale,Voie Communale,,2,Pente,Partie rectiligne,,,normale,,Sur chaussée,Conducteur,2,M,10-11,Promenade - loisirs,Casque,Non,1,,09 - septembre,5 - samedi,Drain
,201600017169,2016-09-17,24,18,24330,45.0307,1.04821,Hors intersection,Aucune,Plein jour,Normale,Route Départementale,,,Pente,Partie rectiligne,,50,normale,,Sur chaussée,Conducteur,2,M,25-26,Promenade - loisirs,Casque,Oui,,,09 - septembre,5 - samedi,Plazac
,201600019043,2016-09-17,80,20,80620,49.93389,2.93291,Hors intersection,Deux véhicules - frontale,Nuit avec éclairage public allumé,Normale,Voie Communale,,2,Pente,Partie rectiligne,,,normale,,Sur chaussée,Conducteur,2,M,15-16,Promenade - loisirs,Autre,Oui,1,1,09 - septembre,5 - samedi,Péronne
,201600023111,2016-09-17,31,4,31555,0,0,Hors intersection,Deux véhicules - par l’arrière,Nuit avec éclairage public allumé,Normale,Voie Communale,,3,Pente,Partie rectiligne,,,normale,Pont - autopont,Sur chaussée,Conducteur,1,M,20-21,Promenade - loisirs,Equipement réfléchissant,Non déterminable,1,1,09 - septembre,5 - samedi,Toulouse
,201600032610,2016-09-17,67,5,67482,48.57172,7.77026,Intersection en X,Deux véhicules - par le coté,Nuit avec éclairage public allumé,Normale,Voie Communale,,5,Plat,Partie rectiligne,128,157,normale,,,Conducteur,3,M,44-45,,Casque,Oui,1,1,09 - septembre,5 - samedi,Strasbourg
,201600037168,2016-09-17,92,22,92002,0,0,Intersection en X,Autre,Nuit avec éclairage public allumé,Normale,Route Départementale,,4,Plat,Partie rectiligne,10,120,normale,,Sur chaussée,Conducteur,1,M,14-15,Promenade - loisirs,Equipement réfléchissant,Oui,1,1,09 - septembre,5 - samedi,Antony
,201600048617,2016-09-17,69,13,69381,0,0,Autre intersection,Autre,Plein jour,Temps couvert,Voie Communale,,1,Pente,Partie rectiligne,,,normale,,Sur chaussée,Conducteur,2,M,19-20,,Autre,Non,1,1,09 - septembre,5 - samedi,Lyon 1er Arrondissement
,201600048618,2016-09-17,69,17,69389,45.47223,4.47128,Hors intersection,Deux véhicules - par le coté,Plein jour,Pluie légère,Parc de stationnement ouvert à la circulation publique,,,,,,,mouillée,,Sur chaussée,Conducteur,1,M,2-3,Promenade - loisirs,Casque,Oui,1,1,09 - septembre,5 - samedi,Lyon 9e  Arrondissement
,201600001704,2016-09-16,1,17,1053,46.19541,5.22533,Intersection en X,Deux véhicules - par le coté,Plein jour,Normale,Voie Communale,,3,Plat,Partie rectiligne,1,1,mouillée,Carrefour aménagé,Sur chaussée,Conducteur,1,M,48-49,,Autre,Non,1,1,09 - septembre,4 - vendredi,Bourg-en-Bresse
,201600007614,2016-09-16,25,17,25132,47.33267,6.17227,Hors intersection,Deux véhicules - frontale,Plein jour,Normale,Route Départementale,,2,Pente,Partie rectiligne,,56,normale,,Sur chaussée,Conducteur,2,M,48-49,Promenade - loisirs,Casque,Oui,1,,09 - septembre,4 - vendredi,Châtillon-Guyotte
,201600012953,2016-09-16,10,13,10387,48.30316,4.07381,Hors intersection,Autre,Plein jour,Normale,Voie Communale,,2,Plat,Partie rectiligne,,,normale,,Sur chaussée,Conducteur,2,F,23-24,,Casque,Non,1,1,09 - septembre,4 - vendredi,Troyes
,201600018478,2016-09-16,29,16,29189,48.38435,-4.37719,Giratoire,Deux véhicules - par le coté,Plein jour,Normale,Route Départementale,,,Plat,En courbe à gauche,,,normale,Carrefour aménagé,Sur chaussée,Conducteur,2,M,69-70,Promenade - loisirs,Casque,Non,1,1,09 - septembre,4 - vendredi,Plougastel-Daoulas
,201600021925,2016-09-16,29,18,29019,48.40068,-4.48472,Hors intersection,Deux véhicules - par l’arrière,Plein jour,Normale,Voie Communale,,,Plat,Partie rectiligne,,,normale,,Sur chaussée,Conducteur,1,M,18-19,,Casque,Oui,1,1,09 - septembre,4 - vendredi,Brest
,201600023529,2016-09-16,33,20,33529,44.6392,-1.1468,Intersection en X,Deux véhicules - frontale,Nuit avec éclairage public allumé,Normale,Route Départementale,,2,Plat,En courbe à droite,,80,normale,,Sur chaussée,Conducteur,2,M,49-50,,Equipement réfléchissant,Oui,1,1,09 - septembre,4 - vendredi,Teste-de-Buch
,201600025582,2016-09-16,36,6,36044,46.8101,1.69059,Hors intersection,Autre,Crépuscule ou aube,Normale,Voie Communale,,,Plat,Partie rectiligne,,,normale,,Sur trottoir,Conducteur,1,M,14-15,Domicile - travail,Casque,Non déterminable,,1,09 - septembre,4 - vendredi,Châteauroux
,201600027029,2016-09-16,44,14,44109,47.21278,-1.55349,Hors intersection,Deux véhicules - frontale,Plein jour,Normale,Voie Communale,,,Plat,Partie rectiligne,,,normale,,Sur chaussée,Conducteur,1,M,25-26,,Casque,Non déterminable,1,1,09 - septembre,4 - vendredi,Nantes
,201600029306,2016-09-16,56,,56121,47.75705,-3.37167,Hors intersection,Deux véhicules - par l’arrière,Nuit avec éclairage public allumé,Normale,Route Départementale,,3,Plat,Partie rectiligne,,,normale,,Sur piste cyclable,Conducteur,1,M,18-19,Promenade - loisirs,Casque,Oui,1,1,09 - septembre,4 - vendredi,Lorient
,201600029307,2016-09-16,56,14,56121,47.75067,-3.37596,Hors intersection,Deux véhicules - par le coté,Plein jour,Normale,Voie Communale,,2,Plat,Partie rectiligne,,,normale,,Sur trottoir,Conducteur,1,F,62-63,Promenade - loisirs,Casque,Oui,1,1,09 - septembre,4 - vendredi,Lorient
,201600048616,2016-09-16,69,17,69382,0,0,Hors intersection,Deux véhicules - frontale,Plein jour,Normale,Voie Communale,,3,Plat,Partie rectiligne,,,normale,,Sur piste cyclable,Conducteur,1,M,17-18,,Autre,Non,1,1,09 - septembre,4 - vendredi,Lyon 2e  Arrondissement
,201600053592,2016-09-16,75,19,75112,48.8333,2.39892,Intersection en T,Autre,Plein jour,Pluie forte,Voie Communale,,2,Pente,Partie rectiligne,,110,mouillée,,Sur chaussée,Conducteur,1,M,62-63,,Casque,Non,,1,09 - septembre,4 - vendredi,Paris 12e  Arrondissement
,201600053990,2016-09-16,75,11,75113,48.8387,2.36085,Hors intersection,Autre,Plein jour,Pluie légère,Voie Communale,,2,Pente,Partie rectiligne,,,mouillée,,Sur chaussée,Conducteur,1,M,18-19,Domicile - école,Casque,Non,1,1,09 - septembre,4 - vendredi,Paris 13e  Arrondissement
,201600058516,2016-09-16,972,14,97213,0,0,Hors intersection,Trois véhicules et plus - collisions multiples,Plein jour,Normale,Route Départementale,,,,,,,,,Sur chaussée,Conducteur,1,M,42-43,,Casque,Oui,2,,09 - septembre,4 - vendredi,Lamentin
,201600058805,2016-09-16,973,15,97302,4.54135,-5.21859,Hors intersection,Deux véhicules - frontale,Plein jour,Normale,Route Nationale,,3,Plat,Partie rectiligne,,100,normale,,,Conducteur,2,M,35-36,,Equipement réfléchissant,Oui,1,1,09 - septembre,4 - vendredi,Cayenne
,201600003460,2016-09-15,17,18,17150,45.97621,-0.43336,Hors intersection,Deux véhicules - par le coté,Plein jour,Normale,Route Départementale,,2,Plat,Partie rectiligne,,50,normale,,Sur chaussée,Conducteur,1,M,44-45,Promenade - loisirs,Casque,Oui,1,,09 - septembre,3 - jeudi,'Églises-d''Argenteuil'
,201600004463,2016-09-15,69,15,69052,0,0,Giratoire,Deux véhicules - par le coté,Plein jour,Normale,Voie Communale,,2,Plat,Partie rectiligne,,50,normale,,Sur chaussée,Conducteur,2,M,44-45,Promenade - loisirs,Casque,Non,1,1,09 - septembre,3 - jeudi,'Chazay-d''Azergues'
,201600011242,2016-09-15,6,11,6088,0,0,Hors intersection,Deux véhicules - par le coté,Plein jour,Normale,Voie Communale,,2,Plat,Partie rectiligne,,,normale,,Sur chaussée,Conducteur,1,M,59-60,,Autre,Non déterminable,1,1,09 - septembre,3 - jeudi,Nice
,201600011951,2016-09-15,8,17,8105,49.74911,4.71429,Hors intersection,Autre,Plein jour,Normale,Voie Communale,,,Plat,,,,normale,,Sur chaussée,Conducteur,0,M,16-17,Domicile - école,Casque,Oui,,1,09 - septembre,3 - jeudi,Charleville-Mézières
,201600012422,2016-09-15,91,19,91573,48.5889,2.52265,Hors intersection,Deux véhicules - par l’arrière,Crépuscule ou aube,Temps éblouissant,Route Départementale,,2,Plat,Partie rectiligne,,80,normale,,Sur chaussée,Conducteur,2,M,59-60,Promenade - loisirs,Casque,Oui,1,,09 - septembre,3 - jeudi,Saint-Pierre-du-Perray
,201600017987,2016-09-15,84,12,84079,44.05667,5.32696,Hors intersection,Aucune,Plein jour,Normale,Route Départementale,,,Plat,En « S »,,52,normale,Souterrain - tunnel,Sur chaussée,Conducteur,3,M,56-57,Promenade - loisirs,Casque,Non,,,09 - septembre,3 - jeudi,Monieux
,201600020833,2016-09-15,22,16,22113,48.73412,-3.43931,Giratoire,Autre,Plein jour,Normale,Parc de stationnement ouvert à la circulation publique,,,Plat,Partie rectiligne,,35,normale,,Sur chaussée,Conducteur,0,M,52-53,Autre,Casque,Oui,2,,09 - septembre,3 - jeudi,Lannion
,201600021306,2016-09-15,26,11,26281,45.05426,5.0839,Hors intersection,Autre,Plein jour,Normale,Voie Communale,,,Plat,Partie rectiligne,,,,,Sur piste cyclable,Conducteur,2,M,66-67,,Autre,Oui,1,1,09 - septembre,3 - jeudi,Romans-sur-Isère
,201600021769,2016-09-15,83,10,83048,43.192,6.588,Hors intersection,Deux véhicules - par le coté,Plein jour,Normale,Route Départementale,,2,Plat,Partie rectiligne,,61,normale,,Sur chaussée,Conducteur,3,M,68-69,Promenade - loisirs,Casque,Oui,1,,09 - septembre,3 - jeudi,Croix-Valmer
,201600026196,2016-09-15,38,9,38185,0,0,Intersection en X,Deux véhicules - par le coté,Plein jour,Normale,Voie Communale,,2,Plat,Partie rectiligne,,89,normale,,Sur chaussée,Conducteur,1,M,60-61,,Casque,Non,1,1,09 - septembre,3 - jeudi,Grenoble
,201600026389,2016-09-15,41,8,41018,47.58206,1.3097,Hors intersection,Aucune,Plein jour,Pluie légère,Voie Communale,,1,Plat,,,,mouillée,,Sur trottoir,Conducteur,1,M,31-32,Utilisation professionnelle,Casque,Oui,,1,09 - septembre,3 - jeudi,Blois
,201600027080,2016-09-15,44,17,44109,47.21338,-1.60242,Hors intersection,Deux véhicules - par le coté,Plein jour,Normale,Voie Communale,,2,Plat,Partie rectiligne,,,normale,,Sur chaussée,Conducteur,1,M,26-27,,Casque,Oui,1,1,09 - septembre,3 - jeudi,Nantes
,201600027248,2016-09-15,45,14,45068,0,0,Hors intersection,Deux véhicules - par le coté,Plein jour,Pluie légère,Route Départementale,,,Plat,Partie rectiligne,10,50,mouillée,,Sur chaussée,Conducteur,1,M,38-39,Autre,Autre,Oui,1,1,09 - septembre,3 - jeudi,Châlette-sur-Loing
,201600027312,2016-09-15,45,7,45169,47.93007,1.85451,Intersection en X,Deux véhicules - par le coté,Crépuscule ou aube,Normale,Voie Communale,,2,Plat,Partie rectiligne,,65,normale,,Sur chaussée,Conducteur,1,M,20-21,Autre,Equipement réfléchissant,Non,1,1,09 - septembre,3 - jeudi,Ingré
,201600030192,2016-09-15,59,14,59350,50.62304,3.04649,Intersection en X,Deux véhicules - par le coté,Plein jour,Normale,Voie Communale,,1,Plat,Partie rectiligne,,,normale,,Sur chaussée,Conducteur,2,M,32-33,Promenade - loisirs,Casque,Non,1,1,09 - septembre,3 - jeudi,Lille
,201600032609,2016-09-15,67,13,67482,48.58153,7.74849,Hors intersection,Autre,Plein jour,Normale,Voie Communale,,1,Plat,Partie rectiligne,,35,normale,,Sur chaussée,Conducteur,1,F,36-37,,Equipement réfléchissant,Non déterminable,,1,09 - septembre,3 - jeudi,Strasbourg
,201600037032,2016-09-15,91,9,91645,48.74219,2.26216,Intersection en T,Deux véhicules - par le coté,Plein jour,Pluie légère,Voie Communale,,2,Plat,Partie rectiligne,,,mouillée,,Sur chaussée,Conducteur,1,M,66-67,Promenade - loisirs,Casque,Non,1,1,09 - septembre,3 - jeudi,Verrières-le-Buisson
,201600040088,2016-09-15,93,17,93010,0,0,Hors intersection,Deux véhicules - par le coté,Plein jour,Normale,Voie Communale,,1,Plat,Partie rectiligne,,,normale,,Sur chaussée,Conducteur,2,M,18-19,,Casque,Oui,1,1,09 - septembre,3 - jeudi,Bondy
,201600042380,2016-09-15,94,12,94054,0,0,Intersection en T,Deux véhicules - par le coté,Plein jour,Normale,Voie Communale,,2,Plat,Partie rectiligne,,60,mouillée,Pont - autopont,Sur chaussée,Conducteur,1,M,19-20,Autre,Autre,Non déterminable,1,1,09 - septembre,3 - jeudi,Orly
,201600054303,2016-09-15,75,10,75114,48.8344,2.33242,Place,Deux véhicules - par l’arrière,Plein jour,Pluie légère,Voie Communale,,3,Plat,,,90,mouillée,,Sur chaussée,Conducteur,1,F,35-36,Domicile - travail,Casque,Non déterminable,1,1,09 - septembre,3 - jeudi,Paris 14e  Arrondissement
,201600054659,2016-09-15,75,9,75115,48.8538,2.29412,Intersection en X,Deux véhicules - par le coté,Plein jour,Pluie forte,Voie Communale,,,Plat,Partie rectiligne,,,mouillée,,Sur chaussée,Conducteur,1,M,27-28,Utilisation professionnelle,Casque,Oui,1,1,09 - septembre,3 - jeudi,Paris 15e  Arrondissement
,201600055142,2016-09-15,75,8,75116,48.8635,2.23921,Intersection à plus de 4 branches,Deux véhicules - par le coté,Plein jour,Pluie légère,Voie Communale,,,Pente,,,,mouillée,,Sur chaussée,Conducteur,1,F,57-58,Domicile - travail,Casque,Oui,1,1,09 - septembre,3 - jeudi,Paris 16e  Arrondissement
,201600055603,2016-09-15,75,8,75117,48.8942,2.32057,Intersection en X,Aucune,Plein jour,Pluie légère,Voie Communale,,2,Bas de côte,Partie rectiligne,,,mouillée,,Sur chaussée,Conducteur,1,F,49-50,Domicile - travail,Casque,Oui,,1,09 - septembre,3 - jeudi,Paris 17e  Arrondissement
,201600000304,2016-09-14,62,18,62519,50.51755,2.22933,Intersection en T,Deux véhicules - frontale,Plein jour,Normale,Route Départementale,,2,Plat,Partie rectiligne,,53,normale,,Sur chaussée,Conducteur,2,M,8-9,Promenade - loisirs,Ceinture,,1,1,09 - septembre,2 - mercredi,Lisbourg
,201600009678,2016-09-14,77,11,77100,48.50505,2.8272,Hors intersection,Deux véhicules - par l’arrière,Plein jour,Normale,Route Départementale,,2,Plat,Partie rectiligne,78,,normale,,Sur chaussée,Conducteur,2,M,55-56,Promenade - loisirs,Casque,Oui,1,,09 - septembre,2 - mercredi,Châtelet-en-Brie
,201600012771,2016-09-14,35,7,35131,48.12111,-1.83241,Hors intersection,Deux véhicules - par le coté,Nuit sans éclairage public,Temps couvert,Route Départementale,,,Pente,En courbe à gauche,,62,autre,,Sur chaussée,Conducteur,2,M,56-57,Domicile - travail,Equipement réfléchissant,Oui,1,,09 - septembre,2 - mercredi,Hermitage
,201600024158,2016-09-14,33,15,33063,44.86696,-0.56257,Hors intersection,Deux véhicules - frontale,Plein jour,Normale,Voie Communale,,4,Plat,Partie rectiligne,,,mouillée,,Sur chaussée,Conducteur,1,M,23-24,,Autre,Non déterminable,1,1,09 - septembre,2 - mercredi,Bordeaux
,201600025344,2016-09-14,35,16,35238,48.1056,-1.66605,Intersection à plus de 4 branches,Deux véhicules - par le coté,Plein jour,Normale,Voie Communale,,2,Plat,Partie rectiligne,,,normale,Carrefour aménagé,Sur chaussée,Conducteur,2,F,18-19,Domicile - travail,Casque,Non déterminable,1,1,09 - septembre,2 - mercredi,Rennes
,201600027697,2016-09-14,49,21,49267,47.48489,-0.51712,Hors intersection,Autre,Nuit avec éclairage public allumé,Normale,Voie Communale,,2,Plat,Partie rectiligne,,70,,,,Conducteur,2,M,15-16,Domicile - travail,Casque,Non déterminable,1,1,09 - septembre,2 - mercredi,'Saint-Barthélemy-d''Anjou'
,201600028412,2016-09-14,51,17,51454,49.28656,4.00802,Intersection en X,Autre,Plein jour,Normale,Voie Communale,,2,Plat,Partie rectiligne,,68,,,Sur chaussée,Conducteur,0,M,58-59,,Casque,Non,,1,09 - septembre,2 - mercredi,Reims
,201600031695,2016-09-14,64,10,64445,43.30771,-0.33851,Giratoire,Deux véhicules - par l’arrière,Plein jour,Normale,Voie Communale,,1,Plat,En courbe à gauche,,65,normale,,Sur chaussée,Conducteur,2,M,73-74,Autre,Casque,Oui,1,1,09 - septembre,2 - mercredi,Pau