test,identifiantAccident,date,departement,heure,commune,lat,lon,typeIntersection,typeCollision,luminosite,conditionsAtmosperiques,typeRoute,circulation,nbVoies,profilLongRoute,tracePlanRoute,largeurTPC,largeurRoute,etatSurface,amenagement,situation,categorieUsager,graviteAccident,sexe,age,motifDeplacement,existenceSecurite,usageSecurite,nombreAutresVehicules,enAgglomeration,mois,jour,NCCENR
,201600032608,2016-09-14,67,7,67482,48.56763,7.76328,Hors intersection,Autre,Plein jour,Normale,Voie Communale,,2,Plat,Partie rectiligne,,60,normale,,,Conducteur,1,F,13-14,,Casque,Non déterminable,1,1,09 - septembre,2 - mercredi,Strasbourg
,201600034972,2016-09-14,80,18,80021,49.9048,2.26505,Hors intersection,Deux véhicules - par le coté,Plein jour,Normale,Voie Communale,,2,Plat,Partie rectiligne,,,normale,,Sur chaussée,Conducteur,1,F,15-16,Domicile - école,Casque,Oui,1,1,09 - septembre,2 - mercredi,Amiens
,201600035607,2016-09-14,85,12,85194,46.50319,-1.78476,Hors intersection,Autre,Plein jour,Normale,Voie Communale,,2,Plat,Partie rectiligne,,,normale,,Sur chaussée,Conducteur,1,M,59-60,Promenade - loisirs,Autre,Non déterminable,1,1,09 - septembre,2 - mercredi,'Sables-d''Olonne'
,201600035607,2016-09-14,85,12,85194,46.50319,-1.78476,Hors intersection,Autre,Plein jour,Normale,Voie Communale,,2,Plat,Partie rectiligne,,,normale,,Sur chaussée,Conducteur,2,M,58-59,Promenade - loisirs,Autre,Non déterminable,1,1,09 - septembre,2 - mercredi,'Sables-d''Olonne'
,201600039547,2016-09-14,92,18,92026,0,0,Hors intersection,Deux véhicules - par le coté,Plein jour,Normale,Voie Communale,,2,Plat,Partie rectiligne,,60,normale,,Sur chaussée,Conducteur,1,F,16-17,Domicile - école,Autre,Non déterminable,1,1,09 - septembre,2 - mercredi,Courbevoie
,201600051916,2016-09-14,75,12,75106,48.8456,2.32862,Intersection en X,Deux véhicules - par le coté,Plein jour,Normale,Voie Communale,,1,Plat,Partie rectiligne,,30,normale,,Sur chaussée,Conducteur,2,F,22-23,Utilisation professionnelle,Casque,Non,1,1,09 - septembre,2 - mercredi,Paris 6e  Arrondissement
,201600053589,2016-09-14,75,14,75112,48.8325,2.40361,Hors intersection,Deux véhicules - par le coté,Plein jour,Normale,Voie Communale,,2,Pente,Partie rectiligne,,,normale,,Sur chaussée,Conducteur,1,M,10-11,Promenade - loisirs,Casque,Non,1,1,09 - septembre,2 - mercredi,Paris 12e  Arrondissement
,201600053988,2016-09-14,75,20,75113,48.8342,2.3448,Intersection en X,Autre,Plein jour,Pluie légère,Voie Communale,,2,Plat,Partie rectiligne,60,60,mouillée,,Sur chaussée,Conducteur,0,M,20-21,Promenade - loisirs,Casque,Oui,,1,09 - septembre,2 - mercredi,Paris 13e  Arrondissement
,201600054657,2016-09-14,75,14,75115,48.8527,2.29073,Intersection en X,Deux véhicules - par le coté,Plein jour,Normale,Voie Communale,,2,Plat,Partie rectiligne,,100,normale,,Sur chaussée,Conducteur,1,M,19-20,Domicile - travail,Casque,Non,1,1,09 - septembre,2 - mercredi,Paris 15e  Arrondissement
,201600055140,2016-09-14,75,11,75116,48.863,2.26851,Place,Deux véhicules - par le coté,Plein jour,Normale,Voie Communale,,4,Plat,Partie rectiligne,,,normale,,Sur chaussée,Conducteur,1,F,51-52,Promenade - loisirs,Casque,Non,1,1,09 - septembre,2 - mercredi,Paris 16e  Arrondissement
,201600000164,2016-09-13,59,10,59435,0,0,Hors intersection,Deux véhicules - frontale,Plein jour,Normale,Voie Communale,,2,,Partie rectiligne,,55,normale,,Sur chaussée,Conducteur,3,M,89-90,Promenade - loisirs,Ceinture,,1,1,09 - septembre,1 - mardi,Nomain
,201600000714,2016-09-13,27,18,27491,48.8299,1.01848,Hors intersection,Deux véhicules - frontale,Plein jour,Temps éblouissant,Route Départementale,,2,Plat,En courbe à droite,,67,normale,,Sur chaussée,Conducteur,3,M,52-53,Promenade - loisirs,Casque,Oui,1,,09 - septembre,1 - mardi,Roman
,201600002843,2016-09-13,24,10,24449,44.9983,0.23399,Hors intersection,Deux véhicules - par le coté,Plein jour,Normale,Route Départementale,,2,Plat,En « S »,,60,normale,,Sur chaussée,Conducteur,2,M,67-68,Promenade - loisirs,Casque,Oui,1,,09 - septembre,1 - mardi,'Saint-Martial-d''Artenset'
,201600006489,2016-09-13,67,11,67055,0,0,Hors intersection,Deux véhicules - frontale,Plein jour,Normale,Route Départementale,,2,Sommet de côte,Partie rectiligne,,,normale,Pont - autopont,Sur chaussée,Conducteur,2,M,65-66,Promenade - loisirs,Casque,Oui,1,,09 - septembre,1 - mardi,Boofzheim
,201600028411,2016-09-13,51,19,51454,49.22816,4.0358,Intersection en T,Deux véhicules - par le coté,Plein jour,Normale,Voie Communale,,2,Plat,Partie rectiligne,,48,,,Sur chaussée,Conducteur,1,M,47-48,Promenade - loisirs,Casque,Non,1,1,09 - septembre,1 - mardi,Reims
,201600029312,2016-09-13,56,16,56121,47.74861,-3.37423,Hors intersection,Aucune,Plein jour,Normale,Autre,,,,,,,,,Sur chaussée,Conducteur,1,M,24-25,,Autre,Non déterminable,,1,09 - septembre,1 - mardi,Lorient
,201600029495,2016-09-13,57,17,57597,49.25665,6.07277,Giratoire,Deux véhicules - par le coté,Plein jour,Normale,Route Départementale,,2,Plat,En courbe à droite,46,119,normale,,Sur chaussée,Conducteur,2,M,52-53,Promenade - loisirs,Autre,Non,1,1,09 - septembre,1 - mardi,Rosselange
,201600030203,2016-09-13,59,17,59527,0,0,Giratoire,Deux véhicules - par le coté,Plein jour,Normale,Voie Communale,,2,,,,,,,Sur chaussée,Conducteur,2,F,60-61,,Casque,Oui,1,1,09 - septembre,1 - mardi,Saint-André-lez-Lille
,201600031174,2016-09-13,62,12,62510,50.42407,2.78125,Hors intersection,Deux véhicules - par le coté,Plein jour,Normale,Route Départementale,,2,Plat,Partie rectiligne,,60,normale,Carrefour aménagé,Sur chaussée,Conducteur,1,M,10-11,Domicile - école,Autre,Non déterminable,1,1,09 - septembre,1 - mardi,Liévin
,201600033126,2016-09-13,69,6,69029,45.72786,4.91597,Hors intersection,Deux véhicules - par le coté,Plein jour,Normale,Voie Communale,,2,Plat,Partie rectiligne,,155,normale,,Sur trottoir,Conducteur,1,M,49-50,Domicile - travail,Casque,Non,1,1,09 - septembre,1 - mardi,Bron
,201600033578,2016-09-13,76,11,76259,49.75858,0.37578,Intersection en T,Deux véhicules - par le coté,Plein jour,Normale,Voie Communale,,2,Pente,Partie rectiligne,,110,normale,,Sur chaussée,Conducteur,2,M,40-41,Promenade - loisirs,Casque,Non,1,1,09 - septembre,1 - mardi,Fécamp
,201600036633,2016-09-13,91,8,91114,48.694,2.49,Hors intersection,Deux véhicules - par le coté,Crépuscule ou aube,Normale,Voie Communale,,2,Plat,Partie rectiligne,150,150,normale,,Sur chaussée,Conducteur,1,M,12-13,,Casque,Non déterminable,1,1,09 - septembre,1 - mardi,Brunoy
,201600043192,2016-09-13,94,9,94041,0,0,Intersection en T,Deux véhicules - par le coté,Plein jour,Normale,Voie Communale,,2,Plat,Partie rectiligne,,,normale,,Sur chaussée,Conducteur,1,F,27-28,Autre,Casque,Non,1,1,09 - septembre,1 - mardi,Ivry-sur-Seine
,201600049416,2016-09-13,69,13,69387,0,0,Intersection en X,Deux véhicules - par le coté,Plein jour,Normale,Voie Communale,,1,Plat,Partie rectiligne,,,normale,,Sur chaussée,Conducteur,0,M,21-22,Domicile - école,Casque,Non,1,1,09 - septembre,1 - mardi,Lyon 7e  Arrondissement
,201600053185,2016-09-13,75,19,75111,48.8552,2.39164,Hors intersection,Deux véhicules - par le coté,Plein jour,Normale,Voie Communale,,1,Plat,Partie rectiligne,,60,normale,,Sur chaussée,Conducteur,1,M,15-16,Promenade - loisirs,Casque,Non déterminable,1,1,09 - septembre,1 - mardi,Paris 11e  Arrondissement
,201600053587,2016-09-13,75,19,75112,48.84,2.43217,Intersection en T,Autre,Plein jour,Normale,Voie Communale,,2,Pente,Partie rectiligne,,25,,,Sur chaussée,Conducteur,0,M,22-23,Promenade - loisirs,Casque,Oui,,1,09 - septembre,1 - mardi,Paris 12e  Arrondissement
,201600053986,2016-09-13,75,11,75113,48.8381,2.36036,Hors intersection,Deux véhicules - par le coté,Plein jour,Normale,Voie Communale,,,Pente,Partie rectiligne,,153,normale,,Sur chaussée,Conducteur,1,M,35-36,Utilisation professionnelle,Casque,Non déterminable,1,1,09 - septembre,1 - mardi,Paris 13e  Arrondissement
,201600056309,2016-09-13,75,8,75119,48.8857,2.37091,Intersection en X,Deux véhicules - par le coté,Plein jour,Normale,Voie Communale,,2,Plat,Partie rectiligne,,,normale,,Sur chaussée,Conducteur,1,M,49-50,Promenade - loisirs,Casque,Non déterminable,1,1,09 - septembre,1 - mardi,Paris 19e  Arrondissement
,201600058980,2016-09-13,974,16,97407,0,0,Hors intersection,Deux véhicules - par le coté,Plein jour,Normale,Route Nationale,,4,Plat,Partie rectiligne,30,60,normale,,,Conducteur,1,M,59-60,,Casque,Oui,1,,09 - septembre,1 - mardi,Port
,201600005067,2016-09-12,38,13,38464,0,0,Hors intersection,Deux véhicules - par l’arrière,Plein jour,Normale,Route Départementale,,,Pente,Partie rectiligne,,61,normale,,Sur chaussée,Conducteur,2,F,55-56,Domicile - travail,Casque,Non,1,1,09 - septembre,0 - lundi,Saint-Victor-de-Cessieu
,201600005290,2016-09-12,42,8,42323,45.56591,4.29284,Hors intersection,Deux véhicules - par l’arrière,Plein jour,Normale,Route Départementale,,2,Plat,Partie rectiligne,,64,normale,,Sur chaussée,Conducteur,2,M,81-82,Promenade - loisirs,Casque,Non,1,1,09 - septembre,0 - lundi,Veauche
,201600005290,2016-09-12,42,8,42323,45.56591,4.29284,Hors intersection,Deux véhicules - par l’arrière,Plein jour,Normale,Route Départementale,,2,Plat,Partie rectiligne,,64,normale,,Sur chaussée,Conducteur,0,M,41-42,Domicile - travail,Casque,Non,1,1,09 - septembre,0 - lundi,Veauche
,201600020903,2016-09-12,22,12,22278,48.49773,-2.74823,Giratoire,Deux véhicules - par le coté,Plein jour,Normale,Voie Communale,,2,Plat,En courbe à gauche,,50,normale,Carrefour aménagé,Sur chaussée,Conducteur,1,M,31-32,Domicile - travail,Casque,Oui,1,,09 - septembre,0 - lundi,Saint-Brieuc
,201600021059,2016-09-12,25,17,25056,47.22983,5.9665,Hors intersection,Autre,Plein jour,Normale,Voie Communale,,2,Plat,Partie rectiligne,,,normale,,Sur chaussée,Conducteur,1,F,26-27,Domicile - travail,Casque,Oui,1,1,09 - septembre,0 - lundi,Besançon
,201600021579,2016-09-12,87,13,87127,45.5788,1.21649,Hors intersection,Deux véhicules - par l’arrière,Plein jour,Normale,Route Départementale,,2,Pente,Partie rectiligne,,65,normale,,Sur chaussée,Conducteur,2,M,26-27,Promenade - loisirs,Ceinture,,1,,09 - septembre,0 - lundi,'Roche-l''Abeille'
,201600027053,2016-09-12,44,17,44109,47.21822,-1.54045,Hors intersection,Aucune,Plein jour,Normale,Voie Communale,,2,,,,,,,,Conducteur,2,M,70-71,,Casque,Non déterminable,,1,09 - septembre,0 - lundi,Nantes
,201600032599,2016-09-12,67,8,67482,48.59096,7.74624,Intersection en X,Deux véhicules - par le coté,Plein jour,Normale,Voie Communale,,6,Plat,Partie rectiligne,100,240,normale,,Sur chaussée,Conducteur,1,M,54-55,,Equipement réfléchissant,Oui,1,1,09 - septembre,0 - lundi,Strasbourg
,201600032602,2016-09-12,67,15,67482,48.58815,7.75881,Intersection en T,Deux véhicules - par le coté,Plein jour,Normale,Voie Communale,,2,Plat,Partie rectiligne,,90,normale,,,Conducteur,0,M,49-50,Promenade - loisirs,Autre,Non déterminable,1,1,09 - septembre,0 - lundi,Strasbourg
,201600032602,2016-09-12,67,15,67482,48.58815,7.75881,Intersection en T,Deux véhicules - par le coté,Plein jour,Normale,Voie Communale,,2,Plat,Partie rectiligne,,90,normale,,,Conducteur,1,F,74-75,Promenade - loisirs,Autre,Non déterminable,1,1,09 - septembre,0 - lundi,Strasbourg
,201600033125,2016-09-12,69,10,69266,45.77272,4.86194,Intersection en X,Trois véhicules et plus - collisions multiples,Plein jour,Normale,Voie Communale,,4,Plat,Partie rectiligne,33,124,normale,,Sur chaussée,Conducteur,1,M,79-80,Promenade - loisirs,Casque,Non,2,1,09 - septembre,0 - lundi,Villeurbanne
,201600033459,2016-09-12,74,16,74010,45.90255,6.12177,Hors intersection,Autre,Plein jour,Normale,Voie Communale,,2,Pente,Partie rectiligne,,59,normale,,Sur chaussée,Conducteur,2,M,15-16,,Casque,Non,1,1,09 - septembre,0 - lundi,Annecy
,201600034208,2016-09-12,77,16,77288,48.5529,2.66491,Autre intersection,Deux véhicules - par l’arrière,Plein jour,Normale,Route Départementale,,4,Plat,Partie rectiligne,,,normale,Bretelle d’échangeur ou de raccordement,Sur chaussée,Conducteur,2,M,64-65,,Casque,Oui,1,1,09 - septembre,0 - lundi,Melun
,201600036965,2016-09-12,91,16,91691,48.7111,2.48618,Intersection en X,Deux véhicules - par le coté,Plein jour,Normale,Voie Communale,,2,Plat,Partie rectiligne,,,normale,,Sur chaussée,Conducteur,1,M,84-85,Autre,Casque,Oui,1,1,09 - septembre,0 - lundi,Yerres
,201600038009,2016-09-12,92,17,92025,0,0,Intersection en X,Deux véhicules - par le coté,Plein jour,Normale,Voie Communale,,1,Plat,Partie rectiligne,,,normale,,Sur chaussée,Conducteur,1,M,10-11,Promenade - loisirs,Casque,Oui,1,1,09 - septembre,0 - lundi,Colombes
,201600039161,2016-09-12,92,17,92063,0,0,Hors intersection,Autre,Plein jour,Normale,Voie Communale,,1,Plat,Partie rectiligne,,85,normale,,Sur chaussée,Conducteur,1,M,12-13,Promenade - loisirs,Autre,Non,1,1,09 - septembre,0 - lundi,Rueil-Malmaison
,201600040841,2016-09-12,93,9,93048,0,0,Intersection en T,Deux véhicules - par le coté,Plein jour,Normale,Voie Communale,,1,Pente,Partie rectiligne,,,normale,,Sur chaussée,Conducteur,1,M,43-44,Domicile - travail,Casque,Oui,1,1,09 - septembre,0 - lundi,Montreuil
,201600040949,2016-09-12,93,17,93050,0,0,Hors intersection,Deux véhicules - par le coté,Plein jour,Normale,Voie Communale,,2,Bas de côte,Partie rectiligne,,50,normale,,Sur chaussée,Conducteur,1,M,24-25,Domicile - travail,Casque,Oui,1,1,09 - septembre,0 - lundi,Neuilly-sur-Marne
,201600043105,2016-09-12,94,18,94065,0,0,Hors intersection,Deux véhicules - par l’arrière,Plein jour,Normale,Voie Communale,,5,Plat,Partie rectiligne,,,normale,,Sur chaussée,Conducteur,1,M,37-38,Domicile - travail,Casque,Oui,1,1,09 - septembre,0 - lundi,Rungis
,201600043560,2016-09-12,94,18,94068,0,0,Hors intersection,Deux véhicules - par l’arrière,Plein jour,Normale,Route Nationale,,5,Plat,Partie rectiligne,,100,normale,,Sur chaussée,Conducteur,2,M,16-17,Domicile - école,Casque,Non,1,1,09 - septembre,0 - lundi,Saint-Maur-des-Fossés
,201600049415,2016-09-12,69,16,69387,45.4456,4.50292,Intersection en X,Deux véhicules - par le coté,Plein jour,Normale,Voie Communale,,1,Plat,Partie rectiligne,,70,normale,,Sur chaussée,Conducteur,1,M,19-20,,Autre,Non déterminable,1,1,09 - septembre,0 - lundi,Lyon 7e  Arrondissement
,201600049417,2016-09-12,69,12,69388,0,0,Intersection en X,Deux véhicules - par le coté,Plein jour,Normale,Voie Communale,,1,,,,40,,,Sur chaussée,Conducteur,1,M,14-15,Promenade - loisirs,Casque,Non,1,1,09 - septembre,0 - lundi,Lyon 8e  Arrondissement
,201600005460,2016-09-11,74,17,74136,0,0,Hors intersection,Aucune,Plein jour,Normale,Voie Communale,,,Pente,En courbe à gauche,,,normale,,Sur chaussée,Conducteur,2,M,42-43,Promenade - loisirs,Casque,Oui,,,09 - septembre,6 - dimanche,Grand-Bornand
,201600011768,2016-09-11,68,17,68278,47.76526,7.42876,Hors intersection,Deux véhicules - par l’arrière,Plein jour,Normale,Autre,,2,Plat,Partie rectiligne,,30,normale,,Sur piste cyclable,Conducteur,2,F,51-52,Promenade - loisirs,Casque,Oui,1,,09 - septembre,6 - dimanche,Rixheim
,201600011768,2016-09-11,68,17,68278,47.76526,7.42876,Hors intersection,Deux véhicules - par l’arrière,Plein jour,Normale,Autre,,2,Plat,Partie rectiligne,,30,normale,,Sur piste cyclable,Conducteur,0,M,60-61,Promenade - loisirs,Casque,Oui,1,,09 - septembre,6 - dimanche,Rixheim
,201600017723,2016-09-11,6,11,6010,0,0,Hors intersection,Aucune,Plein jour,Normale,Route Départementale,,2,Pente,En courbe à droite,,121,normale,,Sur chaussée,Conducteur,2,M,67-68,Promenade - loisirs,Casque,Oui,,,09 - septembre,6 - dimanche,Bar-sur-Loup
,201600022189,2016-09-11,29,9,29232,48.01681,-4.09563,Giratoire,Deux véhicules - par l’arrière,Plein jour,Normale,Route Départementale,,1,Plat,En courbe à gauche,,,normale,Carrefour aménagé,Sur chaussée,Conducteur,1,M,56-57,Promenade - loisirs,Casque,Oui,1,1,09 - septembre,6 - dimanche,Quimper
,201600025951,2016-09-11,37,19,37261,47.37384,0.69514,Hors intersection,Aucune,Plein jour,Normale,Voie Communale,,,Plat,Partie rectiligne,,,normale,,Sur trottoir,Conducteur,1,M,11-12,Promenade - loisirs,Autre,Non déterminable,,1,09 - septembre,6 - dimanche,Tours
,201600029303,2016-09-11,56,12,56098,47.76641,-3.33466,Intersection en T,Deux véhicules - par le coté,Plein jour,Normale,Route Départementale,,2,Plat,Partie rectiligne,,,normale,,Sur chaussée,Conducteur,1,M,14-15,Promenade - loisirs,Autre,Non,1,1,09 - septembre,6 - dimanche,Lanester
,201600029311,2016-09-11,56,15,56121,47.74677,-3.35805,Hors intersection,Aucune,Plein jour,Normale,Autre,,,,,,,,,Sur chaussée,Conducteur,1,M,65-66,,Autre,Non déterminable,,1,09 - septembre,6 - dimanche,Lorient
,201600030817,2016-09-11,61,9,61001,48.43898,0.08332,Giratoire,Deux véhicules - par le coté,Plein jour,Normale,Route Départementale,,2,Plat,Partie rectiligne,,,normale,Carrefour aménagé,Sur chaussée,Conducteur,1,F,59-60,Promenade - loisirs,Casque,Non,1,1,09 - septembre,6 - dimanche,Alençon
,201600037297,2016-09-11,92,15,92004,0,0,Intersection en T,Deux véhicules - par l’arrière,Plein jour,Normale,Voie Communale,,2,Plat,Partie rectiligne,,,normale,,Sur chaussée,Conducteur,1,M,43-44,,Equipement réfléchissant,Oui,1,1,09 - septembre,6 - dimanche,Asnières-sur-Seine
,201600039160,2016-09-11,92,18,92063,0,0,Hors intersection,Autre,Plein jour,Normale,Voie Communale,,2,Plat,Partie rectiligne,,90,normale,,Sur chaussée,Conducteur,1,M,53-54,Promenade - loisirs,Autre,Non,1,1,09 - septembre,6 - dimanche,Rueil-Malmaison
,201600043187,2016-09-11,94,17,94041,0,0,Hors intersection,Deux véhicules - par le coté,Plein jour,Normale,Voie Communale,,2,Plat,Partie rectiligne,,50,normale,,Sur chaussée,Conducteur,1,F,46-47,Promenade - loisirs,Autre,Non déterminable,1,1,09 - septembre,6 - dimanche,Ivry-sur-Seine
,201600057610,2016-09-11,971,17,97111,0,0,Hors intersection,Deux véhicules - par le coté,Plein jour,Normale,Voie Communale,,1,Plat,Partie rectiligne,,40,normale,,Sur chaussée,Conducteur,2,M,15-16,Promenade - loisirs,Casque,Oui,1,,09 - septembre,6 - dimanche,Deshaies
,201600001472,2016-09-10,14,17,14460,49.19,0.301,Hors intersection,Deux véhicules - par le coté,Plein jour,Normale,Route Départementale,,,Plat,Partie rectiligne,64,,normale,,Sur chaussée,Conducteur,3,M,68-69,Promenade - loisirs,Casque,Oui,1,,09 - septembre,5 - samedi,Moyaux
,201600001885,2016-09-10,44,18,44024,47.16725,-1.72476,Hors intersection,Deux véhicules - frontale,Plein jour,Normale,Voie Communale,,2,,Partie rectiligne,45,,normale,Carrefour aménagé,Sur chaussée,Conducteur,2,M,9-10,,Autre,Non déterminable,1,1,09 - septembre,5 - samedi,Brains
,201600002183,2016-09-10,53,11,53147,48.28559,-0.62272,Giratoire,Deux véhicules - par le coté,Plein jour,Normale,Voie Communale,,2,Bas de côte,Partie rectiligne,,32,normale,,Sur chaussée,Conducteur,2,M,72-73,Promenade - loisirs,Autre,Oui,1,1,09 - septembre,5 - samedi,Mayenne
,201600003701,2016-09-10,31,11,31107,43.29719,1.22474,Hors intersection,Deux véhicules - par le coté,Plein jour,Normale,Voie Communale,,2,Plat,Partie rectiligne,,86,normale,,Sur chaussée,Conducteur,2,F,72-73,Courses - achats,Ceinture,,1,1,09 - septembre,5 - samedi,Carbonne
,201600019348,2016-09-10,74,10,74256,0,0,Hors intersection,Deux véhicules - frontale,Plein jour,Normale,Voie Communale,,,Plat,Partie rectiligne,,,normale,,,Conducteur,2,F,68-69,Promenade - loisirs,Casque,Non,1,1,09 - septembre,5 - samedi,Sallanches
,201600020405,2016-09-10,41,10,41141,47.90425,1.33745,Hors intersection,Deux véhicules - par le coté,Plein jour,Normale,Route Départementale,,2,Plat,Partie rectiligne,,68,normale,,Sur chaussée,Conducteur,2,M,67-68,Promenade - loisirs,Casque,Oui,1,,09 - septembre,5 - samedi,Moisy
,201600023526,2016-09-10,33,17,33529,44.63439,-1.20246,Intersection en X,Deux véhicules - par le coté,Plein jour,Normale,Route Départementale,,2,Plat,Partie rectiligne,,88,normale,,Sur chaussée,Conducteur,1,M,26-27,,Casque,Oui,1,1,09 - septembre,5 - samedi,Teste-de-Buch
,201600025950,2016-09-10,37,17,37261,47.38007,0.69574,Hors intersection,Autre,Plein jour,Normale,Voie Communale,,2,Plat,Partie rectiligne,,,normale,,Sur chaussée,Conducteur,1,M,30-31,Promenade - loisirs,Autre,Oui,1,1,09 - septembre,5 - samedi,Tours
,201600027073,2016-09-10,44,9,44109,47.24849,-1.52141,Giratoire,Autre,Plein jour,Normale,Voie Communale,,,,,,,,,Sur chaussée,Conducteur,2,F,70-71,,Casque,Oui,1,1,09 - septembre,5 - samedi,Nantes
,201600028556,2016-09-10,53,20,53130,48.07161,-0.77148,Intersection en T,Deux véhicules - par le coté,Nuit avec éclairage public allumé,Normale,Voie Communale,,2,Plat,Partie rectiligne,,,normale,Carrefour aménagé,Sur chaussée,Conducteur,2,M,67-68,,Autre,Non,1,1,09 - septembre,5 - samedi,Laval
,201600028908,2016-09-10,54,18,54265,0,0,Hors intersection,Deux véhicules - par le coté,Plein jour,Normale,Voie Communale,,1,Pente,Partie rectiligne,,,normale,,Sur chaussée,Conducteur,1,M,15-16,,Casque,Oui,1,1,09 - septembre,5 - samedi,Houdemont
,201600037735,2016-09-10,92,14,92023,0,0,Hors intersection,Deux véhicules - par l’arrière,Plein jour,Normale,Voie Communale,,2,Plat,Partie rectiligne,,,normale,,Sur trottoir,Conducteur,0,M,14-15,Promenade - loisirs,Casque,Non,1,1,09 - septembre,5 - samedi,Clamart
,201600037735,2016-09-10,92,14,92023,0,0,Hors intersection,Deux véhicules - par l’arrière,Plein jour,Normale,Voie Communale,,2,Plat,Partie rectiligne,,,normale,,Sur trottoir,Conducteur,2,M,,Promenade - loisirs,Casque,Non,1,1,09 - septembre,5 - samedi,Clamart
,201600041242,2016-09-10,93,12,93014,0,0,Intersection en X,Deux véhicules - par le coté,Plein jour,Normale,Voie Communale,,1,Plat,Partie rectiligne,,30,normale,,Sur chaussée,Conducteur,1,M,12-13,Promenade - loisirs,Casque,Non,1,1,09 - septembre,5 - samedi,Clichy-sous-Bois
,201600051384,2016-09-10,75,15,75103,48.8614,2.36714,Intersection en T,Deux véhicules - par l’arrière,Plein jour,Normale,Voie Communale,,6,Plat,Partie rectiligne,,172,normale,,Sur chaussée,Conducteur,1,F,26-27,Promenade - loisirs,Casque,Non,1,1,09 - septembre,5 - samedi,Paris 3e  Arrondissement
,201600051753,2016-09-10,75,17,75105,48.8428,2.36393,Hors intersection,Deux véhicules - par l’arrière,Plein jour,Normale,Voie Communale,,6,Plat,Partie rectiligne,,,normale,,Sur chaussée,Conducteur,1,M,42-43,,Casque,Non,1,1,09 - septembre,5 - samedi,Paris 5e  Arrondissement
,201600053182,2016-09-10,75,11,75111,48.8527,2.38864,Intersection en X,Autre,Plein jour,Normale,Voie Communale,,2,Plat,Partie rectiligne,,200,normale,,Sur chaussée,Conducteur,1,M,20-21,Domicile - travail,Casque,Non,1,1,09 - septembre,5 - samedi,Paris 11e  Arrondissement
,201600054294,2016-09-10,75,10,75115,48.8301,2.30571,Hors intersection,Deux véhicules - par l’arrière,Plein jour,Normale,Voie Communale,,1,Plat,Partie rectiligne,,50,normale,,Sur chaussée,Conducteur,1,M,65-66,Promenade - loisirs,Casque,Oui,1,1,09 - septembre,5 - samedi,Paris 15e  Arrondissement
,201600054295,2016-09-10,75,20,75114,48.8431,2.32635,Intersection en X,Deux véhicules - par le coté,Nuit avec éclairage public allumé,Normale,Voie Communale,,2,Plat,Partie rectiligne,,60,normale,Carrefour aménagé,Sur chaussée,Conducteur,1,M,71-72,Promenade - loisirs,Casque,Non,1,1,09 - septembre,5 - samedi,Paris 14e  Arrondissement
,201600000761,2016-09-09,27,16,27493,49.33915,1.26005,Hors intersection,Deux véhicules - par l’arrière,Plein jour,Temps éblouissant,Route Départementale,,,Pente,En courbe à droite,,65,normale,,Sur chaussée,Conducteur,3,M,53-54,Promenade - loisirs,Casque,Non déterminable,1,,09 - septembre,4 - vendredi,Romilly-sur-Andelle
,201600000899,2016-09-09,35,9,35257,48.39884,-1.37221,Giratoire,Deux véhicules - par le coté,Plein jour,Temps éblouissant,Route Départementale,,,Plat,En courbe à gauche,,,normale,Carrefour aménagé,Sur chaussée,Conducteur,2,M,69-70,,Casque,Oui,1,,09 - septembre,4 - vendredi,Saint-Brice-en-Coglès
,201600002405,2016-09-09,85,9,85300,46.69886,-1.5714,Hors intersection,Deux véhicules - frontale,Crépuscule ou aube,Temps éblouissant,Voie Communale,,1,,En courbe à droite,,27,normale,,Sur chaussée,Conducteur,1,M,68-69,Promenade - loisirs,Casque,Non,1,,09 - septembre,4 - vendredi,Venansault
,201600005301,2016-09-09,42,12,42265,45.44579,4.75256,Hors intersection,Deux véhicules - frontale,Plein jour,Normale,Route Départementale,,2,,Partie rectiligne,,70,normale,,Sur chaussée,Conducteur,0,M,81-82,Promenade - loisirs,Casque,Non,1,1,09 - septembre,4 - vendredi,Saint-Michel-sur-Rhône
,201600006467,2016-09-09,88,9,88196,48.06918,6.83701,Hors intersection,Deux véhicules - par le coté,Plein jour,Normale,Route Départementale,,,Plat,Partie rectiligne,,90,normale,,Sur chaussée,Conducteur,2,M,60-61,Promenade - loisirs,Casque,Oui,1,1,09 - septembre,4 - vendredi,Gérardmer
,201600007190,2016-09-09,21,18,21582,46.91297,4.7176,Hors intersection,Deux véhicules - frontale,Crépuscule ou aube,Normale,Route Départementale,,2,Plat,Partie rectiligne,,,normale,,Sur chaussée,Conducteur,2,F,47-48,Promenade - loisirs,Casque,Non,1,,09 - septembre,4 - vendredi,Santenay
,201600011236,2016-09-09,6,23,6088,43.42103,7.15598,Intersection en X,Deux véhicules - par le coté,Nuit avec éclairage public allumé,Normale,Voie Communale,,2,Plat,Partie rectiligne,,100,normale,,Sur chaussée,Conducteur,2,M,27-28,,Autre,Non déterminable,1,1,09 - septembre,4 - vendredi,Nice
,201600015481,2016-09-09,13,21,13055,43.2786,5.38618,Hors intersection,Deux véhicules - par l’arrière,Nuit avec éclairage public allumé,Normale,Voie Communale,,1,Pente,Partie rectiligne,,50,normale,,Sur chaussée,Conducteur,2,M,14-15,Promenade - loisirs,Equipement réfléchissant,Non,1,1,09 - septembre,4 - vendredi,Marseille