test,identifiantAccident,date,departement,heure,commune,lat,lon,typeIntersection,typeCollision,luminosite,conditionsAtmosperiques,typeRoute,circulation,nbVoies,profilLongRoute,tracePlanRoute,largeurTPC,largeurRoute,etatSurface,amenagement,situation,categorieUsager,graviteAccident,sexe,age,motifDeplacement,existenceSecurite,usageSecurite,nombreAutresVehicules,enAgglomeration,mois,jour,NCCENR
,201600015481,2016-09-09,13,21,13055,43.2786,5.38618,Hors intersection,Deux véhicules - par l’arrière,Nuit avec éclairage public allumé,Normale,Voie Communale,,1,Pente,Partie rectiligne,,50,normale,,Sur chaussée,Passager,2,M,13-14,Promenade - loisirs,Equipement réfléchissant,Non,1,1,09 - septembre,4 - vendredi,Marseille
,201600022187,2016-09-09,29,9,29232,47.996,-4.09375,Hors intersection,Deux véhicules - par le coté,Plein jour,Normale,Voie Communale,,2,Plat,Partie rectiligne,,60,normale,,Sur chaussée,Conducteur,1,F,24-25,Domicile - travail,Casque,Oui,1,1,09 - septembre,4 - vendredi,Quimper
,201600025949,2016-09-09,37,9,37261,47.40943,0.68209,Intersection en T,Deux véhicules - frontale,Plein jour,Normale,Voie Communale,,3,Plat,Partie rectiligne,,,normale,,Sur chaussée,Conducteur,1,M,75-76,Promenade - loisirs,Casque,Oui,1,1,09 - septembre,4 - vendredi,Tours
,201600027688,2016-09-09,49,12,49007,47.46213,-0.52912,Hors intersection,Autre,Plein jour,Normale,Voie Communale,,1,Plat,Partie rectiligne,,430,normale,,Sur chaussée,Conducteur,1,F,62-63,,Casque,Oui,,1,09 - septembre,4 - vendredi,Angers
,201600032596,2016-09-09,67,19,67482,48.56785,7.7576,Hors intersection,Deux véhicules - par l’arrière,Plein jour,Normale,Voie Communale,,2,Plat,Partie rectiligne,,60,normale,,Sur piste cyclable,Conducteur,0,M,37-38,Promenade - loisirs,Equipement réfléchissant,Oui,1,1,09 - septembre,4 - vendredi,Strasbourg
,201600032596,2016-09-09,67,19,67482,48.56785,7.7576,Hors intersection,Deux véhicules - par l’arrière,Plein jour,Normale,Voie Communale,,2,Plat,Partie rectiligne,,60,normale,,Sur piste cyclable,Passager,1,M,1-2,,Equipement réfléchissant,Oui,1,1,09 - septembre,4 - vendredi,Strasbourg
,201600041831,2016-09-09,93,14,93073,0,0,Intersection en X,Deux véhicules - frontale,Plein jour,Normale,Voie Communale,,2,Plat,Partie rectiligne,,60,normale,,Sur chaussée,Conducteur,2,M,24-25,,Casque,Oui,1,1,09 - septembre,4 - vendredi,Tremblay-en-France
,201600052889,2016-09-09,75,20,75110,48.874,2.3584,Hors intersection,Deux véhicules - par le coté,Nuit avec éclairage public allumé,Normale,Voie Communale,,4,,,,,,,Sur chaussée,Conducteur,2,M,20-21,Utilisation professionnelle,Casque,Oui,1,1,09 - septembre,4 - vendredi,Paris 10e  Arrondissement
,201600054651,2016-09-09,75,17,75115,48.8487,2.28519,Intersection en X,Deux véhicules - par le coté,Plein jour,Normale,Voie Communale,,1,Plat,Partie rectiligne,,50,normale,,Sur chaussée,Conducteur,1,M,9-10,Promenade - loisirs,Casque,Non déterminable,1,1,09 - septembre,4 - vendredi,Paris 15e  Arrondissement
,201600058296,2016-09-09,971,20,97113,0,0,Hors intersection,Deux véhicules - par le coté,Nuit avec éclairage public allumé,Normale,Voie Communale,,,,,,,,,,Conducteur,2,M,10-11,,Autre,Non déterminable,1,,09 - septembre,4 - vendredi,Gosier
,201600002404,2016-09-08,85,16,85019,46.77226,-1.40919,Hors intersection,Deux véhicules - frontale,Plein jour,Normale,Route Départementale,,2,,Partie rectiligne,,,normale,Carrefour aménagé,Sur chaussée,Conducteur,2,F,9-10,,Casque,Oui,1,,09 - septembre,3 - jeudi,Bellevigny
,201600007767,2016-09-08,70,8,70575,47.34163,6.01904,Intersection en T,Deux véhicules - par le coté,Plein jour,Normale,Route Départementale,,2,,Partie rectiligne,,,normale,Carrefour aménagé,Sur chaussée,Conducteur,1,M,70-71,Promenade - loisirs,Casque,Oui,1,1,09 - septembre,3 - jeudi,'Voray-sur-l''Ognon'
,201600008702,2016-09-08,34,12,34296,43.7628,4.05628,Hors intersection,Deux véhicules - par le coté,Plein jour,Normale,Voie Communale,,,Pente,Partie rectiligne,,,normale,,Sur chaussée,Conducteur,2,F,34-35,Promenade - loisirs,Casque,Non,1,1,09 - septembre,3 - jeudi,Saussines
,201600025328,2016-09-08,35,17,35238,48.0897,-1.68563,Intersection en X,Deux véhicules - par le coté,Plein jour,Normale,Voie Communale,,2,Plat,Partie rectiligne,,,normale,Carrefour aménagé,Sur chaussée,Conducteur,2,M,22-23,Promenade - loisirs,Casque,Oui,1,1,09 - septembre,3 - jeudi,Rennes
,201600025575,2016-09-08,36,11,36159,46.7635,1.69589,Intersection en X,Deux véhicules - par le coté,Plein jour,Normale,Route Départementale,,2,Plat,Partie rectiligne,,70,normale,,Sur chaussée,Conducteur,1,M,52-53,Promenade - loisirs,Casque,Oui,1,,09 - septembre,3 - jeudi,Poinçonnet
,201600026193,2016-09-08,38,18,38185,45.18651,5.73511,Intersection en X,Autre,Plein jour,Normale,Route Départementale,,2,Plat,Partie rectiligne,23,94,normale,,Sur chaussée,Conducteur,1,M,29-30,,Casque,Oui,1,1,09 - septembre,3 - jeudi,Grenoble
,201600029561,2016-09-08,57,14,57480,49.09356,6.1512,Hors intersection,Autre,Plein jour,Normale,Voie Communale,,2,Plat,Partie rectiligne,,70,normale,,Sur trottoir,Conducteur,1,F,51-52,Domicile - travail,Casque,Non déterminable,1,,09 - septembre,3 - jeudi,Montigny-lès-Metz
,201600030406,2016-09-08,59,15,59650,0,0,Autre intersection,Deux véhicules - par le coté,Plein jour,Normale,Voie Communale,,,Plat,Partie rectiligne,,,normale,,Sur chaussée,Conducteur,1,M,12-13,Domicile - école,Autre,Non déterminable,1,1,09 - septembre,3 - jeudi,Wattrelos
,201600031216,2016-09-08,62,14,62224,50.54103,2.56193,Intersection en T,Deux véhicules - par le coté,Plein jour,Normale,Route Départementale,,2,Plat,Partie rectiligne,,91,normale,Carrefour aménagé,Sur chaussée,Conducteur,2,M,76-77,Promenade - loisirs,Casque,Oui,1,1,09 - septembre,3 - jeudi,Chocques
,201600032081,2016-09-08,66,10,66136,42.70149,2.89077,Hors intersection,Autre,Plein jour,Normale,Voie Communale,,2,Plat,Partie rectiligne,,100,normale,,Sur chaussée,Conducteur,0,M,22-23,Promenade - loisirs,Autre,Oui,,1,09 - septembre,3 - jeudi,Perpignan
,201600032593,2016-09-08,67,16,67482,48.57819,7.70642,Intersection en T,Deux véhicules - par le coté,Plein jour,Normale,Voie Communale,,3,Plat,Partie rectiligne,,116,normale,,Sur chaussée,Conducteur,1,M,30-31,Domicile - travail,Equipement réfléchissant,Non déterminable,1,1,09 - septembre,3 - jeudi,Strasbourg
,201600033433,2016-09-08,73,,73222,45.57341,5.95716,Hors intersection,Deux véhicules - par l’arrière,Nuit avec éclairage public allumé,Normale,Voie Communale,,3,Plat,Partie rectiligne,,100,normale,,Sur chaussée,Conducteur,2,M,25-26,Promenade - loisirs,Autre,Non déterminable,1,,09 - septembre,3 - jeudi,Saint-Alban-Leysse
,201600037626,2016-09-08,92,18,92019,0,0,Giratoire,Deux véhicules - par le coté,Plein jour,Normale,Route Départementale,,4,Pente,Partie rectiligne,,120,normale,Carrefour aménagé,Sur chaussée,Conducteur,2,M,50-51,,Casque,Non déterminable,1,1,09 - septembre,3 - jeudi,Châtenay-Malabry
,201600051383,2016-09-08,75,21,75103,48.8686,2.3582,Hors intersection,Deux véhicules - par le coté,Nuit avec éclairage public allumé,Normale,Voie Communale,,3,Plat,Partie rectiligne,,90,normale,,Sur chaussée,Conducteur,1,F,45-46,Promenade - loisirs,Casque,Non déterminable,1,1,09 - septembre,3 - jeudi,Paris 3e  Arrondissement
,201600051571,2016-09-08,75,8,75104,48.8517,2.3617,Hors intersection,Autre,Plein jour,Normale,Voie Communale,,7,Plat,Partie rectiligne,,260,normale,,Sur piste cyclable,Conducteur,1,M,44-45,Domicile - travail,Casque,Oui,,1,09 - septembre,3 - jeudi,Paris 4e  Arrondissement
,201600052096,2016-09-08,75,9,75107,48.8473,2.31794,Hors intersection,Deux véhicules - frontale,Plein jour,Normale,Voie Communale,,,Plat,,,,normale,,Sur trottoir,Conducteur,1,F,45-46,,Casque,Non déterminable,1,1,09 - septembre,3 - jeudi,Paris 7e  Arrondissement
,201600052096,2016-09-08,75,9,75107,48.8473,2.31794,Hors intersection,Deux véhicules - frontale,Plein jour,Normale,Voie Communale,,,Plat,,,,normale,,Sur trottoir,Conducteur,0,M,24-25,Domicile - travail,Casque,Non déterminable,1,1,09 - septembre,3 - jeudi,Paris 7e  Arrondissement
,201600053576,2016-09-08,75,9,75112,48.8376,2.39086,Hors intersection,Autre,Plein jour,Normale,Voie Communale,,2,Pente,Partie rectiligne,,60,normale,,Sur chaussée,Conducteur,1,M,35-36,Promenade - loisirs,Casque,Non déterminable,1,1,09 - septembre,3 - jeudi,Paris 12e  Arrondissement
,201600057945,2016-09-08,976,12,97607,0,0,Hors intersection,Deux véhicules - frontale,Plein jour,Normale,Route Nationale,,2,,En courbe à gauche,,60,normale,,Sur chaussée,Conducteur,2,M,19-20,,Casque,Non,1,,09 - septembre,3 - jeudi,Dembeni
,201600001239,2016-09-07,56,11,56004,47.53894,-2.39819,Hors intersection,Deux véhicules - par le coté,Plein jour,Temps éblouissant,Route Départementale,,,,,,,normale,,Sur chaussée,Conducteur,2,M,69-70,Promenade - loisirs,Casque,Non,1,,09 - septembre,2 - mercredi,Arzal
,201600006539,2016-09-07,67,8,67313,0,0,Hors intersection,Autre,Plein jour,Normale,Route Départementale,,,Plat,En courbe à droite,,,normale,,Sur chaussée,Conducteur,0,M,46-47,Promenade - loisirs,Casque,Oui,,1,09 - septembre,2 - mercredi,Mutzig
,201600016636,2016-09-07,95,18,95392,49.0762,2.2027,Hors intersection,Deux véhicules - par le coté,Plein jour,Normale,Route Départementale,,2,Plat,Partie rectiligne,,,normale,,Sur chaussée,Conducteur,2,F,54-55,Promenade - loisirs,Casque,Oui,1,1,09 - septembre,2 - mercredi,Mériel
,201600024135,2016-09-07,33,8,33063,44.8138,-0.5667,Hors intersection,Deux véhicules - par le coté,Plein jour,Normale,Voie Communale,,6,Plat,Partie rectiligne,,,normale,,Sur chaussée,Conducteur,1,M,88-89,Autre,Casque,Non déterminable,1,1,09 - septembre,2 - mercredi,Bordeaux
,201600024137,2016-09-07,33,23,33063,44.8603,-0.55393,Hors intersection,Deux véhicules - par le coté,Nuit avec éclairage public allumé,Normale,Voie Communale,,,Plat,Partie rectiligne,,,normale,Voie ferrée,Sur chaussée,Conducteur,1,M,29-30,Autre,,,1,1,09 - septembre,2 - mercredi,Bordeaux
,201600025947,2016-09-07,37,18,37122,0,0,Intersection en T,Autre,Plein jour,Normale,Voie Communale,,,Plat,Partie rectiligne,,,normale,,Sur chaussée,Conducteur,1,M,13-14,Promenade - loisirs,Casque,Non,1,1,09 - septembre,2 - mercredi,Joué-lès-Tours
,201600027359,2016-09-07,47,8,47201,44.1945,0.60582,Hors intersection,Deux véhicules - par le coté,Plein jour,Temps éblouissant,Route Départementale,,4,Plat,Partie rectiligne,,,normale,,Sur chaussée,Conducteur,2,M,54-55,Courses - achats,Autre,Non déterminable,1,1,09 - septembre,2 - mercredi,Passage
,201600030728,2016-09-07,60,20,60159,49.40705,2.80322,Hors intersection,Deux véhicules - par le coté,Plein jour,Normale,Voie Communale,,2,Plat,Partie rectiligne,,60,normale,,Sur chaussée,Conducteur,2,M,74-75,Promenade - loisirs,Autre,Non déterminable,1,1,09 - septembre,2 - mercredi,Compiègne
,201600035548,2016-09-07,84,9,84087,0,0,Hors intersection,Deux véhicules - par l’arrière,Plein jour,Normale,Route Départementale,,2,Plat,Partie rectiligne,,,normale,,Sur chaussée,Conducteur,2,M,80-81,Promenade - loisirs,Casque,Oui,1,,09 - septembre,2 - mercredi,Orange
,201600037293,2016-09-07,92,21,92004,0,0,Intersection en T,Deux véhicules - par le coté,Nuit avec éclairage public non allumé,Normale,Voie Communale,,2,Plat,Partie rectiligne,,,normale,,Sur chaussée,Conducteur,1,M,37-38,Autre,Casque,Oui,1,1,09 - septembre,2 - mercredi,Asnières-sur-Seine
,201600052454,2016-09-07,75,15,75117,48.8842,2.30266,Place,Deux véhicules - par le coté,Plein jour,Normale,Voie Communale,,2,Plat,Partie rectiligne,,,normale,,Sur chaussée,Conducteur,1,M,28-29,Autre,Casque,Non déterminable,1,1,09 - septembre,2 - mercredi,Paris 17e  Arrondissement
,201600052456,2016-09-07,75,19,75108,48.8739,2.31586,Intersection en X,Deux véhicules - par le coté,Plein jour,Normale,Voie Communale,,2,,,,120,,,,Conducteur,1,F,24-25,,Casque,Non déterminable,1,1,09 - septembre,2 - mercredi,Paris 8e  Arrondissement
,201600055122,2016-09-07,75,8,75116,48.8473,2.27341,Place,Autre,Plein jour,Normale,Voie Communale,,1,Plat,Partie rectiligne,,,normale,,Sur trottoir,Conducteur,0,F,34-35,Domicile - travail,Casque,Non déterminable,,1,09 - septembre,2 - mercredi,Paris 16e  Arrondissement
,201600055986,2016-09-07,75,18,75118,48.898,2.34414,Intersection à plus de 4 branches,Deux véhicules - par l’arrière,Plein jour,Normale,Voie Communale,,1,Plat,Partie rectiligne,100,100,normale,Carrefour aménagé,Sur chaussée,Conducteur,1,F,41-42,Domicile - travail,Casque,Non déterminable,1,1,09 - septembre,2 - mercredi,Paris 18e  Arrondissement
,201600008138,2016-09-06,4,19,4166,43.8031,6.11936,Hors intersection,Deux véhicules - frontale,Plein jour,Normale,Route Départementale,,2,Plat,Partie rectiligne,,,normale,,Sur chaussée,Conducteur,2,M,54-55,Promenade - loisirs,Casque,Oui,1,,09 - septembre,1 - mardi,Riez
,201600015457,2016-09-06,13,16,13055,43.33776,5.43737,Hors intersection,Deux véhicules - frontale,Plein jour,Normale,Voie Communale,,1,Plat,Partie rectiligne,,50,normale,,Sur chaussée,Conducteur,0,M,34-35,,Casque,Oui,1,1,09 - septembre,1 - mardi,Marseille
,201600020643,2016-09-06,19,17,19031,45.16084,1.51533,Hors intersection,Deux véhicules - par l’arrière,Plein jour,Normale,Voie Communale,,2,Plat,Partie rectiligne,,,normale,,Sur chaussée,Conducteur,2,M,16-17,Autre,Casque,Non,1,1,09 - septembre,1 - mardi,Brive-la-Gaillarde
,201600020774,2016-09-06,21,14,21231,47.31662,5.02546,Intersection en T,Deux véhicules - par le coté,Plein jour,Normale,Voie Communale,,1,Plat,Partie rectiligne,,30,normale,,Sur chaussée,Conducteur,1,M,62-63,Promenade - loisirs,Casque,Oui,1,1,09 - septembre,1 - mardi,Dijon
,201600025318,2016-09-06,35,17,35281,48.0897,-1.72185,Intersection en X,Autre,Plein jour,Normale,Voie Communale,,,,,,,normale,,Sur chaussée,Conducteur,1,F,17-18,Promenade - loisirs,Casque,Non,1,1,09 - septembre,1 - mardi,Saint-Jacques-de-la-Lande
,201600025409,2016-09-06,35,8,35238,48.1123,-1.69192,Hors intersection,Aucune,Plein jour,Normale,Voie Communale,,1,Plat,Partie rectiligne,,,normale,,Sur chaussée,Conducteur,2,F,55-56,Promenade - loisirs,,,,1,09 - septembre,1 - mardi,Rennes
,201600025943,2016-09-06,37,8,37214,47.41829,0.66461,Hors intersection,Deux véhicules - par le coté,Plein jour,Normale,Voie Communale,,2,Plat,Partie rectiligne,,50,normale,,Sur piste cyclable,Conducteur,1,M,25-26,Domicile - travail,Casque,Oui,1,1,09 - septembre,1 - mardi,Saint-Cyr-sur-Loire
,201600028051,2016-09-06,50,12,50173,49.6539,-1.6491,Intersection en X,Aucune,Plein jour,Normale,Route Départementale,,2,Plat,Partie rectiligne,,,normale,,Sur piste cyclable,Conducteur,2,M,35-36,Domicile - travail,Casque,Non,1,1,09 - septembre,1 - mardi,Équeurdreville-Hainneville
,201600032080,2016-09-06,66,8,66136,42.68629,2.9067,Hors intersection,Autre,Plein jour,Normale,Voie Communale,,1,Plat,En courbe à gauche,,80,normale,,Sur chaussée,Conducteur,1,M,49-50,Promenade - loisirs,Autre,Non déterminable,1,1,09 - septembre,1 - mardi,Perpignan
,201600038007,2016-09-06,92,17,92025,0,0,Intersection en X,Autre,Plein jour,Normale,Voie Communale,,4,Plat,Partie rectiligne,,,normale,,Sur chaussée,Conducteur,1,M,11-12,,Autre,Non déterminable,1,1,09 - septembre,1 - mardi,Colombes
,201600051379,2016-09-06,75,19,75103,48.8672,2.36302,Intersection en X,Aucune,Plein jour,Pluie légère,Voie Communale,,5,Plat,Partie rectiligne,,145,normale,,Sur chaussée,Conducteur,1,F,30-31,Domicile - travail,Casque,Oui,1,1,09 - septembre,1 - mardi,Paris 3e  Arrondissement
,201600053574,2016-09-06,75,23,75112,48.8524,2.37189,Hors intersection,Deux véhicules - par le coté,Nuit avec éclairage public allumé,Normale,Voie Communale,,2,Plat,Partie rectiligne,,,,,,Conducteur,1,F,25-26,Promenade - loisirs,Casque,Non déterminable,1,1,09 - septembre,1 - mardi,Paris 12e  Arrondissement
,201600056606,2016-09-06,75,19,75112,48.8464,2.4139,Intersection en Y,Deux véhicules - par le coté,Plein jour,Normale,Voie Communale,,,Plat,En courbe à droite,,,normale,,Sur piste cyclable,Conducteur,1,M,73-74,,Casque,Non déterminable,1,1,09 - septembre,1 - mardi,Paris 12e  Arrondissement
,201600011769,2016-09-05,68,10,68278,47.75389,7.39299,Autre intersection,Deux véhicules - par le coté,Plein jour,Pluie forte,Route Départementale,,2,Plat,Partie rectiligne,,110,mouillée,,Sur piste cyclable,Conducteur,2,M,62-63,Promenade - loisirs,Casque,Oui,1,1,09 - septembre,0 - lundi,Rixheim
,201600015446,2016-09-05,13,6,13055,43.27386,5.38501,Intersection en T,Deux véhicules - frontale,Nuit avec éclairage public allumé,Normale,Voie Communale,,2,Plat,Partie rectiligne,,60,normale,,Sur chaussée,Conducteur,2,M,66-67,Autre,Casque,Non,1,1,09 - septembre,0 - lundi,Marseille
,201600016718,2016-09-05,14,12,14118,0,0,Hors intersection,Autre,Plein jour,Normale,Voie Communale,,2,Plat,Partie rectiligne,,,normale,,Sur chaussée,Conducteur,2,M,18-19,Domicile - école,Casque,Non,,1,09 - septembre,0 - lundi,Caen
,201600019638,2016-09-05,34,12,34120,43.6597,3.9014,Giratoire,Deux véhicules - frontale,Plein jour,Normale,Route Départementale,,2,Plat,En courbe à droite,35,100,normale,Zone piétonne,Sur chaussée,Conducteur,2,F,56-57,Courses - achats,Casque,Oui,1,,09 - septembre,0 - lundi,Jacou
,201600030184,2016-09-05,59,15,59350,50.64113,3.0183,Intersection en T,Deux véhicules - par le coté,Plein jour,Normale,Route Départementale,,2,Plat,Partie rectiligne,,,normale,,Sur chaussée,Conducteur,1,M,49-50,Promenade - loisirs,Casque,Non déterminable,1,1,09 - septembre,0 - lundi,Lille
,201600032590,2016-09-05,67,16,67482,48.56301,7.6983,Hors intersection,Deux véhicules - par le coté,Plein jour,Normale,Voie Communale,,2,Plat,En courbe à droite,30,70,normale,,Sur trottoir,Conducteur,1,M,4-5,,Equipement réfléchissant,Oui,1,,09 - septembre,0 - lundi,Strasbourg
,201600035123,2016-09-05,83,18,83050,43.53191,6.44922,Giratoire,Deux véhicules - par le coté,Plein jour,Normale,Voie Communale,,1,Plat,En courbe à gauche,,,normale,,Sur chaussée,Conducteur,2,M,52-53,Courses - achats,Autre,Non,1,,09 - septembre,0 - lundi,Draguignan
,201600040756,2016-09-05,93,17,93046,0,0,Hors intersection,Autre,Plein jour,Pluie légère,Voie Communale,,,,,,,mouillée,,Sur chaussée,Conducteur,1,M,33-34,Domicile - travail,Casque,Oui,2,1,09 - septembre,0 - lundi,Livry-Gargan
,201600042727,2016-09-05,94,19,94033,0,0,Hors intersection,Autre,Plein jour,Normale,Voie Communale,,,Pente,Partie rectiligne,,60,mouillée,,Sur chaussée,Conducteur,1,M,55-56,Domicile - travail,Casque,Non déterminable,,1,09 - septembre,0 - lundi,Fontenay-sous-Bois
,201600051911,2016-09-05,75,9,75106,48.844,2.33062,Intersection en X,Deux véhicules - par le coté,Plein jour,Pluie légère,Voie Communale,,1,Plat,Partie rectiligne,,40,mouillée,,Sur chaussée,Conducteur,1,M,15-16,Domicile - école,Casque,Non,1,1,09 - septembre,0 - lundi,Paris 6e  Arrondissement
,201600052094,2016-09-05,75,9,75107,48.8517,2.32428,Hors intersection,Deux véhicules - par l’arrière,Plein jour,Pluie légère,Voie Communale,,1,Plat,Partie rectiligne,,30,mouillée,,Sur chaussée,Conducteur,1,M,50-51,Domicile - travail,Casque,Non,1,1,09 - septembre,0 - lundi,Paris 7e  Arrondissement
,201600053982,2016-09-05,75,20,75113,48.8311,2.34421,Intersection en X,Deux véhicules - par l’arrière,Nuit avec éclairage public allumé,Pluie légère,Voie Communale,,3,Plat,Partie rectiligne,,120,mouillée,,Sur chaussée,Conducteur,1,M,23-24,Promenade - loisirs,Casque,Oui,1,1,09 - septembre,0 - lundi,Paris 13e  Arrondissement
,201600055115,2016-09-05,75,11,75116,48.8647,2.28265,Hors intersection,Autre,Plein jour,Pluie légère,Voie Communale,,2,Plat,Partie rectiligne,,45,normale,,Sur chaussée,Conducteur,0,M,24-25,Utilisation professionnelle,Casque,Oui,,1,09 - septembre,0 - lundi,Paris 16e  Arrondissement
,201600006513,2016-09-04,67,16,67130,0,0,Giratoire,Deux véhicules - par le coté,Plein jour,Autre,Route Départementale,,,Plat,,,50,mouillée,,Sur chaussée,Conducteur,2,M,23-24,Promenade - loisirs,Casque,Oui,1,1,09 - septembre,6 - dimanche,Erstein
,201600008292,2016-09-04,6,8,6126,0,0,Hors intersection,Deux véhicules - par l’arrière,Crépuscule ou aube,Normale,Autre,,3,Plat,Partie rectiligne,,,normale,,Sur chaussée,Conducteur,2,M,57-58,Promenade - loisirs,Equipement réfléchissant,Non déterminable,1,,09 - septembre,6 - dimanche,Saint-Martin-du-Var
,201600008525,2016-09-04,83,9,83071,0,0,Hors intersection,Deux véhicules - par le coté,Plein jour,Normale,Route Départementale,,2,Plat,Partie rectiligne,,60,normale,,,Conducteur,2,M,31-32,Promenade - loisirs,Casque,Oui,1,1,09 - septembre,6 - dimanche,Londe-les-Maures
,201600013584,2016-09-04,13,18,13005,43.30057,5.5711,Hors intersection,Deux véhicules - par le coté,Plein jour,Normale,Route Départementale,,2,Plat,Partie rectiligne,,65,normale,,Sur chaussée,Conducteur,1,M,6-7,,Autre,Non déterminable,1,1,09 - septembre,6 - dimanche,Aubagne
,201600019695,2016-09-04,16,11,16089,45.66818,-0.32804,Giratoire,Deux véhicules - par le coté,Plein jour,Normale,Route Départementale,,2,Plat,En courbe à gauche,120,80,normale,Carrefour aménagé,Sur chaussée,Conducteur,2,M,49-50,Promenade - loisirs,Casque,Oui,1,1,09 - septembre,6 - dimanche,Châteaubernard
,201600019907,2016-09-04,17,15,17300,46.17707,-1.21169,Hors intersection,Deux véhicules - par l’arrière,Plein jour,Normale,Route Départementale,,2,Plat,Partie rectiligne,,77,normale,,Sur chaussée,Conducteur,2,F,74-75,Promenade - loisirs,Casque,Non déterminable,1,,09 - septembre,6 - dimanche,Rochelle
,201600019909,2016-09-04,17,23,17300,46.16029,-1.15339,Hors intersection,Autre,Nuit avec éclairage public allumé,Normale,Voie Communale,,2,Plat,Partie rectiligne,,43,normale,,Sur chaussée,Conducteur,1,F,28-29,Promenade - loisirs,Casque,Non déterminable,1,1,09 - septembre,6 - dimanche,Rochelle
,201600027383,2016-09-04,47,17,47323,44.4103,0.70873,Hors intersection,Autre,Plein jour,Normale,Voie Communale,,2,Pente,Partie rectiligne,,64,normale,,Sur chaussée,Conducteur,2,M,53-54,Domicile - travail,Casque,Oui,1,1,09 - septembre,6 - dimanche,Villeneuve-sur-Lot
,201600028050,2016-09-04,50,13,50129,49.6392,-1.62086,Intersection en T,Deux véhicules - par le coté,Plein jour,Temps couvert,Voie Communale,,3,Plat,Partie rectiligne,,,normale,,Sur chaussée,Conducteur,1,M,59-60,Promenade - loisirs,Casque,Oui,1,1,09 - septembre,6 - dimanche,Cherbourg-en-Cotentin
,201600054290,2016-09-04,75,18,75114,48.8237,2.32336,Hors intersection,Deux véhicules - par le coté,Plein jour,Normale,Voie Communale,,1,Plat,,,50,normale,,Sur piste cyclable,Conducteur,0,M,11-12,,Casque,Oui,1,1,09 - septembre,6 - dimanche,Paris 14e  Arrondissement
,201600054643,2016-09-04,75,,75115,48.8343,2.27451,Hors intersection,Deux véhicules - par le coté,Nuit avec éclairage public allumé,Normale,Voie Communale,,2,Plat,,50,50,normale,,Sur chaussée,Conducteur,1,F,36-37,Promenade - loisirs,Casque,Oui,1,1,09 - septembre,6 - dimanche,Paris 15e  Arrondissement
,201600054645,2016-09-04,75,16,75115,48.8462,2.27902,Hors intersection,Deux véhicules - par l’arrière,Plein jour,Normale,Voie Communale,,2,Plat,Partie rectiligne,,95,normale,Zone piétonne,Sur chaussée,Conducteur,1,M,24-25,Promenade - loisirs,Casque,Non,1,1,09 - septembre,6 - dimanche,Paris 15e  Arrondissement
,201600005696,2016-09-03,63,11,63029,45.486,3.344,Hors intersection,Deux véhicules - frontale,Plein jour,Normale,Route Départementale,,2,,En courbe à droite,,64,normale,,Sur chaussée,Conducteur,2,M,55-56,Promenade - loisirs,Casque,Oui,1,,09 - septembre,5 - samedi,Bansat
,201600024506,2016-09-03,34,13,34003,43.29,3.51,Hors intersection,Deux véhicules - par le coté,Plein jour,Normale,Voie Communale,,1,Plat,Partie rectiligne,,46,normale,,Sur chaussée,Conducteur,2,F,57-58,Promenade - loisirs,Autre,Non,1,1,09 - septembre,5 - samedi,Agde
,201600025320,2016-09-03,35,19,35238,48.1227,-1.68542,Intersection en X,Deux véhicules - par le coté,Plein jour,Normale,Voie Communale,,,Plat,Partie rectiligne,,,normale,Carrefour aménagé,Sur chaussée,Conducteur,1,M,48-49,Promenade - loisirs,,,1,1,09 - septembre,5 - samedi,Rennes
,201600027682,2016-09-03,49,21,49015,47.50917,-0.59235,Hors intersection,Aucune,Nuit avec éclairage public allumé,Normale,Voie Communale,,4,Plat,Partie rectiligne,,182,normale,,Sur chaussée,Conducteur,1,M,61-62,,Casque,Non,,1,09 - septembre,5 - samedi,Avrillé
,201600029297,2016-09-03,56,10,56162,47.73576,-3.42871,Hors intersection,Autre,Plein jour,Normale,Autre,,,,,,,normale,,Sur chaussée,Conducteur,1,M,62-63,,Autre,Non déterminable,,1,09 - septembre,5 - samedi,Ploemeur
,201600029560,2016-09-03,57,12,57463,49.10329,6.18757,Intersection en T,Autre,Plein jour,Normale,Voie Communale,,,Plat,Partie rectiligne,,,normale,,Sur chaussée,Conducteur,2,M,31-32,,Casque,Non,,1,09 - septembre,5 - samedi,Metz
,201600031402,2016-09-03,64,17,64024,43.4888,-1.51931,Intersection en X,Autre,Plein jour,Normale,Voie Communale,,2,,,,,,,,Conducteur,1,M,46-47,,Casque,Oui,,1,09 - septembre,5 - samedi,Anglet
,201600031876,2016-09-03,64,13,64483,43.38606,-1.66102,Hors intersection,Deux véhicules - par l’arrière,Plein jour,Normale,Route Départementale,,2,Plat,En courbe à gauche,,,normale,,Sur chaussée,Conducteur,1,M,60-61,Promenade - loisirs,Casque,Oui,1,1,09 - septembre,5 - samedi,Saint-Jean-de-Luz
,201600035053,2016-09-03,82,9,82033,0,0,Intersection en Y,Deux véhicules - par le coté,Plein jour,Normale,Route Départementale,,2,Plat,Partie rectiligne,,,normale,Carrefour aménagé,Sur chaussée,Conducteur,1,M,44-45,Promenade - loisirs,Casque,Oui,1,,09 - septembre,5 - samedi,Castelsarrasin