test,identifiantAccident,date,departement,heure,commune,lat,lon,typeIntersection,typeCollision,luminosite,conditionsAtmosperiques,typeRoute,circulation,nbVoies,profilLongRoute,tracePlanRoute,largeurTPC,largeurRoute,etatSurface,amenagement,situation,categorieUsager,graviteAccident,sexe,age,motifDeplacement,existenceSecurite,usageSecurite,nombreAutresVehicules,enAgglomeration,mois,jour,NCCENR
,201600035385,2016-09-03,83,20,83090,43.13503,5.84643,Hors intersection,Deux véhicules - par le coté,Nuit avec éclairage public allumé,Normale,Voie Communale,,1,Plat,En courbe à gauche,,70,normale,,Sur chaussée,Conducteur,2,M,43-44,,Casque,Oui,1,1,09 - septembre,5 - samedi,Ollioules
,201600036697,2016-09-03,91,18,91657,48.6891,2.43643,Giratoire,Deux véhicules - par le coté,Plein jour,Normale,Route Départementale,,2,Plat,Partie rectiligne,,,normale,,Sur chaussée,Conducteur,2,M,57-58,Promenade - loisirs,Casque,Non,1,1,09 - septembre,5 - samedi,Vigneux-sur-Seine
,201600038005,2016-09-03,92,7,92025,0,0,Intersection en X,Autre,Plein jour,Normale,Route Départementale,,2,Plat,En courbe à droite,,,normale,,Sur chaussée,Conducteur,1,M,47-48,Domicile - travail,Casque,Oui,1,1,09 - septembre,5 - samedi,Colombes
,201600049402,2016-09-03,69,18,69387,0,0,Hors intersection,Autre,Plein jour,Normale,Voie Communale,,,Plat,Partie rectiligne,,,normale,Zone piétonne,Sur piste cyclable,Conducteur,1,M,35-36,Promenade - loisirs,Autre,Non,1,1,09 - septembre,5 - samedi,Lyon 7e  Arrondissement
,201600055112,2016-09-03,75,9,75116,48.8607,2.23734,Hors intersection,Autre,Plein jour,Normale,Voie Communale,,2,Plat,,,,normale,,,Conducteur,1,M,72-73,Promenade - loisirs,Casque,Oui,1,1,09 - septembre,5 - samedi,Paris 16e  Arrondissement
,201600002280,2016-09-02,72,11,72179,47.817,-0.08,Hors intersection,Deux véhicules - par l’arrière,Plein jour,Normale,Route Départementale,,,Plat,Partie rectiligne,,72,normale,Carrefour aménagé,Sur chaussée,Conducteur,2,F,62-63,,Casque,Oui,1,1,09 - septembre,4 - vendredi,Malicorne-sur-Sarthe
,201600016285,2016-09-02,13,11,13056,43.39932,5.03971,Hors intersection,Deux véhicules - par le coté,Plein jour,Normale,Voie Communale,,2,Plat,Partie rectiligne,,,normale,,Sur chaussée,Conducteur,1,M,72-73,,Casque,Non déterminable,1,1,09 - septembre,4 - vendredi,Martigues
,201600022350,2016-09-02,30,11,30028,0,0,Hors intersection,Deux véhicules - frontale,Plein jour,Normale,Voie Communale,,,,,,,,,Sur chaussée,Conducteur,1,M,25-26,Domicile - travail,Autre,Non,1,1,09 - septembre,4 - vendredi,Bagnols-sur-Cèze
,201600023081,2016-09-02,31,12,31149,0,0,Hors intersection,Deux véhicules - par le coté,Plein jour,Normale,Voie Communale,,,Plat,Partie rectiligne,,,normale,,Sur chaussée,Conducteur,1,M,33-34,,Autre,Non déterminable,1,1,09 - septembre,4 - vendredi,Colomiers
,201600025940,2016-09-02,37,11,37261,47.37427,0.72008,Hors intersection,Autre,Plein jour,Normale,Voie Communale,,2,Plat,Partie rectiligne,,,normale,,Sur chaussée,Conducteur,2,M,67-68,Promenade - loisirs,Casque,Oui,,1,09 - septembre,4 - vendredi,Tours
,201600027034,2016-09-02,44,13,44109,47.24741,-1.5039,Giratoire,Autre,Plein jour,Normale,Voie Communale,,,Plat,Partie rectiligne,,,normale,,,Conducteur,2,F,,,Casque,Oui,1,1,09 - septembre,4 - vendredi,Nantes
,201600034812,2016-09-02,79,14,79191,46.326,-0.4523,Hors intersection,Autre,Plein jour,Normale,Voie Communale,,2,Pente,Partie rectiligne,,250,normale,,Sur chaussée,Conducteur,2,M,38-39,Promenade - loisirs,Autre,Non,1,1,09 - septembre,4 - vendredi,Niort
,201600038418,2016-09-02,92,9,92040,0,0,Intersection en X,Autre,Plein jour,Normale,Voie Communale,,2,Plat,Partie rectiligne,,,normale,,Sur chaussée,Conducteur,0,F,27-28,Domicile - travail,Autre,Non déterminable,1,1,09 - septembre,4 - vendredi,Issy-les-Moulineaux
,201600038418,2016-09-02,92,9,92040,0,0,Intersection en X,Autre,Plein jour,Normale,Voie Communale,,2,Plat,Partie rectiligne,,,normale,,Sur chaussée,Conducteur,1,M,45-46,Domicile - travail,Autre,Non déterminable,1,1,09 - septembre,4 - vendredi,Issy-les-Moulineaux
,201600039340,2016-09-02,92,16,92072,0,0,Hors intersection,Aucune,Plein jour,Normale,Voie Communale,,2,Pente,Partie rectiligne,,65,normale,,Sur chaussée,Conducteur,2,M,28-29,Promenade - loisirs,Casque,Oui,,1,09 - septembre,4 - vendredi,Sèvres
,201600039881,2016-09-02,93,17,93007,0,0,Hors intersection,Autre,Plein jour,Normale,Parc de stationnement ouvert à la circulation publique,,1,Plat,Partie rectiligne,,,normale,,Sur chaussée,Conducteur,2,M,3-4,Promenade - loisirs,Autre,Non déterminable,1,1,09 - septembre,4 - vendredi,Blanc-Mesnil
,201600043097,2016-09-02,94,13,94034,0,0,Hors intersection,Deux véhicules - par le coté,Plein jour,Normale,Voie Communale,,1,Plat,Partie rectiligne,,,normale,,Sur chaussée,Conducteur,1,M,50-51,,Casque,Oui,1,1,09 - septembre,4 - vendredi,Fresnes
,201600048589,2016-09-02,69,2,69381,45.461,4.49373,Hors intersection,Autre,Nuit avec éclairage public allumé,Normale,Voie Communale,,2,Pente,Partie rectiligne,,90,normale,,Sur chaussée,Conducteur,1,M,23-24,Autre,Casque,Non,,1,09 - septembre,4 - vendredi,Lyon 1er Arrondissement
,201600048590,2016-09-02,69,9,69385,45.45184,4.49271,Hors intersection,Autre,Plein jour,Normale,Voie Communale,,2,Plat,Partie rectiligne,,109,normale,,Sur trottoir,Conducteur,1,M,29-30,Domicile - travail,Casque,Non déterminable,,1,09 - septembre,4 - vendredi,Lyon 5e  Arrondissement
,201600048607,2016-09-02,69,6,69152,45.69669,4.81175,Hors intersection,Deux véhicules - par le coté,Plein jour,Normale,Voie Communale,,2,Plat,En courbe à gauche,,69,normale,,Sur piste cyclable,Conducteur,2,M,22-23,Domicile - travail,Casque,Non déterminable,1,1,09 - septembre,4 - vendredi,Pierre-Bénite
,201600049398,2016-09-02,69,17,69386,0,0,Intersection en T,Deux véhicules - par le coté,Plein jour,Normale,Voie Communale,,3,Plat,Partie rectiligne,,,normale,,Sur chaussée,Conducteur,2,M,11-12,,Casque,Oui,1,1,09 - septembre,4 - vendredi,Lyon 6e  Arrondissement
,201600049398,2016-09-02,69,17,69386,0,0,Intersection en T,Deux véhicules - par le coté,Plein jour,Normale,Voie Communale,,3,Plat,Partie rectiligne,,,normale,,Sur chaussée,Passager,0,M,13-14,,Casque,Oui,1,1,09 - septembre,4 - vendredi,Lyon 6e  Arrondissement
,201600051377,2016-09-02,75,9,75103,48.8649,2.36074,Intersection en T,Autre,Plein jour,Normale,Voie Communale,,1,Plat,Partie rectiligne,,83,normale,,Sur piste cyclable,Conducteur,1,M,18-19,Domicile - travail,Casque,Non,1,1,09 - septembre,4 - vendredi,Paris 3e  Arrondissement
,201600051568,2016-09-02,75,17,75104,48.856,2.35089,Intersection en X,Autre,Plein jour,Normale,Voie Communale,,,Plat,Partie rectiligne,,50,normale,Pont - autopont,,Conducteur,1,M,28-29,Promenade - loisirs,Casque,Non,,1,09 - septembre,4 - vendredi,Paris 4e  Arrondissement
,201600051910,2016-09-02,75,18,75106,48.8482,2.33101,Intersection en X,Autre,Plein jour,Normale,Voie Communale,,2,,,,,,,Sur chaussée,Conducteur,0,M,23-24,Domicile - école,Casque,Non,,1,09 - septembre,4 - vendredi,Paris 6e  Arrondissement
,201600052092,2016-09-02,75,19,75107,48.8628,2.31163,Intersection en T,Deux véhicules - par le coté,Crépuscule ou aube,Normale,Voie Communale,,1,Plat,,,,normale,,Sur chaussée,Conducteur,1,F,43-44,,Casque,Non,1,1,09 - septembre,4 - vendredi,Paris 7e  Arrondissement
,201600053177,2016-09-02,75,17,75111,48.8585,2.36845,Hors intersection,Deux véhicules - par le coté,Plein jour,Normale,Voie Communale,,1,Plat,Partie rectiligne,,30,normale,,Sur chaussée,Conducteur,2,M,48-49,Domicile - travail,Casque,Non,1,1,09 - septembre,4 - vendredi,Paris 11e  Arrondissement
,201600054288,2016-09-02,75,11,75114,48.8197,2.34223,Hors intersection,Autre,Plein jour,Normale,Voie Communale,,1,Bas de côte,,,,normale,,Sur piste cyclable,Conducteur,0,M,41-42,Promenade - loisirs,Casque,Non,,1,09 - septembre,4 - vendredi,Paris 14e  Arrondissement
,201600055109,2016-09-02,75,9,75116,48.8531,2.26845,Hors intersection,Deux véhicules - par le coté,Plein jour,Normale,Voie Communale,,2,Plat,Partie rectiligne,,,normale,,Sur chaussée,Conducteur,1,F,37-38,Promenade - loisirs,Casque,Non,1,1,09 - septembre,4 - vendredi,Paris 16e  Arrondissement
,201600055111,2016-09-02,75,18,75116,48.8637,2.26732,Intersection en T,Deux véhicules - par l’arrière,Plein jour,Normale,Voie Communale,,1,Plat,Partie rectiligne,,,normale,,Sur chaussée,Conducteur,1,F,43-44,Promenade - loisirs,Casque,Oui,1,1,09 - septembre,4 - vendredi,Paris 16e  Arrondissement
,201600005207,2016-09-01,42,11,42147,45.60248,4.07874,Giratoire,Deux véhicules - par l’arrière,Plein jour,Normale,Voie Communale,,2,Plat,,,75,normale,,,Conducteur,2,M,63-64,Promenade - loisirs,Casque,Non,1,1,09 - septembre,3 - jeudi,Montbrison
,201600005541,2016-09-01,74,17,74197,0,0,Hors intersection,Deux véhicules - par l’arrière,Plein jour,Normale,Route Départementale,,2,,Partie rectiligne,,73,normale,Bretelle d’échangeur ou de raccordement,Sur chaussée,Conducteur,2,M,66-67,Promenade - loisirs,Casque,Oui,1,,09 - septembre,3 - jeudi,Nangy
,201600006029,2016-09-01,57,16,57134,0,0,Autre intersection,Deux véhicules - par le coté,Plein jour,Normale,Route Départementale,,,,Partie rectiligne,,60,normale,Carrefour aménagé,Sur chaussée,Conducteur,2,M,11-12,Domicile - école,Autre,Non,1,1,09 - septembre,3 - jeudi,Châtel-Saint-Germain
,201600006040,2016-09-01,57,9,57515,49.02984,6.05175,Hors intersection,Deux véhicules - par le coté,Plein jour,Normale,Route Départementale,,,Pente,,,60,normale,Pont - autopont,Sur chaussée,Conducteur,1,M,16-17,Domicile - école,Casque,Non,1,,09 - septembre,3 - jeudi,Novéant-sur-Moselle
,201600007053,2016-09-01,10,16,10003,48.226,3.733,Hors intersection,Deux véhicules - frontale,Plein jour,Normale,Route Départementale,,2,Plat,Partie rectiligne,,65,normale,,Sur chaussée,Conducteur,2,M,19-20,Promenade - loisirs,Casque,Non,1,1,09 - septembre,3 - jeudi,Aix-Villemaur-Pâlis
,201600009434,2016-09-01,5,19,5061,44.55739,6.0553,Giratoire,Deux véhicules - par le coté,Plein jour,Normale,Route Départementale,,2,Plat,Partie rectiligne,,74,normale,Carrefour aménagé,Sur chaussée,Conducteur,1,M,42-43,Domicile - travail,Casque,Non,1,,09 - septembre,3 - jeudi,Gap
,201600009813,2016-09-01,77,6,77089,48.4979,2.94586,Hors intersection,Deux véhicules - par l’arrière,Nuit sans éclairage public,Normale,Route Départementale,,2,Plat,Partie rectiligne,,46,normale,,Sur chaussée,Conducteur,2,M,57-58,Promenade - loisirs,Casque,Oui,1,,09 - septembre,3 - jeudi,Chapelle-Rablais
,201600011781,2016-09-01,53,16,53247,48.11716,-1.03026,Giratoire,Deux véhicules - par le coté,Plein jour,Normale,Voie Communale,,,Plat,,,,normale,Carrefour aménagé,Sur chaussée,Conducteur,1,M,17-18,,Casque,Non,1,1,09 - septembre,3 - jeudi,Saint-Pierre-la-Cour
,201600017650,2016-09-01,14,10,14577,49.272,-0.558,Intersection en X,Deux véhicules - frontale,Plein jour,Normale,Route Départementale,,,Plat,Partie rectiligne,,60,normale,Carrefour aménagé,Sur chaussée,Conducteur,2,M,74-75,Promenade - loisirs,Casque,Oui,1,,09 - septembre,3 - jeudi,Saint-Gabriel-Brécy
,201600024119,2016-09-01,33,17,33063,44.855,-0.57668,Hors intersection,Autre,Plein jour,Normale,Voie Communale,,2,Plat,Partie rectiligne,,,normale,,,Conducteur,1,F,39-40,Promenade - loisirs,Casque,Non,1,1,09 - septembre,3 - jeudi,Bordeaux
,201600024120,2016-09-01,33,9,33063,44.84775,-0.61336,Hors intersection,Deux véhicules - frontale,Plein jour,Normale,Voie Communale,,1,Plat,Partie rectiligne,,,normale,,Sur chaussée,Conducteur,1,F,47-48,,Casque,Non déterminable,1,1,09 - septembre,3 - jeudi,Bordeaux
,201600026544,2016-09-01,42,9,42184,46.04579,4.05597,Giratoire,Deux véhicules - frontale,Plein jour,Normale,Voie Communale,,2,Plat,Partie rectiligne,,60,normale,,Sur chaussée,Conducteur,2,M,72-73,Promenade - loisirs,Autre,Oui,1,1,09 - septembre,3 - jeudi,Riorges
,201600029766,2016-09-01,58,17,58194,46.98703,3.14747,Hors intersection,Deux véhicules - par l’arrière,Plein jour,Normale,Voie Communale,,2,Plat,Partie rectiligne,,60,normale,,Sur chaussée,Conducteur,1,M,44-45,Promenade - loisirs,Casque,Oui,1,1,09 - septembre,3 - jeudi,Nevers
,201600032582,2016-09-01,67,15,67482,48.56562,7.73491,Hors intersection,Deux véhicules - frontale,Plein jour,Normale,Voie Communale,,1,Plat,Partie rectiligne,,,normale,,Sur piste cyclable,Conducteur,1,M,23-24,Autre,Casque,Non déterminable,1,1,09 - septembre,3 - jeudi,Strasbourg
,201600032582,2016-09-01,67,15,67482,48.56562,7.73491,Hors intersection,Deux véhicules - frontale,Plein jour,Normale,Voie Communale,,1,Plat,Partie rectiligne,,,normale,,Sur piste cyclable,Conducteur,0,F,23-24,,Casque,Non déterminable,1,1,09 - septembre,3 - jeudi,Strasbourg
,201600034767,2016-09-01,78,18,78524,0,0,Intersection en X,Deux véhicules - par l’arrière,Plein jour,Normale,Route Départementale,,2,Plat,Partie rectiligne,,,normale,,Sur chaussée,Conducteur,1,M,47-48,Promenade - loisirs,Casque,Oui,1,1,09 - septembre,3 - jeudi,Rocquencourt
,201600034967,2016-09-01,80,13,80021,49.87886,2.30275,Intersection en T,Autre,Plein jour,Normale,Voie Communale,,2,Plat,Partie rectiligne,,,normale,,Sur chaussée,Conducteur,1,M,15-16,Promenade - loisirs,Casque,Oui,1,1,09 - septembre,3 - jeudi,Amiens
,201600035381,2016-09-01,83,7,83062,43.11308,5.9933,Hors intersection,Deux véhicules - par le coté,Crépuscule ou aube,Temps éblouissant,Voie Communale,,2,Pente,Partie rectiligne,,30,normale,,Sur chaussée,Conducteur,1,M,49-50,Domicile - travail,Casque,Non,1,1,09 - septembre,3 - jeudi,Garde
,201600036281,2016-09-01,88,18,88413,48.29138,6.92833,Hors intersection,Trois véhicules et plus - en chaîne,Plein jour,Normale,Voie Communale,,1,Plat,Partie rectiligne,30,30,normale,,Sur chaussée,Conducteur,2,M,55-56,Autre,Autre,Oui,2,1,09 - septembre,3 - jeudi,Saint-Dié-des-Vosges
,201600039155,2016-09-01,92,11,92063,0,0,Hors intersection,Autre,Plein jour,Normale,Route Départementale,,2,Pente,En courbe à gauche,,120,normale,,Sur chaussée,Conducteur,2,M,36-37,Promenade - loisirs,Autre,Non déterminable,,1,09 - septembre,3 - jeudi,Rueil-Malmaison
,201600043554,2016-09-01,94,8,94068,0,0,Hors intersection,Deux véhicules - par le coté,Plein jour,Temps éblouissant,Route Départementale,,2,Plat,En « S »,,,normale,Carrefour aménagé,Sur chaussée,Conducteur,1,F,43-44,Domicile - travail,Autre,Non,1,1,09 - septembre,3 - jeudi,Saint-Maur-des-Fossés
,201600049393,2016-09-01,69,16,69383,0,0,Intersection en T,Deux véhicules - par le coté,Plein jour,Normale,Voie Communale,,,Plat,Partie rectiligne,,,normale,,Sur piste cyclable,Conducteur,2,M,55-56,,Casque,Oui,1,1,09 - septembre,3 - jeudi,Lyon 3e  Arrondissement
,201600049394,2016-09-01,69,17,69259,0,0,Intersection en T,Deux véhicules - frontale,Plein jour,Normale,Voie Communale,,2,Plat,Partie rectiligne,,680,normale,,Sur chaussée,Conducteur,1,M,13-14,Promenade - loisirs,Dispositif enfants,Non,1,1,09 - septembre,3 - jeudi,Vénissieux
,201600052884,2016-09-01,75,16,75110,48.8697,2.35262,Intersection en X,Autre,Plein jour,Normale,Voie Communale,,3,Plat,Partie rectiligne,,,normale,,Sur chaussée,Conducteur,0,M,29-30,,Casque,Non déterminable,,1,09 - septembre,3 - jeudi,Paris 10e  Arrondissement
,201600058786,2016-09-01,973,12,97302,0,0,Hors intersection,Deux véhicules - par le coté,Plein jour,Normale,Route Départementale,,2,Plat,Partie rectiligne,,,normale,,Sur chaussée,Conducteur,2,F,21-22,,Casque,Non,1,,09 - septembre,3 - jeudi,Cayenne
,201600002497,2016-08-31,85,15,85221,46.90246,-2.00225,Intersection en T,Deux véhicules - par le coté,Plein jour,Normale,Route Départementale,,1,Plat,Partie rectiligne,,61,normale,,Sur chaussée,Conducteur,2,M,15-16,Promenade - loisirs,Casque,Oui,1,1,08 - aout,2 - mercredi,Saint-Gervais
,201600003073,2016-08-31,64,11,64270,43.14475,-0.24011,Hors intersection,Deux véhicules - frontale,Plein jour,Normale,Route Départementale,,,Pente,Partie rectiligne,,,normale,,Sur chaussée,Conducteur,1,M,62-63,Promenade - loisirs,Casque,Non,1,,08 - aout,2 - mercredi,Igon
,201600004107,2016-08-31,65,18,65097,43.1961,0.37431,Hors intersection,Aucune,Plein jour,Normale,Route Départementale,,2,Pente,En courbe à droite,,,autre,,Sur accotement,Conducteur,2,M,53-54,Promenade - loisirs,Casque,Oui,,,08 - aout,2 - mercredi,Bonrepos
,201600004389,2016-08-31,69,11,69273,0,0,Hors intersection,Deux véhicules - par le coté,Plein jour,Normale,Voie Communale,,2,Plat,Partie rectiligne,,,,Bretelle d’échangeur ou de raccordement,Sur piste cyclable,Conducteur,2,M,66-67,Promenade - loisirs,Casque,Oui,1,1,08 - aout,2 - mercredi,Corbas
,201600006443,2016-08-31,88,12,88302,47.90435,6.77929,Hors intersection,Aucune,Plein jour,Normale,Voie Communale,,2,Plat,Partie rectiligne,,60,normale,,Sur trottoir,Conducteur,2,M,47-48,Domicile - travail,Ceinture,,,1,08 - aout,2 - mercredi,Ménil
,201600011948,2016-08-31,8,10,8105,49.77122,4.7,Intersection en T,Deux véhicules - par le coté,Plein jour,Normale,Voie Communale,,,,,,,,,,Conducteur,2,M,61-62,Promenade - loisirs,Casque,Oui,1,1,08 - aout,2 - mercredi,Charleville-Mézières
,201600012870,2016-08-31,6,19,6084,0,0,Hors intersection,Deux véhicules - frontale,Plein jour,Normale,Route Départementale,,,Pente,En courbe à gauche,,,normale,,Sur piste cyclable,Conducteur,2,M,12-13,Promenade - loisirs,Casque,Oui,1,,08 - aout,2 - mercredi,Mouans-Sartoux
,201600020714,2016-08-31,68,19,68300,47.78169,7.36593,Hors intersection,Deux véhicules - par l’arrière,Crépuscule ou aube,Normale,Route Départementale,,2,Plat,Partie rectiligne,,109,normale,,Sur trottoir,Conducteur,2,F,60-61,Promenade - loisirs,Casque,Non,1,1,08 - aout,2 - mercredi,Sausheim
,201600020898,2016-08-31,22,17,22278,48.51075,-2.75692,Hors intersection,Deux véhicules - par l’arrière,Plein jour,Normale,Voie Communale,,2,Pente,Partie rectiligne,,50,,,Sur chaussée,Conducteur,1,M,32-33,,Casque,Oui,1,1,08 - aout,2 - mercredi,Saint-Brieuc
,201600025274,2016-08-31,35,13,35238,48.1089,-1.71024,Intersection en X,Trois véhicules et plus - en chaîne,Plein jour,Normale,Voie Communale,,4,Plat,Partie rectiligne,,,normale,Carrefour aménagé,Sur chaussée,Conducteur,1,M,20-21,Promenade - loisirs,Casque,Oui,1,1,08 - aout,2 - mercredi,Rennes
,201600025274,2016-08-31,35,13,35238,48.1089,-1.71024,Intersection en X,Trois véhicules et plus - en chaîne,Plein jour,Normale,Voie Communale,,4,Plat,Partie rectiligne,,,normale,Carrefour aménagé,Sur chaussée,Conducteur,1,M,18-19,Promenade - loisirs,Casque,Oui,1,1,08 - aout,2 - mercredi,Rennes
,201600026331,2016-08-31,40,18,40192,43.88588,-0.46978,Autre intersection,Deux véhicules - par le coté,Plein jour,Normale,Voie Communale,,1,,,,,,,Sur chaussée,Conducteur,2,F,15-16,Promenade - loisirs,Casque,Non,1,1,08 - aout,2 - mercredi,Mont-de-Marsan
,201600027678,2016-08-31,49,9,49246,47.43791,-0.50821,Hors intersection,Deux véhicules - par le coté,Plein jour,Normale,Voie Communale,,2,Plat,Partie rectiligne,,86,normale,,Sur chaussée,Conducteur,2,F,53-54,,Casque,Non déterminable,1,1,08 - aout,2 - mercredi,Ponts-de-Cé
,201600029293,2016-08-31,56,17,56121,47.74775,-3.35905,Hors intersection,Deux véhicules - par le coté,Plein jour,Normale,Autre,,,,,,,,,Sur chaussée,Conducteur,1,M,27-28,,Autre,Non déterminable,1,1,08 - aout,2 - mercredi,Lorient
,201600033156,2016-08-31,69,12,69266,45.75564,4.8893,Hors intersection,Autre,Plein jour,Normale,Voie Communale,,,,,,,,,,Conducteur,1,M,34-35,,Casque,Oui,,1,08 - aout,2 - mercredi,Villeurbanne
,201600033417,2016-08-31,73,15,73008,0,0,Giratoire,Deux véhicules - par l’arrière,Plein jour,Normale,Voie Communale,,1,,,,,,,Sur chaussée,Conducteur,2,M,58-59,,Casque,Oui,1,1,08 - aout,2 - mercredi,Aix-les-Bains
,201600034246,2016-08-31,77,17,77495,48.56039,2.63471,Hors intersection,Deux véhicules - frontale,Plein jour,Normale,Route Départementale,,2,Plat,Partie rectiligne,,,normale,,Sur piste cyclable,Conducteur,2,F,28-29,Promenade - loisirs,Casque,Non,1,1,08 - aout,2 - mercredi,Vert-Saint-Denis
,201600038291,2016-08-31,92,19,92036,0,0,Hors intersection,Deux véhicules - par l’arrière,Plein jour,Normale,Voie Communale,,4,Plat,Partie rectiligne,20,120,normale,,Sur chaussée,Conducteur,1,M,15-16,Promenade - loisirs,Casque,Non,1,1,08 - aout,2 - mercredi,Gennevilliers
,201600042606,2016-08-31,94,19,94028,0,0,Hors intersection,Deux véhicules - frontale,Plein jour,Normale,Voie Communale,,,,,,,,,Sur chaussée,Conducteur,1,M,7-8,,Dispositif enfants,Non,1,1,08 - aout,2 - mercredi,Créteil
,201600049391,2016-08-31,69,18,69386,0,0,Hors intersection,Deux véhicules - par le coté,Plein jour,Normale,Voie Communale,,1,Plat,,,,normale,,Sur chaussée,Conducteur,1,M,24-25,,Casque,Oui,1,1,08 - aout,2 - mercredi,Lyon 6e  Arrondissement
,201600051746,2016-08-31,75,10,75105,48.8384,2.35068,Intersection à plus de 4 branches,Deux véhicules - par le coté,Plein jour,Normale,Voie Communale,,2,Plat,Partie rectiligne,,132,normale,,Sur chaussée,Conducteur,1,F,34-35,Promenade - loisirs,Casque,Non déterminable,1,1,08 - aout,2 - mercredi,Paris 5e  Arrondissement
,201600053975,2016-08-31,75,9,75113,48.816,2.36005,Intersection en X,Deux véhicules - par l’arrière,Plein jour,Normale,Voie Communale,,1,Plat,Partie rectiligne,,45,normale,Carrefour aménagé,Sur chaussée,Conducteur,1,M,30-31,Domicile - travail,Casque,Non,1,1,08 - aout,2 - mercredi,Paris 13e  Arrondissement
,201600055980,2016-08-31,75,15,75118,48.8898,2.34293,Intersection à plus de 4 branches,Deux véhicules - par le coté,Plein jour,Normale,Voie Communale,,2,Plat,Partie rectiligne,,52,normale,,Sur chaussée,Conducteur,1,F,45-46,Autre,Casque,Non,1,1,08 - aout,2 - mercredi,Paris 18e  Arrondissement
,201600056938,2016-08-31,75,20,75103,48.8648,2.35329,Intersection à plus de 4 branches,Deux véhicules - par le coté,Crépuscule ou aube,Normale,Voie Communale,,3,Plat,Partie rectiligne,,122,normale,,Sur chaussée,Conducteur,2,M,24-25,Promenade - loisirs,Casque,Oui,1,1,08 - aout,2 - mercredi,Paris 3e  Arrondissement
,201600002312,2016-08-30,72,9,72039,0,0,Hors intersection,Deux véhicules - frontale,Plein jour,Normale,Route Départementale,,2,Plat,Partie rectiligne,,,normale,,Sur chaussée,Conducteur,2,M,57-58,Promenade - loisirs,Casque,Oui,1,,08 - aout,1 - mardi,Bonnétable
,201600012643,2016-08-30,42,16,42279,45.49979,4.23926,Hors intersection,Deux véhicules - frontale,Plein jour,Normale,Route Départementale,,2,,Partie rectiligne,60,,normale,Carrefour aménagé,Sur chaussée,Conducteur,1,M,68-69,,Casque,Oui,1,1,08 - aout,1 - mardi,Saint-Just-Saint-Rambert
,201600015410,2016-08-30,13,18,13055,43.27947,5.39877,Intersection en T,Autre,Plein jour,Normale,Voie Communale,,2,Plat,Partie rectiligne,,70,normale,,Sur chaussée,Conducteur,0,M,16-17,,Autre,Non déterminable,1,,08 - aout,1 - mardi,Marseille
,201600017839,2016-08-30,14,11,14220,0,0,Hors intersection,Aucune,Plein jour,Normale,Voie Communale,,2,Plat,Partie rectiligne,,,normale,,Sur chaussée,Conducteur,1,F,66-67,Promenade - loisirs,Casque,Oui,1,1,08 - aout,1 - mardi,Deauville
,201600019904,2016-08-30,17,19,17300,46.16365,-1.12533,Hors intersection,Deux véhicules - par le coté,Plein jour,Normale,Voie Communale,,2,Plat,En courbe à droite,,61,normale,,Sur chaussée,Conducteur,1,M,17-18,Promenade - loisirs,Casque,Non,1,1,08 - aout,1 - mardi,Rochelle
,201600023070,2016-08-30,31,9,31555,0,0,Hors intersection,Deux véhicules - par le coté,Plein jour,Normale,Voie Communale,,2,Plat,Partie rectiligne,,,normale,,Sur chaussée,Conducteur,1,M,39-40,Domicile - travail,Casque,Oui,1,1,08 - aout,1 - mardi,Toulouse
,201600023074,2016-08-30,31,12,31555,0,0,Hors intersection,Autre,Plein jour,Normale,Voie Communale,,2,Plat,Partie rectiligne,,,normale,,Sur chaussée,Conducteur,1,M,45-46,,Casque,Oui,,1,08 - aout,1 - mardi,Toulouse
,201600027036,2016-08-30,44,8,44109,47.24606,-1.50291,Hors intersection,Autre,Plein jour,Normale,Voie Communale,,,Plat,En courbe à gauche,,,normale,,,Conducteur,2,F,28-29,,Casque,Oui,1,,08 - aout,1 - mardi,Nantes
,201600032579,2016-08-30,67,16,67482,0,0,Hors intersection,Deux véhicules - par le coté,Plein jour,Normale,Voie Communale,,,Plat,Partie rectiligne,,50,normale,,Sur chaussée,Conducteur,1,M,12-13,Promenade - loisirs,Autre,Non déterminable,1,1,08 - aout,1 - mardi,Strasbourg
,201600036129,2016-08-30,87,8,87085,45.8397,1.22576,Intersection en T,Deux véhicules - par le coté,Plein jour,Normale,Voie Communale,,2,Plat,En courbe à droite,,60,normale,,Sur chaussée,Conducteur,1,M,68-69,Promenade - loisirs,Casque,Oui,1,1,08 - aout,1 - mardi,Limoges
,201600036130,2016-08-30,87,10,87085,45.8486,1.25856,Intersection en T,Deux véhicules - par le coté,Plein jour,Normale,Voie Communale,,2,Plat,Partie rectiligne,,60,normale,,Sur chaussée,Conducteur,1,M,20-21,Promenade - loisirs,Casque,Oui,1,,08 - aout,1 - mardi,Limoges
,201600038002,2016-08-30,92,10,92025,0,0,Hors intersection,Deux véhicules - frontale,Plein jour,Normale,Route Départementale,,1,Plat,Partie rectiligne,,,normale,,,Conducteur,1,F,67-68,Domicile - travail,Casque,Oui,1,1,08 - aout,1 - mardi,Colombes
,201600042321,2016-08-30,94,19,94079,0,0,Intersection en X,Deux véhicules - par le coté,Plein jour,Normale,Route Départementale,,,Plat,Partie rectiligne,,70,normale,Carrefour aménagé,Sur chaussée,Conducteur,1,M,15-16,,Equipement réfléchissant,Oui,1,,08 - aout,1 - mardi,Villiers-sur-Marne
,201600048585,2016-08-30,69,19,69385,45.46005,4.49135,Hors intersection,Deux véhicules - frontale,Plein jour,Normale,Voie Communale,,,Plat,Partie rectiligne,,64,normale,,Sur piste cyclable,Conducteur,1,M,35-36,,Autre,Non déterminable,1,1,08 - aout,1 - mardi,Lyon 5e  Arrondissement
,201600048585,2016-08-30,69,19,69385,45.46005,4.49135,Hors intersection,Deux véhicules - frontale,Plein jour,Normale,Voie Communale,,,Plat,Partie rectiligne,,64,normale,,Sur piste cyclable,Conducteur,0,M,22-23,Domicile - travail,Casque,Oui,1,1,08 - aout,1 - mardi,Lyon 5e  Arrondissement