test,identifiantAccident,date,departement,heure,commune,lat,lon,typeIntersection,typeCollision,luminosite,conditionsAtmosperiques,typeRoute,circulation,nbVoies,profilLongRoute,tracePlanRoute,largeurTPC,largeurRoute,etatSurface,amenagement,situation,categorieUsager,graviteAccident,sexe,age,motifDeplacement,existenceSecurite,usageSecurite,nombreAutresVehicules,enAgglomeration,mois,jour,NCCENR
,201600048595,2016-08-30,69,13,69382,0,0,Intersection en X,Deux véhicules - par le coté,Plein jour,Normale,Voie Communale,,2,Plat,Partie rectiligne,,,normale,,Sur chaussée,Conducteur,2,M,50-51,Promenade - loisirs,Casque,Non,1,1,08 - aout,1 - mardi,Lyon 2e  Arrondissement
,201600052440,2016-08-30,75,9,75108,48.8742,2.31749,Intersection en X,Trois véhicules et plus - en chaîne,Plein jour,Normale,Voie Communale,,2,Plat,Partie rectiligne,,,normale,,Sur chaussée,Conducteur,1,M,52-53,Utilisation professionnelle,Casque,Non déterminable,2,1,08 - aout,1 - mardi,Paris 8e  Arrondissement
,201600053175,2016-08-30,75,15,75111,48.8593,2.38685,Intersection en X,Autre,Plein jour,Normale,Voie Communale,,1,Plat,Partie rectiligne,,60,normale,,Sur piste cyclable,Conducteur,0,F,27-28,,Casque,Non déterminable,,1,08 - aout,1 - mardi,Paris 11e  Arrondissement
,201600056298,2016-08-30,75,19,75119,48.8885,2.3919,Intersection en X,Deux véhicules - par le coté,Plein jour,Normale,Voie Communale,,3,Plat,Partie rectiligne,,,normale,,Sur chaussée,Conducteur,1,M,27-28,Domicile - travail,Casque,Non déterminable,1,1,08 - aout,1 - mardi,Paris 19e  Arrondissement
,201600056602,2016-08-30,75,8,75120,48.8679,2.40891,Intersection en X,Autre,Plein jour,Normale,Voie Communale,,,Pente,Partie rectiligne,,,normale,,Sur piste cyclable,Conducteur,1,M,31-32,,Casque,Non déterminable,,1,08 - aout,1 - mardi,Paris 20e  Arrondissement
,201600000208,2016-08-29,62,8,62593,50.02892,2.8738,Hors intersection,Deux véhicules - par le coté,Plein jour,Normale,Route Départementale,,2,Plat,Partie rectiligne,,,normale,,Sur chaussée,Conducteur,3,F,45-46,Autre,Casque,Non,1,1,08 - aout,0 - lundi,Morval
,201600024114,2016-08-29,33,20,33063,44.8595,-0.63136,Intersection en T,Deux véhicules - par le coté,Plein jour,Normale,Voie Communale,,,Plat,Partie rectiligne,,,normale,,,Conducteur,1,M,24-25,Promenade - loisirs,Casque,Non déterminable,1,1,08 - aout,0 - lundi,Bordeaux
,201600027244,2016-08-29,45,16,45208,47.99744,2.74182,Hors intersection,Autre,Plein jour,Normale,Parc de stationnement ouvert à la circulation publique,,,Plat,Partie rectiligne,,,normale,,Sur chaussée,Piéton en roller ou en trottinette,1,F,59-60,Courses - achats,Autre,Non déterminable,,1,08 - aout,0 - lundi,Montargis
,201600028895,2016-08-29,54,15,54495,0,0,Hors intersection,Deux véhicules - par le coté,Plein jour,Normale,Route Départementale,,3,Plat,Partie rectiligne,,,normale,,Sur chaussée,Conducteur,1,F,16-17,Promenade - loisirs,Autre,Non déterminable,1,1,08 - aout,0 - lundi,Saulxures-lès-Nancy
,201600031007,2016-08-29,62,16,62457,50.4503,2.52499,Intersection en X,Deux véhicules - par le coté,Plein jour,Normale,Voie Communale,,2,Pente,Partie rectiligne,,65,normale,,,Conducteur,2,M,70-71,Promenade - loisirs,Autre,Non,1,1,08 - aout,0 - lundi,Houdain
,201600031165,2016-08-29,62,20,62032,50.41334,2.74949,Hors intersection,Deux véhicules - frontale,Plein jour,Normale,Route Départementale,,2,Plat,Partie rectiligne,,73,normale,,Sur chaussée,Conducteur,2,M,57-58,Promenade - loisirs,Casque,Oui,1,1,08 - aout,0 - lundi,Angres
,201600034842,2016-08-29,79,10,79329,46.97937,-0.19859,Giratoire,Deux véhicules - par le coté,Plein jour,Pluie légère,Route Départementale,,2,Plat,Partie rectiligne,,,mouillée,,Sur chaussée,Conducteur,1,M,77-78,,Autre,Non,1,1,08 - aout,0 - lundi,Thouars
,201600038496,2016-08-29,92,20,92044,0,0,Intersection en X,Deux véhicules - par le coté,Plein jour,Normale,Voie Communale,,1,Plat,Partie rectiligne,,,normale,,,Conducteur,0,M,49-50,,Casque,Oui,1,1,08 - aout,0 - lundi,Levallois-Perret
,201600043404,2016-08-29,94,19,94058,0,0,Hors intersection,Deux véhicules - frontale,Plein jour,Normale,Route Départementale,,1,Plat,Partie rectiligne,,58,normale,,Sur chaussée,Conducteur,2,M,3-4,Promenade - loisirs,Casque,Non,1,1,08 - aout,0 - lundi,Perreux-sur-Marne
,201600044405,2016-08-29,95,8,95527,49.0031,2.5298,Hors intersection,Deux véhicules - par l’arrière,Plein jour,Normale,Voie Communale,,1,Plat,En courbe à droite,,,normale,,Sur chaussée,Conducteur,1,M,46-47,Domicile - travail,Casque,Oui,1,,08 - aout,0 - lundi,Roissy-en-France
,201600051376,2016-08-29,75,17,75103,48.8603,2.36455,Intersection en T,Deux véhicules - par l’arrière,Plein jour,Normale,Voie Communale,,2,Plat,Partie rectiligne,,78,normale,,Sur chaussée,Conducteur,1,M,30-31,Promenade - loisirs,Casque,Non,1,1,08 - aout,0 - lundi,Paris 3e  Arrondissement
,201600052883,2016-08-29,75,19,75110,48.8704,2.35482,Hors intersection,Autre,Plein jour,Normale,Voie Communale,,3,Plat,Partie rectiligne,,160,normale,,Sur chaussée,Conducteur,1,F,51-52,Domicile - travail,Autre,Non déterminable,,1,08 - aout,0 - lundi,Paris 10e  Arrondissement
,201600054287,2016-08-29,75,17,75114,48.8281,2.32689,Place,Deux véhicules - par le coté,Plein jour,Normale,Voie Communale,,3,Plat,En courbe à droite,,130,normale,Carrefour aménagé,Sur chaussée,Conducteur,1,F,51-52,Promenade - loisirs,Casque,Non,1,1,08 - aout,0 - lundi,Paris 14e  Arrondissement
,201600058155,2016-08-29,972,13,97222,0,0,Hors intersection,Deux véhicules - frontale,Plein jour,Normale,Voie Communale,,,Pente,En courbe à gauche,,40,normale,,Sur chaussée,Conducteur,2,M,16-17,Promenade - loisirs,Casque,Oui,1,,08 - aout,0 - lundi,Robert
,201600012744,2016-08-28,78,11,78152,0,0,Intersection en Y,Deux véhicules - par le coté,Plein jour,Normale,Voie Communale,,2,Bas de côte,Partie rectiligne,,,normale,Carrefour aménagé,Sur chaussée,Conducteur,1,M,23-24,Promenade - loisirs,Casque,Oui,1,1,08 - aout,6 - dimanche,Chavenay
,201600016606,2016-08-28,78,11,78356,0,0,Hors intersection,Deux véhicules - par le coté,Plein jour,Normale,Route Départementale,,2,Plat,En courbe à gauche,,92,normale,,Sur chaussée,Conducteur,2,M,41-42,Promenade - loisirs,Casque,Oui,1,,08 - aout,6 - dimanche,Magny-les-Hameaux
,201600019556,2016-08-28,35,20,35024,48.18208,-1.64062,Hors intersection,Deux véhicules - par le coté,Plein jour,Normale,Parc de stationnement ouvert à la circulation publique,,,,,,,normale,,Sur chaussée,Conducteur,2,M,6-7,Promenade - loisirs,Ceinture,,1,1,08 - aout,6 - dimanche,Betton
,201600038576,2016-08-28,92,16,92048,0,0,Intersection en X,Deux véhicules - par le coté,Plein jour,Normale,Autre,,2,Plat,Partie rectiligne,,50,normale,,,Conducteur,1,F,58-59,Autre,Autre,Non déterminable,1,,08 - aout,6 - dimanche,Meudon
,201600039401,2016-08-28,92,21,92073,0,0,Hors intersection,Deux véhicules - par le coté,Nuit avec éclairage public allumé,Normale,Route Départementale,,4,Pente,Partie rectiligne,,,normale,,Sur chaussée,Conducteur,2,M,29-30,Promenade - loisirs,Autre,Non,1,1,08 - aout,6 - dimanche,Suresnes
,201600042873,2016-08-28,94,15,94076,0,0,Hors intersection,Deux véhicules - par l’arrière,Plein jour,Normale,Voie Communale,,1,Plat,Partie rectiligne,,,normale,,Sur chaussée,Conducteur,2,M,66-67,Promenade - loisirs,Casque,Non,1,1,08 - aout,6 - dimanche,Villejuif
,201600051745,2016-08-28,75,17,75105,48.8496,2.34483,Place,Autre,Plein jour,Normale,Voie Communale,,,Pente,Partie rectiligne,,,normale,,Sur trottoir,Conducteur,0,M,17-18,Promenade - loisirs,Casque,Non déterminable,,1,08 - aout,6 - dimanche,Paris 5e  Arrondissement
,201600053564,2016-08-28,75,18,75112,48.8277,2.44377,Intersection à plus de 4 branches,Autre,Plein jour,Normale,Voie Communale,,1,Plat,Partie rectiligne,,50,normale,,Sur piste cyclable,Conducteur,0,M,25-26,Promenade - loisirs,Casque,Oui,,1,08 - aout,6 - dimanche,Paris 12e  Arrondissement
,201600053565,2016-08-28,75,20,75112,48.8481,2.39335,Hors intersection,Deux véhicules - par l’arrière,Plein jour,Normale,Voie Communale,,2,Plat,Partie rectiligne,,80,normale,,Sur chaussée,Conducteur,1,M,19-20,Utilisation professionnelle,Casque,Non déterminable,1,1,08 - aout,6 - dimanche,Paris 12e  Arrondissement
,201600005276,2016-08-27,42,12,42140,45.45545,4.06316,Hors intersection,Deux véhicules - par le coté,Plein jour,Normale,Route Départementale,,2,Pente,En courbe à gauche,,60,normale,,Sur chaussée,Conducteur,1,M,57-58,Promenade - loisirs,Casque,Oui,1,,08 - aout,5 - samedi,Marols
,201600008553,2016-08-27,84,17,84132,0,0,Intersection en T,Deux véhicules - par le coté,Plein jour,Normale,Voie Communale,,2,Plat,Partie rectiligne,,,normale,,Sur chaussée,Conducteur,2,M,18-19,Promenade - loisirs,Casque,Non,1,,08 - aout,5 - samedi,Thor
,201600012425,2016-08-27,38,10,38253,45.0277,6.07761,Autre intersection,Trois véhicules et plus - en chaîne,Plein jour,Normale,Route Départementale,,2,Pente,En courbe à gauche,,70,normale,Souterrain - tunnel,Sur chaussée,Conducteur,3,M,52-53,,Casque,Oui,2,,08 - aout,5 - samedi,Mont-de-Lans
,201600020548,2016-08-27,72,10,72008,0,0,Hors intersection,Deux véhicules - frontale,Plein jour,Temps éblouissant,Route Départementale,,,Plat,Partie rectiligne,,,normale,,Sur chaussée,Conducteur,2,M,66-67,Promenade - loisirs,Ceinture,,1,1,08 - aout,5 - samedi,Arnage
,201600023066,2016-08-27,31,11,31555,0,0,Hors intersection,Deux véhicules - par le coté,Plein jour,Normale,Voie Communale,,3,Plat,Partie rectiligne,,,normale,,Sur chaussée,Conducteur,1,M,20-21,Promenade - loisirs,Casque,Non,1,1,08 - aout,5 - samedi,Toulouse
,201600049381,2016-08-27,69,15,69388,0,0,Hors intersection,Deux véhicules - par le coté,Plein jour,Normale,Voie Communale,,2,Plat,Partie rectiligne,,,normale,,Sur chaussée,Conducteur,1,M,14-15,,Casque,Oui,1,1,08 - aout,5 - samedi,Lyon 8e  Arrondissement
,201600049451,2016-08-27,69,,69386,0,0,Hors intersection,Autre,Nuit avec éclairage public non allumé,Normale,Voie Communale,,,Plat,Partie rectiligne,,,normale,,,Conducteur,0,M,20-21,,Casque,Oui,,1,08 - aout,5 - samedi,Lyon 6e  Arrondissement
,201600052437,2016-08-27,75,22,75108,48.8793,2.30391,Hors intersection,Autre,Nuit sans éclairage public,Vent fort - tempête,Voie Communale,,,Plat,Partie rectiligne,,80,normale,,Sur piste cyclable,Conducteur,0,M,21-22,Autre,Casque,Non déterminable,,1,08 - aout,5 - samedi,Paris 8e  Arrondissement
,201600056296,2016-08-27,75,20,75119,48.8804,2.37117,Intersection en T,Aucune,Plein jour,Normale,Voie Communale,,1,Pente,Partie rectiligne,,,normale,,Sur chaussée,Conducteur,1,M,16-17,Promenade - loisirs,Casque,Non déterminable,,1,08 - aout,5 - samedi,Paris 19e  Arrondissement
,201600000415,2016-08-26,2,9,2354,0,0,Hors intersection,Trois véhicules et plus - collisions multiples,Plein jour,Normale,Route Départementale,,2,Plat,Partie rectiligne,,66,normale,,Sur chaussée,Conducteur,1,M,16-17,Promenade - loisirs,Casque,Non,1,,08 - aout,4 - vendredi,Grandrieux
,201600000415,2016-08-26,2,9,2354,0,0,Hors intersection,Trois véhicules et plus - collisions multiples,Plein jour,Normale,Route Départementale,,2,Plat,Partie rectiligne,,66,normale,,Sur chaussée,Conducteur,2,M,14-15,Promenade - loisirs,Casque,Non,1,,08 - aout,4 - vendredi,Grandrieux
,201600001324,2016-08-26,56,18,56110,0,0,Hors intersection,Trois véhicules et plus - collisions multiples,Plein jour,Normale,Route Départementale,,2,Sommet de côte,Partie rectiligne,,76,normale,,Sur chaussée,Conducteur,2,M,12-13,Promenade - loisirs,Casque,Oui,1,,08 - aout,4 - vendredi,Lignol
,201600001324,2016-08-26,56,18,56110,0,0,Hors intersection,Trois véhicules et plus - collisions multiples,Plein jour,Normale,Route Départementale,,2,Sommet de côte,Partie rectiligne,,76,normale,,Sur chaussée,Conducteur,1,M,61-62,Promenade - loisirs,Casque,Oui,1,,08 - aout,4 - vendredi,Lignol
,201600002299,2016-08-26,72,15,72283,0,0,Hors intersection,Deux véhicules - par l’arrière,Plein jour,Normale,Route Départementale,,1,Plat,En courbe à droite,,43,autre,,Sur accotement,Conducteur,2,M,65-66,Promenade - loisirs,Casque,Oui,1,,08 - aout,4 - vendredi,'Saint-Germain-d''Arcé'
,201600003407,2016-08-26,17,10,17057,46.14361,-0.85646,Intersection en X,Deux véhicules - par le coté,Plein jour,Normale,Route Départementale,,2,Plat,Partie rectiligne,,70,normale,Carrefour aménagé,Sur chaussée,Conducteur,2,M,61-62,Promenade - loisirs,Casque,Oui,1,,08 - aout,4 - vendredi,Bouhet
,201600006121,2016-08-26,57,19,57692,0,0,Hors intersection,Autre,Plein jour,Normale,Route Départementale,,2,Plat,,20,60,normale,Carrefour aménagé,Sur chaussée,Conducteur,2,M,51-52,Promenade - loisirs,Ceinture,,,1,08 - aout,4 - vendredi,Vannecourt
,201600008588,2016-08-26,84,10,84026,0,0,Hors intersection,Deux véhicules - frontale,Plein jour,Normale,Voie Communale,,1,Plat,Partie rectiligne,,35,normale,,Sur chaussée,Conducteur,2,M,78-79,Promenade - loisirs,Ceinture,,1,,08 - aout,4 - vendredi,Cadenet
,201600012838,2016-08-26,14,11,14515,49.3488,-0.75659,Intersection en T,Autre,Plein jour,Normale,Voie Communale,,2,,,,,normale,,Sur chaussée,Conducteur,2,M,62-63,Promenade - loisirs,Autre,Oui,,1,08 - aout,4 - vendredi,Port-en-Bessin-Huppain
,201600029285,2016-08-26,56,16,56107,47.72309,-3.39043,Giratoire,Deux véhicules - par le coté,Plein jour,Normale,Voie Communale,,2,Plat,Partie rectiligne,,,normale,,Sur chaussée,Conducteur,1,F,33-34,,Autre,Non déterminable,1,1,08 - aout,4 - vendredi,Larmor-Plage
,201600029286,2016-08-26,56,17,56098,47.77766,-3.34396,Hors intersection,Aucune,Plein jour,Normale,Autre,,1,Plat,Partie rectiligne,,,normale,,Sur chaussée,Conducteur,1,M,13-14,,Autre,Non déterminable,,1,08 - aout,4 - vendredi,Lanester
,201600031169,2016-08-26,62,14,62186,50.45685,2.72123,Hors intersection,Autre,Plein jour,Normale,Route Départementale,,2,Plat,Partie rectiligne,,60,normale,,Sur chaussée,Conducteur,1,M,8-9,Promenade - loisirs,Autre,Non,1,1,08 - aout,4 - vendredi,Bully-les-Mines
,201600031399,2016-08-26,64,14,64102,43.50022,-1.47975,Hors intersection,Trois véhicules et plus - collisions multiples,Plein jour,Normale,Voie Communale,,2,Plat,Partie rectiligne,,80,normale,,Sur chaussée,Conducteur,2,M,27-28,,Autre,Oui,1,1,08 - aout,4 - vendredi,Bayonne
,201600031399,2016-08-26,64,14,64102,43.50022,-1.47975,Hors intersection,Trois véhicules et plus - collisions multiples,Plein jour,Normale,Voie Communale,,2,Plat,Partie rectiligne,,80,normale,,Sur chaussée,Conducteur,2,M,25-26,,Autre,Oui,1,1,08 - aout,4 - vendredi,Bayonne
,201600032572,2016-08-26,67,16,67482,48.56397,7.75435,Intersection en X,Deux véhicules - par le coté,Plein jour,Normale,Voie Communale,,1,Plat,Partie rectiligne,,40,normale,,Sur chaussée,Conducteur,1,F,23-24,Promenade - loisirs,Autre,Non déterminable,1,1,08 - aout,4 - vendredi,Strasbourg
,201600032573,2016-08-26,67,19,67218,48.5316,7.70757,Hors intersection,Deux véhicules - par le coté,Plein jour,Normale,Voie Communale,,2,Plat,Partie rectiligne,38,85,normale,,Sur chaussée,Conducteur,2,M,89-90,Promenade - loisirs,Autre,Non déterminable,1,1,08 - aout,4 - vendredi,Illkirch-Graffenstaden
,201600032755,2016-08-26,91,7,91648,48.56504,2.36248,Hors intersection,Deux véhicules - par l’arrière,Plein jour,Normale,Route Départementale,,2,Pente,Partie rectiligne,,,normale,,Sur chaussée,Conducteur,2,M,59-60,Promenade - loisirs,Casque,Oui,1,,08 - aout,4 - vendredi,Vert-le-Grand
,201600033115,2016-08-26,69,10,69266,45.77508,4.88033,Hors intersection,Deux véhicules - par le coté,Plein jour,Normale,Voie Communale,,,Plat,Partie rectiligne,,32,normale,,Sur chaussée,Conducteur,3,M,31-32,,Casque,Non,1,1,08 - aout,4 - vendredi,Villeurbanne
,201600037727,2016-08-26,92,11,92023,0,0,Hors intersection,Deux véhicules - par l’arrière,Plein jour,Normale,Voie Communale,,2,Plat,Partie rectiligne,,,normale,,Sur chaussée,Conducteur,1,M,45-46,Promenade - loisirs,Casque,Oui,1,1,08 - aout,4 - vendredi,Clamart
,201600038286,2016-08-26,92,15,92036,0,0,Hors intersection,Autre,Plein jour,Normale,Voie Communale,,4,Plat,Partie rectiligne,,50,normale,,Sur chaussée,Conducteur,1,M,44-45,Domicile - travail,Casque,Non,1,1,08 - aout,4 - vendredi,Gennevilliers
,201600040370,2016-08-26,93,15,93029,0,0,Intersection en X,Autre,Plein jour,Normale,Voie Communale,,2,Plat,Partie rectiligne,,,normale,,Sur chaussée,Conducteur,1,F,60-61,,Autre,Non déterminable,1,1,08 - aout,4 - vendredi,Drancy
,201600048579,2016-08-26,69,11,69385,45.46,4.49418,Hors intersection,Autre,Plein jour,Normale,Voie Communale,,1,Plat,Partie rectiligne,,60,normale,,Sur piste cyclable,Conducteur,1,M,68-69,Domicile - travail,Casque,Non,,1,08 - aout,4 - vendredi,Lyon 5e  Arrondissement
,201600049375,2016-08-26,69,9,69383,0,0,Intersection en Y,Deux véhicules - par le coté,Plein jour,Normale,Voie Communale,,,Plat,Partie rectiligne,,,normale,,Sur piste cyclable,Conducteur,1,F,31-32,,Casque,Non déterminable,1,1,08 - aout,4 - vendredi,Lyon 3e  Arrondissement
,201600051743,2016-08-26,75,18,75105,48.8494,2.35682,Intersection à plus de 4 branches,Deux véhicules - par le coté,Plein jour,Normale,Voie Communale,,,Plat,Partie rectiligne,,124,normale,Pont - autopont,Sur chaussée,Conducteur,1,M,29-30,Domicile - travail,Casque,Non déterminable,1,1,08 - aout,4 - vendredi,Paris 5e  Arrondissement
,201600055097,2016-08-26,75,16,75116,48.8399,2.2563,Place,Autre,Plein jour,Normale,Voie Communale,,2,Plat,Partie rectiligne,,,normale,,Sur chaussée,Conducteur,1,M,24-25,Promenade - loisirs,Casque,Non déterminable,1,1,08 - aout,4 - vendredi,Paris 16e  Arrondissement
,201600001945,2016-08-25,44,17,44103,47.32008,-2.11456,Hors intersection,Autre,Plein jour,Normale,Route Départementale,,,Plat,Partie rectiligne,,70,normale,,Sur chaussée,Conducteur,2,M,40-41,Domicile - travail,Casque,Oui,1,,08 - aout,3 - jeudi,Montoir-de-Bretagne
,201600004310,2016-08-25,82,10,82152,0,0,Hors intersection,Deux véhicules - par l’arrière,Plein jour,Normale,Route Départementale,,,Plat,Partie rectiligne,,,normale,Pont - autopont,Sur chaussée,Conducteur,2,M,52-53,Promenade - loisirs,Autre,Oui,1,,08 - aout,3 - jeudi,Saint-Aignan
,201600006401,2016-08-25,88,7,88225,48.10355,6.51399,Hors intersection,Deux véhicules - frontale,Plein jour,Temps éblouissant,Route Départementale,,2,Plat,Partie rectiligne,,74,normale,,Sur chaussée,Conducteur,2,F,56-57,Promenade - loisirs,Casque,Oui,1,,08 - aout,3 - jeudi,Hadol
,201600008189,2016-08-25,5,13,5002,44.69548,5.88236,Hors intersection,Deux véhicules - par le coté,Plein jour,Normale,Route Départementale,,1,Pente,En courbe à droite,,42,normale,,Sur chaussée,Conducteur,1,M,50-51,Promenade - loisirs,Casque,Oui,1,1,08 - aout,3 - jeudi,Agnières-en-Dévoluy
,201600009970,2016-08-25,28,12,28358,48.49502,1.49601,Intersection en X,Deux véhicules - par le coté,Plein jour,Normale,Route Départementale,Avec voies d’affectation variable,,,,,,,,,Conducteur,2,M,65-66,Promenade - loisirs,Casque,Oui,1,,08 - aout,3 - jeudi,Saint-Prest
,201600010148,2016-08-25,37,17,37243,0,0,Hors intersection,Deux véhicules - frontale,Plein jour,Normale,Route Départementale,,,,Partie rectiligne,,,normale,,Sur chaussée,Conducteur,1,M,53-54,,Casque,Non,1,1,08 - aout,3 - jeudi,Savonnières
,201600012257,2016-08-25,53,12,53016,48.25956,-0.33759,Hors intersection,Deux véhicules - par l’arrière,Plein jour,Normale,Route Départementale,,2,Sommet de côte,En courbe à droite,,,normale,,Sur chaussée,Conducteur,2,M,67-68,Promenade - loisirs,Casque,Oui,1,,08 - aout,3 - jeudi,Bais
,201600016717,2016-08-25,14,19,14327,49.2141,-0.3293,Hors intersection,Deux véhicules - par l’arrière,Plein jour,Normale,Route Départementale,,2,Pente,Partie rectiligne,,176,normale,,Sur piste cyclable,Conducteur,2,M,58-59,Promenade - loisirs,Equipement réfléchissant,Oui,1,,08 - aout,3 - jeudi,Hérouville-Saint-Clair
,201600017705,2016-08-25,6,5,6138,0,0,Hors intersection,Autre,Nuit avec éclairage public allumé,Normale,Route Départementale,,,,,,,,,,Conducteur,2,M,21-22,,Casque,Oui,1,,08 - aout,3 - jeudi,Théoule-sur-Mer
,201600017984,2016-08-25,84,11,84017,0,0,Hors intersection,Deux véhicules - par le coté,Plein jour,Normale,Route Départementale,,,Pente,En courbe à droite,,,normale,,Sur chaussée,Conducteur,2,M,55-56,Promenade - loisirs,Casque,Oui,1,,08 - aout,3 - jeudi,Bédoin
,201600018613,2016-08-25,49,18,49331,47.68284,-0.87826,Hors intersection,Deux véhicules - par l’arrière,Plein jour,Normale,Voie Communale,,2,,Partie rectiligne,10,70,normale,,Sur chaussée,Conducteur,1,F,13-14,Promenade - loisirs,Equipement réfléchissant,Oui,1,1,08 - aout,3 - jeudi,Segré
,201600018787,2016-08-25,71,8,71196,46.65359,5.34371,Hors intersection,Deux véhicules - par le coté,Plein jour,Normale,Route Départementale,,2,Sommet de côte,Partie rectiligne,39,75,normale,,Sur chaussée,Conducteur,2,M,79-80,Promenade - loisirs,Equipement réfléchissant,Non,1,,08 - aout,3 - jeudi,Fay
,201600018796,2016-08-25,71,10,71292,0,0,Hors intersection,Deux véhicules - par le coté,Plein jour,Normale,Route Départementale,,2,Pente,Partie rectiligne,,74,normale,,Sur chaussée,Conducteur,2,M,69-70,Promenade - loisirs,Casque,Oui,1,,08 - aout,3 - jeudi,Mellecey
,201600023063,2016-08-25,31,13,31555,0,0,Hors intersection,Autre,Plein jour,Normale,Voie Communale,,1,Plat,Partie rectiligne,,,normale,,Sur chaussée,Conducteur,0,M,38-39,Autre,Autre,Non déterminable,,1,08 - aout,3 - jeudi,Toulouse
,201600029693,2016-08-25,45,11,45259,0,0,Hors intersection,Deux véhicules - par le coté,Plein jour,Normale,Route Départementale,,2,Plat,Partie rectiligne,,72,normale,,Sur chaussée,Conducteur,2,F,64-65,Promenade - loisirs,Casque,Non,1,1,08 - aout,3 - jeudi,Quiers-sur-Bézonde
,201600030858,2016-08-25,17,8,17194,46.13549,-1.00962,Giratoire,Deux véhicules - par le coté,Plein jour,Normale,Route Départementale,,2,,En courbe à gauche,,69,normale,,Sur chaussée,Conducteur,2,M,33-34,Promenade - loisirs,Casque,Oui,1,,08 - aout,3 - jeudi,Jarrie
,201600030930,2016-08-25,62,9,62724,50.38757,2.91712,Giratoire,Deux véhicules - par le coté,Plein jour,Normale,Route Départementale,,1,,,,,,,Sur chaussée,Conducteur,1,M,48-49,Promenade - loisirs,Casque,Oui,1,1,08 - aout,3 - jeudi,Rouvroy
,201600032567,2016-08-25,67,14,67482,48.57037,7.73797,Hors intersection,Deux véhicules - par le coté,Plein jour,Normale,Voie Communale,,2,Plat,Partie rectiligne,,80,normale,,Sur chaussée,Conducteur,1,M,11-12,,Equipement réfléchissant,Oui,1,1,08 - aout,3 - jeudi,Strasbourg
,201600032568,2016-08-25,67,17,67482,48.58411,7.7588,Hors intersection,Deux véhicules - par le coté,Plein jour,Normale,Voie Communale,,3,Plat,Partie rectiligne,,82,normale,,Sur chaussée,Conducteur,1,M,28-29,,Equipement réfléchissant,Non,1,1,08 - aout,3 - jeudi,Strasbourg
,201600032569,2016-08-25,67,17,67482,48.59224,7.76998,Hors intersection,Deux véhicules - par le coté,Plein jour,Normale,Voie Communale,,2,Plat,Partie rectiligne,,81,normale,,Sur chaussée,Conducteur,1,F,47-48,,Equipement réfléchissant,Non déterminable,1,1,08 - aout,3 - jeudi,Strasbourg
,201600048588,2016-08-25,69,17,69152,45.70022,4.82299,Hors intersection,Deux véhicules - par le coté,Plein jour,Normale,Voie Communale,,2,Plat,,35,81,normale,,Sur chaussée,Conducteur,2,M,46-47,Promenade - loisirs,Casque,Oui,1,1,08 - aout,3 - jeudi,Pierre-Bénite
,201600051562,2016-08-25,75,10,75104,48.8525,2.36672,Intersection en X,Deux véhicules - par le coté,Plein jour,Normale,Voie Communale,,3,Plat,Partie rectiligne,,120,normale,,Sur chaussée,Conducteur,1,M,76-77,Promenade - loisirs,Casque,Non,1,1,08 - aout,3 - jeudi,Paris 4e  Arrondissement
,201600051562,2016-08-25,75,10,75104,48.8525,2.36672,Intersection en X,Deux véhicules - par le coté,Plein jour,Normale,Voie Communale,,3,Plat,Partie rectiligne,,120,normale,,Sur chaussée,Conducteur,1,M,56-57,Courses - achats,Casque,Non,1,1,08 - aout,3 - jeudi,Paris 4e  Arrondissement
,201600052088,2016-08-25,75,9,75107,48.8627,2.31902,Intersection à plus de 4 branches,Deux véhicules - par le coté,Plein jour,Normale,Voie Communale,,4,Plat,Partie rectiligne,,,normale,,Sur chaussée,Conducteur,1,F,20-21,,Casque,Non,1,1,08 - aout,3 - jeudi,Paris 7e  Arrondissement
,201600052673,2016-08-25,75,19,75109,48.8833,2.32749,Place,Deux véhicules - par l’arrière,Plein jour,Normale,Voie Communale,,3,Plat,En courbe à gauche,,,normale,,Sur chaussée,Conducteur,1,M,31-32,,Casque,Non,1,1,08 - aout,3 - jeudi,Paris 9e  Arrondissement
,201600055979,2016-08-25,75,18,75118,48.8839,2.34946,Intersection en X,Deux véhicules - par l’arrière,Plein jour,Normale,Voie Communale,,,Plat,Partie rectiligne,,,normale,,Sur chaussée,Conducteur,1,M,28-29,,Casque,Non,1,1,08 - aout,3 - jeudi,Paris 18e  Arrondissement
,201600056931,2016-08-25,75,10,75112,48.8218,2.45379,Hors intersection,Deux véhicules - par l’arrière,Plein jour,Normale,Voie Communale,,2,Pente,Partie rectiligne,,80,normale,,Sur chaussée,Conducteur,3,M,68-69,Promenade - loisirs,Casque,Oui,1,1,08 - aout,3 - jeudi,Paris 12e  Arrondissement
,201600058410,2016-08-25,972,12,97209,0,0,Intersection en X,Autre,Plein jour,Normale,Route Départementale,,2,Plat,Partie rectiligne,,,normale,,Sur chaussée,Conducteur,1,M,6-7,,Equipement réfléchissant,Non,1,,08 - aout,3 - jeudi,Fort-de-France
,201600003825,2016-08-24,12,19,12264,44.4174,2.5733,Intersection en X,Trois véhicules et plus - collisions multiples,Plein jour,Temps éblouissant,Route Départementale,,2,Pente,Partie rectiligne,,60,normale,Carrefour aménagé,Sur chaussée,Conducteur,2,M,23-24,Promenade - loisirs,Casque,Oui,1,,08 - aout,2 - mercredi,Sébazac-Concourès