test,identifiantAccident,date,departement,heure,commune,lat,lon,typeIntersection,typeCollision,luminosite,conditionsAtmosperiques,typeRoute,circulation,nbVoies,profilLongRoute,tracePlanRoute,largeurTPC,largeurRoute,etatSurface,amenagement,situation,categorieUsager,graviteAccident,sexe,age,motifDeplacement,existenceSecurite,usageSecurite,nombreAutresVehicules,enAgglomeration,mois,jour,NCCENR
,201600003825,2016-08-24,12,19,12264,44.4174,2.5733,Intersection en X,Trois véhicules et plus - collisions multiples,Plein jour,Temps éblouissant,Route Départementale,,2,Pente,Partie rectiligne,,60,normale,Carrefour aménagé,Sur chaussée,Conducteur,2,M,52-53,Promenade - loisirs,Casque,Oui,1,,08 - aout,2 - mercredi,Sébazac-Concourès
,201600004447,2016-08-24,69,8,69228,0,0,Giratoire,Deux véhicules - frontale,Plein jour,Normale,Route Départementale,,2,,En courbe à gauche,,,normale,,Sur chaussée,Conducteur,1,M,73-74,Promenade - loisirs,Casque,Oui,1,,08 - aout,2 - mercredi,Saint-Maurice-sur-Dargoire
,201600005771,2016-08-24,3,9,3173,0,0,Hors intersection,Aucune,Plein jour,Temps éblouissant,Route Départementale,,2,Pente,Partie rectiligne,,60,normale,,Sur chaussée,Conducteur,2,M,65-66,Promenade - loisirs,Casque,Oui,,,08 - aout,2 - mercredi,Molinet
,201600007074,2016-08-24,10,17,10213,48.15954,4.41348,Hors intersection,Deux véhicules - par le coté,Plein jour,Normale,Route Départementale,,2,Plat,Partie rectiligne,,75,normale,,Sur chaussée,Conducteur,2,M,55-56,Promenade - loisirs,Casque,Non,1,,08 - aout,2 - mercredi,Magnant
,201600009616,2016-08-24,91,11,91272,48.70168,2.1002,Hors intersection,Aucune,Plein jour,Normale,Voie Communale,,2,Plat,Partie rectiligne,,,normale,,Sur chaussée,Conducteur,1,M,34-35,Promenade - loisirs,Casque,Oui,,1,08 - aout,2 - mercredi,Gif-sur-Yvette
,201600011214,2016-08-24,6,10,6088,43.43015,7.17251,Hors intersection,Deux véhicules - par le coté,Plein jour,Normale,Voie Communale,,,Plat,Partie rectiligne,,78,normale,,,Conducteur,1,F,52-53,Domicile - travail,Casque,Non,1,1,08 - aout,2 - mercredi,Nice
,201600023061,2016-08-24,31,8,31555,0,0,Intersection en T,Deux véhicules - par le coté,Plein jour,Normale,Voie Communale,,,Plat,Partie rectiligne,,,normale,,Sur chaussée,Conducteur,1,M,52-53,Promenade - loisirs,Autre,Non déterminable,1,1,08 - aout,2 - mercredi,Toulouse
,201600024908,2016-08-24,35,18,35115,48.35492,-1.18657,Hors intersection,Deux véhicules - par l’arrière,Plein jour,Normale,Voie Communale,,2,Plat,Partie rectiligne,,50,normale,,Sur chaussée,Conducteur,1,M,58-59,Promenade - loisirs,Casque,Oui,1,1,08 - aout,2 - mercredi,Fougères
,201600034963,2016-08-24,80,17,80021,49.8892,2.30555,Intersection en T,Deux véhicules - par le coté,Plein jour,Normale,Voie Communale,,2,Plat,Partie rectiligne,,,normale,,Sur chaussée,Conducteur,1,F,15-16,Promenade - loisirs,Casque,Oui,1,1,08 - aout,2 - mercredi,Amiens
,201600039153,2016-08-24,92,6,92063,0,0,Hors intersection,Aucune,Plein jour,Normale,Route Départementale,,2,Pente,Partie rectiligne,,75,normale,,Sur chaussée,Conducteur,1,F,58-59,Promenade - loisirs,Autre,Non déterminable,,1,08 - aout,2 - mercredi,Rueil-Malmaison
,201600048576,2016-08-24,69,20,69384,45.4627,4.48464,Hors intersection,Deux véhicules - frontale,Crépuscule ou aube,Normale,Voie Communale,,2,Pente,En courbe à gauche,,,normale,Carrefour aménagé,Sur chaussée,Conducteur,1,M,29-30,Domicile - travail,Casque,Oui,1,1,08 - aout,2 - mercredi,Lyon 4e  Arrondissement
,201600055093,2016-08-24,75,11,75116,48.8585,2.28867,Hors intersection,Deux véhicules - par le coté,Plein jour,Normale,Voie Communale,,4,Plat,Partie rectiligne,,,normale,,Sur chaussée,Conducteur,1,M,54-55,Promenade - loisirs,Casque,Non,1,1,08 - aout,2 - mercredi,Paris 16e  Arrondissement
,201600057813,2016-08-24,973,16,97306,0,0,Hors intersection,Deux véhicules - par l’arrière,Nuit sans éclairage public,Normale,Route Départementale,,2,Plat,Partie rectiligne,,60,normale,,Sur chaussée,Conducteur,3,M,49-50,Promenade - loisirs,Ceinture,,1,,08 - aout,2 - mercredi,Mana
,201600004973,2016-08-23,38,19,38364,0,0,Hors intersection,Autre,Crépuscule ou aube,Normale,Route Départementale,,,Pente,En courbe à droite,,70,normale,,Sur chaussée,Conducteur,2,M,22-23,Promenade - loisirs,Casque,Oui,,,08 - aout,1 - mardi,Saint-Barthélemy-de-Séchilienne
,201600010264,2016-08-23,44,23,44020,47.18649,-1.60118,Giratoire,Deux véhicules - par l’arrière,Nuit avec éclairage public allumé,Normale,Voie Communale,,2,Plat,,,,normale,Carrefour aménagé,Sur chaussée,Conducteur,2,M,16-17,,Casque,Oui,1,,08 - aout,1 - mardi,Bouguenais
,201600017939,2016-08-23,1,11,1010,0,0,Hors intersection,Deux véhicules - par le coté,Plein jour,Normale,Route Départementale,,,Pente,Partie rectiligne,,55,normale,,Sur chaussée,Conducteur,2,M,56-57,Promenade - loisirs,Equipement réfléchissant,Non,1,,08 - aout,1 - mardi,Anglefort
,201600018399,2016-08-23,68,18,68237,48.09706,7.25744,Hors intersection,Deux véhicules - par l’arrière,Plein jour,Temps éblouissant,Route Départementale,,2,Pente,Partie rectiligne,,60,normale,,Sur chaussée,Conducteur,2,M,48-49,Promenade - loisirs,Casque,Oui,1,,08 - aout,1 - mardi,Niedermorschwihr
,201600019435,2016-08-23,19,11,19176,0,0,Hors intersection,Deux véhicules - frontale,Plein jour,Normale,Route Départementale,,2,Plat,Partie rectiligne,,,normale,,Sur chaussée,Conducteur,2,M,70-71,Promenade - loisirs,Casque,Oui,1,,08 - aout,1 - mardi,'Rosiers-d''Égletons'
,201600027243,2016-08-23,45,11,45068,48.00776,2.74046,Giratoire,Deux véhicules - par le coté,Plein jour,Normale,Route Départementale,,2,Plat,En courbe à gauche,,50,normale,,Sur chaussée,Conducteur,1,M,36-37,Autre,Autre,Non déterminable,1,1,08 - aout,1 - mardi,Châlette-sur-Loing
,201600027303,2016-08-23,45,10,45286,0,0,Intersection en T,Deux véhicules - par l’arrière,Plein jour,Normale,Voie Communale,,2,Plat,Partie rectiligne,,205,normale,,Sur chaussée,Conducteur,1,M,62-63,,Autre,Oui,1,1,08 - aout,1 - mardi,Saint-Jean-le-Blanc
,201600028890,2016-08-23,54,12,54274,0,0,Hors intersection,Autre,Plein jour,Normale,Voie Communale,,3,Plat,Partie rectiligne,,,normale,,Sur chaussée,Conducteur,1,M,29-30,Promenade - loisirs,Autre,Non déterminable,,1,08 - aout,1 - mardi,Jarville-la-Malgrange
,201600031961,2016-08-23,65,18,65440,43.22845,0.07573,Giratoire,Deux véhicules - par le coté,Plein jour,Normale,Voie Communale,,1,Plat,En courbe à gauche,,,normale,,Sur chaussée,Conducteur,3,M,85-86,Autre,Autre,Non déterminable,1,1,08 - aout,1 - mardi,Tarbes
,201600032075,2016-08-23,66,7,66136,42.71031,2.89948,Hors intersection,Aucune,Plein jour,Normale,Voie Communale,,1,Plat,Partie rectiligne,,70,normale,,Sur chaussée,Conducteur,1,M,60-61,Domicile - travail,Casque,Non,,,08 - aout,1 - mardi,Perpignan
,201600032848,2016-08-23,68,11,68297,47.58635,7.56611,Intersection en X,Deux véhicules - frontale,Plein jour,Normale,Autre,,2,Plat,Partie rectiligne,,30,normale,,Sur chaussée,Conducteur,2,F,57-58,Promenade - loisirs,Casque,Non,1,1,08 - aout,1 - mardi,Saint-Louis
,201600032848,2016-08-23,68,11,68297,47.58635,7.56611,Intersection en X,Deux véhicules - frontale,Plein jour,Normale,Autre,,2,Plat,Partie rectiligne,,30,normale,,Sur chaussée,Conducteur,0,M,45-46,Promenade - loisirs,Casque,Oui,1,1,08 - aout,1 - mardi,Saint-Louis
,201600033113,2016-08-23,69,18,69290,45.72036,4.94105,Hors intersection,Deux véhicules - par l’arrière,Plein jour,Normale,Route Départementale,,4,Plat,En courbe à gauche,,143,normale,,Sur accotement,Conducteur,3,M,45-46,Domicile - travail,Autre,Non,1,1,08 - aout,1 - mardi,Saint-Priest
,201600034205,2016-08-23,77,11,77152,48.50969,2.59969,Intersection en Y,Deux véhicules - frontale,Plein jour,Normale,Route Départementale,,3,Plat,Partie rectiligne,,,normale,Carrefour aménagé,Sur chaussée,Conducteur,2,M,62-63,,Casque,Oui,1,1,08 - aout,1 - mardi,Dammarie-les-Lys
,201600034206,2016-08-23,77,9,77285,48.5487,2.63974,Giratoire,Deux véhicules - par le coté,Plein jour,Normale,Route Départementale,,3,Plat,En courbe à gauche,,,normale,Carrefour aménagé,Sur chaussée,Conducteur,2,M,69-70,Promenade - loisirs,Autre,Oui,1,,08 - aout,1 - mardi,Mée-sur-Seine
,201600034512,2016-08-23,78,18,78208,0,0,Hors intersection,Deux véhicules - par le coté,Plein jour,Normale,Route Départementale,,2,Plat,Partie rectiligne,,,normale,,Sur chaussée,Conducteur,2,M,43-44,Promenade - loisirs,Casque,Non,1,1,08 - aout,1 - mardi,Élancourt
,201600035491,2016-08-23,84,6,84007,43.93222,4.82933,Intersection à plus de 4 branches,Deux véhicules - par l’arrière,Crépuscule ou aube,Normale,Route Départementale,,2,Plat,Partie rectiligne,,,normale,Carrefour aménagé,Sur chaussée,Conducteur,3,M,76-77,,Autre,Non déterminable,1,1,08 - aout,1 - mardi,Avignon
,201600049371,2016-08-23,69,5,69383,0,0,Hors intersection,Autre,Nuit avec éclairage public allumé,Normale,Voie Communale,,,Plat,Partie rectiligne,,,normale,,Sur chaussée,Conducteur,2,F,44-45,Domicile - travail,Autre,Oui,1,1,08 - aout,1 - mardi,Lyon 3e  Arrondissement
,201600051375,2016-08-23,75,15,75103,48.8634,2.35094,Intersection en X,Deux véhicules - par le coté,Plein jour,Normale,Voie Communale,,4,Plat,Partie rectiligne,2,142,normale,,Sur chaussée,Conducteur,1,M,41-42,Promenade - loisirs,Casque,Non déterminable,1,1,08 - aout,1 - mardi,Paris 3e  Arrondissement
,201600051559,2016-08-23,75,16,75104,48.8575,2.35141,Intersection à plus de 4 branches,Deux véhicules - par le coté,Plein jour,Normale,Voie Communale,,3,Plat,,,90,normale,,Sur chaussée,Conducteur,1,M,33-34,,Casque,Non déterminable,1,1,08 - aout,1 - mardi,Paris 4e  Arrondissement
,201600053174,2016-08-23,75,19,75111,48.8635,2.37053,Hors intersection,Deux véhicules - par le coté,Plein jour,Normale,Voie Communale,,,Plat,Partie rectiligne,,90,normale,,Sur chaussée,Conducteur,1,M,35-36,Promenade - loisirs,Casque,Non déterminable,1,1,08 - aout,1 - mardi,Paris 11e  Arrondissement
,201600000664,2016-08-22,76,15,76758,49.61801,0.75264,Intersection en T,Deux véhicules - par le coté,Plein jour,Normale,Route Départementale,,2,Plat,Partie rectiligne,,60,normale,,Sur chaussée,Conducteur,2,M,86-87,Promenade - loisirs,Ceinture,,1,1,08 - aout,0 - lundi,Yvetot
,201600002352,2016-08-22,85,19,85212,46.79774,-1.17269,Hors intersection,Deux véhicules - par le coté,Plein jour,Normale,Voie Communale,,2,Plat,Partie rectiligne,,31,normale,,Sur chaussée,Conducteur,1,M,14-15,Promenade - loisirs,Casque,Oui,1,,08 - aout,0 - lundi,Sainte-Florence
,201600003980,2016-08-22,32,14,32208,43.9337,0.5974,Hors intersection,Deux véhicules - par le coté,Plein jour,Normale,Route Départementale,,2,Pente,Partie rectiligne,74,,normale,,Sur chaussée,Conducteur,2,M,26-27,Promenade - loisirs,Casque,Oui,1,,08 - aout,0 - lundi,Lectoure
,201600008829,2016-08-22,34,10,34023,43.4556,3.69487,Hors intersection,Deux véhicules - frontale,Plein jour,Normale,Voie Communale,,,,Partie rectiligne,,58,normale,,Sur trottoir,Conducteur,2,M,64-65,Promenade - loisirs,Casque,Non,1,,08 - aout,0 - lundi,Balaruc-les-Bains
,201600019061,2016-08-22,80,18,80530,49.93791,2.52857,Hors intersection,Deux véhicules - par l’arrière,Plein jour,Normale,Route Départementale,,2,Plat,Partie rectiligne,,70,normale,,Sur chaussée,Conducteur,2,M,69-70,Promenade - loisirs,Casque,Non déterminable,1,,08 - aout,0 - lundi,'Méricourt-l''Abbé'
,201600019694,2016-08-22,16,11,16102,45.68392,-0.34017,Intersection en Y,Deux véhicules - par le coté,Plein jour,Normale,Voie Communale,,2,Plat,En courbe à gauche,,50,normale,,Sur chaussée,Conducteur,1,M,7-8,Promenade - loisirs,Casque,Oui,1,1,08 - aout,0 - lundi,Cognac
,201600019897,2016-08-22,17,18,17300,46.16272,-1.16147,Intersection en T,Deux véhicules - par le coté,Plein jour,Normale,Voie Communale,,2,Plat,Partie rectiligne,,56,normale,,Sur chaussée,Conducteur,1,F,17-18,Promenade - loisirs,Casque,Non,1,1,08 - aout,0 - lundi,Rochelle
,201600023055,2016-08-22,31,14,31555,0,0,Hors intersection,Deux véhicules - par l’arrière,Plein jour,Normale,Voie Communale,,,Plat,Partie rectiligne,,,normale,,Sur chaussée,Conducteur,2,M,78-79,Promenade - loisirs,Autre,Non déterminable,1,1,08 - aout,0 - lundi,Toulouse
,201600024097,2016-08-22,33,,33550,44.7757,-0.5518,Intersection en Y,Trois véhicules et plus - collisions multiples,Nuit avec éclairage public allumé,Normale,Voie Communale,,2,Plat,En courbe à gauche,,,normale,,Sur chaussée,Conducteur,1,M,50-51,,Casque,Non déterminable,2,1,08 - aout,0 - lundi,'Villenave-d''Ornon'
,201600025925,2016-08-22,37,9,37261,0,0,Intersection en T,Aucune,Plein jour,Normale,Voie Communale,,1,Plat,Partie rectiligne,,,normale,,Sur chaussée,Conducteur,1,M,48-49,Promenade - loisirs,Casque,Oui,1,,08 - aout,0 - lundi,Tours
,201600029284,2016-08-22,56,13,56121,47.74239,-3.3695,Hors intersection,Deux véhicules - par le coté,Plein jour,Normale,Autre,,,,Partie rectiligne,,,normale,,Sur chaussée,Conducteur,1,M,38-39,Domicile - travail,Autre,Non déterminable,1,1,08 - aout,0 - lundi,Lorient
,201600030702,2016-08-22,22,11,22121,48.63345,-2.97496,Hors intersection,Deux véhicules - par le coté,Plein jour,Normale,Route Départementale,,2,Plat,Partie rectiligne,,60,normale,,Sur chaussée,Conducteur,2,M,45-46,Promenade - loisirs,Casque,Oui,1,1,08 - aout,0 - lundi,Lanvollon
,201600037287,2016-08-22,92,15,92004,0,0,Intersection en T,Deux véhicules - par le coté,Plein jour,Normale,Route Départementale,,2,,,,,normale,,Sur chaussée,Conducteur,1,M,41-42,Autre,Casque,Non,1,1,08 - aout,0 - lundi,Asnières-sur-Seine
,201600051908,2016-08-22,75,17,75106,48.852,2.33862,Intersection en Y,Autre,Plein jour,Normale,Voie Communale,,2,Bas de côte,Partie rectiligne,,,normale,,Sur chaussée,Conducteur,1,M,32-33,Domicile - travail,Casque,Non,1,1,08 - aout,0 - lundi,Paris 6e  Arrondissement
,201600053967,2016-08-22,75,17,75113,48.8204,2.35271,Hors intersection,Deux véhicules - par le coté,Plein jour,Normale,Voie Communale,,3,Plat,Partie rectiligne,,130,normale,,Sur chaussée,Conducteur,0,M,24-25,Promenade - loisirs,Casque,Non,1,1,08 - aout,0 - lundi,Paris 13e  Arrondissement
,201600058978,2016-08-22,974,7,97407,0,0,Hors intersection,Deux véhicules - par le coté,Plein jour,Normale,Voie Communale,,1,Plat,,,70,normale,,Sur chaussée,Conducteur,1,M,44-45,,Autre,Oui,1,1,08 - aout,0 - lundi,Port
,201600059392,2016-08-22,976,18,97611,0,0,Hors intersection,Deux véhicules - frontale,Nuit sans éclairage public,Normale,Voie Communale,,,Plat,En « S »,,,normale,,Sur chaussée,Conducteur,2,M,16-17,Promenade - loisirs,Casque,Non,1,1,08 - aout,0 - lundi,Mamoudzou
,201600002671,2016-08-21,33,18,33379,44.69242,-0.14594,Intersection en X,Deux véhicules - frontale,Plein jour,Normale,Route Départementale,,2,Plat,Partie rectiligne,43,,normale,,Sur chaussée,Conducteur,2,M,54-55,Promenade - loisirs,Casque,Oui,1,,08 - aout,6 - dimanche,Saint-Brice
,201600004421,2016-08-21,69,19,69154,0,0,Hors intersection,Deux véhicules - par le coté,Plein jour,Normale,Route Départementale,,2,,En courbe à droite,,,normale,,Sur chaussée,Conducteur,2,M,57-58,Promenade - loisirs,Casque,Oui,1,,08 - aout,6 - dimanche,Pollionnay
,201600009450,2016-08-21,78,4,78255,0,0,Hors intersection,Deux véhicules - frontale,Nuit avec éclairage public allumé,Normale,Voie Communale,,2,Plat,En courbe à gauche,,,,,,Conducteur,2,F,25-26,,,,1,1,08 - aout,6 - dimanche,Freneuse
,201600012770,2016-08-21,35,11,35131,48.11693,-1.80676,Intersection en T,Deux véhicules - par le coté,Plein jour,Normale,Route Départementale,,2,Plat,Partie rectiligne,,,normale,,Sur chaussée,Conducteur,3,M,48-49,Promenade - loisirs,Casque,Oui,1,,08 - aout,6 - dimanche,Hermitage
,201600028389,2016-08-21,51,17,51454,49.27679,4.03014,Intersection en X,Deux véhicules - par le coté,Plein jour,Normale,Voie Communale,,2,Plat,Partie rectiligne,,67,normale,,Sur chaussée,Conducteur,2,M,11-12,,Casque,Oui,1,1,08 - aout,6 - dimanche,Reims
,201600029281,2016-08-21,56,15,56121,47.76589,-3.3741,Hors intersection,Aucune,Plein jour,Normale,Autre,,,,,,,normale,,Sur chaussée,Conducteur,1,M,16-17,,Autre,Non déterminable,,1,08 - aout,6 - dimanche,Lorient
,201600031163,2016-08-21,62,23,62427,50.41964,2.93419,Hors intersection,Deux véhicules - frontale,Nuit avec éclairage public allumé,Normale,Voie Communale,,,Plat,Partie rectiligne,,,normale,,Sur chaussée,Conducteur,0,M,24-25,,Casque,Oui,1,1,08 - aout,6 - dimanche,Hénin-Beaumont
,201600035179,2016-08-21,83,18,83034,43.10383,6.05472,Hors intersection,Trois véhicules et plus - en chaîne,Plein jour,Normale,Route Départementale,,2,Plat,Partie rectiligne,,66,normale,,Sur chaussée,Conducteur,1,M,32-33,Promenade - loisirs,Casque,Oui,2,,08 - aout,6 - dimanche,Carqueiranne
,201600057575,2016-08-21,972,17,97222,0,0,Hors intersection,Deux véhicules - par le coté,Plein jour,Normale,Route Départementale,,,Pente,En courbe à droite,,,normale,,Sur chaussée,Conducteur,2,M,14-15,Promenade - loisirs,Casque,Non,1,1,08 - aout,6 - dimanche,Robert
,201600008357,2016-08-20,83,9,83117,0,0,Intersection en X,Deux véhicules - par le coté,Plein jour,Normale,Route Départementale,,,Pente,Partie rectiligne,40,,normale,,Sur chaussée,Conducteur,2,M,49-50,Promenade - loisirs,Casque,Oui,1,1,08 - aout,5 - samedi,Saint-Paul-en-Forêt
,201600008357,2016-08-20,83,9,83117,0,0,Intersection en X,Deux véhicules - par le coté,Plein jour,Normale,Route Départementale,,,Pente,Partie rectiligne,40,,normale,,Sur chaussée,Conducteur,2,M,17-18,Promenade - loisirs,Casque,Non,1,1,08 - aout,5 - samedi,Saint-Paul-en-Forêt
,201600010021,2016-08-20,28,17,28088,48.07124,1.33737,Hors intersection,Deux véhicules - frontale,Plein jour,Normale,Route Départementale,,,,,,111,normale,,Sur chaussée,Conducteur,2,F,27-28,,Casque,,1,1,08 - aout,5 - samedi,Châteaudun
,201600017835,2016-08-20,14,12,14701,0,0,Hors intersection,Deux véhicules - par le coté,Plein jour,Normale,Route Départementale,,2,Plat,En courbe à droite,,,normale,,Sur chaussée,Conducteur,1,M,49-50,Promenade - loisirs,Casque,Oui,1,,08 - aout,5 - samedi,Tourgéville
,201600019483,2016-08-20,91,15,91573,48.60631,2.50635,Hors intersection,Deux véhicules - par le coté,Plein jour,Normale,Voie Communale,,2,Plat,Partie rectiligne,,42,normale,,Sur chaussée,Conducteur,1,M,13-14,Promenade - loisirs,Casque,Non déterminable,1,1,08 - aout,5 - samedi,Saint-Pierre-du-Perray
,201600034064,2016-08-20,77,17,77108,48.8892,2.60033,Hors intersection,Autre,Plein jour,Normale,Route Départementale,,2,Plat,En courbe à droite,,,normale,,Sur chaussée,Conducteur,2,M,24-25,Promenade - loisirs,Autre,Non,1,1,08 - aout,5 - samedi,Chelles
,201600035279,2016-08-20,83,14,83126,43.10452,5.87884,Hors intersection,Deux véhicules - par le coté,Plein jour,Normale,Voie Communale,,2,Plat,Partie rectiligne,,,normale,,Sur chaussée,Conducteur,2,M,5-6,Promenade - loisirs,Autre,Oui,1,1,08 - aout,5 - samedi,Seyne-sur-Mer
,201600039635,2016-08-20,93,14,93001,0,0,Intersection en X,Deux véhicules - par le coté,Plein jour,Normale,Voie Communale,,2,Plat,Partie rectiligne,20,80,normale,,Sur chaussée,Conducteur,1,M,31-32,Autre,Casque,Non,1,1,08 - aout,5 - samedi,Aubervilliers
,201600039636,2016-08-20,93,13,93001,0,0,Hors intersection,Deux véhicules - par le coté,Plein jour,Normale,Voie Communale,,,Plat,Partie rectiligne,,,normale,,Sur chaussée,Conducteur,1,M,40-41,,Casque,Non,1,1,08 - aout,5 - samedi,Aubervilliers
,201600053171,2016-08-20,75,19,75111,48.8533,2.37722,Intersection en X,Deux véhicules - par le coté,Plein jour,Normale,Voie Communale,,1,Plat,Partie rectiligne,,65,normale,,Sur chaussée,Conducteur,2,M,25-26,,Casque,Non déterminable,1,1,08 - aout,5 - samedi,Paris 11e  Arrondissement
,201600053172,2016-08-20,75,20,75111,48.8573,2.3713,Hors intersection,Autre,Plein jour,Normale,Voie Communale,,1,Plat,Partie rectiligne,,100,normale,,Sur piste cyclable,Conducteur,0,M,35-36,Promenade - loisirs,Casque,Non déterminable,,1,08 - aout,5 - samedi,Paris 11e  Arrondissement
,201600055977,2016-08-20,75,22,75118,48.8849,2.32986,Hors intersection,Autre,Nuit avec éclairage public allumé,Pluie légère,Voie Communale,,4,Plat,Partie rectiligne,,200,normale,,Sur chaussée,Conducteur,0,M,19-20,,Casque,Non déterminable,,1,08 - aout,5 - samedi,Paris 18e  Arrondissement
,201600002717,2016-08-19,33,20,33539,44.9091,-0.3206,Intersection en T,Deux véhicules - frontale,Plein jour,Normale,Route Départementale,,2,Plat,Partie rectiligne,,,normale,,Sur chaussée,Conducteur,2,M,17-18,Domicile - travail,Casque,Non,1,1,08 - aout,4 - vendredi,Vayres
,201600007738,2016-08-19,4,17,4112,43.8221,5.78987,Intersection en X,Deux véhicules - par le coté,Plein jour,Normale,Voie Communale,,2,Pente,Partie rectiligne,,99,normale,,Sur chaussée,Conducteur,1,M,41-42,Promenade - loisirs,Casque,Oui,1,1,08 - aout,4 - vendredi,Manosque
,201600008042,2016-08-19,13,15,13076,0,0,Giratoire,Deux véhicules - frontale,Plein jour,Normale,Route Départementale,,2,,En courbe à droite,,,normale,Carrefour aménagé,Sur chaussée,Conducteur,2,M,42-43,Promenade - loisirs,Ceinture,,1,,08 - aout,4 - vendredi,'Plan-d''Orgon'
,201600008853,2016-08-19,11,8,11378,43.10636,2.52723,Hors intersection,Deux véhicules - par l’arrière,Plein jour,Normale,Route Départementale,,,,Partie rectiligne,,,normale,,Sur chaussée,Conducteur,2,M,55-56,Promenade - loisirs,Casque,Oui,1,,08 - aout,4 - vendredi,Serviès-en-Val
,201600012949,2016-08-19,10,17,10387,48.27242,4.08249,Hors intersection,Deux véhicules - par le coté,Plein jour,Normale,Voie Communale,,2,Plat,Partie rectiligne,,,normale,,Sur chaussée,Conducteur,1,M,9-10,,Casque,Non,1,1,08 - aout,4 - vendredi,Troyes
,201600015343,2016-08-19,13,21,13055,43.28113,5.39931,Hors intersection,Deux véhicules - frontale,Nuit avec éclairage public allumé,Normale,Voie Communale,,4,Plat,Partie rectiligne,,100,normale,,Sur chaussée,Conducteur,2,M,21-22,Promenade - loisirs,Autre,Non,1,1,08 - aout,4 - vendredi,Marseille
,201600025263,2016-08-19,35,11,35238,48.1064,-1.67774,Intersection en T,Deux véhicules - par le coté,Plein jour,Pluie légère,Voie Communale,,4,Plat,Partie rectiligne,,,mouillée,Carrefour aménagé,Sur piste cyclable,Conducteur,3,M,85-86,Promenade - loisirs,,,1,1,08 - aout,4 - vendredi,Rennes
,201600025267,2016-08-19,35,9,35238,48.1041,-1.65012,Giratoire,Deux véhicules - par le coté,Plein jour,Pluie forte,Voie Communale,,,,Partie rectiligne,,,mouillée,Carrefour aménagé,Sur chaussée,Conducteur,1,M,42-43,Domicile - travail,,,1,1,08 - aout,4 - vendredi,Rennes
,201600026540,2016-08-19,42,10,42187,46.04909,4.07402,Intersection en X,Deux véhicules - par le coté,Plein jour,Normale,Voie Communale,,2,Plat,Partie rectiligne,,60,normale,,Sur chaussée,Conducteur,1,M,52-53,Promenade - loisirs,Casque,Oui,1,1,08 - aout,4 - vendredi,Roanne
,201600028889,2016-08-19,54,10,54395,0,0,Hors intersection,Autre,Plein jour,Normale,Voie Communale,,2,Pente,Partie rectiligne,,,normale,,Sur chaussée,Conducteur,1,M,28-29,Promenade - loisirs,Autre,Non déterminable,,1,08 - aout,4 - vendredi,Nancy
,201600031479,2016-08-19,64,11,64122,43.4696,-1.56946,Hors intersection,Deux véhicules - par le coté,Plein jour,Normale,Voie Communale,,1,Pente,Partie rectiligne,,77,normale,,Sur chaussée,Conducteur,2,F,56-57,,Casque,Oui,1,1,08 - aout,4 - vendredi,Biarritz
,201600031679,2016-08-19,64,8,64129,43.30714,-0.39882,Giratoire,Deux véhicules - par le coté,Plein jour,Normale,Route Départementale,,2,Plat,En courbe à gauche,,102,normale,,Sur piste cyclable,Conducteur,1,M,61-62,Promenade - loisirs,Casque,Non,1,1,08 - aout,4 - vendredi,Billère
,201600031923,2016-08-19,65,8,65286,43.11603,-0.03285,Intersection en T,Autre,Plein jour,Normale,Route Nationale,,2,Bas de côte,Partie rectiligne,,110,normale,,Sur chaussée,Conducteur,1,M,54-55,Promenade - loisirs,Casque,Oui,1,,08 - aout,4 - vendredi,Lourdes
,201600032564,2016-08-19,67,15,67482,0,0,Hors intersection,Deux véhicules - par le coté,Plein jour,Normale,Voie Communale,,2,Plat,Partie rectiligne,,,normale,,Sur piste cyclable,Conducteur,1,M,27-28,,Equipement réfléchissant,Oui,1,1,08 - aout,4 - vendredi,Strasbourg
,201600032564,2016-08-19,67,15,67482,0,0,Hors intersection,Deux véhicules - par le coté,Plein jour,Normale,Voie Communale,,2,Plat,Partie rectiligne,,,normale,,Sur piste cyclable,Conducteur,1,F,58-59,,Casque,Oui,1,1,08 - aout,4 - vendredi,Strasbourg
,201600051554,2016-08-19,75,14,75104,48.8551,2.34565,Hors intersection,Deux véhicules - par l’arrière,Plein jour,Pluie légère,Voie Communale,,3,Plat,Partie rectiligne,,150,mouillée,,Sur chaussée,Conducteur,1,M,44-45,Promenade - loisirs,Casque,Oui,1,1,08 - aout,4 - vendredi,Paris 4e  Arrondissement
,201600054628,2016-08-19,75,17,75115,48.8457,2.30973,Intersection en Y,Deux véhicules - par le coté,Plein jour,Pluie légère,Voie Communale,,1,Plat,Partie rectiligne,,80,mouillée,,Sur chaussée,Conducteur,1,M,31-32,Domicile - travail,Casque,Oui,1,1,08 - aout,4 - vendredi,Paris 15e  Arrondissement
,201600055087,2016-08-19,75,16,75116,48.8539,2.27675,Hors intersection,Deux véhicules - par l’arrière,Plein jour,Pluie légère,Voie Communale,,1,Plat,Partie rectiligne,,,normale,,Sur chaussée,Conducteur,1,F,19-20,Promenade - loisirs,Autre,Non,1,1,08 - aout,4 - vendredi,Paris 16e  Arrondissement
,201600002513,2016-08-18,85,23,85127,46.38823,-1.48095,Hors intersection,Autre,Nuit avec éclairage public allumé,Normale,Voie Communale,,,Plat,,,50,normale,,Sur chaussée,Conducteur,2,M,47-48,Promenade - loisirs,Casque,Non,,1,08 - aout,3 - jeudi,Longeville-sur-Mer
,201600012156,2016-08-18,38,16,38052,45.0569,6.03477,Hors intersection,Deux véhicules - frontale,Plein jour,Normale,Route Départementale,,,Plat,Partie rectiligne,51,,normale,Carrefour aménagé,Sur chaussée,Conducteur,2,M,66-67,Promenade - loisirs,Casque,Oui,1,,08 - aout,3 - jeudi,'Bourg-d''Oisans'