test,identifiantAccident,date,departement,heure,commune,lat,lon,typeIntersection,typeCollision,luminosite,conditionsAtmosperiques,typeRoute,circulation,nbVoies,profilLongRoute,tracePlanRoute,largeurTPC,largeurRoute,etatSurface,amenagement,situation,categorieUsager,graviteAccident,sexe,age,motifDeplacement,existenceSecurite,usageSecurite,nombreAutresVehicules,enAgglomeration,mois,jour,NCCENR
,201600006599,2016-08-03,67,15,67362,0,0,Hors intersection,Autre,Plein jour,Normale,Route Départementale,,2,Pente,Partie rectiligne,,62,normale,,Sur accotement,Conducteur,2,M,41-42,Promenade - loisirs,Autre,Oui,,,08 - aout,2 - mercredi,Orschwiller
,201600009096,2016-08-03,30,17,30026,43.97902,3.59878,Hors intersection,Deux véhicules - frontale,Plein jour,Temps éblouissant,Route Départementale,,,Plat,Partie rectiligne,,100,normale,Bretelle d’échangeur ou de raccordement,Sur chaussée,Conducteur,2,M,13-14,Promenade - loisirs,Casque,Non,1,,08 - aout,2 - mercredi,Avèze
,201600009264,2016-08-03,2A,13,2A247,41.58431,9.27398,Hors intersection,Aucune,Plein jour,Normale,Voie Communale,,,Pente,Partie rectiligne,,,normale,,Sur chaussée,Conducteur,2,M,59-60,,Casque,Oui,,1,08 - aout,2 - mercredi,Porto-Vecchio
,201600012945,2016-08-03,10,16,10081,48.30834,4.03571,Intersection en T,Deux véhicules - par le coté,Plein jour,Normale,Voie Communale,,2,Plat,Partie rectiligne,,70,normale,,Sur chaussée,Conducteur,0,M,10-11,,Casque,Non déterminable,1,1,08 - aout,2 - mercredi,Chapelle-Saint-Luc
,201600033311,2016-08-03,71,19,71445,46.78666,4.90166,Hors intersection,Autre,Plein jour,Normale,Voie Communale,,2,Plat,Partie rectiligne,,,normale,,Sur chaussée,Conducteur,2,M,49-50,,Autre,Non déterminable,1,1,08 - aout,2 - mercredi,Saint-Marcel
,201600051151,2016-08-03,75,20,75103,48.8583,2.3638,Intersection en T,Deux véhicules - par l’arrière,Crépuscule ou aube,Normale,Voie Communale,,1,Plat,,,,normale,,Sur chaussée,Conducteur,2,M,45-46,Promenade - loisirs,Casque,Non déterminable,1,1,08 - aout,2 - mercredi,Paris 3e  Arrondissement
,201600054276,2016-08-03,75,11,75114,48.8435,2.32493,Hors intersection,Autre,Plein jour,Normale,Voie Communale,,6,Plat,En courbe à droite,,150,normale,,Sur chaussée,Conducteur,0,M,19-20,Promenade - loisirs,Casque,Non déterminable,,1,08 - aout,2 - mercredi,Paris 14e  Arrondissement
,201600001006,2016-08-02,22,10,22081,48.52995,-2.66598,Intersection en X,Deux véhicules - par le coté,Plein jour,Temps couvert,Voie Communale,,2,Plat,En courbe à droite,,,normale,,Sur chaussée,Conducteur,2,M,6-7,Promenade - loisirs,Casque,Oui,1,1,08 - aout,1 - mardi,Hillion
,201600001933,2016-08-02,44,18,44069,47.33058,-2.42945,Hors intersection,Deux véhicules - par le coté,Plein jour,Normale,Voie Communale,,2,,Partie rectiligne,,,normale,Carrefour aménagé,Sur chaussée,Conducteur,2,F,60-61,Promenade - loisirs,Casque,Oui,1,,08 - aout,1 - mardi,Guérande
,201600004755,2016-08-02,7,16,7324,0,0,Giratoire,Deux véhicules - frontale,Plein jour,Normale,Route Départementale,,,Plat,En courbe à gauche,,70,normale,Carrefour aménagé,Sur chaussée,Conducteur,2,F,52-53,Utilisation professionnelle,Ceinture,,1,1,08 - aout,1 - mardi,Tournon-sur-Rhône
,201600004776,2016-08-02,7,14,7129,0,0,Hors intersection,Autre,Plein jour,Normale,Route Départementale,,2,Pente,Partie rectiligne,,58,normale,,Sur chaussée,Conducteur,3,M,74-75,Promenade - loisirs,Casque,Oui,1,,08 - aout,1 - mardi,Lamastre
,201600005525,2016-08-02,74,9,74258,0,0,Hors intersection,Deux véhicules - frontale,Plein jour,Normale,Route Départementale,,2,,Partie rectiligne,,70,normale,,Sur chaussée,Conducteur,2,M,68-69,Promenade - loisirs,Casque,Oui,1,,08 - aout,1 - mardi,Samoëns
,201600013575,2016-08-02,13,8,13005,43.29817,5.59691,Giratoire,Deux véhicules - par le coté,Plein jour,Normale,Route Départementale,,2,Plat,,,,normale,Carrefour aménagé,Sur chaussée,Conducteur,1,M,45-46,Domicile - travail,Casque,Oui,1,,08 - aout,1 - mardi,Aubagne
,201600026186,2016-08-02,38,17,38421,45.19365,5.75608,Intersection en X,Autre,Plein jour,Normale,Voie Communale,,2,Plat,Partie rectiligne,,,normale,Voie ferrée,,Conducteur,2,M,16-17,Promenade - loisirs,Casque,Non,1,1,08 - aout,1 - mardi,'Saint-Martin-d''Hères'
,201600038683,2016-08-02,92,17,92049,0,0,Intersection en T,Deux véhicules - par le coté,Plein jour,Normale,Route Départementale,,2,,,,,normale,,Sur chaussée,Conducteur,1,M,26-27,,Autre,Non déterminable,1,1,08 - aout,1 - mardi,Montrouge
,201600040179,2016-08-02,93,13,93047,0,0,Hors intersection,Deux véhicules - par le coté,Plein jour,Pluie légère,Route Départementale,,2,Pente,Partie rectiligne,,60,mouillée,,Sur piste cyclable,Conducteur,2,M,71-72,Courses - achats,Casque,Non,1,1,08 - aout,1 - mardi,Montfermeil
,201600051371,2016-08-02,75,11,75103,48.8643,2.3551,Intersection en X,Trois véhicules et plus - collisions multiples,Plein jour,Pluie légère,Voie Communale,,2,Plat,Partie rectiligne,2,87,mouillée,,Sur chaussée,Conducteur,1,F,24-25,Domicile - travail,Casque,Non,2,1,08 - aout,1 - mardi,Paris 3e  Arrondissement
,201600056281,2016-08-02,75,9,75119,48.8845,2.37692,Intersection en T,Deux véhicules - par le coté,Plein jour,Normale,Voie Communale,,1,Plat,Partie rectiligne,,40,mouillée,,Sur chaussée,Conducteur,1,F,32-33,Domicile - travail,Casque,Non déterminable,1,1,08 - aout,1 - mardi,Paris 19e  Arrondissement
,201600005334,2016-08-01,42,17,42273,46.17094,4.09553,Hors intersection,Deux véhicules - par l’arrière,Plein jour,Normale,Route Départementale,,2,Plat,Partie rectiligne,,,normale,,Sur chaussée,Conducteur,3,M,80-81,Promenade - loisirs,Casque,Oui,1,,08 - aout,0 - lundi,Saint-Pierre-la-Noaille
,201600008408,2016-08-01,83,22,83084,0,0,Hors intersection,Deux véhicules - frontale,Plein jour,Normale,Route Départementale,,2,,En courbe à droite,53,,normale,Carrefour aménagé,Sur chaussée,Conducteur,2,M,54-55,Promenade - loisirs,Casque,Oui,1,,08 - aout,0 - lundi,Montmeyan
,201600013571,2016-08-01,13,15,13005,43.3007,5.57063,Hors intersection,Aucune,Plein jour,Normale,Voie Communale,,1,Pente,Partie rectiligne,,15,normale,,Sur trottoir,Conducteur,1,M,14-15,Promenade - loisirs,Casque,Oui,,1,08 - aout,0 - lundi,Aubagne
,201600019889,2016-08-01,17,14,17300,46.14089,-1.16196,Hors intersection,Deux véhicules - par l’arrière,Plein jour,Normale,Voie Communale,,4,Plat,Partie rectiligne,27,109,normale,,Sur chaussée,Conducteur,1,M,66-67,Promenade - loisirs,Casque,Non,1,1,08 - aout,0 - lundi,Rochelle
,201600023512,2016-08-01,33,10,33529,44.64719,-1.15824,Giratoire,Autre,Plein jour,Normale,Route Départementale,,4,Plat,En courbe à droite,,120,normale,Carrefour aménagé,Sur chaussée,Conducteur,1,M,17-18,Promenade - loisirs,Autre,Non déterminable,1,1,08 - aout,0 - lundi,Teste-de-Buch
,201600024062,2016-08-01,33,19,33063,44.8775,-0.57625,Intersection en X,Trois véhicules et plus - collisions multiples,Plein jour,Normale,Voie Communale,,2,Plat,Partie rectiligne,,,normale,,,Conducteur,2,M,51-52,Autre,Casque,Non déterminable,2,1,08 - aout,0 - lundi,Bordeaux
,201600037506,2016-08-01,92,10,92012,0,0,Intersection en X,Deux véhicules - frontale,Plein jour,Normale,Voie Communale,,1,Plat,Partie rectiligne,,,normale,,Sur chaussée,Conducteur,1,M,43-44,Domicile - travail,Casque,Non,1,1,08 - aout,0 - lundi,Boulogne-Billancourt
,201600038185,2016-08-01,92,9,92035,0,0,Intersection à plus de 4 branches,Deux véhicules - par le coté,Plein jour,Normale,Route Départementale,,2,Plat,Partie rectiligne,,,normale,,Sur chaussée,Conducteur,1,M,63-64,Promenade - loisirs,Autre,Non déterminable,1,1,08 - aout,0 - lundi,Garenne-Colombes
,201600038280,2016-08-01,92,9,92036,0,0,Intersection en X,Autre,Plein jour,Normale,Voie Communale,,1,Plat,Partie rectiligne,,40,normale,,Sur chaussée,Conducteur,1,M,17-18,Promenade - loisirs,Casque,Non déterminable,1,1,08 - aout,0 - lundi,Gennevilliers
,201600038380,2016-08-01,92,7,92040,0,0,Hors intersection,Aucune,Plein jour,Normale,Voie Communale,,2,Plat,Partie rectiligne,,,normale,,Sur chaussée,Conducteur,1,F,20-21,Domicile - travail,Autre,Non déterminable,1,1,08 - aout,0 - lundi,Issy-les-Moulineaux
,201600042589,2016-08-01,94,19,94011,0,0,Hors intersection,Autre,Plein jour,Normale,Voie Communale,,2,Plat,Partie rectiligne,,60,normale,,Sur chaussée,Conducteur,1,M,6-7,Promenade - loisirs,Autre,Non déterminable,1,1,08 - aout,0 - lundi,Bonneuil-sur-Marne
,201600052083,2016-08-01,75,20,75107,48.8592,2.30061,Hors intersection,Deux véhicules - par l’arrière,Nuit sans éclairage public,Normale,Voie Communale,,3,Plat,Partie rectiligne,,100,normale,,Sur chaussée,Conducteur,1,M,29-30,Utilisation professionnelle,Casque,Non,1,1,08 - aout,0 - lundi,Paris 7e  Arrondissement
,201600053954,2016-08-01,75,22,75113,48.8323,2.37979,Intersection en X,Trois véhicules et plus - en chaîne,Nuit avec éclairage public allumé,Normale,Voie Communale,,3,Plat,Partie rectiligne,,125,normale,,Sur chaussée,Conducteur,0,M,26-27,Promenade - loisirs,Casque,Non,2,1,08 - aout,0 - lundi,Paris 13e  Arrondissement
,201600000314,2016-07-31,62,8,62198,50.38909,2.62265,Intersection en X,Deux véhicules - frontale,Plein jour,Normale,Route Départementale,,2,Plat,Partie rectiligne,,80,normale,Carrefour aménagé,Sur chaussée,Conducteur,2,M,40-41,Promenade - loisirs,Casque,Oui,1,,07 - juillet,6 - dimanche,Cambligneul
,201600004120,2016-07-31,65,13,65188,42.7214,-0.04947,Hors intersection,Aucune,Plein jour,Brouillard - fumée,Route Départementale,,2,Pente,En courbe à droite,,70,mouillée,,Sur accotement,Conducteur,3,F,57-58,Promenade - loisirs,Casque,Oui,,,07 - juillet,6 - dimanche,Gavarnie
,201600004236,2016-07-31,81,15,81202,43.8002,1.82688,Intersection en X,Deux véhicules - par le coté,Plein jour,Normale,Autre,,1,Plat,Partie rectiligne,,56,normale,,Sur chaussée,Conducteur,2,M,14-15,Promenade - loisirs,Casque,Non,1,1,07 - juillet,6 - dimanche,Parisot
,201600008065,2016-07-31,4,11,4097,44.2061,6.27413,Hors intersection,Trois véhicules et plus - collisions multiples,Plein jour,Normale,Route Départementale,,,,En courbe à gauche,,55,mouillée,,Sur chaussée,Conducteur,2,M,49-50,Promenade - loisirs,Casque,Oui,2,,07 - juillet,6 - dimanche,Javie
,201600009723,2016-07-31,77,14,77116,48.74004,3.22504,Hors intersection,Deux véhicules - par l’arrière,Plein jour,Normale,Route Départementale,,2,Plat,En courbe à droite,,70,normale,,Sur chaussée,Conducteur,2,F,72-73,,Casque,Oui,1,,07 - juillet,6 - dimanche,Choisy-en-Brie
,201600011946,2016-07-31,8,20,8105,0,0,Hors intersection,Deux véhicules - par le coté,Plein jour,Normale,Route Départementale,,2,,,,,,,Sur chaussée,Conducteur,2,M,18-19,Promenade - loisirs,Casque,Non,1,1,07 - juillet,6 - dimanche,Charleville-Mézières
,201600012942,2016-07-31,10,14,10387,48.29616,4.07218,Intersection en T,Deux véhicules - par le coté,Plein jour,Normale,Voie Communale,,1,Plat,Partie rectiligne,,,normale,,Sur chaussée,Conducteur,1,M,17-18,Autre,Autre,Non déterminable,1,1,07 - juillet,6 - dimanche,Troyes
,201600021921,2016-07-31,29,11,29019,48.40348,-4.47106,Intersection en X,Deux véhicules - par le coté,Plein jour,Normale,Voie Communale,,2,Pente,Partie rectiligne,,,normale,,Sur chaussée,Conducteur,1,M,12-13,Promenade - loisirs,Casque,Oui,1,1,07 - juillet,6 - dimanche,Brest
,201600029486,2016-07-31,57,13,57606,49.10638,6.705,Hors intersection,Deux véhicules - par l’arrière,Plein jour,Normale,Voie Communale,,2,Pente,Partie rectiligne,,90,normale,,Sur piste cyclable,Conducteur,2,M,61-62,Promenade - loisirs,Casque,Oui,1,1,07 - juillet,6 - dimanche,Saint-Avold
,201600031151,2016-07-31,62,16,62510,50.42216,2.7813,Hors intersection,Autre,Plein jour,Normale,Route Départementale,,2,Plat,Partie rectiligne,,27,normale,,Sur chaussée,Conducteur,1,M,44-45,Promenade - loisirs,Casque,Non,1,1,07 - juillet,6 - dimanche,Liévin
,201600031860,2016-07-31,64,18,64260,43.35864,-1.7761,Hors intersection,Deux véhicules - par le coté,Plein jour,Normale,Route Départementale,,2,Plat,Partie rectiligne,,,normale,,Sur chaussée,Conducteur,1,F,15-16,Autre,Equipement réfléchissant,Non déterminable,1,1,07 - juillet,6 - dimanche,Hendaye
,201600032545,2016-07-31,67,16,67482,48.58685,7.73846,Hors intersection,Autre,Plein jour,Normale,Voie Communale,,2,Plat,Partie rectiligne,40,80,mouillée,,Sur piste cyclable,Conducteur,1,M,30-31,Promenade - loisirs,Autre,Non déterminable,1,1,07 - juillet,6 - dimanche,Strasbourg
,201600032546,2016-07-31,67,19,67447,48.60924,7.74464,Intersection en X,Deux véhicules - frontale,Plein jour,Normale,Voie Communale,,,Plat,Partie rectiligne,,80,,,,Conducteur,1,M,33-34,Promenade - loisirs,Autre,Non déterminable,1,1,07 - juillet,6 - dimanche,Schiltigheim
,201600037281,2016-07-31,92,19,92004,0,0,Intersection en X,Deux véhicules - par le coté,Plein jour,Normale,Route Départementale,,2,Plat,Partie rectiligne,,,normale,,Sur chaussée,Conducteur,1,M,25-26,,Casque,Non,1,1,07 - juillet,6 - dimanche,Asnières-sur-Seine
,201600051731,2016-07-31,75,13,75105,48.8455,2.34685,Place,Deux véhicules - par le coté,Plein jour,Normale,Voie Communale,,1,Plat,Partie rectiligne,,90,normale,,Sur chaussée,Conducteur,1,M,53-54,,Casque,Non déterminable,1,1,07 - juillet,6 - dimanche,Paris 5e  Arrondissement
,201600052414,2016-07-31,75,20,75108,48.875,2.30789,Hors intersection,Deux véhicules - par l’arrière,Crépuscule ou aube,Normale,Voie Communale,,6,Plat,Partie rectiligne,,150,normale,,Sur chaussée,Conducteur,1,M,28-29,Autre,Casque,Oui,1,1,07 - juillet,6 - dimanche,Paris 8e  Arrondissement
,201600053953,2016-07-31,75,23,75113,48.8269,2.35109,Intersection en T,Deux véhicules - par le coté,Nuit avec éclairage public allumé,Normale,Voie Communale,,1,Plat,Partie rectiligne,,25,normale,,Sur chaussée,Conducteur,1,M,18-19,Promenade - loisirs,Casque,Non déterminable,1,1,07 - juillet,6 - dimanche,Paris 13e  Arrondissement
,201600056590,2016-07-31,75,12,75120,48.847,2.41503,Intersection en Y,Deux véhicules - par le coté,Plein jour,Normale,Voie Communale,,,Plat,En courbe à gauche,,185,normale,,Sur chaussée,Conducteur,1,M,34-35,Promenade - loisirs,Casque,Non déterminable,1,1,07 - juillet,6 - dimanche,Paris 20e  Arrondissement
,201600003992,2016-07-30,32,21,32252,43.4551,0.30089,Intersection en X,Deux véhicules - par le coté,Crépuscule ou aube,Normale,Route Départementale,,2,Pente,Partie rectiligne,,50,normale,,Sur chaussée,Conducteur,2,M,16-17,Promenade - loisirs,Ceinture,,1,,07 - juillet,5 - samedi,Miélan
,201600004137,2016-07-30,65,14,65069,43.07909,0.3808,Giratoire,Deux véhicules - par le coté,Plein jour,Normale,Route Départementale,,,Plat,,,,normale,Carrefour aménagé,Sur chaussée,Conducteur,2,M,67-68,Promenade - loisirs,Casque,Oui,1,1,07 - juillet,5 - samedi,Barthe-de-Neste
,201600006318,2016-07-30,55,17,55454,0,0,Hors intersection,Aucune,Plein jour,Normale,Route Départementale,,1,Pente,En courbe à gauche,,30,normale,,Sur chaussée,Conducteur,2,M,50-51,,Casque,Non,,,07 - juillet,5 - samedi,Saint-Aubin-sur-Aire
,201600008209,2016-07-30,5,17,5174,44.92577,6.67929,Hors intersection,Deux véhicules - frontale,Plein jour,Normale,Route Départementale,,2,Plat,Partie rectiligne,,57,normale,,Sur chaussée,Conducteur,2,M,61-62,Promenade - loisirs,Casque,Oui,1,,07 - juillet,5 - samedi,Val-des-Prés
,201600010334,2016-07-30,6,9,6004,43.5549,7.13304,Intersection en X,Deux véhicules - par le coté,Plein jour,Normale,Voie Communale,,2,Pente,Partie rectiligne,24,67,normale,,Sur chaussée,Conducteur,1,M,52-53,Promenade - loisirs,Autre,Oui,1,1,07 - juillet,5 - samedi,Antibes
,201600017827,2016-07-30,14,17,14220,0,0,Hors intersection,Aucune,Plein jour,Normale,Voie Communale,,4,Plat,Partie rectiligne,,,normale,,Sur chaussée,Conducteur,0,M,26-27,Promenade - loisirs,Casque,Oui,,1,07 - juillet,5 - samedi,Deauville
,201600023030,2016-07-30,31,10,31557,43.58548,1.34619,Intersection en T,Deux véhicules - par le coté,Plein jour,Normale,Voie Communale,,2,Plat,Partie rectiligne,,,normale,,Sur chaussée,Conducteur,3,M,89-90,Promenade - loisirs,Autre,Non déterminable,1,1,07 - juillet,5 - samedi,Tournefeuille
,201600030017,2016-07-30,59,5,59273,50.98519,2.12827,Hors intersection,Deux véhicules - par le coté,Plein jour,Normale,Voie Communale,,2,Plat,Partie rectiligne,,,normale,,Sur chaussée,Conducteur,1,F,26-27,,Casque,Oui,1,1,07 - juillet,5 - samedi,Gravelines
,201600055072,2016-07-30,75,17,75116,48.8687,2.24378,Hors intersection,Autre,Plein jour,Normale,Voie Communale,,2,Plat,Partie rectiligne,,,normale,,Sur chaussée,Conducteur,1,M,22-23,Promenade - loisirs,Casque,Oui,,1,07 - juillet,5 - samedi,Paris 16e  Arrondissement
,201600055569,2016-07-30,75,16,75117,48.8854,2.29838,Intersection en Y,Deux véhicules - par le coté,Plein jour,Normale,Voie Communale,,2,Plat,Partie rectiligne,,,normale,,Sur chaussée,Conducteur,1,F,46-47,Promenade - loisirs,Casque,Non déterminable,1,1,07 - juillet,5 - samedi,Paris 17e  Arrondissement
,201600000428,2016-07-29,2,15,2833,0,0,Intersection en X,Deux véhicules - frontale,Plein jour,Normale,Route Départementale,,2,Plat,Partie rectiligne,,,normale,,Sur chaussée,Conducteur,2,M,16-17,Promenade - loisirs,Casque,Oui,1,,07 - juillet,4 - vendredi,Wimy
,201600001271,2016-07-29,56,18,56152,47.34538,-3.16472,Hors intersection,Deux véhicules - par le coté,Plein jour,Normale,Voie Communale,,2,Pente,Partie rectiligne,,,normale,,Sur chaussée,Conducteur,2,M,28-29,Promenade - loisirs,Casque,Non,1,1,07 - juillet,4 - vendredi,Palais
,201600007777,2016-07-29,70,11,70339,47.74328,6.55626,Intersection en X,Deux véhicules - par le coté,Plein jour,Normale,Route Départementale,,2,Plat,Partie rectiligne,,,normale,,Sur chaussée,Conducteur,2,M,58-59,Promenade - loisirs,Casque,Oui,1,,07 - juillet,4 - vendredi,Mélisey
,201600008481,2016-07-29,83,17,83094,0,0,Hors intersection,Deux véhicules - frontale,Plein jour,Normale,Route Départementale,,,Plat,Partie rectiligne,,75,normale,,Sur chaussée,Conducteur,1,M,13-14,Promenade - loisirs,Equipement réfléchissant,Oui,1,1,07 - juillet,4 - vendredi,Plan-de-la-Tour
,201600029051,2016-07-29,54,9,54167,48.67327,5.92608,Hors intersection,Deux véhicules - par le coté,Plein jour,Normale,Route Départementale,,2,Plat,Partie rectiligne,,80,normale,,Sur chaussée,Conducteur,2,M,66-67,Courses - achats,Autre,Non,1,1,07 - juillet,4 - vendredi,Dommartin-lès-Toul
,201600029256,2016-07-29,56,16,56121,47.73712,-3.37891,Hors intersection,Deux véhicules - par le coté,Plein jour,Normale,Autre,,1,Plat,En courbe à droite,,,normale,,Sur chaussée,Conducteur,1,F,66-67,Promenade - loisirs,Autre,Non déterminable,1,1,07 - juillet,4 - vendredi,Lorient
,201600029551,2016-07-29,57,13,57751,49.15016,6.16482,Hors intersection,Deux véhicules - par le coté,Plein jour,Normale,Voie Communale,,1,Plat,Partie rectiligne,,50,normale,,Sur chaussée,Conducteur,1,F,3-4,Promenade - loisirs,Casque,Non,1,1,07 - juillet,4 - vendredi,Woippy
,201600035504,2016-07-29,84,9,84007,0,0,Intersection en Y,Deux véhicules - par le coté,Plein jour,Normale,Voie Communale,,,Plat,Partie rectiligne,,,normale,,,Conducteur,2,F,66-67,Autre,Casque,Non,1,,07 - juillet,4 - vendredi,Avignon
,201600035816,2016-07-29,86,19,86194,46.57358,0.3283,Hors intersection,Deux véhicules - frontale,Plein jour,Normale,Voie Communale,,2,Pente,En courbe à droite,,70,normale,,Sur chaussée,Conducteur,1,F,17-18,Promenade - loisirs,Autre,Oui,1,1,07 - juillet,4 - vendredi,Poitiers
,201600037282,2016-07-29,92,14,92004,0,0,Intersection en X,Deux véhicules - par le coté,Plein jour,Normale,Voie Communale,,1,Plat,Partie rectiligne,,,normale,,Sur chaussée,Conducteur,1,M,39-40,Autre,Casque,Non,1,1,07 - juillet,4 - vendredi,Asnières-sur-Seine
,201600051726,2016-07-29,75,17,75105,48.847,2.34061,Intersection en X,Deux véhicules - par le coté,Plein jour,Normale,Voie Communale,,4,Plat,Partie rectiligne,,160,normale,,Sur chaussée,Conducteur,2,F,70-71,Domicile - travail,Casque,Oui,1,1,07 - juillet,4 - vendredi,Paris 5e  Arrondissement
,201600051727,2016-07-29,75,18,75105,48.8449,2.35222,Hors intersection,Deux véhicules - par le coté,Plein jour,Normale,Voie Communale,,2,Plat,Partie rectiligne,,,normale,,Sur chaussée,Conducteur,1,F,36-37,Domicile - travail,Casque,Non déterminable,1,1,07 - juillet,4 - vendredi,Paris 5e  Arrondissement
,201600052081,2016-07-29,75,9,75107,48.8599,2.31718,Hors intersection,Deux véhicules - par le coté,Plein jour,Normale,Voie Communale,,1,Plat,Partie rectiligne,,60,normale,,Sur chaussée,Conducteur,1,F,47-48,Domicile - travail,Casque,Non déterminable,1,1,07 - juillet,4 - vendredi,Paris 7e  Arrondissement
,201600001352,2016-07-28,14,17,14384,49.3097,-0.35658,Intersection en T,Deux véhicules - frontale,Plein jour,Normale,Route Départementale,,2,Plat,En courbe à gauche,9,70,normale,Carrefour aménagé,Sur chaussée,Conducteur,2,M,15-16,Courses - achats,Equipement réfléchissant,Non,1,1,07 - juillet,3 - jeudi,Luc-sur-Mer
,201600007709,2016-07-28,39,17,39526,47.05649,5.41382,Hors intersection,Deux véhicules - par le coté,Plein jour,Normale,Route Départementale,,2,Plat,Partie rectiligne,,140,normale,Carrefour aménagé,Sur chaussée,Conducteur,2,M,82-83,Promenade - loisirs,Casque,Oui,1,1,07 - juillet,3 - jeudi,Tavaux
,201600011399,2016-07-28,21,12,21515,47.31252,5.11647,Hors intersection,Autre,Plein jour,Normale,Voie Communale,,,,Partie rectiligne,,,normale,,,Conducteur,1,F,55-56,Domicile - travail,Casque,Oui,,1,07 - juillet,3 - jeudi,Quetigny
,201600012943,2016-07-28,10,18,10387,48.28172,4.07043,Intersection en T,Autre,Plein jour,Normale,Voie Communale,,2,Plat,Partie rectiligne,,,normale,,Sur chaussée,Conducteur,2,M,65-66,Autre,Autre,Non déterminable,1,1,07 - juillet,3 - jeudi,Troyes
,201600013569,2016-07-28,13,8,13005,43.28234,5.60243,Autre intersection,Deux véhicules - par le coté,Plein jour,Normale,Route Nationale,,,Plat,Partie rectiligne,,80,normale,,Sur chaussée,Conducteur,1,M,61-62,,Casque,Oui,1,1,07 - juillet,3 - jeudi,Aubagne
,201600016668,2016-07-28,19,17,19123,45.177,1.621,Hors intersection,Deux véhicules - par le coté,Plein jour,Normale,Route Départementale,,2,Plat,Partie rectiligne,,73,normale,,Sur chaussée,Conducteur,2,M,71-72,Autre,Casque,Non,1,,07 - juillet,3 - jeudi,Malemort
,201600024737,2016-07-28,34,23,34172,43.6017,3.86916,Intersection en T,Deux véhicules - par le coté,Nuit avec éclairage public allumé,Normale,Voie Communale,,1,Pente,Partie rectiligne,,103,normale,Zone piétonne,Sur chaussée,Conducteur,2,M,34-35,Courses - achats,Autre,Non,1,1,07 - juillet,3 - jeudi,Montpellier
,201600030385,2016-07-28,59,12,59512,0,0,Intersection en X,Autre,Plein jour,Normale,Voie Communale,,2,Plat,Partie rectiligne,,68,normale,,Sur chaussée,Conducteur,2,M,47-48,,Casque,Non,1,1,07 - juillet,3 - jeudi,Roubaix
,201600030812,2016-07-28,61,16,61001,48.41652,0.08939,Hors intersection,Deux véhicules - par le coté,Plein jour,Normale,Route Départementale,,2,Plat,Partie rectiligne,,,normale,,Sur piste cyclable,Conducteur,2,M,40-41,,Casque,Oui,1,1,07 - juillet,3 - jeudi,Alençon
,201600034477,2016-07-28,78,21,78123,48.56309,2.13278,Hors intersection,Deux véhicules - par le coté,Plein jour,Normale,Voie Communale,,2,Plat,Partie rectiligne,,,normale,,Sur chaussée,Conducteur,2,M,23-24,Promenade - loisirs,Casque,Oui,1,1,07 - juillet,3 - jeudi,Carrières-sous-Poissy
,201600036693,2016-07-28,91,21,91657,48.70503,2.42141,Intersection en X,Deux véhicules - par l’arrière,Plein jour,Normale,Voie Communale,,2,Plat,Partie rectiligne,,68,normale,,Sur chaussée,Conducteur,2,F,53-54,,Autre,Oui,1,1,07 - juillet,3 - jeudi,Vigneux-sur-Seine
,201600043717,2016-07-28,94,20,94078,0,0,Hors intersection,Deux véhicules - par le coté,Plein jour,Normale,Voie Communale,,1,,,,,normale,,,Conducteur,1,M,12-13,Promenade - loisirs,Casque,Non,1,1,07 - juillet,3 - jeudi,Villeneuve-Saint-Georges
,201600051148,2016-07-28,75,8,75101,48.8589,2.347,Hors intersection,Deux véhicules - par le coté,Plein jour,Pluie légère,Voie Communale,,3,Plat,Partie rectiligne,,109,mouillée,,Sur chaussée,Conducteur,1,F,30-31,Domicile - travail,Casque,Non déterminable,1,1,07 - juillet,3 - jeudi,Paris 1er Arrondissement
,201600052411,2016-07-28,75,16,75108,48.8796,2.327,Intersection en Y,Deux véhicules - par l’arrière,Plein jour,Normale,Voie Communale,,1,Plat,Partie rectiligne,,130,normale,,Sur chaussée,Conducteur,1,M,65-66,Promenade - loisirs,Casque,Non déterminable,1,1,07 - juillet,3 - jeudi,Paris 8e  Arrondissement
,201600053533,2016-07-28,75,8,75112,48.8374,2.39117,Intersection en X,Deux véhicules - par le coté,Plein jour,Normale,Voie Communale,,2,Plat,Partie rectiligne,,100,normale,,Sur chaussée,Conducteur,1,F,27-28,Domicile - travail,Casque,Non déterminable,1,1,07 - juillet,3 - jeudi,Paris 12e  Arrondissement
,201600057975,2016-07-28,971,18,97103,0,0,Hors intersection,Deux véhicules - par l’arrière,Plein jour,Normale,Route Nationale,,,Pente,Partie rectiligne,71,106,normale,,Sur chaussée,Conducteur,3,M,21-22,Utilisation professionnelle,Casque,Oui,1,,07 - juillet,3 - jeudi,Baie-Mahault
,201600003641,2016-07-27,31,8,31291,0,0,Giratoire,Deux véhicules - par le coté,Plein jour,Normale,Route Départementale,,,Pente,En courbe à gauche,,,normale,,Sur chaussée,Conducteur,2,M,35-36,Promenade - loisirs,Casque,Oui,1,,07 - juillet,2 - mercredi,Léguevin
,201600003655,2016-07-27,31,9,31205,43.70464,1.37668,Giratoire,Deux véhicules - par l’arrière,Plein jour,Normale,Route Départementale,,1,Plat,En courbe à gauche,,85,normale,Carrefour aménagé,Sur chaussée,Conducteur,1,F,41-42,Promenade - loisirs,Casque,Oui,1,1,07 - juillet,2 - mercredi,Gagnac-sur-Garonne