test,identifiantAccident,date,departement,heure,commune,lat,lon,typeIntersection,typeCollision,luminosite,conditionsAtmosperiques,typeRoute,circulation,nbVoies,profilLongRoute,tracePlanRoute,largeurTPC,largeurRoute,etatSurface,amenagement,situation,categorieUsager,graviteAccident,sexe,age,motifDeplacement,existenceSecurite,usageSecurite,nombreAutresVehicules,enAgglomeration,mois,jour,NCCENR
,201600005434,2016-07-27,74,11,74275,0,0,Hors intersection,Trois véhicules et plus - collisions multiples,Plein jour,Normale,Route Départementale,,,,Partie rectiligne,,,normale,,Sur chaussée,Conducteur,1,M,27-28,Promenade - loisirs,Casque,Oui,1,1,07 - juillet,2 - mercredi,Talloires-Montmin
,201600005434,2016-07-27,74,11,74275,0,0,Hors intersection,Trois véhicules et plus - collisions multiples,Plein jour,Normale,Route Départementale,,,,Partie rectiligne,,,normale,,Sur chaussée,Conducteur,3,F,27-28,Promenade - loisirs,Casque,Oui,1,1,07 - juillet,2 - mercredi,Talloires-Montmin
,201600006389,2016-07-27,88,11,88465,48.25051,6.42115,Hors intersection,Deux véhicules - frontale,Plein jour,Normale,Route Départementale,,2,Plat,Partie rectiligne,,50,normale,,Sur chaussée,Conducteur,2,M,49-50,Promenade - loisirs,Casque,Oui,1,1,07 - juillet,2 - mercredi,Capavenir Vosges
,201600006390,2016-07-27,88,14,88465,48.24602,6.42515,Giratoire,Deux véhicules - par le coté,Plein jour,Normale,Route Départementale,,1,Plat,Partie rectiligne,,50,normale,Carrefour aménagé,Sur chaussée,Conducteur,1,M,68-69,Promenade - loisirs,Casque,Non,1,1,07 - juillet,2 - mercredi,Capavenir Vosges
,201600009547,2016-07-27,91,17,91330,48.52199,2.28784,Hors intersection,Deux véhicules - par l’arrière,Plein jour,Normale,Voie Communale,,2,Pente,Partie rectiligne,70,,normale,,Sur chaussée,Conducteur,1,M,14-15,Promenade - loisirs,Casque,Oui,1,1,07 - juillet,2 - mercredi,Lardy
,201600012155,2016-07-27,38,16,38052,0,0,Hors intersection,Aucune,Plein jour,Normale,Route Départementale,,2,Plat,Partie rectiligne,,60,normale,,Sur piste cyclable,Conducteur,2,F,27-28,,Casque,Oui,1,1,07 - juillet,2 - mercredi,'Bourg-d''Oisans'
,201600012155,2016-07-27,38,16,38052,0,0,Hors intersection,Aucune,Plein jour,Normale,Route Départementale,,2,Plat,Partie rectiligne,,60,normale,,Sur piste cyclable,Conducteur,1,F,14-15,,Casque,Oui,1,1,07 - juillet,2 - mercredi,'Bourg-d''Oisans'
,201600012993,2016-07-27,6,10,6112,0,0,Hors intersection,Deux véhicules - par l’arrière,Plein jour,Normale,Route Départementale,,,Plat,Partie rectiligne,,89,normale,,Sur chaussée,Conducteur,2,M,41-42,Promenade - loisirs,Casque,Oui,1,,07 - juillet,2 - mercredi,Rouret
,201600013794,2016-07-27,13,11,13054,43.4183,5.2141,Intersection en X,Deux véhicules - par le coté,Plein jour,Normale,Route Départementale,,2,Plat,Partie rectiligne,,60,normale,Carrefour aménagé,Sur chaussée,Conducteur,1,M,44-45,Courses - achats,Autre,Non,1,1,07 - juillet,2 - mercredi,Marignane
,201600017721,2016-07-27,6,15,6112,0,0,Hors intersection,Deux véhicules - par l’arrière,Plein jour,Normale,Route Départementale,,2,,Partie rectiligne,,60,normale,,Sur chaussée,Conducteur,2,M,41-42,Promenade - loisirs,Casque,Oui,1,1,07 - juillet,2 - mercredi,Rouret
,201600020769,2016-07-27,21,9,21278,47.33729,5.03138,Hors intersection,Autre,Plein jour,Normale,Voie Communale,,,Plat,Partie rectiligne,,,,,Sur trottoir,Conducteur,0,M,86-87,Promenade - loisirs,Casque,Non déterminable,,1,07 - juillet,2 - mercredi,Fontaine-lès-Dijon
,201600025260,2016-07-27,35,11,35238,48.1029,-1.68433,Hors intersection,Deux véhicules - par le coté,Plein jour,Normale,Voie Communale,,3,Sommet de côte,Partie rectiligne,,,normale,,Sur piste cyclable,Conducteur,1,F,68-69,Promenade - loisirs,,,1,1,07 - juillet,2 - mercredi,Rennes
,201600025892,2016-07-27,37,17,37214,47.42007,0.6626,Giratoire,Deux véhicules - par le coté,Plein jour,Normale,Voie Communale,,4,Plat,Partie rectiligne,,70,normale,Carrefour aménagé,Sur chaussée,Conducteur,1,M,86-87,Promenade - loisirs,Casque,Non déterminable,1,1,07 - juillet,2 - mercredi,Saint-Cyr-sur-Loire
,201600027651,2016-07-27,49,9,49015,47.52051,-0.61136,Hors intersection,Autre,Plein jour,Normale,Voie Communale,,1,Plat,Partie rectiligne,,40,normale,,Sur accotement,Conducteur,1,M,54-55,Promenade - loisirs,Casque,Oui,,1,07 - juillet,2 - mercredi,Avrillé
,201600029757,2016-07-27,58,9,58194,46.98881,3.12672,Intersection en T,Deux véhicules - frontale,Plein jour,Normale,Voie Communale,,2,,,,,,,Sur chaussée,Conducteur,2,M,55-56,Promenade - loisirs,Casque,Oui,1,1,07 - juillet,2 - mercredi,Nevers
,201600029909,2016-07-27,59,17,59172,0,0,Hors intersection,Deux véhicules - par l’arrière,Plein jour,Normale,Voie Communale,,2,Plat,Partie rectiligne,,70,normale,,,Conducteur,2,M,16-17,Promenade - loisirs,Casque,Oui,1,1,07 - juillet,2 - mercredi,Denain
,201600031666,2016-07-27,64,19,64129,43.31227,-0.38635,Hors intersection,Deux véhicules - par le coté,Plein jour,Normale,Voie Communale,,2,Plat,En courbe à gauche,,131,normale,,Sur chaussée,Conducteur,1,M,58-59,Promenade - loisirs,Casque,Oui,1,1,07 - juillet,2 - mercredi,Billère
,201600048543,2016-07-27,69,15,69381,45.45549,4.49527,Hors intersection,Autre,Plein jour,Normale,Voie Communale,,3,Plat,Partie rectiligne,,95,normale,,Sur chaussée,Conducteur,2,F,32-33,Domicile - travail,Casque,Non,1,1,07 - juillet,2 - mercredi,Lyon 1er Arrondissement
,201600051368,2016-07-27,75,14,75103,48.8627,2.35379,Hors intersection,Trois véhicules et plus - collisions multiples,Plein jour,Normale,Voie Communale,,3,Plat,Partie rectiligne,,91,normale,Souterrain - tunnel,Sur chaussée,Conducteur,1,F,38-39,Utilisation professionnelle,Casque,Non déterminable,2,1,07 - juillet,2 - mercredi,Paris 3e  Arrondissement
,201600051725,2016-07-27,75,20,75105,48.8427,2.35212,Intersection en X,Deux véhicules - par le coté,Plein jour,Normale,Voie Communale,,2,,,,80,normale,,Sur chaussée,Conducteur,1,F,32-33,,Casque,Non déterminable,1,1,07 - juillet,2 - mercredi,Paris 5e  Arrondissement
,201600053950,2016-07-27,75,22,75113,48.8364,2.3713,Intersection en T,Deux véhicules - par le coté,Nuit avec éclairage public allumé,Normale,Voie Communale,,2,Plat,Partie rectiligne,,,normale,,Sur chaussée,Conducteur,1,M,26-27,Domicile - travail,Casque,Non déterminable,1,1,07 - juillet,2 - mercredi,Paris 13e  Arrondissement
,201600054273,2016-07-27,75,20,75114,48.8322,2.33061,Intersection en T,Deux véhicules - par le coté,Crépuscule ou aube,Normale,Voie Communale,,3,Plat,Partie rectiligne,,90,normale,,Sur accotement,Conducteur,1,F,26-27,,Casque,Non déterminable,1,1,07 - juillet,2 - mercredi,Paris 14e  Arrondissement
,201600056279,2016-07-27,75,21,75119,48.8883,2.39139,Hors intersection,Autre,Nuit avec éclairage public allumé,Normale,Voie Communale,,1,Plat,Partie rectiligne,,,normale,,Sur piste cyclable,Conducteur,0,M,18-19,,Casque,Oui,,1,07 - juillet,2 - mercredi,Paris 19e  Arrondissement
,201600057740,2016-07-27,973,20,97305,0,0,Hors intersection,Deux véhicules - frontale,Nuit avec éclairage public allumé,Normale,Autre,,,,Partie rectiligne,,,normale,,Sur chaussée,Conducteur,2,M,10-11,Courses - achats,Casque,Non,1,1,07 - juillet,2 - mercredi,Macouria
,201600058144,2016-07-27,972,16,97207,0,0,Intersection en T,Deux véhicules - frontale,Plein jour,Normale,Route Nationale,,,Pente,En courbe à droite,,65,normale,,Sur chaussée,Conducteur,2,M,16-17,Promenade - loisirs,Casque,Oui,1,,07 - juillet,2 - mercredi,Ducos
,201600002256,2016-07-26,72,14,72257,48.009,0.157,Intersection en X,Deux véhicules - par le coté,Plein jour,Normale,Voie Communale,,1,,En courbe à droite,,48,normale,,Sur chaussée,Conducteur,1,M,45-46,Promenade - loisirs,Casque,Oui,1,,07 - juillet,1 - mardi,Rouillon
,201600003341,2016-07-26,17,14,17197,45.44511,-0.43619,Hors intersection,Deux véhicules - par le coté,Plein jour,Normale,Voie Communale,,1,Plat,,,26,normale,,Sur chaussée,Conducteur,2,M,12-13,Autre,Autre,Oui,1,1,07 - juillet,1 - mardi,Jonzac
,201600005911,2016-07-26,15,15,15244,45.078,2.935,Hors intersection,Deux véhicules - frontale,Plein jour,Normale,Route Départementale,,,Plat,En courbe à gauche,,51,autre,,Sur chaussée,Conducteur,2,M,69-70,Promenade - loisirs,Casque,Oui,1,,07 - juillet,1 - mardi,Ussel
,201600009095,2016-07-26,30,12,30283,44.02568,3.73324,Hors intersection,Deux véhicules - par le coté,Plein jour,Normale,Route Départementale,,2,,En courbe à gauche,,42,normale,,,Conducteur,1,M,43-44,Promenade - loisirs,Casque,Oui,1,,07 - juillet,1 - mardi,Saint-Martial
,201600011398,2016-07-26,21,19,21605,47.29301,5.10548,Hors intersection,Deux véhicules - par le coté,Plein jour,Normale,Voie Communale,,2,Plat,Partie rectiligne,,,normale,,Sur chaussée,Conducteur,1,M,46-47,,Casque,Oui,1,1,07 - juillet,1 - mardi,Sennecey-lès-Dijon
,201600013700,2016-07-26,13,11,13028,43.18336,5.57782,Hors intersection,Deux véhicules - frontale,Plein jour,Normale,Route Départementale,,2,Pente,En « S »,,43,normale,,Sur chaussée,Conducteur,1,M,53-54,Promenade - loisirs,Casque,Oui,1,,07 - juillet,1 - mardi,Ciotat
,201600018440,2016-07-26,34,9,34281,43.5274,3.57188,Hors intersection,Deux véhicules - par l’arrière,Plein jour,Normale,Route Départementale,,2,Plat,,63,,normale,,Sur chaussée,Conducteur,2,M,58-59,,Casque,Oui,1,1,07 - juillet,1 - mardi,Saint-Pargoire
,201600019885,2016-07-26,17,13,17300,46.14921,-1.15879,Intersection en X,Deux véhicules - par le coté,Plein jour,Normale,Voie Communale,,2,Plat,Partie rectiligne,,63,normale,,Sur chaussée,Conducteur,1,M,27-28,Promenade - loisirs,Casque,Non,1,1,07 - juillet,1 - mardi,Rochelle
,201600019887,2016-07-26,17,14,17300,46.16423,-1.1518,Intersection en X,Deux véhicules - par le coté,Plein jour,Normale,Voie Communale,,1,Plat,Partie rectiligne,,47,normale,,Sur chaussée,Conducteur,1,F,36-37,Promenade - loisirs,Casque,Non,1,1,07 - juillet,1 - mardi,Rochelle
,201600020200,2016-07-26,30,10,30141,44.10542,4.65943,Hors intersection,Deux véhicules - par le coté,Plein jour,Normale,Voie Communale,,1,Pente,,,,normale,,Sur chaussée,Conducteur,3,F,50-51,,Ceinture,,1,,07 - juillet,1 - mardi,'Laudun-l''Ardoise'
,201600020826,2016-07-26,22,14,22113,48.73296,-3.44456,Autre intersection,Autre,Plein jour,Normale,Voie Communale,,2,Plat,Partie rectiligne,,,normale,,Sur piste cyclable,Conducteur,2,M,67-68,Promenade - loisirs,Casque,Oui,1,1,07 - juillet,1 - mardi,Lannion
,201600025255,2016-07-26,35,8,35238,48.1163,-1.66839,Intersection en T,Deux véhicules - par le coté,Plein jour,Normale,Voie Communale,,2,Plat,Partie rectiligne,,,normale,Carrefour aménagé,Sur chaussée,Conducteur,1,M,37-38,Domicile - travail,,,1,1,07 - juillet,1 - mardi,Rennes
,201600025256,2016-07-26,35,13,35055,48.0871,-1.62167,Intersection en T,Deux véhicules - par le coté,Plein jour,Normale,Voie Communale,,2,Plat,Partie rectiligne,,,normale,,,Conducteur,1,M,15-16,Promenade - loisirs,Autre,Non,1,1,07 - juillet,1 - mardi,Chantepie
,201600035811,2016-07-26,86,8,86133,46.50669,0.27836,Intersection en T,Deux véhicules - par le coté,Plein jour,Normale,Voie Communale,,,Plat,Partie rectiligne,,,normale,Carrefour aménagé,,Conducteur,1,M,78-79,Promenade - loisirs,Casque,Non,1,1,07 - juillet,1 - mardi,Ligugé
,201600036105,2016-07-26,87,18,87085,45.8111,1.27444,Hors intersection,Autre,Plein jour,Normale,Voie Communale,,2,Plat,Partie rectiligne,,60,normale,,Sur chaussée,Conducteur,1,M,20-21,Promenade - loisirs,Casque,Oui,,1,07 - juillet,1 - mardi,Limoges
,201600039398,2016-07-26,92,19,92073,0,0,Intersection en T,Deux véhicules - par le coté,Plein jour,Normale,Voie Communale,,1,Plat,Partie rectiligne,,,normale,,Sur chaussée,Conducteur,1,M,51-52,Promenade - loisirs,Casque,Non,1,1,07 - juillet,1 - mardi,Suresnes
,201600042724,2016-07-26,94,9,94033,0,0,Hors intersection,Deux véhicules - par le coté,Plein jour,Normale,Voie Communale,,1,Plat,Partie rectiligne,,,normale,,Sur chaussée,Conducteur,0,F,55-56,Domicile - travail,Casque,Non,1,1,07 - juillet,1 - mardi,Fontenay-sous-Bois
,201600053949,2016-07-26,75,8,75113,48.8364,2.3713,Intersection en X,Deux véhicules - par le coté,Plein jour,Normale,Voie Communale,,2,Plat,Partie rectiligne,130,180,normale,,Sur piste cyclable,Conducteur,1,M,64-65,,Casque,Non déterminable,1,1,07 - juillet,1 - mardi,Paris 13e  Arrondissement
,201600000948,2016-07-25,35,18,35360,48.12005,-1.19193,Hors intersection,Deux véhicules - par le coté,Plein jour,Normale,Voie Communale,,2,Plat,Partie rectiligne,,,normale,,Sur chaussée,Conducteur,2,M,50-51,Domicile - travail,Casque,Oui,1,1,07 - juillet,0 - lundi,Vitré
,201600001932,2016-07-25,44,15,44006,47.42877,-2.39274,Hors intersection,Deux véhicules - par le coté,Plein jour,Normale,Route Départementale,,2,Plat,Partie rectiligne,,58,normale,,Sur chaussée,Conducteur,2,M,12-13,Promenade - loisirs,Casque,Oui,1,,07 - juillet,0 - lundi,Assérac
,201600004306,2016-07-25,82,7,82112,44.11633,1.10588,Giratoire,Deux véhicules - par l’arrière,Plein jour,Normale,Route Départementale,,2,Plat,,,65,normale,Carrefour aménagé,Sur chaussée,Conducteur,2,M,36-37,Domicile - travail,Equipement réfléchissant,Oui,1,1,07 - juillet,0 - lundi,Moissac
,201600015211,2016-07-25,13,18,13055,43.26127,5.3874,Hors intersection,Deux véhicules - par le coté,Plein jour,Normale,Voie Communale,,1,Plat,Partie rectiligne,6,33,normale,,Sur chaussée,Conducteur,1,M,66-67,Promenade - loisirs,Autre,Non déterminable,1,1,07 - juillet,0 - lundi,Marseille
,201600019637,2016-07-25,34,12,34118,43.737,3.905,Hors intersection,Deux véhicules - par l’arrière,Plein jour,Normale,Route Départementale,,2,Plat,En courbe à droite,,60,normale,,Sur chaussée,Conducteur,2,M,41-42,Promenade - loisirs,Casque,Oui,1,,07 - juillet,0 - lundi,Guzargues
,201600020824,2016-07-25,22,17,22113,48.72524,-3.47153,Intersection en T,Deux véhicules - par le coté,Plein jour,Normale,Voie Communale,,2,Pente,Partie rectiligne,,,normale,Carrefour aménagé,Sur chaussée,Conducteur,2,M,40-41,,Casque,Oui,1,,07 - juillet,0 - lundi,Lannion
,201600021624,2016-07-25,42,12,42198,46.01166,4.31433,Intersection en X,Deux véhicules - par le coté,Plein jour,Normale,Route Départementale,,2,,Partie rectiligne,,,autre,,Sur chaussée,Conducteur,1,M,24-25,Promenade - loisirs,Casque,Oui,1,,07 - juillet,0 - lundi,Saint-Alban-les-Eaux
,201600024047,2016-07-25,33,9,33063,44.8432,-0.5718,Intersection en T,Deux véhicules - par le coté,Plein jour,Normale,Voie Communale,,4,Plat,Partie rectiligne,,,normale,,Sur chaussée,Conducteur,1,M,38-39,Autre,Equipement réfléchissant,Oui,1,1,07 - juillet,0 - lundi,Bordeaux
,201600036100,2016-07-25,87,10,87085,45.8867,1.26716,Hors intersection,Autre,Plein jour,Normale,Route Départementale,,2,Plat,En courbe à gauche,,60,normale,,Sur chaussée,Conducteur,2,M,86-87,Promenade - loisirs,Casque,Oui,,,07 - juillet,0 - lundi,Limoges
,201600036103,2016-07-25,87,22,87085,45.8208,1.2384,Hors intersection,Autre,Nuit avec éclairage public allumé,Normale,Voie Communale,,2,Pente,Partie rectiligne,,10,normale,,Sur piste cyclable,Conducteur,3,M,69-70,Promenade - loisirs,,,,1,07 - juillet,0 - lundi,Limoges
,201600039783,2016-07-25,93,11,93005,0,0,Hors intersection,Deux véhicules - par le coté,Plein jour,Normale,Voie Communale,,1,Pente,Partie rectiligne,,,normale,,Sur chaussée,Conducteur,2,M,16-17,Promenade - loisirs,Casque,Non,1,1,07 - juillet,0 - lundi,Aulnay-sous-Bois
,201600048539,2016-07-25,69,14,69382,0,0,Hors intersection,Deux véhicules - par le coté,Plein jour,Normale,Voie Communale,,2,Plat,Partie rectiligne,,175,normale,,Sur chaussée,Conducteur,1,M,60-61,Promenade - loisirs,Casque,Non,1,1,07 - juillet,0 - lundi,Lyon 2e  Arrondissement
,201600051543,2016-07-25,75,9,75104,48.849,2.36447,Intersection en Y,Deux véhicules - par le coté,Plein jour,Normale,Voie Communale,,2,Plat,En courbe à droite,,80,normale,,Sur piste cyclable,Conducteur,1,F,53-54,,Casque,Oui,1,1,07 - juillet,0 - lundi,Paris 4e  Arrondissement
,201600052661,2016-07-25,75,10,75109,48.8741,2.33904,Intersection en X,Deux véhicules - par le coté,Plein jour,Normale,Voie Communale,,1,Plat,Partie rectiligne,,50,normale,,Sur chaussée,Conducteur,1,F,30-31,Domicile - travail,Casque,Non déterminable,1,1,07 - juillet,0 - lundi,Paris 9e  Arrondissement
,201600055957,2016-07-25,75,12,75118,48.8845,2.32911,Hors intersection,Autre,Plein jour,Normale,Voie Communale,,3,Plat,Partie rectiligne,,90,normale,,Sur chaussée,Conducteur,1,M,25-26,Courses - achats,Casque,Non déterminable,1,1,07 - juillet,0 - lundi,Paris 18e  Arrondissement
,201600000618,2016-07-24,76,16,76559,49.56951,0.61911,Hors intersection,Deux véhicules - par le coté,Plein jour,Normale,Route Départementale,,2,Plat,Partie rectiligne,,43,normale,,Sur chaussée,Conducteur,2,M,13-14,Promenade - loisirs,Casque,Non,1,,07 - juillet,6 - dimanche,Saint-Aubin-de-Crétot
,201600019299,2016-07-24,78,9,78591,48.904,1.672,Intersection en X,Deux véhicules - frontale,Plein jour,Normale,Route Départementale,,,Pente,Partie rectiligne,,,normale,Carrefour aménagé,Sur chaussée,Conducteur,3,M,74-75,Promenade - loisirs,Casque,Oui,1,,07 - juillet,6 - dimanche,Septeuil
,201600019406,2016-07-24,56,18,56119,0,0,Hors intersection,Deux véhicules - par l’arrière,Plein jour,Normale,Route Départementale,,2,Plat,Partie rectiligne,,,normale,,Sur chaussée,Conducteur,2,F,63-64,Promenade - loisirs,Casque,Oui,1,,07 - juillet,6 - dimanche,Locoal-Mendon
,201600023019,2016-07-24,31,10,31555,0,0,Hors intersection,Deux véhicules - frontale,Plein jour,Normale,Voie Communale,,4,Plat,Partie rectiligne,,,normale,,Sur chaussée,Conducteur,1,M,33-34,,Autre,Non déterminable,1,1,07 - juillet,6 - dimanche,Toulouse
,201600025889,2016-07-24,37,,37261,47.3903,0.68873,Intersection en X,Deux véhicules - par le coté,Nuit avec éclairage public allumé,Normale,Voie Communale,,2,Plat,Partie rectiligne,,60,normale,Carrefour aménagé,,Conducteur,2,M,17-18,Promenade - loisirs,Autre,Non,1,1,07 - juillet,6 - dimanche,Tours
,201600026325,2016-07-24,40,9,40192,43.89663,-0.51253,Hors intersection,Deux véhicules - par le coté,Plein jour,Normale,Voie Communale,,2,Plat,Partie rectiligne,,,normale,,Sur chaussée,Conducteur,2,F,44-45,,Autre,Oui,1,1,07 - juillet,6 - dimanche,Mont-de-Marsan
,201600030721,2016-07-24,60,17,60159,49.408,2.82238,Intersection en T,Deux véhicules - par le coté,Plein jour,Normale,Voie Communale,,2,Pente,Partie rectiligne,,,normale,,Sur chaussée,Conducteur,1,M,20-21,Promenade - loisirs,Casque,Non déterminable,1,1,07 - juillet,6 - dimanche,Compiègne
,201600048542,2016-07-24,69,7,69142,43,4,Intersection en X,Deux véhicules - par le coté,Plein jour,Normale,Voie Communale,,2,Pente,Partie rectiligne,,92,normale,,Sur chaussée,Conducteur,2,M,20-21,Autre,Autre,Non,1,1,07 - juillet,6 - dimanche,Mulatière
,201600053146,2016-07-24,75,14,75111,48.8688,2.37629,Intersection en X,Deux véhicules - par le coté,Plein jour,Normale,Voie Communale,,1,Bas de côte,Partie rectiligne,,50,normale,,Sur chaussée,Conducteur,1,M,19-20,Utilisation professionnelle,Casque,Non déterminable,1,1,07 - juillet,6 - dimanche,Paris 11e  Arrondissement
,201600054616,2016-07-24,75,12,75115,48.8368,2.26827,Hors intersection,Deux véhicules - par l’arrière,Plein jour,Normale,Voie Communale,,1,Pente,Partie rectiligne,,60,normale,,Sur chaussée,Conducteur,2,M,58-59,Promenade - loisirs,Casque,Oui,1,1,07 - juillet,6 - dimanche,Paris 15e  Arrondissement
,201600054616,2016-07-24,75,12,75115,48.8368,2.26827,Hors intersection,Deux véhicules - par l’arrière,Plein jour,Normale,Voie Communale,,1,Pente,Partie rectiligne,,60,normale,,Sur chaussée,Conducteur,0,M,36-37,Promenade - loisirs,Casque,Oui,1,1,07 - juillet,6 - dimanche,Paris 15e  Arrondissement
,201600055556,2016-07-24,75,12,75117,48.8807,2.28525,Place,Deux véhicules - par le coté,Plein jour,Normale,Voie Communale,,3,Plat,Partie rectiligne,,,normale,,Sur piste cyclable,Conducteur,1,M,34-35,Promenade - loisirs,Casque,Oui,1,1,07 - juillet,6 - dimanche,Paris 17e  Arrondissement
,201600001049,2016-07-23,22,10,22070,48.56361,-3.14839,Intersection en X,Deux véhicules - par le coté,Plein jour,Normale,Route Départementale,,2,,Partie rectiligne,,,normale,Carrefour aménagé,Sur chaussée,Conducteur,2,M,70-71,,Casque,Oui,1,1,07 - juillet,5 - samedi,Guingamp
,201600003009,2016-07-23,47,11,47204,44.5689,0.32174,Hors intersection,Deux véhicules - par le coté,Plein jour,Normale,Route Départementale,,2,Pente,Partie rectiligne,,75,normale,,Sur chaussée,Conducteur,2,M,72-73,Promenade - loisirs,Equipement réfléchissant,Oui,1,,07 - juillet,5 - samedi,Peyrière
,201600005143,2016-07-23,38,20,38189,0,0,Hors intersection,Deux véhicules - par l’arrière,Crépuscule ou aube,Normale,Voie Communale,,2,Plat,Partie rectiligne,,60,normale,,Sur chaussée,Conducteur,2,M,13-14,Promenade - loisirs,Casque,Non,1,1,07 - juillet,5 - samedi,Heyrieux
,201600005425,2016-07-23,73,12,73144,45.29935,6.93548,Hors intersection,Autre,Plein jour,Normale,Route Départementale,,2,Pente,En courbe à gauche,,70,normale,,Sur chaussée,Conducteur,2,M,55-56,Promenade - loisirs,Casque,Oui,,,07 - juillet,5 - samedi,Lanslevillard
,201600007247,2016-07-23,58,16,58238,0,0,Intersection en T,Deux véhicules - frontale,Plein jour,Normale,Route Départementale,,2,Plat,Partie rectiligne,,50,normale,,Sur chaussée,Conducteur,2,M,16-17,Promenade - loisirs,Autre,Non,1,1,07 - juillet,5 - samedi,Saint-Éloi
,201600008407,2016-07-23,83,10,83084,0,0,Giratoire,Deux véhicules - frontale,Plein jour,Normale,Route Départementale,,2,,En courbe à droite,53,,normale,Carrefour aménagé,Sur chaussée,Conducteur,2,M,54-55,Promenade - loisirs,Casque,Oui,1,,07 - juillet,5 - samedi,Montmeyan
,201600008726,2016-07-23,34,11,34266,43.7525,3.83925,Intersection en X,Deux véhicules - frontale,Plein jour,Normale,Route Départementale,,2,Plat,Partie rectiligne,,49,autre,,Sur chaussée,Conducteur,2,M,83-84,Promenade - loisirs,Casque,Oui,1,,07 - juillet,5 - samedi,Saint-Jean-de-Cuculles
,201600027649,2016-07-23,49,18,49007,47.47235,-0.56344,Hors intersection,Autre,Plein jour,Normale,Voie Communale,,1,,,,,,,Sur chaussée,Conducteur,1,M,40-41,,Casque,Oui,,1,07 - juillet,5 - samedi,Angers
,201600027649,2016-07-23,49,18,49007,47.47235,-0.56344,Hors intersection,Autre,Plein jour,Normale,Voie Communale,,1,,,,,,,Sur chaussée,Piéton,0,M,26-27,,Autre,Oui,,1,07 - juillet,5 - samedi,Angers
,201600041028,2016-07-23,93,8,93051,0,0,Hors intersection,Deux véhicules - par l’arrière,Plein jour,Normale,Voie Communale,,2,Plat,Partie rectiligne,,,normale,,Sur chaussée,Conducteur,2,M,31-32,Promenade - loisirs,Casque,Non,1,1,07 - juillet,5 - samedi,Noisy-le-Grand
,201600054615,2016-07-23,75,15,75115,48.8302,2.30187,Intersection en T,Deux véhicules - par l’arrière,Plein jour,Normale,Voie Communale,,1,Pente,Partie rectiligne,,50,normale,,Sur chaussée,Conducteur,1,F,30-31,Domicile - travail,Casque,Non déterminable,1,1,07 - juillet,5 - samedi,Paris 15e  Arrondissement
,201600001237,2016-07-22,56,19,56052,47.5086,-2.6136,Hors intersection,Deux véhicules - par le coté,Crépuscule ou aube,Autre,Route Départementale,,,Plat,,,62,normale,,Sur chaussée,Conducteur,2,M,10-11,Promenade - loisirs,Casque,Oui,1,,07 - juillet,4 - vendredi,Damgan
,201600006038,2016-07-22,57,5,57578,0,0,Hors intersection,Deux véhicules - par l’arrière,Crépuscule ou aube,Normale,Route Départementale,,2,Plat,Partie rectiligne,,60,normale,,Sur chaussée,Conducteur,3,M,52-53,Promenade - loisirs,Casque,Oui,1,,07 - juillet,4 - vendredi,Rezonville
,201600007490,2016-07-22,89,16,89068,47.79596,3.79883,Hors intersection,Deux véhicules - par le coté,Plein jour,Normale,Route Départementale,,,Plat,Partie rectiligne,,70,normale,,Sur chaussée,Conducteur,2,M,11-12,Promenade - loisirs,Casque,Oui,1,,07 - juillet,4 - vendredi,Chablis
,201600016947,2016-07-22,14,11,14487,49.1784,0.20935,Intersection en X,Deux véhicules - par le coté,Plein jour,Normale,Route Départementale,,2,Pente,Partie rectiligne,,,normale,,Sur chaussée,Conducteur,1,M,43-44,Promenade - loisirs,Casque,Oui,1,,07 - juillet,4 - vendredi,Ouilly-le-Vicomte
,201600021049,2016-07-22,25,7,25056,47.24219,6.00897,Autre intersection,Autre,Plein jour,Normale,Route Départementale,,2,Plat,Partie rectiligne,,,normale,,Sur chaussée,Conducteur,1,M,20-21,Autre,Casque,Oui,1,1,07 - juillet,4 - vendredi,Besançon
,201600025253,2016-07-22,35,9,35238,48.0916,-1.65839,Giratoire,Deux véhicules - par le coté,Plein jour,Normale,Voie Communale,,2,Plat,Partie rectiligne,,,normale,Carrefour aménagé,Sur chaussée,Conducteur,1,F,51-52,Promenade - loisirs,Casque,Oui,1,1,07 - juillet,4 - vendredi,Rennes
,201600027903,2016-07-22,49,20,49328,47.27411,-0.06196,Hors intersection,Autre,Plein jour,Normale,Voie Communale,,2,Plat,Partie rectiligne,,,normale,,Sur chaussée,Conducteur,1,F,26-27,,Autre,Non déterminable,1,1,07 - juillet,4 - vendredi,Saumur
,201600030226,2016-07-22,59,11,59543,0,0,Hors intersection,Deux véhicules - par l’arrière,Plein jour,Normale,Route Départementale,,2,Plat,Partie rectiligne,,70,normale,,Sur chaussée,Conducteur,2,M,40-41,Promenade - loisirs,Equipement réfléchissant,Non déterminable,1,,07 - juillet,4 - vendredi,Saint-Remy-du-Nord
,201600031150,2016-07-22,62,16,62573,50.49555,2.90166,Autre intersection,Deux véhicules - par le coté,Plein jour,Normale,Voie Communale,,,,,,,,,Sur chaussée,Conducteur,2,M,19-20,Promenade - loisirs,Casque,Non,1,1,07 - juillet,4 - vendredi,Meurchin
,201600044049,2016-07-22,95,11,95176,48.9696,2.1921,Hors intersection,Deux véhicules - par l’arrière,Plein jour,Normale,Voie Communale,,1,Plat,Partie rectiligne,,,normale,,Sur chaussée,Conducteur,1,M,65-66,Promenade - loisirs,Casque,Oui,1,1,07 - juillet,4 - vendredi,Cormeilles-en-Parisis