test,identifiantAccident,date,departement,heure,commune,lat,lon,typeIntersection,typeCollision,luminosite,conditionsAtmosperiques,typeRoute,circulation,nbVoies,profilLongRoute,tracePlanRoute,largeurTPC,largeurRoute,etatSurface,amenagement,situation,categorieUsager,graviteAccident,sexe,age,motifDeplacement,existenceSecurite,usageSecurite,nombreAutresVehicules,enAgglomeration,mois,jour,NCCENR
,201600048163,2016-07-22,2B,18,2B120,42.65944,9.43966,Hors intersection,Deux véhicules - frontale,Plein jour,Normale,Voie Communale,,2,Plat,En courbe à gauche,,58,normale,,Sur chaussée,Conducteur,1,M,8-9,,Autre,Oui,1,1,07 - juillet,4 - vendredi,Furiani
,201600001696,2016-07-21,1,9,1053,46.20019,5.24855,Hors intersection,Deux véhicules - par le coté,Plein jour,Normale,Voie Communale,,2,Plat,Partie rectiligne,,71,normale,,Sur chaussée,Conducteur,1,F,41-42,Domicile - travail,Casque,Non,1,1,07 - juillet,3 - jeudi,Bourg-en-Bresse
,201600003329,2016-07-21,17,17,17051,46.1835,-1.39702,Giratoire,Deux véhicules - par le coté,Plein jour,Normale,Voie Communale,,2,Plat,Partie rectiligne,,60,normale,,Sur chaussée,Conducteur,2,F,85-86,Courses - achats,Casque,Oui,1,1,07 - juillet,3 - jeudi,Bois-Plage-en-Ré
,201600005395,2016-07-21,73,9,73048,45.58257,6.30468,Hors intersection,Autre,Plein jour,Normale,Route Départementale,,2,Pente,En courbe à droite,,61,normale,,Sur chaussée,Conducteur,2,F,56-57,Promenade - loisirs,Casque,Oui,,,07 - juillet,3 - jeudi,Bonvillard
,201600005674,2016-07-21,63,15,63380,0,0,Hors intersection,Deux véhicules - par l’arrière,Plein jour,Normale,Route Départementale,,2,Pente,Partie rectiligne,50,50,normale,,Sur chaussée,Conducteur,2,M,40-41,Promenade - loisirs,Casque,Oui,1,1,07 - juillet,3 - jeudi,Saint-Nectaire
,201600008801,2016-07-21,34,12,34186,43.6521,3.30555,Hors intersection,Deux véhicules - par le coté,Plein jour,Normale,Route Départementale,,2,,Partie rectiligne,,,normale,Bretelle d’échangeur ou de raccordement,,Conducteur,1,M,42-43,Promenade - loisirs,Casque,Oui,1,,07 - juillet,3 - jeudi,Octon
,201600009770,2016-07-21,77,17,77171,48.8988,2.8193,Autre intersection,Deux véhicules - frontale,Plein jour,Normale,Voie Communale,,,Plat,Partie rectiligne,,,autre,,,Conducteur,2,M,16-17,Autre,Casque,Oui,1,1,07 - juillet,3 - jeudi,Esbly
,201600023014,2016-07-21,31,8,31555,0,0,Hors intersection,Deux véhicules - par le coté,Plein jour,Normale,Voie Communale,,,Plat,Partie rectiligne,,,normale,,Sur chaussée,Conducteur,1,M,37-38,Autre,Equipement réfléchissant,Oui,1,1,07 - juillet,3 - jeudi,Toulouse
,201600023015,2016-07-21,31,8,31555,0,0,Hors intersection,Deux véhicules - par le coté,Plein jour,Normale,Voie Communale,,2,Plat,Partie rectiligne,,,normale,,Sur chaussée,Conducteur,1,F,34-35,,Autre,Non déterminable,1,1,07 - juillet,3 - jeudi,Toulouse
,201600026998,2016-07-21,44,19,44109,47.2254,-1.55734,Autre intersection,Autre,Plein jour,Normale,Voie Communale,,2,Pente,Partie rectiligne,,,normale,,Sur chaussée,Conducteur,2,M,17-18,Domicile - travail,Casque,Oui,2,1,07 - juillet,3 - jeudi,Nantes
,201600027644,2016-07-21,49,8,49246,47.43768,-0.50652,Hors intersection,Deux véhicules - par le coté,Plein jour,Normale,Voie Communale,,1,,,,,,,,Conducteur,1,M,48-49,,Casque,Oui,1,1,07 - juillet,3 - jeudi,Ponts-de-Cé
,201600037989,2016-07-21,92,15,92025,0,0,Hors intersection,Deux véhicules - par l’arrière,Plein jour,Normale,Voie Communale,,1,Plat,Partie rectiligne,,,normale,,Sur chaussée,Conducteur,1,M,28-29,,Casque,Non déterminable,1,1,07 - juillet,3 - jeudi,Colombes
,201600038126,2016-07-21,92,14,92026,0,0,Hors intersection,Deux véhicules - par le coté,Plein jour,Normale,Route Nationale,,4,Plat,Partie rectiligne,,,normale,,Sur chaussée,Conducteur,2,M,68-69,Promenade - loisirs,Casque,Non déterminable,1,1,07 - juillet,3 - jeudi,Courbevoie
,201600041487,2016-07-21,93,19,93066,0,0,Intersection en T,Deux véhicules - par le coté,Plein jour,Normale,Voie Communale,,2,Plat,Partie rectiligne,,30,normale,,Sur chaussée,Conducteur,2,M,55-56,,Autre,Non déterminable,1,1,07 - juillet,3 - jeudi,Saint-Denis
,201600042857,2016-07-21,94,7,94016,0,0,Hors intersection,Deux véhicules - par le coté,Plein jour,Normale,Voie Communale,,1,Plat,,,,normale,,Sur chaussée,Conducteur,2,M,20-21,Autre,Casque,Oui,1,1,07 - juillet,3 - jeudi,Cachan
,201600042857,2016-07-21,94,7,94016,0,0,Hors intersection,Deux véhicules - par le coté,Plein jour,Normale,Voie Communale,,1,Plat,,,,normale,,Sur chaussée,Passager,2,F,35-36,Autre,Casque,Oui,1,1,07 - juillet,3 - jeudi,Cachan
,201600049336,2016-07-21,69,9,69386,0,0,Hors intersection,Deux véhicules - par le coté,Plein jour,Normale,Voie Communale,,1,Plat,Partie rectiligne,,,normale,,Sur chaussée,Conducteur,1,M,33-34,,Casque,Oui,1,1,07 - juillet,3 - jeudi,Lyon 6e  Arrondissement
,201600052659,2016-07-21,75,2,75109,48.8824,2.3369,Place,Deux véhicules - par le coté,Nuit avec éclairage public allumé,Normale,Voie Communale,,,Plat,Partie rectiligne,,,normale,,Sur chaussée,Conducteur,1,M,31-32,Promenade - loisirs,Casque,Non déterminable,1,1,07 - juillet,3 - jeudi,Paris 9e  Arrondissement
,201600053139,2016-07-21,75,12,75111,48.8653,2.37452,Intersection à plus de 4 branches,Deux véhicules - par le coté,Plein jour,Normale,Voie Communale,,2,Pente,Partie rectiligne,,160,normale,,Sur chaussée,Conducteur,1,M,25-26,Utilisation professionnelle,Casque,Oui,1,1,07 - juillet,3 - jeudi,Paris 11e  Arrondissement
,201600053140,2016-07-21,75,14,75111,48.8501,2.3843,Intersection en X,Deux véhicules - par le coté,Plein jour,Normale,Voie Communale,,1,Plat,Partie rectiligne,,80,normale,,Sur chaussée,Conducteur,1,M,27-28,Utilisation professionnelle,Casque,Non déterminable,1,1,07 - juillet,3 - jeudi,Paris 11e  Arrondissement
,201600056271,2016-07-21,75,12,75119,48.8893,2.37535,Hors intersection,Deux véhicules - par l’arrière,Plein jour,Normale,Voie Communale,,2,Plat,Partie rectiligne,80,60,normale,,Sur chaussée,Conducteur,1,M,31-32,Domicile - travail,Casque,Non déterminable,1,1,07 - juillet,3 - jeudi,Paris 19e  Arrondissement
,201600003656,2016-07-20,31,10,31136,0,0,Hors intersection,Deux véhicules - frontale,Plein jour,Normale,Route Départementale,,2,Sommet de côte,En courbe à droite,,60,normale,,Sur chaussée,Conducteur,2,M,80-81,Promenade - loisirs,Casque,Oui,1,,07 - juillet,2 - mercredi,Cépet
,201600004218,2016-07-20,2,17,2408,0,0,Intersection en X,Deux véhicules - par le coté,Plein jour,Normale,Route Départementale,,2,Plat,En courbe à gauche,,77,,,Sur chaussée,Conducteur,2,M,23-24,Autre,Casque,Non,1,,07 - juillet,2 - mercredi,Laon
,201600004855,2016-07-20,38,11,38547,45.23356,5.88567,Hors intersection,Deux véhicules - frontale,Plein jour,Normale,Route Départementale,,2,Pente,,,,normale,,Sur chaussée,Conducteur,2,M,69-70,Promenade - loisirs,Casque,Non,1,1,07 - juillet,2 - mercredi,Villard-Bonnot
,201600005401,2016-07-20,73,11,73285,45.62306,6.82062,Hors intersection,Aucune,Plein jour,Normale,Route Départementale,,2,Pente,En courbe à gauche,,68,normale,,Sur chaussée,Conducteur,2,M,61-62,Promenade - loisirs,Casque,Oui,,,07 - juillet,2 - mercredi,Séez
,201600006543,2016-07-20,67,20,67411,0,0,Hors intersection,Deux véhicules - frontale,Plein jour,Normale,Voie Communale,,,Plat,Partie rectiligne,,76,normale,,Sur chaussée,Conducteur,2,M,46-47,Promenade - loisirs,Casque,Oui,1,1,07 - juillet,2 - mercredi,Rosheim
,201600019329,2016-07-20,74,14,74193,0,0,Hors intersection,Deux véhicules - par le coté,Plein jour,Normale,Route Départementale,,1,,En courbe à gauche,,51,normale,,Sur chaussée,Conducteur,2,M,52-53,Promenade - loisirs,Casque,Oui,1,,07 - juillet,2 - mercredi,Muraz
,201600021906,2016-07-20,29,19,29019,48.37476,-4.55815,Hors intersection,Deux véhicules - par le coté,Plein jour,Normale,Route Départementale,,,Plat,Partie rectiligne,,,normale,,Sur chaussée,Conducteur,1,M,25-26,Domicile - travail,Casque,Non,1,1,07 - juillet,2 - mercredi,Brest
,201600024043,2016-07-20,33,16,33063,44.8269,-0.56923,Intersection en X,Deux véhicules - par l’arrière,Plein jour,Normale,Voie Communale,,4,Plat,Partie rectiligne,,,normale,,,Conducteur,1,M,30-31,Autre,Casque,Non déterminable,1,1,07 - juillet,2 - mercredi,Bordeaux
,201600024464,2016-07-20,18,14,18032,47.41091,2.89594,Hors intersection,Deux véhicules - par le coté,Plein jour,Normale,Route Départementale,,2,Pente,Partie rectiligne,,80,normale,,Sur chaussée,Conducteur,0,F,79-80,Courses - achats,Casque,Oui,1,1,07 - juillet,2 - mercredi,Boulleret
,201600025250,2016-07-20,35,12,35238,48.1163,-1.66712,Hors intersection,Deux véhicules - par le coté,Plein jour,Normale,Voie Communale,,1,Plat,Partie rectiligne,,,normale,,Sur piste cyclable,Conducteur,1,F,21-22,Utilisation professionnelle,,,1,1,07 - juillet,2 - mercredi,Rennes
,201600025884,2016-07-20,37,11,37261,47.36846,0.71022,Intersection en T,Deux véhicules - par le coté,Plein jour,Normale,Voie Communale,,1,Plat,Partie rectiligne,,,normale,,Sur chaussée,Conducteur,1,F,28-29,Domicile - travail,Autre,Non,1,1,07 - juillet,2 - mercredi,Tours
,201600025885,2016-07-20,37,18,37122,47.34727,0.66365,Hors intersection,Aucune,Plein jour,Normale,Voie Communale,,2,Pente,Partie rectiligne,,,normale,,Sur chaussée,Conducteur,0,M,44-45,Promenade - loisirs,Autre,Non déterminable,,1,07 - juillet,2 - mercredi,Joué-lès-Tours
,201600029753,2016-07-20,58,8,58194,0,0,Hors intersection,Aucune,Plein jour,Normale,Voie Communale,,2,Plat,Partie rectiligne,,,normale,,,Conducteur,1,M,56-57,Domicile - travail,Autre,Oui,,1,07 - juillet,2 - mercredi,Nevers
,201600032292,2016-07-20,67,10,67462,0,0,Hors intersection,Deux véhicules - par le coté,Plein jour,Normale,Voie Communale,,2,,,,,normale,,Sur chaussée,Conducteur,2,M,31-32,Autre,Equipement réfléchissant,Oui,1,1,07 - juillet,2 - mercredi,Sélestat
,201600032536,2016-07-20,67,8,67482,48.58278,7.76345,Intersection en T,Deux véhicules - par le coté,Plein jour,Normale,Voie Communale,,3,Plat,Partie rectiligne,,100,normale,,Sur chaussée,Conducteur,1,F,23-24,Domicile - travail,Autre,Non,1,1,07 - juillet,2 - mercredi,Strasbourg
,201600037496,2016-07-20,92,20,92012,0,0,Hors intersection,Deux véhicules - par le coté,Plein jour,Temps éblouissant,Voie Communale,,1,Plat,Partie rectiligne,,,normale,,Sur chaussée,Conducteur,1,M,39-40,Promenade - loisirs,Autre,Non déterminable,1,1,07 - juillet,2 - mercredi,Boulogne-Billancourt
,201600051365,2016-07-20,75,23,75104,48.8552,2.3528,Intersection en X,Autre,Nuit avec éclairage public allumé,Normale,Voie Communale,,4,Plat,Partie rectiligne,,60,normale,Zone piétonne,Sur chaussée,Conducteur,0,M,27-28,Promenade - loisirs,Casque,Oui,,1,07 - juillet,2 - mercredi,Paris 4e  Arrondissement
,201600055551,2016-07-20,75,15,75117,48.8805,2.28629,Hors intersection,Deux véhicules - par le coté,Plein jour,Normale,Voie Communale,,6,Plat,Partie rectiligne,,,normale,,Sur chaussée,Conducteur,1,F,51-52,Promenade - loisirs,Casque,Non déterminable,1,1,07 - juillet,2 - mercredi,Paris 17e  Arrondissement
,201600005287,2016-07-19,42,9,42013,45.65384,4.29335,Hors intersection,Deux véhicules - par le coté,Plein jour,Normale,Route Départementale,,2,Plat,Partie rectiligne,,45,normale,,Sur chaussée,Conducteur,2,M,79-80,Promenade - loisirs,Casque,Non,1,,07 - juillet,1 - mardi,Bellegarde-en-Forez
,201600017720,2016-07-19,6,17,6112,0,0,Hors intersection,Deux véhicules - par le coté,Plein jour,Normale,Route Départementale,,2,,Partie rectiligne,,60,normale,,Sur chaussée,Conducteur,1,M,54-55,Promenade - loisirs,Casque,Oui,1,1,07 - juillet,1 - mardi,Rouret
,201600021205,2016-07-19,1,13,1044,0,0,Hors intersection,Deux véhicules - par l’arrière,Plein jour,Normale,Route Départementale,,2,Plat,Partie rectiligne,,,normale,,Sur chaussée,Conducteur,1,M,55-56,Promenade - loisirs,Ceinture,,1,,07 - juillet,1 - mardi,Billiat
,201600023011,2016-07-19,31,17,31555,0,0,Intersection en T,Deux véhicules - par le coté,Plein jour,Normale,Voie Communale,,,Plat,Partie rectiligne,,,normale,,Sur chaussée,Conducteur,1,M,33-34,,Autre,Non déterminable,1,1,07 - juillet,1 - mardi,Toulouse
,201600024040,2016-07-19,33,8,33063,44.8285,-0.56205,Intersection en X,Deux véhicules - frontale,Plein jour,Normale,Voie Communale,,4,Plat,Partie rectiligne,,,normale,,Sur chaussée,Conducteur,1,F,24-25,Autre,Casque,Non déterminable,1,,07 - juillet,1 - mardi,Bordeaux
,201600024044,2016-07-19,33,9,33318,44.8025,-0.64463,Intersection en T,Autre,Plein jour,Normale,Voie Communale,,5,Plat,Partie rectiligne,,100,normale,,Sur chaussée,Conducteur,0,M,80-81,Autre,,,,1,07 - juillet,1 - mardi,Pessac
,201600025246,2016-07-19,35,13,35238,48.1061,-1.66727,Intersection en T,Deux véhicules - par le coté,Plein jour,Normale,Voie Communale,,4,Plat,Partie rectiligne,,,normale,,Sur chaussée,Conducteur,1,M,22-23,Promenade - loisirs,,,1,1,07 - juillet,1 - mardi,Rennes
,201600025247,2016-07-19,35,12,35238,48.1196,-1.71352,Hors intersection,Deux véhicules - par l’arrière,Plein jour,Normale,Voie Communale,,2,Pente,Partie rectiligne,,,normale,,Sur chaussée,Conducteur,1,F,33-34,Promenade - loisirs,,,1,1,07 - juillet,1 - mardi,Rennes
,201600025248,2016-07-19,35,19,35238,48.1077,-1.71531,Intersection en T,Deux véhicules - par le coté,Plein jour,Normale,Voie Communale,,2,Plat,Partie rectiligne,,,normale,Carrefour aménagé,Sur chaussée,Conducteur,1,F,40-41,Domicile - travail,,,1,1,07 - juillet,1 - mardi,Rennes
,201600027002,2016-07-19,44,8,44109,47.21895,-1.54406,Hors intersection,Deux véhicules - par le coté,Plein jour,Normale,Voie Communale,,2,Pente,Partie rectiligne,,,normale,,,Conducteur,2,M,37-38,,Casque,Non déterminable,1,1,07 - juillet,1 - mardi,Nantes
,201600029848,2016-07-19,59,15,59017,0,0,Hors intersection,Autre,Plein jour,Normale,Voie Communale,,2,Plat,Partie rectiligne,,80,normale,,Sur chaussée,Conducteur,2,F,39-40,Promenade - loisirs,Equipement réfléchissant,Oui,1,1,07 - juillet,1 - mardi,Armentières
,201600031245,2016-07-19,62,21,62826,50.51947,1.61014,Hors intersection,Deux véhicules - frontale,Crépuscule ou aube,Normale,Voie Communale,,1,Plat,En courbe à gauche,,58,normale,,Sur chaussée,Conducteur,2,F,16-17,Promenade - loisirs,Casque,Oui,1,1,07 - juillet,1 - mardi,Touquet-Paris-Plage
,201600032533,2016-07-19,67,14,67482,48.56315,7.76224,Hors intersection,Deux véhicules - par le coté,Plein jour,Normale,Voie Communale,,2,Plat,Partie rectiligne,,120,normale,,Sur chaussée,Conducteur,1,M,22-23,Promenade - loisirs,Autre,Non déterminable,1,1,07 - juillet,1 - mardi,Strasbourg
,201600032790,2016-07-19,68,9,68066,48.09435,7.36182,Giratoire,Deux véhicules - par le coté,Plein jour,Normale,Voie Communale,,4,Plat,Partie rectiligne,10,140,normale,,Sur chaussée,Conducteur,1,F,45-46,Domicile - travail,Autre,Non déterminable,1,1,07 - juillet,1 - mardi,Colmar
,201600035231,2016-07-19,83,18,83129,43.11805,5.8473,Hors intersection,Trois véhicules et plus - collisions multiples,Plein jour,Normale,Route Départementale,,2,Sommet de côte,En courbe à droite,,80,normale,,Sur chaussée,Conducteur,0,M,31-32,Promenade - loisirs,Autre,Non déterminable,3,1,07 - juillet,1 - mardi,Six-Fours-les-Plages
,201600053526,2016-07-19,75,13,75112,48.8487,2.37253,Intersection en X,Autre,Plein jour,Normale,Voie Communale,,3,Plat,Partie rectiligne,,90,normale,Carrefour aménagé,Sur chaussée,Conducteur,1,M,23-24,Utilisation professionnelle,Casque,Non déterminable,1,1,07 - juillet,1 - mardi,Paris 12e  Arrondissement
,201600055952,2016-07-19,75,19,75118,48.895,2.32806,Intersection en X,Autre,Plein jour,Normale,Voie Communale,,4,Plat,Partie rectiligne,,,normale,,Sur chaussée,Conducteur,1,M,43-44,,Casque,Oui,2,1,07 - juillet,1 - mardi,Paris 18e  Arrondissement
,201600002138,2016-07-18,53,20,53010,48.15549,-0.3385,Hors intersection,Deux véhicules - par le coté,Plein jour,Temps éblouissant,Route Départementale,,,Pente,Partie rectiligne,,60,normale,,Sur chaussée,Conducteur,2,M,12-13,Promenade - loisirs,Casque,Oui,1,,07 - juillet,0 - lundi,Assé-le-Bérenger
,201600002156,2016-07-18,53,9,53062,47.83619,-0.72805,Hors intersection,Deux véhicules - par le coté,Plein jour,Normale,Autre,,2,Plat,Partie rectiligne,,64,normale,,Sur chaussée,Conducteur,1,M,78-79,Promenade - loisirs,Casque,Oui,1,1,07 - juillet,0 - lundi,Château-Gontier
,201600007028,2016-07-18,10,11,10195,48.571,4.303,Hors intersection,Aucune,Plein jour,Normale,Route Départementale,,,Pente,Partie rectiligne,,60,normale,,Sur chaussée,Conducteur,3,M,68-69,Promenade - loisirs,Casque,Oui,,,07 - juillet,0 - lundi,Lhuître
,201600008136,2016-07-18,4,10,4172,43.8465,6.16488,Hors intersection,Deux véhicules - par le coté,Plein jour,Normale,Route Départementale,,2,Plat,En courbe à droite,55,,normale,,Sur chaussée,Conducteur,1,M,61-62,Promenade - loisirs,Casque,Oui,1,,07 - juillet,0 - lundi,Roumoules
,201600022001,2016-07-18,29,16,29039,47.88844,-3.91877,Giratoire,Deux véhicules - par le coté,Plein jour,Normale,Voie Communale,,2,Plat,Partie rectiligne,,69,normale,,Sur chaussée,Conducteur,1,F,62-63,Promenade - loisirs,Casque,Oui,1,1,07 - juillet,0 - lundi,Concarneau
,201600024042,2016-07-18,33,9,33249,44.8814,-0.53167,Giratoire,Deux véhicules - par le coté,Plein jour,Normale,Voie Communale,,2,Plat,En courbe à droite,,58,normale,,Sur chaussée,Conducteur,1,F,17-18,Autre,Casque,Oui,1,1,07 - juillet,0 - lundi,Lormont
,201600025882,2016-07-18,37,10,37233,47.38762,0.72685,Giratoire,Deux véhicules - par le coté,Plein jour,Normale,Voie Communale,,2,Plat,Partie rectiligne,,60,normale,,Sur chaussée,Conducteur,1,F,70-71,Promenade - loisirs,Casque,Non déterminable,1,1,07 - juillet,0 - lundi,Saint-Pierre-des-Corps
,201600027009,2016-07-18,44,7,44109,47.21693,-1.55758,Hors intersection,Autre,Plein jour,Normale,Voie Communale,,1,Plat,Partie rectiligne,,,normale,,Sur chaussée,Conducteur,1,M,46-47,,Casque,Oui,1,1,07 - juillet,0 - lundi,Nantes
,201600027639,2016-07-18,49,12,49007,47.48298,-0.57544,Hors intersection,Autre,Plein jour,Normale,Parc de stationnement ouvert à la circulation publique,,,Plat,,,,normale,,Sur chaussée,Conducteur,1,M,44-45,,Autre,Oui,1,1,07 - juillet,0 - lundi,Angers
,201600035605,2016-07-18,85,14,85194,46.49045,-1.77275,Giratoire,Autre,Plein jour,Normale,Route Départementale,,2,Plat,Partie rectiligne,,,normale,,Sur piste cyclable,Conducteur,2,F,64-65,Promenade - loisirs,Autre,Non déterminable,1,1,07 - juillet,0 - lundi,'Sables-d''Olonne'
,201600036330,2016-07-18,89,11,89387,48.19504,3.3094,Hors intersection,Deux véhicules - par le coté,Plein jour,Normale,Voie Communale,,2,Plat,Partie rectiligne,,,normale,,Sur chaussée,Conducteur,1,M,9-10,Promenade - loisirs,Casque,Non,1,1,07 - juillet,0 - lundi,Sens
,201600048529,2016-07-18,69,21,69385,45.45431,4.4933,Hors intersection,Deux véhicules - par l’arrière,Plein jour,Normale,Voie Communale,,2,Pente,Partie rectiligne,,53,normale,,Sur chaussée,Conducteur,2,M,21-22,Utilisation professionnelle,Autre,Non,1,1,07 - juillet,0 - lundi,Lyon 5e  Arrondissement
,201600054262,2016-07-18,75,19,75114,48.8197,2.34223,Hors intersection,Deux véhicules - par le coté,Plein jour,Normale,Voie Communale,,,Plat,Partie rectiligne,,,normale,,Sur piste cyclable,Conducteur,1,M,42-43,Domicile - travail,Casque,Oui,1,1,07 - juillet,0 - lundi,Paris 14e  Arrondissement
,201600002264,2016-07-17,72,,72154,47.698,-0.112,Hors intersection,Deux véhicules - par l’arrière,Nuit sans éclairage public,Normale,Route Départementale,,2,Plat,Partie rectiligne,35,72,normale,,Sur chaussée,Conducteur,2,M,20-21,Promenade - loisirs,Equipement réfléchissant,Non,1,,07 - juillet,6 - dimanche,Flèche
,201600006143,2016-07-17,57,11,57355,0,0,Hors intersection,Deux véhicules - par l’arrière,Plein jour,Normale,Route Départementale,,1,Pente,Partie rectiligne,,70,normale,,Sur chaussée,Conducteur,2,M,70-71,Promenade - loisirs,Casque,Oui,1,1,07 - juillet,6 - dimanche,Kalhausen
,201600011488,2016-07-17,57,10,57498,0,0,Hors intersection,Deux véhicules - frontale,Plein jour,Normale,Voie Communale,,,Plat,Partie rectiligne,,,normale,,Sur chaussée,Conducteur,2,M,50-51,Promenade - loisirs,Casque,Oui,1,1,07 - juillet,6 - dimanche,Neufchef
,201600012626,2016-07-17,37,6,37027,47.322,0.983,Hors intersection,Deux véhicules - par le coté,Plein jour,Normale,Route Départementale,,2,Plat,Partie rectiligne,,76,normale,,Sur chaussée,Conducteur,2,M,33-34,Promenade - loisirs,Casque,Non,1,,07 - juillet,6 - dimanche,Bléré
,201600021764,2016-07-17,83,10,83036,0,0,Hors intersection,Deux véhicules - par le coté,Plein jour,Normale,Route Départementale,,,Pente,En courbe à gauche,,37,normale,,Sur chaussée,Conducteur,2,M,73-74,Promenade - loisirs,Casque,Oui,1,,07 - juillet,6 - dimanche,Cavalaire-sur-Mer
,201600023556,2016-07-17,74,18,74191,46.199,6.686,Intersection en X,Deux véhicules - par le coté,Plein jour,Normale,Route Départementale,,2,Pente,En « S »,,,normale,,Sur chaussée,Conducteur,2,M,44-45,Domicile - travail,Casque,Oui,1,1,07 - juillet,6 - dimanche,Morzine
,201600027015,2016-07-17,44,21,44109,47.20651,-1.55495,Hors intersection,Autre,Crépuscule ou aube,Normale,Voie Communale,,,Pente,Partie rectiligne,,,normale,,,Conducteur,1,M,24-25,,Casque,Oui,1,1,07 - juillet,6 - dimanche,Nantes
,201600029094,2016-07-17,55,19,55545,49.16002,5.38754,Hors intersection,Deux véhicules - par le coté,Plein jour,Normale,Voie Communale,,3,Plat,Partie rectiligne,,81,normale,,Sur chaussée,Conducteur,1,M,17-18,,Casque,Oui,1,1,07 - juillet,6 - dimanche,Verdun
,201600031244,2016-07-17,62,16,62826,50.51829,1.58275,Intersection en X,Deux véhicules - par le coté,Plein jour,Normale,Voie Communale,,1,Plat,Partie rectiligne,,,normale,,Sur chaussée,Conducteur,1,M,19-20,,Autre,Non déterminable,1,1,07 - juillet,6 - dimanche,Touquet-Paris-Plage
,201600031854,2016-07-17,64,12,64260,43.35402,-1.77987,Hors intersection,Deux véhicules - par le coté,Plein jour,Normale,Route Départementale,,2,Plat,Partie rectiligne,,,normale,,Sur chaussée,Conducteur,1,M,72-73,Autre,Equipement réfléchissant,Oui,1,1,07 - juillet,6 - dimanche,Hendaye
,201600032532,2016-07-17,67,12,67365,48.54863,7.71055,Hors intersection,Autre,Plein jour,Normale,Voie Communale,,2,Plat,Partie rectiligne,,70,normale,,Sur chaussée,Conducteur,0,F,59-60,Autre,Autre,Non déterminable,,1,07 - juillet,6 - dimanche,Ostwald
,201600040823,2016-07-17,93,12,93048,0,0,Hors intersection,Deux véhicules - par le coté,Plein jour,Normale,Voie Communale,,1,Plat,,,30,normale,,Sur chaussée,Conducteur,2,F,47-48,,Autre,Non déterminable,1,1,07 - juillet,6 - dimanche,Montreuil
,201600043545,2016-07-17,94,14,94068,0,0,Intersection en T,Deux véhicules - par le coté,Plein jour,Normale,Voie Communale,,1,Plat,Partie rectiligne,10,60,normale,Zone piétonne,Sur chaussée,Conducteur,1,M,65-66,Autre,Autre,Non,1,1,07 - juillet,6 - dimanche,Saint-Maur-des-Fossés
,201600053134,2016-07-17,75,20,75111,48.8502,2.39476,Hors intersection,Deux véhicules - par l’arrière,Plein jour,Normale,Voie Communale,,1,Plat,Partie rectiligne,,115,normale,,Sur chaussée,Conducteur,1,M,18-19,Utilisation professionnelle,Casque,Oui,1,1,07 - juillet,6 - dimanche,Paris 11e  Arrondissement
,201600000819,2016-07-16,27,,27616,49.26665,0.9828,Hors intersection,Trois véhicules et plus - collisions multiples,Nuit sans éclairage public,Normale,Route Départementale,,,,Partie rectiligne,,,,,Sur chaussée,Conducteur,2,F,26-27,Promenade - loisirs,Equipement réfléchissant,Oui,1,,07 - juillet,5 - samedi,Saussaye
,201600000819,2016-07-16,27,,27616,49.26665,0.9828,Hors intersection,Trois véhicules et plus - collisions multiples,Nuit sans éclairage public,Normale,Route Départementale,,,,Partie rectiligne,,,,,Sur chaussée,Conducteur,2,F,31-32,Promenade - loisirs,Equipement réfléchissant,Oui,1,,07 - juillet,5 - samedi,Saussaye
,201600001397,2016-07-16,14,18,14530,49.2362,-0.2381,Intersection en X,Deux véhicules - par le coté,Plein jour,Normale,Route Départementale,,2,Pente,En « S »,,60,normale,,Sur chaussée,Conducteur,2,M,16-17,Promenade - loisirs,Equipement réfléchissant,Non,1,,07 - juillet,5 - samedi,Ranville
,201600002155,2016-07-16,53,14,53014,47.8244,-0.69033,Hors intersection,Deux véhicules - par le coté,Plein jour,Normale,Route Nationale,,2,Plat,Partie rectiligne,,74,normale,,Sur chaussée,Conducteur,2,F,68-69,Courses - achats,Casque,Non,1,1,07 - juillet,5 - samedi,Azé
,201600008002,2016-07-16,13,19,13022,0,0,Hors intersection,Deux véhicules - par le coté,Plein jour,Normale,Voie Communale,,,,En courbe à droite,,,normale,Carrefour aménagé,Sur chaussée,Conducteur,2,F,55-56,Promenade - loisirs,Ceinture,,1,1,07 - juillet,5 - samedi,Cassis
,201600009673,2016-07-16,77,14,77457,48.66212,2.72491,Intersection en X,Deux véhicules - par le coté,Plein jour,Normale,Route Départementale,,2,Plat,Partie rectiligne,,,normale,Carrefour aménagé,Sur chaussée,Conducteur,2,M,22-23,Promenade - loisirs,Casque,Oui,1,,07 - juillet,5 - samedi,Solers
,201600025240,2016-07-16,35,18,35238,48.0859,-1.67504,Intersection en X,Deux véhicules - par le coté,Plein jour,Normale,Voie Communale,,4,Plat,Partie rectiligne,,,normale,Carrefour aménagé,Sur chaussée,Conducteur,1,M,35-36,Promenade - loisirs,,,1,1,07 - juillet,5 - samedi,Rennes
,201600029425,2016-07-16,56,12,56260,47.65533,-2.75552,Hors intersection,Autre,Plein jour,Normale,Voie Communale,,2,Sommet de côte,En courbe à gauche,,111,normale,,Sur chaussée,Conducteur,0,M,79-80,Promenade - loisirs,Casque,Oui,,1,07 - juillet,5 - samedi,Vannes
,201600034839,2016-07-16,79,15,79329,46.98722,-0.21081,Hors intersection,Deux véhicules - par le coté,Plein jour,Normale,Voie Communale,,2,Plat,Partie rectiligne,,,normale,,Sur trottoir,Conducteur,2,M,61-62,Promenade - loisirs,Casque,Oui,1,1,07 - juillet,5 - samedi,Thouars