test,identifiantAccident,date,departement,heure,commune,lat,lon,typeIntersection,typeCollision,luminosite,conditionsAtmosperiques,typeRoute,circulation,nbVoies,profilLongRoute,tracePlanRoute,largeurTPC,largeurRoute,etatSurface,amenagement,situation,categorieUsager,graviteAccident,sexe,age,motifDeplacement,existenceSecurite,usageSecurite,nombreAutresVehicules,enAgglomeration,mois,jour,NCCENR
,201600042580,2016-07-16,94,17,94028,0,0,Intersection en T,Deux véhicules - par le coté,Plein jour,Normale,Voie Communale,,2,Plat,Partie rectiligne,,60,normale,,Sur chaussée,Conducteur,1,M,23-24,Promenade - loisirs,Autre,Oui,1,1,07 - juillet,5 - samedi,Créteil
,201600056904,2016-07-16,75,14,75112,48.8443,2.38153,Intersection à plus de 4 branches,Deux véhicules - par le coté,Plein jour,Normale,Voie Communale,,2,Plat,Partie rectiligne,,152,normale,,Sur piste cyclable,Conducteur,2,M,47-48,,Casque,Non déterminable,1,1,07 - juillet,5 - samedi,Paris 12e  Arrondissement
,201600059210,2016-07-16,974,8,97416,0,0,Hors intersection,Autre,Plein jour,Normale,Autre,,2,,,,,,,Sur chaussée,Conducteur,2,M,19-20,Promenade - loisirs,Casque,Oui,,1,07 - juillet,5 - samedi,Saint-Pierre
,201600059210,2016-07-16,974,8,97416,0,0,Hors intersection,Autre,Plein jour,Normale,Autre,,2,,,,,,,Sur chaussée,Passager,2,M,20-21,Promenade - loisirs,Casque,Oui,,1,07 - juillet,5 - samedi,Saint-Pierre
,201600001950,2016-07-15,44,9,44129,47.43404,-2.09904,Giratoire,Deux véhicules - par le coté,Plein jour,Normale,Route Départementale,,1,Plat,,,70,normale,,Sur chaussée,Conducteur,3,M,59-60,Promenade - loisirs,Casque,Non,1,1,07 - juillet,4 - vendredi,Pontchâteau
,201600003340,2016-07-15,17,12,17468,45.34185,-0.34139,Hors intersection,Aucune,Plein jour,Normale,Route Départementale,,2,Pente,Partie rectiligne,,43,normale,,Sur chaussée,Conducteur,3,F,45-46,Promenade - loisirs,Casque,Non,,,07 - juillet,4 - vendredi,Vibrac
,201600009731,2016-07-15,77,18,77031,48.67685,2.93709,Hors intersection,Aucune,Plein jour,Normale,Route Départementale,,2,Pente,Partie rectiligne,,50,normale,,Sur chaussée,Conducteur,2,M,53-54,Promenade - loisirs,Casque,Non,,,07 - juillet,4 - vendredi,Bernay-Vilbert
,201600011958,2016-07-15,24,12,24405,44.9428,0.68134,Hors intersection,Deux véhicules - frontale,Plein jour,Normale,Voie Communale,,,Bas de côte,En courbe à gauche,,39,normale,,Sur chaussée,Conducteur,3,M,57-58,Promenade - loisirs,Casque,Oui,1,,07 - juillet,4 - vendredi,Saint-Félix-de-Villadeix
,201600012376,2016-07-15,74,11,74081,0,0,Intersection en T,Autre,Plein jour,Normale,Route Départementale,,2,Plat,Partie rectiligne,,,normale,,Sur chaussée,Conducteur,3,M,20-21,Promenade - loisirs,Casque,Non déterminable,1,1,07 - juillet,4 - vendredi,Cluses
,201600024030,2016-07-15,33,14,33063,44.8411,-0.56946,Intersection en T,Deux véhicules - par le coté,Plein jour,Normale,Voie Communale,,1,,,,,,,,Conducteur,1,F,19-20,Autre,Casque,Non déterminable,1,1,07 - juillet,4 - vendredi,Bordeaux
,201600038488,2016-07-15,92,14,92044,0,0,Hors intersection,Autre,Plein jour,Normale,Voie Communale,,,Plat,,,,normale,,Sur chaussée,Conducteur,0,M,15-16,,Autre,Non déterminable,,1,07 - juillet,4 - vendredi,Levallois-Perret
,201600040602,2016-07-15,93,18,93063,0,0,Intersection en T,Deux véhicules - frontale,Plein jour,Normale,Voie Communale,,1,Plat,Partie rectiligne,,,normale,,Sur chaussée,Conducteur,2,M,18-19,,Autre,Oui,1,1,07 - juillet,4 - vendredi,Romainville
,201600048527,2016-07-15,69,19,69382,45.44364,4.49071,Intersection en T,Deux véhicules - par le coté,Plein jour,Normale,Voie Communale,,1,Plat,Partie rectiligne,,,normale,,Sur chaussée,Conducteur,2,M,30-31,Domicile - travail,Casque,Oui,1,1,07 - juillet,4 - vendredi,Lyon 2e  Arrondissement
,201600051144,2016-07-15,75,11,75101,48.8624,2.34029,Intersection en T,Deux véhicules - par le coté,Plein jour,Normale,Voie Communale,,1,Pente,Partie rectiligne,,53,normale,,Sur chaussée,Conducteur,1,M,24-25,Utilisation professionnelle,Casque,Oui,1,1,07 - juillet,4 - vendredi,Paris 1er Arrondissement
,201600054610,2016-07-15,75,23,75115,48.8558,2.28967,Hors intersection,Autre,Nuit avec éclairage public allumé,Normale,Voie Communale,,1,Plat,En courbe à gauche,,,normale,,Sur piste cyclable,Conducteur,1,M,25-26,Utilisation professionnelle,Casque,Non déterminable,,1,07 - juillet,4 - vendredi,Paris 15e  Arrondissement
,201600010862,2016-07-14,6,17,6083,43.775,7.4891,Hors intersection,Deux véhicules - frontale,Plein jour,Normale,Route Départementale,,2,Pente,Partie rectiligne,20,80,normale,,Sur chaussée,Conducteur,1,M,11-12,Promenade - loisirs,Autre,Non,1,1,07 - juillet,3 - jeudi,Menton
,201600011521,2016-07-14,23,17,23140,45.91341,2.19695,Hors intersection,Autre,Plein jour,Normale,Route Départementale,,,,,,,normale,,Sur chaussée,Conducteur,3,M,41-42,Promenade - loisirs,Casque,Non,,1,07 - juillet,3 - jeudi,Moutier-Rozeille
,201600019554,2016-07-14,35,9,35024,48.18168,-1.64026,Hors intersection,Deux véhicules - frontale,Plein jour,Normale,Route Départementale,,2,Sommet de côte,,60,,normale,,Sur chaussée,Conducteur,2,M,54-55,,Casque,Oui,1,1,07 - juillet,3 - jeudi,Betton
,201600026773,2016-07-14,44,11,44055,47.28177,-2.39758,Hors intersection,Aucune,Plein jour,Normale,Voie Communale,,2,Plat,Partie rectiligne,,,normale,,Sur piste cyclable,Conducteur,1,M,31-32,Promenade - loisirs,Casque,Oui,1,1,07 - juillet,3 - jeudi,Baule-Escoublac
,201600038850,2016-07-14,92,20,92050,0,0,Intersection en T,Deux véhicules - par le coté,Plein jour,Normale,Route Nationale,,1,Plat,,,16,normale,,Sur chaussée,Conducteur,1,M,36-37,Autre,Autre,Non déterminable,1,1,07 - juillet,3 - jeudi,Nanterre
,201600054259,2016-07-14,75,4,75114,48.8268,2.30391,Place,Aucune,Nuit sans éclairage public,Normale,Voie Communale,,,Plat,Partie rectiligne,10,80,normale,,Sur chaussée,Conducteur,1,M,19-20,,Casque,Non déterminable,,1,07 - juillet,3 - jeudi,Paris 14e  Arrondissement
,201600011463,2016-07-13,7,9,7102,44.93072,4.86277,Intersection en X,Deux véhicules - par le coté,Plein jour,Normale,Voie Communale,,1,Plat,Partie rectiligne,,76,normale,,Sur chaussée,Conducteur,3,F,85-86,Courses - achats,Autre,Non déterminable,1,1,07 - juillet,2 - mercredi,Guilherand-Granges
,201600021753,2016-07-13,54,22,54314,0,0,Hors intersection,Deux véhicules - par le coté,Nuit sans éclairage public,Pluie légère,Route Départementale,,,Pente,En courbe à gauche,,66,mouillée,,Sur chaussée,Conducteur,2,M,56-57,Promenade - loisirs,Equipement réfléchissant,Non,1,,07 - juillet,2 - mercredi,Lexy
,201600028029,2016-07-13,50,16,50129,49.6382,-1.62528,Intersection en X,Deux véhicules - par le coté,Plein jour,Normale,Voie Communale,,2,Plat,Partie rectiligne,,,normale,Carrefour aménagé,Sur chaussée,Conducteur,1,M,42-43,Promenade - loisirs,Casque,Non,1,1,07 - juillet,2 - mercredi,Cherbourg-en-Cotentin
,201600028114,2016-07-13,50,9,50376,49.0351,-1.44096,Hors intersection,Deux véhicules - par l’arrière,Plein jour,Normale,Route Départementale,,2,Pente,Partie rectiligne,,,normale,,Sur chaussée,Conducteur,1,M,67-68,Promenade - loisirs,Equipement réfléchissant,Non,1,,07 - juillet,2 - mercredi,Nicorps
,201600028369,2016-07-13,51,17,51454,49.26752,4.03721,Giratoire,Deux véhicules - par le coté,Plein jour,Normale,Voie Communale,,2,Plat,En courbe à droite,47,112,normale,Carrefour aménagé,Sur chaussée,Conducteur,1,M,19-20,,Casque,Non déterminable,1,1,07 - juillet,2 - mercredi,Reims
,201600035503,2016-07-13,84,9,84007,0,0,Intersection en T,Deux véhicules - frontale,Plein jour,Normale,Voie Communale,,3,Plat,Partie rectiligne,,,normale,,Sur chaussée,Conducteur,1,M,48-49,Domicile - travail,Casque,Non,1,,07 - juillet,2 - mercredi,Avignon
,201600037844,2016-07-13,92,17,92024,0,0,Intersection en X,Deux véhicules - par le coté,Plein jour,Normale,Route Départementale,,3,Plat,Partie rectiligne,,,,,Sur chaussée,Conducteur,1,F,45-46,Autre,Casque,Non déterminable,1,1,07 - juillet,2 - mercredi,Clichy
,201600051897,2016-07-13,75,21,75106,48.8473,2.32791,Intersection à plus de 4 branches,Deux véhicules - par le coté,Crépuscule ou aube,Normale,Voie Communale,,4,Plat,Partie rectiligne,80,70,normale,Carrefour aménagé,Sur chaussée,Conducteur,1,M,15-16,,Casque,Non déterminable,1,1,07 - juillet,2 - mercredi,Paris 6e  Arrondissement
,201600054607,2016-07-13,75,7,75115,48.8383,2.27067,Intersection en T,Aucune,Plein jour,Normale,Voie Communale,,2,Plat,Partie rectiligne,,,normale,,Sur piste cyclable,Conducteur,1,M,46-47,Domicile - travail,Casque,Oui,,1,07 - juillet,2 - mercredi,Paris 15e  Arrondissement
,201600055946,2016-07-13,75,1,75118,48.8912,2.3516,Intersection en X,Deux véhicules - par le coté,Nuit avec éclairage public allumé,Pluie légère,Voie Communale,,2,Plat,Partie rectiligne,,50,mouillée,,Sur chaussée,Conducteur,1,M,33-34,Promenade - loisirs,Casque,Non déterminable,1,1,07 - juillet,2 - mercredi,Paris 18e  Arrondissement
,201600056268,2016-07-13,75,8,75119,48.8841,2.36886,Place,Aucune,Plein jour,Normale,Voie Communale,,2,Plat,Partie rectiligne,,100,normale,,Sur chaussée,Conducteur,1,F,32-33,Promenade - loisirs,Casque,Oui,,1,07 - juillet,2 - mercredi,Paris 19e  Arrondissement
,201600001814,2016-07-12,44,12,44172,47.26365,-1.48674,Hors intersection,Deux véhicules - frontale,Plein jour,Normale,Autre,,,Plat,Partie rectiligne,,,normale,,Sur piste cyclable,Conducteur,2,M,54-55,Domicile - travail,Casque,Oui,1,1,07 - juillet,1 - mardi,Sainte-Luce-sur-Loire
,201600008683,2016-07-12,34,17,34344,43.5689,4.09246,Giratoire,Deux véhicules - par l’arrière,Plein jour,Normale,Voie Communale,,2,,,,,normale,,Sur chaussée,Conducteur,1,M,15-16,Promenade - loisirs,Ceinture,,1,1,07 - juillet,1 - mardi,Grande-Motte
,201600009429,2016-07-12,5,19,5061,44.54733,6.05919,Autre intersection,Deux véhicules - par le coté,Plein jour,Normale,Voie Communale,,2,Pente,En courbe à gauche,,73,normale,,Sur chaussée,Conducteur,2,M,52-53,Domicile - travail,Casque,Non,1,1,07 - juillet,1 - mardi,Gap
,201600013040,2016-07-12,35,17,35032,0,0,Hors intersection,Deux véhicules - par le coté,Plein jour,Pluie légère,Route Départementale,,2,Plat,Partie rectiligne,,79,mouillée,,Sur chaussée,Conducteur,2,F,16-17,Promenade - loisirs,Ceinture,,1,,07 - juillet,1 - mardi,Bourgbarré
,201600017024,2016-07-12,37,12,37115,0,0,Hors intersection,Deux véhicules - frontale,Plein jour,Normale,Route Départementale,,2,Plat,En courbe à gauche,,50,corps gras - huile,,Sur accotement,Conducteur,2,M,18-19,Promenade - loisirs,Equipement réfléchissant,Non,1,,07 - juillet,1 - mardi,Descartes
,201600025878,2016-07-12,37,10,37261,0,0,Intersection en T,Deux véhicules - par le coté,Plein jour,Normale,Voie Communale,,1,Plat,Partie rectiligne,,50,normale,,Sur chaussée,Conducteur,1,M,70-71,Promenade - loisirs,Casque,Oui,1,1,07 - juillet,1 - mardi,Tours
,201600028629,2016-07-12,54,17,54329,48.58189,6.50438,Autre intersection,Deux véhicules - par le coté,Plein jour,Normale,Voie Communale,,2,Plat,Partie rectiligne,,60,normale,,Sur chaussée,Conducteur,2,M,80-81,Promenade - loisirs,Casque,Non déterminable,1,1,07 - juillet,1 - mardi,Lunéville
,201600043710,2016-07-12,94,1,94074,0,0,Intersection en X,Deux véhicules - par le coté,Nuit avec éclairage public allumé,Normale,Voie Communale,,2,,,,,,,Sur chaussée,Conducteur,1,M,19-20,Autre,Autre,Non déterminable,1,1,07 - juillet,1 - mardi,Valenton
,201600051721,2016-07-12,75,14,75105,48.8377,2.35117,Hors intersection,Deux véhicules - par le coté,Plein jour,Normale,Voie Communale,,4,Plat,Partie rectiligne,,120,normale,,Sur piste cyclable,Conducteur,1,M,47-48,Utilisation professionnelle,Casque,Non déterminable,1,1,07 - juillet,1 - mardi,Paris 5e  Arrondissement
,201600052072,2016-07-12,75,20,75107,48.8583,2.32243,Hors intersection,Autre,Plein jour,Normale,Voie Communale,,1,Plat,Partie rectiligne,,80,mouillée,,Sur chaussée,Conducteur,1,M,25-26,Autre,Casque,Oui,,1,07 - juillet,1 - mardi,Paris 7e  Arrondissement
,201600052394,2016-07-12,75,21,75108,48.8737,2.31445,Intersection en X,Autre,Crépuscule ou aube,Normale,Voie Communale,,,Plat,Partie rectiligne,,,normale,,Sur chaussée,Conducteur,0,M,31-32,Utilisation professionnelle,Casque,Non déterminable,,1,07 - juillet,1 - mardi,Paris 8e  Arrondissement
,201600055058,2016-07-12,75,19,75116,48.8669,2.23884,Intersection en Y,Autre,Plein jour,Autre,Voie Communale,,,Plat,En courbe à gauche,,,normale,,Sur chaussée,Conducteur,1,F,51-52,Promenade - loisirs,Casque,Non déterminable,1,1,07 - juillet,1 - mardi,Paris 16e  Arrondissement
,201600055059,2016-07-12,75,22,75116,48.8634,2.2869,Place,Deux véhicules - par le coté,Nuit avec éclairage public allumé,Pluie forte,Voie Communale,,1,Pente,Partie rectiligne,,,mouillée,,Sur chaussée,Conducteur,1,M,19-20,Utilisation professionnelle,Casque,Oui,1,1,07 - juillet,1 - mardi,Paris 16e  Arrondissement
,201600055945,2016-07-12,75,21,75110,48.8843,2.36412,Hors intersection,Deux véhicules - par le coté,Plein jour,Normale,Voie Communale,,3,Plat,Partie rectiligne,5,50,normale,,Sur piste cyclable,Conducteur,1,M,22-23,,Casque,Oui,1,1,07 - juillet,1 - mardi,Paris 10e  Arrondissement
,201600056267,2016-07-12,75,16,75119,48.8843,2.38632,Hors intersection,Autre,Plein jour,Normale,Voie Communale,,1,Plat,Partie rectiligne,,,normale,,Sur chaussée,Conducteur,2,M,29-30,Promenade - loisirs,Casque,Non déterminable,,1,07 - juillet,1 - mardi,Paris 19e  Arrondissement
,201600008447,2016-07-11,83,17,83107,0,0,Hors intersection,Deux véhicules - frontale,Plein jour,Normale,Route Départementale,,2,Plat,Partie rectiligne,,,normale,,Sur piste cyclable,Conducteur,2,M,68-69,Promenade - loisirs,Casque,Oui,1,,07 - juillet,0 - lundi,Roquebrune-sur-Argens
,201600009005,2016-07-11,30,8,30130,44.30959,3.96772,Hors intersection,Aucune,Plein jour,Normale,Route Départementale,,2,Plat,Partie rectiligne,,35,normale,,Sur accotement,Conducteur,2,F,61-62,Promenade - loisirs,Casque,Oui,,,07 - juillet,0 - lundi,Génolhac
,201600015116,2016-07-11,13,22,13055,43.29269,5.37989,Passage à niveau,Deux véhicules - par le coté,Nuit avec éclairage public allumé,Normale,Voie Communale,,2,Plat,Partie rectiligne,,30,normale,,Sur chaussée,Conducteur,2,M,42-43,,Casque,Non,1,1,07 - juillet,0 - lundi,Marseille
,201600030651,2016-07-11,43,15,43040,0,0,Place,Deux véhicules - frontale,Plein jour,Normale,Parc de stationnement ouvert à la circulation publique,,,Plat,Partie rectiligne,,,normale,,Sur chaussée,Conducteur,2,M,16-17,Promenade - loisirs,,,1,1,07 - juillet,0 - lundi,Brioude
,201600031653,2016-07-11,64,7,64335,43.32445,-0.4148,Hors intersection,Aucune,Plein jour,Normale,Voie Communale,,2,Bas de côte,En courbe à gauche,,49,mouillée,,Sur chaussée,Conducteur,2,M,53-54,Courses - achats,Casque,Non,,1,07 - juillet,0 - lundi,Lescar
,201600034837,2016-07-11,79,16,79329,46.98971,-0.22205,Intersection en T,Deux véhicules - par le coté,Plein jour,Normale,Voie Communale,,2,Plat,Partie rectiligne,,73,normale,,Sur chaussée,Conducteur,1,M,24-25,Promenade - loisirs,Autre,Non déterminable,1,1,07 - juillet,0 - lundi,Thouars
,201600048517,2016-07-11,69,10,69152,45.70033,4.82024,Hors intersection,Deux véhicules - par le coté,Plein jour,Normale,Route Départementale,,,Plat,Partie rectiligne,,48,normale,,Sur trottoir,Conducteur,1,M,21-22,Promenade - loisirs,Casque,Non,1,1,07 - juillet,0 - lundi,Pierre-Bénite
,201600048519,2016-07-11,69,18,69081,45.7843,4.78213,Hors intersection,Deux véhicules - par le coté,Plein jour,Pluie forte,Voie Communale,,1,Pente,Partie rectiligne,35,80,mouillée,,Sur chaussée,Conducteur,2,F,19-20,Domicile - travail,Casque,Non,1,1,07 - juillet,0 - lundi,Écully
,201600051895,2016-07-11,75,16,75106,48.8521,2.33302,Hors intersection,Deux véhicules - par le coté,Plein jour,Normale,Voie Communale,,1,Plat,Partie rectiligne,,,normale,,Sur chaussée,Conducteur,1,F,22-23,Utilisation professionnelle,Casque,Non déterminable,1,1,07 - juillet,0 - lundi,Paris 6e  Arrondissement
,201600052867,2016-07-11,75,13,75110,48.8692,2.3548,Hors intersection,Deux véhicules - par le coté,Plein jour,Normale,Voie Communale,,3,Plat,Partie rectiligne,,60,normale,,Sur piste cyclable,Conducteur,1,F,50-51,Utilisation professionnelle,Casque,Oui,1,1,07 - juillet,0 - lundi,Paris 10e  Arrondissement
,201600052868,2016-07-11,75,21,75110,48.8689,2.35633,Hors intersection,Autre,Crépuscule ou aube,Normale,Voie Communale,,4,Pente,Partie rectiligne,,250,normale,,Sur chaussée,Conducteur,1,M,43-44,Domicile - travail,Casque,Non déterminable,1,1,07 - juillet,0 - lundi,Paris 10e  Arrondissement
,201600052868,2016-07-11,75,21,75110,48.8689,2.35633,Hors intersection,Autre,Crépuscule ou aube,Normale,Voie Communale,,4,Pente,Partie rectiligne,,250,normale,,Sur chaussée,Conducteur,0,F,33-34,Promenade - loisirs,Casque,Non déterminable,1,1,07 - juillet,0 - lundi,Paris 10e  Arrondissement
,201600054605,2016-07-11,75,16,75115,48.8403,2.28584,Intersection en X,Deux véhicules - par le coté,Plein jour,Normale,Voie Communale,,2,Plat,Partie rectiligne,,,normale,,Sur chaussée,Conducteur,1,M,22-23,Promenade - loisirs,Casque,Oui,1,1,07 - juillet,0 - lundi,Paris 15e  Arrondissement
,201600059206,2016-07-11,974,16,97416,0,0,Hors intersection,Deux véhicules - par le coté,Plein jour,Normale,Voie Communale,,2,Plat,Partie rectiligne,,70,normale,,Sur chaussée,Conducteur,2,M,16-17,Promenade - loisirs,Casque,Non,1,1,07 - juillet,0 - lundi,Saint-Pierre
,201600000562,2016-07-10,60,,60282,49.18952,2.45207,Hors intersection,Deux véhicules - frontale,Nuit sans éclairage public,Normale,Route Départementale,,,,,,,,,,Conducteur,3,M,52-53,,Equipement réfléchissant,Oui,1,,07 - juillet,6 - dimanche,Gouvieux
,201600007828,2016-07-10,90,13,90058,0,0,Hors intersection,Deux véhicules - par le coté,Plein jour,Normale,Route Départementale,,2,Pente,Partie rectiligne,73,,normale,,Sur chaussée,Conducteur,2,F,33-34,Promenade - loisirs,Casque,Non,1,1,07 - juillet,6 - dimanche,Lachapelle-sous-Rougemont
,201600009375,2016-07-10,2B,17,2B149,0,0,Hors intersection,Aucune,Plein jour,Normale,Voie Communale,,,Pente,Partie rectiligne,,,normale,,Sur chaussée,Conducteur,3,M,9-10,Promenade - loisirs,Ceinture,,,1,07 - juillet,6 - dimanche,Lugo-di-Nazza
,201600009968,2016-07-10,28,10,28358,48.52727,1.56778,Hors intersection,Deux véhicules - par l’arrière,Plein jour,Temps éblouissant,Route Départementale,,2,Plat,Partie rectiligne,,69,normale,,Sur chaussée,Conducteur,2,M,46-47,Promenade - loisirs,Casque,Non,1,,07 - juillet,6 - dimanche,Saint-Prest
,201600010133,2016-07-10,37,9,37003,0,0,Hors intersection,Deux véhicules - par le coté,Plein jour,Normale,Route Départementale,,2,Plat,Partie rectiligne,,925,normale,,Sur chaussée,Conducteur,2,M,36-37,Promenade - loisirs,Casque,Oui,1,1,07 - juillet,6 - dimanche,Amboise
,201600018485,2016-07-10,41,19,41097,47.27889,1.70109,Hors intersection,Deux véhicules - par le coté,Plein jour,Normale,Route Départementale,,2,,,,58,normale,,Sur chaussée,Conducteur,3,F,63-64,Promenade - loisirs,Casque,Oui,1,,07 - juillet,6 - dimanche,Gièvres
,201600026179,2016-07-10,38,7,38185,45.18856,5.71121,Intersection en X,Autre,Plein jour,Normale,Voie Communale,,,,,,,normale,,,Conducteur,1,F,72-73,,Casque,Non déterminable,1,1,07 - juillet,6 - dimanche,Grenoble
,201600030366,2016-07-10,59,18,59512,0,0,Intersection en X,Deux véhicules - par le coté,Plein jour,Normale,Voie Communale,,2,Plat,Partie rectiligne,,,normale,,Sur chaussée,Conducteur,1,M,22-23,,Autre,Non,1,1,07 - juillet,6 - dimanche,Roubaix
,201600036497,2016-07-10,91,2,91103,48.60251,2.29546,Intersection en X,Deux véhicules - par le coté,Nuit sans éclairage public,Normale,Voie Communale,,2,Plat,Partie rectiligne,,,normale,,Sur chaussée,Conducteur,1,M,24-25,,Equipement réfléchissant,Non,1,1,07 - juillet,6 - dimanche,Brétigny-sur-Orge
,201600036497,2016-07-10,91,2,91103,48.60251,2.29546,Intersection en X,Deux véhicules - par le coté,Nuit sans éclairage public,Normale,Voie Communale,,2,Plat,Partie rectiligne,,,normale,,Sur chaussée,Passager,0,M,19-20,,Equipement réfléchissant,Non,1,1,07 - juillet,6 - dimanche,Brétigny-sur-Orge
,201600037621,2016-07-10,92,23,92019,0,0,Hors intersection,Autre,Nuit avec éclairage public allumé,Normale,Voie Communale,,2,Plat,Partie rectiligne,,,normale,,Sur chaussée,Conducteur,1,M,17-18,Promenade - loisirs,Autre,Non,1,1,07 - juillet,6 - dimanche,Châtenay-Malabry
,201600039625,2016-07-10,93,16,93001,0,0,Hors intersection,Deux véhicules - par l’arrière,Plein jour,Temps éblouissant,Voie Communale,,4,Plat,Partie rectiligne,,,normale,,Sur chaussée,Conducteur,1,M,10-11,Promenade - loisirs,Autre,Non,1,1,07 - juillet,6 - dimanche,Aubervilliers
,201600040270,2016-07-10,93,19,93027,0,0,Hors intersection,Deux véhicules - par le coté,Plein jour,Normale,Voie Communale,,2,Plat,,,50,normale,,Sur chaussée,Conducteur,2,M,27-28,,Autre,Oui,1,1,07 - juillet,6 - dimanche,Courneuve
,201600040600,2016-07-10,93,11,93063,0,0,Hors intersection,Deux véhicules - par le coté,Plein jour,Normale,Voie Communale,,1,Sommet de côte,,,,normale,,Sur chaussée,Conducteur,1,M,70-71,,Autre,Non déterminable,1,1,07 - juillet,6 - dimanche,Romainville
,201600049319,2016-07-10,69,14,69386,0,0,Hors intersection,Deux véhicules - par l’arrière,Plein jour,Normale,Voie Communale,,2,Plat,,,,normale,,Sur chaussée,Conducteur,2,M,21-22,,Casque,Oui,1,1,07 - juillet,6 - dimanche,Lyon 6e  Arrondissement
,201600049321,2016-07-10,69,19,69387,0,0,Intersection en T,Deux véhicules - par le coté,Plein jour,Normale,Voie Communale,,1,Plat,Partie rectiligne,,,normale,,Sur chaussée,Conducteur,1,M,25-26,Promenade - loisirs,Casque,Oui,1,1,07 - juillet,6 - dimanche,Lyon 7e  Arrondissement
,201600001631,2016-07-09,50,18,50058,49.093,-1.58234,Intersection en X,Deux véhicules - par le coté,Plein jour,Normale,Voie Communale,,2,Pente,Partie rectiligne,46,,normale,,Sur chaussée,Conducteur,1,M,12-13,Promenade - loisirs,Ceinture,,1,1,07 - juillet,5 - samedi,Blainville-sur-Mer
,201600003436,2016-07-09,17,10,17283,45.5627,-0.54163,Intersection en T,Deux véhicules - par le coté,Plein jour,Normale,Route Départementale,,2,Bas de côte,Partie rectiligne,,48,normale,,Sur chaussée,Conducteur,3,M,75-76,Promenade - loisirs,Casque,Non,1,1,07 - juillet,5 - samedi,Pons
,201600006558,2016-07-09,67,16,67081,0,0,Hors intersection,Deux véhicules - par le coté,Plein jour,Normale,Route Départementale,,,Plat,Partie rectiligne,,60,normale,,Sur chaussée,Conducteur,2,M,15-16,Promenade - loisirs,Ceinture,,1,,07 - juillet,5 - samedi,Dahlenheim
,201600006701,2016-07-09,68,21,68226,48.04022,7.15667,Hors intersection,Deux véhicules - par l’arrière,Plein jour,Normale,Voie Communale,,2,Plat,Partie rectiligne,,60,normale,,Sur chaussée,Conducteur,2,M,3-4,Promenade - loisirs,Casque,Non,1,1,07 - juillet,5 - samedi,Munster
,201600013565,2016-07-09,13,19,13005,43.31223,5.56335,Intersection en X,Deux véhicules - par le coté,Plein jour,Normale,Route Départementale,,1,Sommet de côte,,,25,normale,,Sur chaussée,Conducteur,2,M,30-31,Domicile - travail,Autre,Non déterminable,1,,07 - juillet,5 - samedi,Aubagne
,201600016775,2016-07-09,88,16,88487,47.94008,6.47778,Hors intersection,Deux véhicules - frontale,Plein jour,Normale,Route Départementale,,,,,,,normale,,Sur chaussée,Conducteur,2,M,55-56,Promenade - loisirs,Casque,Oui,1,,07 - juillet,5 - samedi,'Val-d''Ajol'
,201600021518,2016-07-09,14,20,14663,49.2808,-0.68572,Hors intersection,Deux véhicules - par le coté,Plein jour,Normale,Route Départementale,,2,Pente,En courbe à droite,,,normale,,Sur chaussée,Conducteur,1,M,51-52,Promenade - loisirs,Casque,Oui,1,1,07 - juillet,5 - samedi,Saint-Vigor-le-Grand
,201600025881,2016-07-09,37,23,37261,0,0,Hors intersection,Aucune,Nuit avec éclairage public allumé,Normale,Autre,,,,,,,,,,Conducteur,1,M,35-36,,Casque,Oui,,1,07 - juillet,5 - samedi,Tours
,201600026177,2016-07-09,38,10,38179,45.18749,5.80612,Hors intersection,Deux véhicules - frontale,Plein jour,Normale,Voie Communale,,1,Plat,En courbe à gauche,,36,normale,,Sur chaussée,Conducteur,1,M,50-51,,Autre,Non,1,,07 - juillet,5 - samedi,Gières
,201600030374,2016-07-09,59,19,59512,0,0,Intersection en T,Deux véhicules - par le coté,Plein jour,Normale,Voie Communale,,2,,,,50,,,Sur chaussée,Conducteur,2,M,36-37,,Casque,Non,1,,07 - juillet,5 - samedi,Roubaix
,201600055531,2016-07-09,75,13,75117,48.899,2.32203,Intersection en T,Deux véhicules - par le coté,Plein jour,Normale,Voie Communale,,2,Pente,Partie rectiligne,,,normale,,Sur chaussée,Conducteur,1,M,43-44,,Casque,Oui,1,1,07 - juillet,5 - samedi,Paris 17e  Arrondissement
,201600058052,2016-07-09,973,8,97307,0,0,Hors intersection,Deux véhicules - par l’arrière,Plein jour,Normale,Route Nationale,,2,Plat,Partie rectiligne,,60,normale,,Sur accotement,Conducteur,1,M,39-40,Promenade - loisirs,Equipement réfléchissant,Oui,1,1,07 - juillet,5 - samedi,Matoury
,201600058280,2016-07-09,971,19,97101,0,0,Hors intersection,Autre,Nuit avec éclairage public allumé,Normale,Voie Communale,,1,Plat,,,,normale,,Sur chaussée,Conducteur,2,M,12-13,,Autre,Oui,1,1,07 - juillet,5 - samedi,Abymes
,201600006691,2016-07-08,68,11,68164,48.13384,7.29037,Intersection en T,Deux véhicules - par le coté,Plein jour,Normale,Route Départementale,,2,Plat,Partie rectiligne,,57,normale,,,Conducteur,2,M,77-78,Promenade - loisirs,Casque,Non,1,,07 - juillet,4 - vendredi,Kientzheim
,201600007557,2016-07-08,25,17,25245,47.2011,6.03551,Hors intersection,Deux véhicules - par l’arrière,Plein jour,Normale,Route Départementale,,2,Plat,Partie rectiligne,,61,normale,,Sur chaussée,Conducteur,2,M,88-89,Promenade - loisirs,Casque,Oui,1,,07 - juillet,4 - vendredi,Fontain