test,identifiantAccident,date,departement,heure,commune,lat,lon,typeIntersection,typeCollision,luminosite,conditionsAtmosperiques,typeRoute,circulation,nbVoies,profilLongRoute,tracePlanRoute,largeurTPC,largeurRoute,etatSurface,amenagement,situation,categorieUsager,graviteAccident,sexe,age,motifDeplacement,existenceSecurite,usageSecurite,nombreAutresVehicules,enAgglomeration,mois,jour,NCCENR
,201600007933,2016-07-08,13,9,13110,0,0,Hors intersection,Deux véhicules - par le coté,Plein jour,Normale,Route Départementale,,2,Pente,Partie rectiligne,,,normale,,Sur chaussée,Conducteur,2,M,48-49,Promenade - loisirs,Casque,Oui,1,,07 - juillet,4 - vendredi,Trets
,201600013689,2016-07-08,13,9,13028,43.19171,5.61772,Giratoire,Deux véhicules - par le coté,Plein jour,Normale,Voie Communale,,2,Plat,Partie rectiligne,,,normale,,Sur chaussée,Conducteur,1,F,65-66,Promenade - loisirs,Casque,Oui,1,1,07 - juillet,4 - vendredi,Ciotat
,201600013691,2016-07-08,13,19,13028,43.18303,5.61266,Hors intersection,Autre,Plein jour,Normale,Voie Communale,,2,Plat,Partie rectiligne,,30,normale,,Sur chaussée,Conducteur,1,M,23-24,Promenade - loisirs,Casque,Oui,1,1,07 - juillet,4 - vendredi,Ciotat
,201600025874,2016-07-08,37,16,37214,47.417,0.66677,Hors intersection,Deux véhicules - par le coté,Plein jour,Normale,Voie Communale,,2,Plat,Partie rectiligne,,,normale,,,Conducteur,2,M,26-27,Courses - achats,Autre,Non déterminable,1,1,07 - juillet,4 - vendredi,Saint-Cyr-sur-Loire
,201600028854,2016-07-08,54,16,54395,0,0,Intersection en X,Deux véhicules - par le coté,Plein jour,Normale,Voie Communale,,2,Plat,Partie rectiligne,,,normale,,Sur chaussée,Conducteur,1,M,17-18,Promenade - loisirs,Autre,Non déterminable,1,1,07 - juillet,4 - vendredi,Nancy
,201600029239,2016-07-08,56,10,56107,47.72253,-3.37702,Hors intersection,Deux véhicules - par l’arrière,Plein jour,Normale,Voie Communale,,2,Plat,Partie rectiligne,,,normale,,Sur chaussée,Conducteur,1,F,17-18,Promenade - loisirs,Autre,Non déterminable,1,1,07 - juillet,4 - vendredi,Larmor-Plage
,201600035652,2016-07-08,86,18,86066,46.79982,0.53009,Intersection en T,Deux véhicules - par le coté,Plein jour,Normale,Voie Communale,,2,Plat,Partie rectiligne,,,normale,,Sur chaussée,Conducteur,1,M,18-19,Promenade - loisirs,Casque,Non déterminable,1,1,07 - juillet,4 - vendredi,Châtellerault
,201600039463,2016-07-08,92,8,92075,0,0,Intersection en X,Deux véhicules - par le coté,Plein jour,Normale,Voie Communale,,2,Plat,Partie rectiligne,,35,normale,,Sur chaussée,Conducteur,1,F,25-26,Domicile - travail,Casque,Oui,1,1,07 - juillet,4 - vendredi,Vanves
,201600039624,2016-07-08,93,13,93001,0,0,Hors intersection,Deux véhicules - par le coté,Plein jour,Normale,Parc de stationnement ouvert à la circulation publique,,,Plat,Partie rectiligne,,,normale,,Sur chaussée,Conducteur,0,M,28-29,,Casque,Non déterminable,1,,07 - juillet,4 - vendredi,Aubervilliers
,201600042146,2016-07-08,94,18,94017,0,0,Hors intersection,Deux véhicules - par le coté,Plein jour,Normale,Voie Communale,,2,Plat,Partie rectiligne,,,normale,,Sur chaussée,Conducteur,1,M,70-71,Promenade - loisirs,Autre,Non déterminable,1,1,07 - juillet,4 - vendredi,Champigny-sur-Marne
,201600048520,2016-07-08,69,11,69152,45.7038,4.82074,Hors intersection,Deux véhicules - par le coté,Plein jour,Normale,Voie Communale,,2,Plat,Partie rectiligne,43,118,normale,,Sur chaussée,Conducteur,1,M,25-26,Promenade - loisirs,Autre,Non déterminable,1,1,07 - juillet,4 - vendredi,Pierre-Bénite
,201600052388,2016-07-08,75,18,75108,48.8743,2.30558,Hors intersection,Deux véhicules - par le coté,Plein jour,Normale,Voie Communale,,,,,,,,,Sur chaussée,Conducteur,1,M,44-45,Autre,Casque,Oui,1,1,07 - juillet,4 - vendredi,Paris 8e  Arrondissement
,201600054601,2016-07-08,75,16,75115,48.8499,2.29911,Intersection en T,Deux véhicules - par le coté,Plein jour,Normale,Voie Communale,,2,Plat,Partie rectiligne,,,normale,,Sur chaussée,Conducteur,1,M,41-42,Utilisation professionnelle,Casque,Non déterminable,1,1,07 - juillet,4 - vendredi,Paris 15e  Arrondissement
,201600000922,2016-07-07,35,16,35139,47.95562,-1.70105,Intersection en T,Deux véhicules - par le coté,Plein jour,Normale,Voie Communale,,1,Plat,En courbe à gauche,,,normale,,Sur chaussée,Conducteur,3,M,42-43,Promenade - loisirs,Casque,Non,1,,07 - juillet,3 - jeudi,Laillé
,201600002191,2016-07-07,53,11,53096,48.29948,-0.92757,Hors intersection,Aucune,Plein jour,Normale,Voie Communale,,2,Plat,Partie rectiligne,,,normale,,Sur chaussée,Conducteur,3,M,85-86,,Casque,Non,,1,07 - juillet,3 - jeudi,Ernée
,201600008024,2016-07-07,13,10,13092,43.53212,5.05104,Hors intersection,Autre,Plein jour,Normale,Route Départementale,,,,Partie rectiligne,,73,normale,,Sur piste cyclable,Conducteur,2,M,51-52,Promenade - loisirs,Casque,Oui,,,07 - juillet,3 - jeudi,Saint-Chamas
,201600010728,2016-07-07,6,9,6069,0,0,Hors intersection,Deux véhicules - par l’arrière,Plein jour,Normale,Route Départementale,,3,Plat,Partie rectiligne,,,normale,,,Conducteur,1,M,82-83,Promenade - loisirs,Casque,Non déterminable,1,1,07 - juillet,3 - jeudi,Grasse
,201600016469,2016-07-07,13,8,13019,43.46528,5.35367,Giratoire,Deux véhicules - frontale,Plein jour,Normale,Route Départementale,,,Plat,Partie rectiligne,,35,normale,,,Conducteur,1,M,47-48,Promenade - loisirs,Casque,Non déterminable,1,1,07 - juillet,3 - jeudi,Cabriès
,201600028027,2016-07-07,50,18,50129,49.6361,-1.63692,Intersection en Y,Deux véhicules - par le coté,Plein jour,Normale,Voie Communale,,2,Sommet de côte,En « S »,,,normale,,Sur chaussée,Conducteur,1,F,50-51,Domicile - travail,Casque,Non déterminable,1,1,07 - juillet,3 - jeudi,Cherbourg-en-Cotentin
,201600030828,2016-07-07,61,11,61006,48.73953,-0.00456,Intersection en T,Deux véhicules - par le coté,Plein jour,Temps éblouissant,Route Départementale,,2,Bas de côte,En courbe à droite,,64,normale,,Sur chaussée,Conducteur,2,F,84-85,Promenade - loisirs,Autre,Non,1,1,07 - juillet,3 - jeudi,Argentan
,201600032525,2016-07-07,67,16,67482,48.57758,7.75304,Intersection en X,Deux véhicules - par le coté,Plein jour,Normale,Voie Communale,,2,Plat,En courbe à droite,,76,normale,,Sur chaussée,Conducteur,1,M,19-20,Promenade - loisirs,Autre,Non déterminable,1,1,07 - juillet,3 - jeudi,Strasbourg
,201600033329,2016-07-07,71,14,71153,46.8066,4.42817,Hors intersection,Autre,Plein jour,Normale,Voie Communale,,2,Plat,Partie rectiligne,,,normale,,Sur chaussée,Conducteur,0,M,17-18,Promenade - loisirs,Casque,Oui,,1,07 - juillet,3 - jeudi,Creusot
,201600033475,2016-07-07,74,9,74012,0,0,Giratoire,Deux véhicules - par le coté,Plein jour,Normale,Voie Communale,,2,Plat,Partie rectiligne,,,,Carrefour aménagé,Sur chaussée,Conducteur,2,M,62-63,Promenade - loisirs,Casque,Non,1,1,07 - juillet,3 - jeudi,Annemasse
,201600034540,2016-07-07,78,8,78335,48.59431,1.43542,Intersection en X,Deux véhicules - par le coté,Plein jour,Normale,Voie Communale,,2,Plat,Partie rectiligne,,50,normale,,Sur chaussée,Conducteur,2,M,44-45,Autre,Casque,Non,1,1,07 - juillet,3 - jeudi,Limay
,201600039462,2016-07-07,92,17,92075,0,0,Hors intersection,Aucune,Plein jour,Normale,Voie Communale,,2,Plat,Partie rectiligne,,,normale,,Sur chaussée,Conducteur,1,M,14-15,,Casque,Non,,1,07 - juillet,3 - jeudi,Vanves
,201600056259,2016-07-07,75,18,75119,48.8853,2.37185,Intersection en T,Deux véhicules - par le coté,Plein jour,Normale,Voie Communale,,1,Plat,Partie rectiligne,,35,normale,,Sur chaussée,Conducteur,2,M,48-49,Promenade - loisirs,Casque,Non déterminable,1,1,07 - juillet,3 - jeudi,Paris 19e  Arrondissement
,201600058741,2016-07-07,973,15,97302,0,0,Autre intersection,Autre,Plein jour,Normale,Voie Communale,,1,Plat,,,60,normale,,Sur chaussée,Conducteur,1,M,37-38,Promenade - loisirs,Autre,Non déterminable,1,1,07 - juillet,3 - jeudi,Cayenne
,201600008135,2016-07-06,4,15,4144,43.7803,6.28064,Hors intersection,Aucune,Plein jour,Normale,Route Départementale,,2,,En courbe à droite,,59,normale,,Sur chaussée,Conducteur,2,M,46-47,Promenade - loisirs,Casque,Oui,,,07 - juillet,2 - mercredi,Palud-sur-Verdon
,201600017870,2016-07-06,58,11,58127,0,0,Hors intersection,Deux véhicules - par le coté,Plein jour,Normale,Route Départementale,,2,Plat,Partie rectiligne,,74,normale,,Sur chaussée,Conducteur,3,M,66-67,Promenade - loisirs,Casque,Non,1,,07 - juillet,2 - mercredi,Giry
,201600019874,2016-07-06,17,16,17300,46.16867,-1.14985,Intersection en T,Deux véhicules - par le coté,Plein jour,Normale,Voie Communale,,2,Plat,Partie rectiligne,35,74,normale,,Sur chaussée,Conducteur,1,M,18-19,Promenade - loisirs,Casque,Non déterminable,1,1,07 - juillet,2 - mercredi,Rochelle
,201600021134,2016-07-06,25,17,25462,46.90492,6.3571,Place,Deux véhicules - par le coté,Plein jour,Normale,Voie Communale,,2,Plat,Partie rectiligne,,60,normale,,Sur chaussée,Conducteur,1,M,8-9,Promenade - loisirs,Casque,Oui,1,1,07 - juillet,2 - mercredi,Pontarlier
,201600021891,2016-07-06,29,7,29019,48.40189,-4.50265,Giratoire,Deux véhicules - par le coté,Plein jour,Normale,Voie Communale,,2,Plat,Partie rectiligne,,,normale,,Sur chaussée,Conducteur,0,M,44-45,,Casque,Oui,1,1,07 - juillet,2 - mercredi,Brest
,201600021892,2016-07-06,29,13,29019,48.39266,-4.48224,Intersection en X,Deux véhicules - par le coté,Plein jour,Normale,Voie Communale,,,Plat,Partie rectiligne,,,normale,,Sur chaussée,Conducteur,1,M,46-47,Domicile - travail,Casque,Oui,1,1,07 - juillet,2 - mercredi,Brest
,201600022576,2016-07-06,26,17,26324,44.33239,4.72845,Hors intersection,Deux véhicules - frontale,Plein jour,Normale,Voie Communale,,,Plat,,,,normale,,Sur chaussée,Conducteur,2,F,51-52,Domicile - travail,Autre,Oui,1,,07 - juillet,2 - mercredi,Saint-Paul-Trois-Châteaux
,201600027230,2016-07-06,45,16,45068,48.00883,2.74053,Hors intersection,Autre,Plein jour,Normale,Voie Communale,,2,Plat,Partie rectiligne,,30,normale,,Sur piste cyclable,Conducteur,1,M,35-36,Autre,Autre,Non déterminable,1,1,07 - juillet,2 - mercredi,Châlette-sur-Loing
,201600028526,2016-07-06,52,7,52121,48.11733,5.14055,Intersection en T,Autre,Plein jour,Normale,Route Départementale,,3,Plat,En courbe à droite,,89,normale,,Sur trottoir,Conducteur,1,M,50-51,Domicile - travail,Autre,Non déterminable,1,1,07 - juillet,2 - mercredi,Chaumont
,201600031849,2016-07-06,64,12,64260,43.36876,-1.77114,Intersection en T,Deux véhicules - frontale,Plein jour,Normale,Route Départementale,,,Plat,Partie rectiligne,,,,,Sur chaussée,Conducteur,1,M,66-67,Autre,Casque,Oui,1,1,07 - juillet,2 - mercredi,Hendaye
,201600038180,2016-07-06,92,19,92035,0,0,Place,Deux véhicules - par l’arrière,Plein jour,Normale,Voie Communale,,1,Plat,Partie rectiligne,,,normale,,Sur chaussée,Conducteur,1,M,5-6,Promenade - loisirs,Casque,Non,1,1,07 - juillet,2 - mercredi,Garenne-Colombes
,201600038266,2016-07-06,92,20,92036,0,0,Intersection en T,Autre,Plein jour,Normale,Voie Communale,,4,Plat,Partie rectiligne,30,120,normale,,Sur chaussée,Conducteur,1,M,57-58,Domicile - travail,Casque,Non,1,1,07 - juillet,2 - mercredi,Gennevilliers
,201600044321,2016-07-06,95,18,95607,49.0113,2.2064,Hors intersection,Autre,Plein jour,Normale,Voie Communale,,1,Plat,Partie rectiligne,,,normale,,Sur chaussée,Piéton,1,M,6-7,Promenade - loisirs,,,,1,07 - juillet,2 - mercredi,Taverny
,201600048505,2016-07-06,69,13,69081,45.77255,4.79088,Intersection en X,Deux véhicules - par le coté,Plein jour,Normale,Voie Communale,,2,Pente,,,70,normale,,Sur chaussée,Conducteur,2,M,63-64,,Casque,Non,1,1,07 - juillet,2 - mercredi,Écully
,201600049308,2016-07-06,69,6,69387,0,0,Intersection en X,Autre,Plein jour,Normale,Voie Communale,,3,Plat,Partie rectiligne,,,normale,,Sur trottoir,Conducteur,1,M,51-52,Domicile - travail,Casque,Oui,,1,07 - juillet,2 - mercredi,Lyon 7e  Arrondissement
,201600049309,2016-07-06,69,10,69388,45.44101,4.51435,Hors intersection,Deux véhicules - par le coté,Plein jour,Normale,Voie Communale,,2,Plat,Partie rectiligne,,,normale,,Sur chaussée,Conducteur,1,M,17-18,,Casque,Oui,1,1,07 - juillet,2 - mercredi,Lyon 8e  Arrondissement
,201600051139,2016-07-06,75,18,75101,48.8589,2.347,Hors intersection,Deux véhicules - par l’arrière,Plein jour,Normale,Voie Communale,,3,Plat,Partie rectiligne,,100,normale,,Sur chaussée,Conducteur,1,M,66-67,Promenade - loisirs,Casque,Non déterminable,1,1,07 - juillet,2 - mercredi,Paris 1er Arrondissement
,201600051894,2016-07-06,75,12,75106,48.8574,2.33811,Hors intersection,Deux véhicules - par le coté,Plein jour,Normale,Voie Communale,,4,Plat,Partie rectiligne,,150,normale,,Sur chaussée,Conducteur,1,M,40-41,Utilisation professionnelle,Casque,Oui,1,1,07 - juillet,2 - mercredi,Paris 6e  Arrondissement
,201600056894,2016-07-06,75,21,75114,48.826,2.31255,Intersection en X,Deux véhicules - par le coté,Crépuscule ou aube,Normale,Voie Communale,,2,Plat,Partie rectiligne,,102,normale,,Sur chaussée,Conducteur,2,M,13-14,Promenade - loisirs,Casque,Non déterminable,1,1,07 - juillet,2 - mercredi,Paris 14e  Arrondissement
,201600059084,2016-07-06,974,18,97411,0,0,Intersection en T,Deux véhicules - frontale,Nuit avec éclairage public allumé,Normale,Voie Communale,,3,,,,86,,,Sur chaussée,Conducteur,3,M,40-41,Promenade - loisirs,Casque,Non,1,1,07 - juillet,2 - mercredi,Saint-Denis
,201600006852,2016-07-05,68,11,68384,47.70227,7.30801,Hors intersection,Deux véhicules - par l’arrière,Plein jour,Normale,Route Départementale,,2,Plat,Partie rectiligne,,78,normale,,Sur chaussée,Conducteur,1,M,18-19,Domicile - travail,Casque,Non,1,1,07 - juillet,1 - mardi,Zillisheim
,201600012698,2016-07-05,69,19,69088,0,0,Hors intersection,Deux véhicules - frontale,Plein jour,Normale,Voie Communale,,2,Pente,Partie rectiligne,,54,normale,,Sur chaussée,Conducteur,2,M,53-54,Domicile - travail,Ceinture,,1,1,07 - juillet,1 - mardi,Fontaines-sur-Saône
,201600018413,2016-07-05,68,9,68384,47.69785,7.297,Hors intersection,Deux véhicules - frontale,Plein jour,Normale,Hors réseau public,,2,Plat,Partie rectiligne,,30,normale,,Sur piste cyclable,Conducteur,2,M,67-68,Promenade - loisirs,Casque,Non,1,,07 - juillet,1 - mardi,Zillisheim
,201600018413,2016-07-05,68,9,68384,47.69785,7.297,Hors intersection,Deux véhicules - frontale,Plein jour,Normale,Hors réseau public,,2,Plat,Partie rectiligne,,30,normale,,Sur piste cyclable,Conducteur,0,M,53-54,Promenade - loisirs,Casque,Oui,1,,07 - juillet,1 - mardi,Zillisheim
,201600024718,2016-07-05,34,8,34172,43.6367,3.83075,Giratoire,Deux véhicules - par le coté,Plein jour,Normale,Voie Communale,,2,Plat,En courbe à gauche,,60,normale,,Sur piste cyclable,Conducteur,1,M,45-46,Domicile - travail,Autre,Non déterminable,1,1,07 - juillet,1 - mardi,Montpellier
,201600024718,2016-07-05,34,8,34172,43.6367,3.83075,Giratoire,Deux véhicules - par le coté,Plein jour,Normale,Voie Communale,,2,Plat,En courbe à gauche,,60,normale,,Sur piste cyclable,Passager,0,M,18-19,,Casque,Oui,1,1,07 - juillet,1 - mardi,Montpellier
,201600026172,2016-07-05,38,7,38185,0,0,Autre intersection,Autre,Plein jour,Normale,Voie Communale,,2,Plat,Partie rectiligne,,,normale,Carrefour aménagé,Sur chaussée,Conducteur,2,M,23-24,Domicile - travail,Autre,Non,1,1,07 - juillet,1 - mardi,Grenoble
,201600027627,2016-07-05,49,13,49007,47.47175,-0.5669,Giratoire,Deux véhicules - par le coté,Plein jour,Normale,Voie Communale,,2,Plat,En courbe à gauche,,82,normale,,Sur chaussée,Conducteur,2,F,53-54,,Casque,Non,1,1,07 - juillet,1 - mardi,Angers
,201600031655,2016-07-05,64,9,64445,43.29898,-0.36995,Hors intersection,Deux véhicules - frontale,Plein jour,Normale,Voie Communale,,1,Plat,Partie rectiligne,,46,normale,,Sur chaussée,Conducteur,1,M,49-50,Utilisation professionnelle,Casque,Non,1,1,07 - juillet,1 - mardi,Pau
,201600031655,2016-07-05,64,9,64445,43.29898,-0.36995,Hors intersection,Deux véhicules - frontale,Plein jour,Normale,Voie Communale,,1,Plat,Partie rectiligne,,46,normale,,Sur chaussée,Conducteur,2,M,64-65,,Casque,Non,1,1,07 - juillet,1 - mardi,Pau
,201600037269,2016-07-05,92,16,92004,0,0,Intersection en T,Deux véhicules - par l’arrière,Plein jour,Normale,Voie Communale,,1,Plat,Partie rectiligne,,,normale,,,Conducteur,1,M,61-62,Autre,Casque,Oui,1,1,07 - juillet,1 - mardi,Asnières-sur-Seine
,201600041025,2016-07-05,93,18,93051,0,0,Intersection en X,Deux véhicules - par le coté,Plein jour,Normale,Voie Communale,,1,Plat,Partie rectiligne,,,normale,,Sur chaussée,Conducteur,2,M,16-17,Promenade - loisirs,Casque,Non,1,1,07 - juillet,1 - mardi,Noisy-le-Grand
,201600051360,2016-07-05,75,21,75103,48.867,2.3544,Hors intersection,Deux véhicules - par l’arrière,Nuit avec éclairage public allumé,Normale,Voie Communale,,3,Plat,Partie rectiligne,6,86,normale,,Sur chaussée,Conducteur,1,M,24-25,Promenade - loisirs,Casque,Non déterminable,1,1,07 - juillet,1 - mardi,Paris 3e  Arrondissement
,201600053515,2016-07-05,75,20,75112,48.8402,2.43645,Place,Trois véhicules et plus - collisions multiples,Plein jour,Normale,Voie Communale,,4,Plat,En courbe à gauche,,120,normale,,Sur chaussée,Conducteur,1,M,37-38,Promenade - loisirs,Casque,Oui,1,1,07 - juillet,1 - mardi,Paris 12e  Arrondissement
,201600053515,2016-07-05,75,20,75112,48.8402,2.43645,Place,Trois véhicules et plus - collisions multiples,Plein jour,Normale,Voie Communale,,4,Plat,En courbe à gauche,,120,normale,,Sur chaussée,Conducteur,0,M,18-19,Promenade - loisirs,Casque,Oui,1,1,07 - juillet,1 - mardi,Paris 12e  Arrondissement
,201600053928,2016-07-05,75,7,75113,48.8351,2.35904,Hors intersection,Deux véhicules - par le coté,Plein jour,Normale,Voie Communale,,1,Plat,Partie rectiligne,,,normale,,Sur chaussée,Conducteur,1,M,58-59,Domicile - travail,Casque,Oui,1,1,07 - juillet,1 - mardi,Paris 13e  Arrondissement
,201600055525,2016-07-05,75,10,75117,48.899,2.32203,Intersection en X,Deux véhicules - par le coté,Plein jour,Normale,Voie Communale,,,Pente,Partie rectiligne,,,normale,,Sur chaussée,Conducteur,1,F,43-44,Promenade - loisirs,Casque,Non déterminable,1,1,07 - juillet,1 - mardi,Paris 17e  Arrondissement
,201600058277,2016-07-05,971,6,97120,0,0,Giratoire,Deux véhicules - par le coté,Plein jour,Normale,Voie Communale,,1,Plat,,,,normale,,Sur chaussée,Conducteur,1,M,47-48,Domicile - travail,Casque,Oui,1,1,07 - juillet,1 - mardi,Pointe-à-Pitre
,201600006317,2016-07-04,55,8,55122,48.66,5.811,Intersection en T,Deux véhicules - par le coté,Plein jour,Pluie légère,Route Départementale,,2,Plat,Partie rectiligne,,65,mouillée,,Sur chaussée,Conducteur,2,F,5-6,Domicile - école,Casque,Non,1,1,07 - juillet,0 - lundi,Commercy
,201600020724,2016-07-04,21,18,21054,47.02189,4.84395,Intersection en X,Deux véhicules - par le coté,Plein jour,Normale,Voie Communale,,1,Plat,Partie rectiligne,,,normale,,Sur chaussée,Conducteur,1,M,12-13,Promenade - loisirs,Casque,Non,1,1,07 - juillet,0 - lundi,Beaune
,201600020766,2016-07-04,21,11,21231,47.31538,5.03819,Place,Autre,Plein jour,Normale,Voie Communale,,2,Plat,Partie rectiligne,,,normale,,Sur chaussée,Conducteur,0,M,29-30,Promenade - loisirs,Autre,Oui,,1,07 - juillet,0 - lundi,Dijon
,201600022454,2016-07-04,30,23,30189,43.8372,4.34572,Intersection en X,Deux véhicules - frontale,Nuit avec éclairage public allumé,Normale,Voie Communale,,4,Plat,Partie rectiligne,20,141,normale,,,Conducteur,1,M,19-20,,Casque,Non,1,1,07 - juillet,0 - lundi,Nîmes
,201600024000,2016-07-04,33,8,33063,44.9043,-0.55436,Hors intersection,Aucune,Plein jour,Normale,Route Départementale,,2,Plat,Partie rectiligne,,,normale,,Sur chaussée,Conducteur,1,M,35-36,Autre,Casque,Non déterminable,1,,07 - juillet,0 - lundi,Bordeaux
,201600024004,2016-07-04,33,21,33063,44.8512,-0.5742,Intersection en T,Deux véhicules - par l’arrière,Plein jour,Normale,Voie Communale,,5,Plat,Partie rectiligne,,,normale,Voie ferrée,Sur chaussée,Conducteur,1,M,20-21,Domicile - travail,Autre,Oui,1,1,07 - juillet,0 - lundi,Bordeaux
,201600025222,2016-07-04,35,13,35238,48.1136,-1.68724,Intersection en T,Deux véhicules - par le coté,Plein jour,Normale,Voie Communale,,2,Pente,En courbe à gauche,,,normale,Carrefour aménagé,Sur chaussée,Conducteur,1,F,27-28,Promenade - loisirs,,,1,1,07 - juillet,0 - lundi,Rennes
,201600027624,2016-07-04,49,9,49007,47.45984,-0.53289,Hors intersection,Deux véhicules - par l’arrière,Plein jour,Normale,Voie Communale,,2,Plat,Partie rectiligne,,100,normale,,Sur chaussée,Conducteur,0,F,65-66,Promenade - loisirs,Casque,Non,1,1,07 - juillet,0 - lundi,Angers
,201600027628,2016-07-04,49,16,49007,47.47174,-0.54252,Hors intersection,Deux véhicules - par l’arrière,Plein jour,Normale,Voie Communale,,4,Pente,En courbe à gauche,,80,normale,,Sur chaussée,Conducteur,1,M,56-57,,Casque,Oui,1,1,07 - juillet,0 - lundi,Angers
,201600028846,2016-07-04,54,4,54184,0,0,Hors intersection,Trois véhicules et plus - collisions multiples,Nuit avec éclairage public allumé,Normale,Voie Communale,,3,Plat,Partie rectiligne,,,normale,,Sur chaussée,Conducteur,2,M,21-22,Domicile - travail,Casque,Non,2,,07 - juillet,0 - lundi,Essey-lès-Nancy
,201600031149,2016-07-04,62,16,62637,50.47186,2.99352,Hors intersection,Deux véhicules - par le coté,Plein jour,Normale,Voie Communale,,2,Plat,Partie rectiligne,,60,normale,,Sur chaussée,Conducteur,1,M,13-14,Promenade - loisirs,Autre,Non,1,1,07 - juillet,0 - lundi,Oignies
,201600031371,2016-07-04,64,17,64102,43.50359,-1.47768,Hors intersection,Deux véhicules - par le coté,Plein jour,Normale,Route Départementale,,3,Plat,Partie rectiligne,,160,normale,,Sur chaussée,Conducteur,2,M,26-27,Domicile - travail,Casque,Non,1,1,07 - juillet,0 - lundi,Bayonne
,201600034808,2016-07-04,79,12,79191,46.31613,-0.46883,Intersection en X,Trois véhicules et plus - collisions multiples,Plein jour,Temps couvert,Voie Communale,,2,Plat,Partie rectiligne,,125,normale,,Sur chaussée,Conducteur,1,M,58-59,Domicile - travail,Autre,Non déterminable,2,1,07 - juillet,0 - lundi,Niort
,201600035525,2016-07-04,84,19,84031,44.0551,5.03321,Intersection en Y,Deux véhicules - frontale,Plein jour,Normale,Voie Communale,,,Plat,Partie rectiligne,,,normale,,Sur chaussée,Conducteur,2,M,9-10,,Casque,Oui,1,1,07 - juillet,0 - lundi,Carpentras
,201600043342,2016-07-04,94,9,94046,0,0,Hors intersection,Deux véhicules - frontale,Plein jour,Normale,Voie Communale,,,Plat,,,,normale,,Sur chaussée,Conducteur,1,M,57-58,,Autre,Non déterminable,1,1,07 - juillet,0 - lundi,Maisons-Alfort
,201600049302,2016-07-04,69,16,69387,45.44332,5.0252,Hors intersection,Deux véhicules - par le coté,Plein jour,Normale,Voie Communale,,4,Plat,Partie rectiligne,,,normale,,Sur chaussée,Conducteur,1,M,45-46,,Casque,Non,1,1,07 - juillet,0 - lundi,Lyon 7e  Arrondissement
,201600049303,2016-07-04,69,17,69387,0,0,Hors intersection,Deux véhicules - par le coté,Plein jour,Normale,Voie Communale,,1,Plat,Partie rectiligne,,,normale,,Sur chaussée,Conducteur,1,M,58-59,Promenade - loisirs,Casque,Non,1,1,07 - juillet,0 - lundi,Lyon 7e  Arrondissement
,201600050280,2016-07-04,38,22,38544,45.53473,4.87237,Intersection en X,Deux véhicules - par le coté,Nuit avec éclairage public non allumé,Normale,Route Nationale,,4,Plat,Partie rectiligne,10,140,normale,,Sur chaussée,Conducteur,3,M,15-16,Promenade - loisirs,Equipement réfléchissant,Non,1,1,07 - juillet,0 - lundi,Vienne
,201600052379,2016-07-04,75,8,75108,48.8768,2.30728,Hors intersection,Deux véhicules - par le coté,Plein jour,Normale,Voie Communale,,2,Plat,Partie rectiligne,,,normale,,Sur chaussée,Conducteur,1,F,43-44,Utilisation professionnelle,Casque,Non déterminable,1,1,07 - juillet,0 - lundi,Paris 8e  Arrondissement
,201600001875,2016-07-03,44,9,44149,47.49954,-1.56488,Intersection en T,Autre,Plein jour,Pluie légère,Route Départementale,,1,Plat,Partie rectiligne,,,mouillée,Carrefour aménagé,Sur chaussée,Conducteur,2,M,36-37,Promenade - loisirs,Casque,Oui,1,,07 - juillet,6 - dimanche,Saffré
,201600020574,2016-07-03,60,16,60101,49.08642,2.87247,Hors intersection,Deux véhicules - par le coté,Plein jour,Normale,Route Départementale,,,,,,,,,,Conducteur,2,M,38-39,,Casque,Oui,1,,07 - juillet,6 - dimanche,Brégy
,201600021132,2016-07-03,25,15,25462,46.9005,6.35657,Intersection en T,Deux véhicules - par le coté,Plein jour,Normale,Route Nationale,,2,Plat,Partie rectiligne,,,normale,,Sur chaussée,Conducteur,0,M,48-49,Promenade - loisirs,Casque,Oui,1,1,07 - juillet,6 - dimanche,Pontarlier
,201600024007,2016-07-03,33,18,33192,44.7643,-0.62092,Hors intersection,Deux véhicules - par le coté,Plein jour,Normale,Voie Communale,,2,Plat,Partie rectiligne,,60,normale,,Sur chaussée,Conducteur,1,M,19-20,Autre,Autre,Non déterminable,1,1,07 - juillet,6 - dimanche,Gradignan
,201600035022,2016-07-03,81,7,81060,0,0,Hors intersection,Deux véhicules - frontale,Plein jour,Normale,Parc de stationnement ouvert à la circulation publique,,,Plat,Partie rectiligne,,,normale,,Sur chaussée,Conducteur,2,M,22-23,Promenade - loisirs,Casque,Oui,1,1,07 - juillet,6 - dimanche,Carmaux
,201600036400,2016-07-03,90,9,90010,0,0,Hors intersection,Deux véhicules - frontale,Plein jour,Normale,Route Départementale,,2,,Partie rectiligne,,,normale,,Sur piste cyclable,Conducteur,2,M,19-20,,Casque,Non,1,1,07 - juillet,6 - dimanche,Belfort
,201600042235,2016-07-03,94,12,94069,0,0,Hors intersection,Deux véhicules - par l’arrière,Plein jour,Normale,Voie Communale,,4,Pente,Partie rectiligne,,,normale,,Sur chaussée,Conducteur,1,M,66-67,Promenade - loisirs,Casque,Oui,1,1,07 - juillet,6 - dimanche,Saint-Maurice