test,identifiantAccident,date,departement,heure,commune,lat,lon,typeIntersection,typeCollision,luminosite,conditionsAtmosperiques,typeRoute,circulation,nbVoies,profilLongRoute,tracePlanRoute,largeurTPC,largeurRoute,etatSurface,amenagement,situation,categorieUsager,graviteAccident,sexe,age,motifDeplacement,existenceSecurite,usageSecurite,nombreAutresVehicules,enAgglomeration,mois,jour,NCCENR
,201600048501,2016-07-03,69,12,69152,45.69616,4.82586,Hors intersection,Deux véhicules - par l’arrière,Plein jour,Normale,Voie Communale,,2,Plat,Partie rectiligne,24,68,normale,,Sur chaussée,Conducteur,2,M,77-78,Promenade - loisirs,Casque,Oui,1,1,07 - juillet,6 - dimanche,Pierre-Bénite
,201600055044,2016-07-03,75,13,75116,48.8502,2.26005,Hors intersection,Autre,Plein jour,Normale,Voie Communale,,2,Pente,Partie rectiligne,,,normale,,Sur chaussée,Conducteur,0,M,22-23,Promenade - loisirs,Casque,Non déterminable,,1,07 - juillet,6 - dimanche,Paris 16e  Arrondissement
,201600002509,2016-07-02,85,7,85288,46.45241,-1.59023,Hors intersection,Deux véhicules - par le coté,Plein jour,Normale,Route Départementale,,2,Plat,Partie rectiligne,,64,normale,,Sur chaussée,Conducteur,2,M,54-55,Promenade - loisirs,Casque,Oui,1,,07 - juillet,5 - samedi,Talmont-Saint-Hilaire
,201600002689,2016-07-02,33,10,33248,45.09071,-0.78118,Intersection en T,Deux véhicules - frontale,Plein jour,Normale,Voie Communale,,2,,,,,,,,Conducteur,2,M,69-70,Promenade - loisirs,Casque,Oui,1,,07 - juillet,5 - samedi,Listrac-Médoc
,201600010431,2016-07-02,6,18,6123,0,0,Hors intersection,Deux véhicules - par le coté,Plein jour,Normale,Voie Communale,,2,Plat,Partie rectiligne,,,normale,,Sur chaussée,Conducteur,1,M,47-48,Promenade - loisirs,Autre,Non déterminable,1,1,07 - juillet,5 - samedi,Saint-Laurent-du-Var
,201600013561,2016-07-02,13,10,13005,43.28081,5.56741,Hors intersection,Deux véhicules - par l’arrière,Plein jour,Normale,Voie Communale,,2,Plat,Partie rectiligne,,60,normale,,Sur chaussée,Conducteur,1,M,25-26,,Casque,Oui,1,,07 - juillet,5 - samedi,Aubagne
,201600020628,2016-07-02,19,16,19031,0,0,Hors intersection,Deux véhicules - par le coté,Plein jour,Normale,Voie Communale,,1,Plat,Partie rectiligne,,,normale,,Sur chaussée,Conducteur,1,M,15-16,Autre,Autre,Non,1,1,07 - juillet,5 - samedi,Brive-la-Gaillarde
,201600027622,2016-07-02,49,14,49007,47.48799,-0.56154,Hors intersection,Deux véhicules - frontale,Plein jour,Normale,Voie Communale,,2,Pente,En courbe à gauche,,60,normale,,Sur chaussée,Conducteur,1,F,10-11,,Casque,Oui,1,1,07 - juillet,5 - samedi,Angers
,201600028368,2016-07-02,51,21,51454,49.25196,4.04356,Hors intersection,Deux véhicules - par le coté,Plein jour,Normale,Voie Communale,,5,Plat,En courbe à droite,,99,normale,,Sur chaussée,Conducteur,2,M,41-42,Promenade - loisirs,Casque,Oui,1,1,07 - juillet,5 - samedi,Reims
,201600033692,2016-07-02,76,20,76351,49.514,0.12644,Intersection en T,Deux véhicules - par le coté,Plein jour,Normale,Voie Communale,,2,Plat,Partie rectiligne,,55,normale,,,Conducteur,1,M,18-19,,Autre,Non déterminable,1,1,07 - juillet,5 - samedi,Havre
,201600043060,2016-07-02,94,10,94038,0,0,Hors intersection,Deux véhicules - par le coté,Plein jour,Normale,Voie Communale,,,Plat,Partie rectiligne,,30,normale,,Sur chaussée,Conducteur,1,M,22-23,Utilisation professionnelle,Autre,Non déterminable,1,1,07 - juillet,5 - samedi,Haÿ-les-Roses
,201600048498,2016-07-02,69,15,69081,45.45593,6.087,Intersection en T,Deux véhicules - par le coté,Plein jour,Normale,Voie Communale,,4,Pente,En courbe à gauche,,62,normale,Carrefour aménagé,Sur chaussée,Conducteur,1,M,19-20,Promenade - loisirs,Casque,Oui,1,1,07 - juillet,5 - samedi,Écully
,201600051254,2016-07-02,75,14,75102,48.8687,2.35387,Intersection en X,Deux véhicules - par le coté,Plein jour,Normale,Voie Communale,,4,Plat,Partie rectiligne,,,normale,,Sur chaussée,Conducteur,1,M,29-30,,Casque,Non déterminable,1,1,07 - juillet,5 - samedi,Paris 2e  Arrondissement
,201600053121,2016-07-02,75,10,75111,48.8578,2.37092,Intersection à plus de 4 branches,Deux véhicules - par le coté,Plein jour,Normale,Voie Communale,,2,Plat,Partie rectiligne,240,120,normale,,Sur piste cyclable,Conducteur,1,M,30-31,Utilisation professionnelle,Casque,Non déterminable,1,1,07 - juillet,5 - samedi,Paris 11e  Arrondissement
,201600056253,2016-07-02,75,,75119,48.8845,2.37692,Intersection en T,Deux véhicules - par le coté,Nuit avec éclairage public allumé,Normale,Voie Communale,,2,Plat,Partie rectiligne,,,normale,,Sur chaussée,Conducteur,1,M,33-34,,Casque,Non déterminable,1,1,07 - juillet,5 - samedi,Paris 19e  Arrondissement
,201600004359,2016-07-01,69,12,69059,45.861,4.707,Hors intersection,Deux véhicules - par l’arrière,Plein jour,Normale,Route Départementale,,,Plat,Partie rectiligne,25,85,normale,,Sur chaussée,Conducteur,2,M,48-49,Promenade - loisirs,Casque,Non déterminable,1,,07 - juillet,4 - vendredi,'Civrieux-d''Azergues'
,201600004970,2016-07-01,38,17,38068,45.10402,5.71359,Hors intersection,Deux véhicules - par l’arrière,Plein jour,Normale,Route Départementale,,2,Plat,Partie rectiligne,120,,normale,,Sur chaussée,Conducteur,3,M,56-57,Promenade - loisirs,Casque,Oui,1,,07 - juillet,4 - vendredi,Champagnier
,201600005414,2016-07-01,73,14,73306,45.0858,6.4372,Hors intersection,Deux véhicules - par le coté,Plein jour,Normale,Route Départementale,,2,Pente,En courbe à droite,,70,normale,,Sur chaussée,Conducteur,2,M,28-29,Promenade - loisirs,Casque,Oui,1,,07 - juillet,4 - vendredi,Valloire
,201600012767,2016-07-01,35,13,35210,48.14103,-1.76642,Giratoire,Deux véhicules - frontale,Plein jour,Normale,Voie Communale,,5,Plat,Partie rectiligne,50,150,normale,Zone piétonne,Sur chaussée,Conducteur,1,F,21-22,Domicile - travail,Casque,Non,1,1,07 - juillet,4 - vendredi,Pacé
,201600012938,2016-07-01,10,16,10343,48.28241,4.0928,Hors intersection,Deux véhicules - par le coté,Plein jour,Normale,Voie Communale,,2,Plat,Partie rectiligne,,,normale,,Sur trottoir,Conducteur,1,M,20-21,Autre,Casque,Non déterminable,1,1,07 - juillet,4 - vendredi,Saint-Julien-les-Villas
,201600015040,2016-07-01,13,22,13055,43.29619,5.37705,Hors intersection,Deux véhicules - frontale,Nuit avec éclairage public allumé,Normale,Voie Communale,,2,Plat,Partie rectiligne,,60,normale,,Sur chaussée,Conducteur,2,M,30-31,Domicile - travail,Casque,Oui,1,1,07 - juillet,4 - vendredi,Marseille
,201600019609,2016-07-01,74,10,74048,0,0,Intersection en Y,Deux véhicules - par le coté,Plein jour,Normale,Route Départementale,,2,Pente,En courbe à droite,,70,normale,,Sur chaussée,Conducteur,2,M,65-66,Promenade - loisirs,Ceinture,,1,,07 - juillet,4 - vendredi,Brenthonne
,201600024714,2016-07-01,34,19,34172,43.6068,3.8658,Intersection en T,Trois véhicules et plus - en chaîne,Plein jour,Normale,Voie Communale,,2,Plat,Partie rectiligne,,60,normale,,Sur chaussée,Conducteur,1,M,27-28,Domicile - travail,Autre,Non,2,1,07 - juillet,4 - vendredi,Montpellier
,201600025218,2016-07-01,35,11,35238,48.1114,-1.67478,Intersection en T,Deux véhicules - par le coté,Plein jour,Normale,Voie Communale,,2,Pente,Partie rectiligne,,,normale,,Sur chaussée,Conducteur,1,F,29-30,Domicile - travail,,,1,1,07 - juillet,4 - vendredi,Rennes
,201600027017,2016-07-01,44,15,44109,47.19805,-1.52993,Hors intersection,Autre,Plein jour,Normale,Voie Communale,,2,Plat,Partie rectiligne,,,normale,,Sur chaussée,Conducteur,1,M,26-27,,Casque,Oui,1,1,07 - juillet,4 - vendredi,Nantes
,201600027025,2016-07-01,44,14,44109,47.21605,-1.54679,Hors intersection,Autre,Plein jour,Normale,Voie Communale,,,,,,,,,Sur chaussée,Conducteur,0,M,34-35,,Casque,Oui,,1,07 - juillet,4 - vendredi,Nantes
,201600027025,2016-07-01,44,14,44109,47.21605,-1.54679,Hors intersection,Autre,Plein jour,Normale,Voie Communale,,,,,,,,,Sur chaussée,Piéton,1,F,48-49,,,,,1,07 - juillet,4 - vendredi,Nantes
,201600031648,2016-07-01,64,17,64348,43.32015,-0.39141,Hors intersection,Deux véhicules - par l’arrière,Plein jour,Normale,Voie Communale,,2,Plat,Partie rectiligne,,,normale,,Sur chaussée,Conducteur,1,M,14-15,Promenade - loisirs,Casque,Non,1,1,07 - juillet,4 - vendredi,Lons
,201600032520,2016-07-01,67,20,67482,48.56806,7.75753,Intersection en T,Deux véhicules - par le coté,Plein jour,Normale,Voie Communale,,2,Plat,Partie rectiligne,,66,normale,,Sur chaussée,Conducteur,1,F,26-27,,Equipement réfléchissant,Non déterminable,1,1,07 - juillet,4 - vendredi,Strasbourg
,201600033547,2016-07-01,76,15,76707,49.85261,1.10162,Intersection en T,Deux véhicules - par le coté,Plein jour,Normale,Route Départementale,,2,Plat,Partie rectiligne,,42,,,Sur chaussée,Conducteur,2,M,10-11,Promenade - loisirs,Casque,Non,1,1,07 - juillet,4 - vendredi,Tourville-sur-Arques
,201600042234,2016-07-01,94,10,94069,0,0,Hors intersection,Autre,Plein jour,Normale,Autre,,2,Plat,,,200,normale,,Sur chaussée,Conducteur,2,F,26-27,Domicile - travail,Casque,Oui,1,1,07 - juillet,4 - vendredi,Saint-Maurice
,201600048496,2016-07-01,69,16,69382,0,0,Hors intersection,Autre,Plein jour,Normale,Voie Communale,,4,Plat,Partie rectiligne,,104,normale,,Sur trottoir,Conducteur,0,M,49-50,,Autre,Non déterminable,,1,07 - juillet,4 - vendredi,Lyon 2e  Arrondissement
,201600049298,2016-07-01,69,12,69259,45.69713,4.88883,Intersection en T,Deux véhicules - par le coté,Plein jour,Normale,Voie Communale,,2,Pente,Partie rectiligne,27,101,normale,,,Conducteur,1,M,32-33,Utilisation professionnelle,Autre,Non déterminable,1,1,07 - juillet,4 - vendredi,Vénissieux
,201600051526,2016-07-01,75,19,75104,48.8482,2.36497,Intersection en Y,Deux véhicules - par le coté,Plein jour,Normale,Voie Communale,,2,Plat,Partie rectiligne,,68,normale,,Sur piste cyclable,Conducteur,1,M,27-28,Domicile - travail,Casque,Oui,1,1,07 - juillet,4 - vendredi,Paris 4e  Arrondissement
,201600052377,2016-07-01,75,9,75108,48.875,2.32177,Hors intersection,Deux véhicules - par le coté,Plein jour,Normale,Voie Communale,,2,Plat,Partie rectiligne,,60,normale,,Sur chaussée,Conducteur,1,F,22-23,Domicile - travail,Casque,Non déterminable,1,1,07 - juillet,4 - vendredi,Paris 8e  Arrondissement
,201600053925,2016-07-01,75,12,75113,48.8443,2.36496,Place,Deux véhicules - par le coté,Plein jour,Normale,Voie Communale,,1,Plat,,,220,normale,Carrefour aménagé,Sur chaussée,Conducteur,1,M,33-34,Domicile - travail,Casque,Oui,1,1,07 - juillet,4 - vendredi,Paris 13e  Arrondissement
,201600054591,2016-07-01,75,9,75115,48.8451,2.32016,Intersection à plus de 4 branches,Autre,Plein jour,Normale,Voie Communale,,2,Pente,Partie rectiligne,,,normale,,Sur chaussée,Conducteur,1,M,42-43,Domicile - travail,Casque,Oui,1,1,07 - juillet,4 - vendredi,Paris 15e  Arrondissement
,201600055925,2016-07-01,75,12,75118,48.8873,2.35633,Intersection en T,Deux véhicules - par le coté,Plein jour,Normale,Voie Communale,,2,Plat,,,,normale,,Sur chaussée,Conducteur,1,F,29-30,,Casque,Oui,1,1,07 - juillet,4 - vendredi,Paris 18e  Arrondissement
,201600055926,2016-07-01,75,13,75118,48.8845,2.36144,Intersection en X,Autre,Plein jour,Normale,Voie Communale,,2,Plat,Partie rectiligne,,,normale,,Sur piste cyclable,Conducteur,1,M,19-20,Promenade - loisirs,Casque,Non déterminable,,1,07 - juillet,4 - vendredi,Paris 18e  Arrondissement
,201600001386,2016-06-30,14,17,14143,0,0,Hors intersection,Deux véhicules - frontale,Plein jour,Normale,Autre,,1,Pente,En courbe à droite,,36,normale,,Sur chaussée,Conducteur,2,M,62-63,Promenade - loisirs,Ceinture,,1,,06 - juin,3 - jeudi,'Caumont-l''Éventé'
,201600023994,2016-06-30,33,19,33063,44.8253,-0.56284,Intersection en X,Deux véhicules - par le coté,Plein jour,Normale,Voie Communale,,2,Plat,Partie rectiligne,,,normale,,,Conducteur,1,M,29-30,Autre,Autre,Non déterminable,1,1,06 - juin,3 - jeudi,Bordeaux
,201600024476,2016-06-30,6,11,6044,0,0,Hors intersection,Autre,Plein jour,Normale,Route Départementale,,2,Pente,En courbe à gauche,,,mouillée,,Sur chaussée,Conducteur,2,M,61-62,Courses - achats,Casque,Oui,,,06 - juin,3 - jeudi,Colle-sur-Loup
,201600026770,2016-06-30,44,11,44132,47.25638,-2.31729,Giratoire,Deux véhicules - par le coté,Plein jour,Normale,Route Départementale,,,Plat,En courbe à droite,,,normale,,Sur chaussée,Conducteur,1,M,61-62,Promenade - loisirs,Autre,Non déterminable,1,1,06 - juin,3 - jeudi,Pornichet
,201600027155,2016-06-30,44,17,44184,47.25937,-2.27984,Hors intersection,Deux véhicules - frontale,Plein jour,Normale,Route Départementale,,2,Plat,En « S »,,,normale,,Sur piste cyclable,Conducteur,1,M,59-60,,Casque,Oui,1,1,06 - juin,3 - jeudi,Saint-Nazaire
,201600029548,2016-06-30,57,20,57463,49.10936,6.17024,Intersection en X,Deux véhicules - par le coté,Plein jour,Normale,Voie Communale,,2,Plat,Partie rectiligne,,78,normale,,Sur chaussée,Conducteur,1,M,45-46,,Casque,Non,1,1,06 - juin,3 - jeudi,Metz
,201600032829,2016-06-30,68,8,68224,47.74322,7.31053,Intersection en X,Deux véhicules - par le coté,Plein jour,Normale,Voie Communale,,,Plat,Partie rectiligne,,,normale,,Sur chaussée,Conducteur,1,F,51-52,,Casque,Oui,1,1,06 - juin,3 - jeudi,Mulhouse
,201600032831,2016-06-30,68,19,68224,47.74357,7.30878,Hors intersection,Deux véhicules - frontale,Plein jour,Normale,Voie Communale,,2,Pente,Partie rectiligne,,,normale,,Sur trottoir,Conducteur,1,F,50-51,Promenade - loisirs,Casque,Non déterminable,1,1,06 - juin,3 - jeudi,Mulhouse
,201600051357,2016-06-30,75,14,75103,48.8632,2.36463,Hors intersection,Deux véhicules - par le coté,Plein jour,Temps couvert,Voie Communale,,2,Plat,Partie rectiligne,,64,normale,,Sur chaussée,Conducteur,1,F,60-61,Autre,Casque,Non déterminable,1,1,06 - juin,3 - jeudi,Paris 3e  Arrondissement
,201600051713,2016-06-30,75,8,75105,48.8422,2.35202,Intersection en X,Deux véhicules - par le coté,Plein jour,Temps couvert,Voie Communale,,2,Pente,Partie rectiligne,,120,normale,,Sur chaussée,Conducteur,1,M,42-43,Autre,Casque,Non déterminable,1,1,06 - juin,3 - jeudi,Paris 5e  Arrondissement
,201600051713,2016-06-30,75,8,75105,48.8422,2.35202,Intersection en X,Deux véhicules - par le coté,Plein jour,Temps couvert,Voie Communale,,2,Pente,Partie rectiligne,,120,normale,,Sur chaussée,Passager,1,M,9-10,Domicile - école,Casque,Non déterminable,1,1,06 - juin,3 - jeudi,Paris 5e  Arrondissement
,201600051890,2016-06-30,75,8,75106,48.8528,2.34255,Hors intersection,Deux véhicules - par le coté,Plein jour,Normale,Voie Communale,,2,Plat,Partie rectiligne,,60,normale,,Sur chaussée,Conducteur,1,F,56-57,Utilisation professionnelle,Casque,Non,1,1,06 - juin,3 - jeudi,Paris 6e  Arrondissement
,201600053924,2016-06-30,75,17,75113,48.823,2.34673,Hors intersection,Deux véhicules - par le coté,Plein jour,Normale,Voie Communale,,1,,Partie rectiligne,,,normale,,Sur chaussée,Conducteur,1,M,26-27,Domicile - travail,Casque,Non,1,1,06 - juin,3 - jeudi,Paris 13e  Arrondissement
,201600054245,2016-06-30,75,9,75114,48.8265,2.31318,Hors intersection,Deux véhicules - par le coté,Plein jour,Normale,Voie Communale,,1,Plat,Partie rectiligne,,80,normale,,Sur chaussée,Conducteur,1,F,35-36,Domicile - travail,Casque,Oui,1,1,06 - juin,3 - jeudi,Paris 14e  Arrondissement
,201600055038,2016-06-30,75,9,75116,48.8481,2.27061,Intersection à plus de 4 branches,Deux véhicules - par le coté,Plein jour,Normale,Voie Communale,,1,Sommet de côte,Partie rectiligne,,,normale,Zone piétonne,Sur chaussée,Conducteur,1,M,35-36,Domicile - travail,Casque,Non déterminable,1,1,06 - juin,3 - jeudi,Paris 16e  Arrondissement
,201600055039,2016-06-30,75,9,75116,48.8406,2.2562,Hors intersection,Deux véhicules - par le coté,Plein jour,Normale,Voie Communale,,2,Plat,Partie rectiligne,,,normale,,Sur chaussée,Conducteur,1,M,33-34,Domicile - travail,Casque,Oui,1,1,06 - juin,3 - jeudi,Paris 16e  Arrondissement
,201600003177,2016-06-29,86,9,86278,0,0,Hors intersection,Deux véhicules - par le coté,Plein jour,Normale,Route Départementale,,2,Plat,Partie rectiligne,,54,normale,,Sur chaussée,Conducteur,3,M,29-30,Promenade - loisirs,Casque,Non,1,,06 - juin,2 - mercredi,Vaux
,201600007404,2016-06-29,71,12,71047,46.6221,3.77691,Hors intersection,Deux véhicules - par le coté,Plein jour,Normale,Route Départementale,,2,Plat,En courbe à droite,,200,normale,,Sur chaussée,Conducteur,2,F,42-43,Autre,Casque,Oui,1,1,06 - juin,2 - mercredi,Bourbon-Lancy
,201600008958,2016-06-29,30,17,30039,43.89239,4.50932,Hors intersection,Deux véhicules - par le coté,Plein jour,Normale,Route Départementale,,,,Partie rectiligne,45,55,normale,,Sur accotement,Conducteur,1,M,23-24,Domicile - travail,Ceinture,,1,,06 - juin,2 - mercredi,Bezouce
,201600009640,2016-06-29,95,16,95039,49.0787,2.1588,Hors intersection,Deux véhicules - par le coté,Plein jour,Normale,Route Départementale,,2,Pente,Partie rectiligne,,,normale,,Sur chaussée,Conducteur,2,M,45-46,Promenade - loisirs,Casque,Oui,1,,06 - juin,2 - mercredi,Auvers-sur-Oise
,201600022448,2016-06-29,30,10,30189,43.87178,4.36294,Hors intersection,Deux véhicules - frontale,Plein jour,Normale,Voie Communale,,2,Pente,En courbe à droite,,40,normale,,,Conducteur,2,M,14-15,Promenade - loisirs,Casque,Non,1,1,06 - juin,2 - mercredi,Nîmes
,201600027154,2016-06-29,44,16,44184,47.26101,-2.25706,Hors intersection,Deux véhicules - frontale,Plein jour,Normale,Voie Communale,,2,Plat,Partie rectiligne,,,normale,,Sur chaussée,Conducteur,2,M,7-8,Promenade - loisirs,Autre,Non déterminable,1,1,06 - juin,2 - mercredi,Saint-Nazaire
,201600031316,2016-06-29,63,12,63245,45.89112,3.08136,Giratoire,Deux véhicules - par le coté,Plein jour,Normale,Route Départementale,,2,Plat,Partie rectiligne,12,75,normale,Carrefour aménagé,Sur chaussée,Conducteur,2,M,29-30,Domicile - travail,Autre,Non déterminable,1,1,06 - juin,2 - mercredi,Mozac
,201600032513,2016-06-29,67,8,67043,48.61079,7.76649,Intersection en T,Deux véhicules - frontale,Plein jour,Normale,Voie Communale,,2,Plat,Partie rectiligne,40,40,normale,,Sur chaussée,Conducteur,1,M,69-70,Promenade - loisirs,Autre,Non déterminable,1,1,06 - juin,2 - mercredi,Bischheim
,201600034509,2016-06-29,78,12,78621,48.7566,1.98029,Hors intersection,Deux véhicules - par l’arrière,Plein jour,Normale,Voie Communale,,,Plat,Partie rectiligne,,,normale,,Sur chaussée,Conducteur,2,M,58-59,,Casque,Oui,1,1,06 - juin,2 - mercredi,Trappes
,201600038259,2016-06-29,92,19,92036,0,0,Hors intersection,Autre,Plein jour,Normale,Voie Communale,,4,Plat,Partie rectiligne,20,120,normale,,Sur chaussée,Conducteur,1,F,38-39,Domicile - travail,Casque,Oui,1,1,06 - juin,2 - mercredi,Gennevilliers
,201600051710,2016-06-29,75,16,75105,48.8472,2.34171,Hors intersection,Deux véhicules - par l’arrière,Plein jour,Normale,Voie Communale,,2,Pente,,,,normale,,Sur chaussée,Conducteur,1,M,19-20,Promenade - loisirs,Casque,Non,1,1,06 - juin,2 - mercredi,Paris 5e  Arrondissement
,201600051711,2016-06-29,75,19,75105,48.8531,2.34682,Hors intersection,Deux véhicules - par le coté,Plein jour,Normale,Voie Communale,,3,Plat,,,90,normale,,Sur chaussée,Conducteur,1,M,22-23,Promenade - loisirs,Casque,Non,1,1,06 - juin,2 - mercredi,Paris 5e  Arrondissement
,201600052066,2016-06-29,75,10,75107,48.8585,2.33243,Intersection en X,Deux véhicules - par le coté,Plein jour,Normale,Voie Communale,,3,Plat,Partie rectiligne,,,normale,,Sur chaussée,Conducteur,1,M,64-65,Courses - achats,Casque,Non,1,1,06 - juin,2 - mercredi,Paris 7e  Arrondissement
,201600053509,2016-06-29,75,16,75112,48.8237,2.44178,Hors intersection,Trois véhicules et plus - en chaîne,Plein jour,Normale,Voie Communale,,2,Plat,Partie rectiligne,,90,normale,,Sur chaussée,Conducteur,1,M,62-63,Promenade - loisirs,Casque,Oui,2,1,06 - juin,2 - mercredi,Paris 12e  Arrondissement
,201600053509,2016-06-29,75,16,75112,48.8237,2.44178,Hors intersection,Trois véhicules et plus - en chaîne,Plein jour,Normale,Voie Communale,,2,Plat,Partie rectiligne,,90,normale,,Sur chaussée,Conducteur,1,M,67-68,Promenade - loisirs,Casque,Oui,2,1,06 - juin,2 - mercredi,Paris 12e  Arrondissement
,201600053509,2016-06-29,75,16,75112,48.8237,2.44178,Hors intersection,Trois véhicules et plus - en chaîne,Plein jour,Normale,Voie Communale,,2,Plat,Partie rectiligne,,90,normale,,Sur chaussée,Conducteur,1,M,54-55,Promenade - loisirs,Casque,Oui,2,1,06 - juin,2 - mercredi,Paris 12e  Arrondissement
,201600054590,2016-06-29,75,21,75115,48.8483,2.29037,Hors intersection,Deux véhicules - par le coté,Plein jour,Pluie légère,Voie Communale,,,Plat,Partie rectiligne,,,normale,,Sur chaussée,Conducteur,1,F,24-25,,Casque,Non,1,1,06 - juin,2 - mercredi,Paris 15e  Arrondissement
,201600055035,2016-06-29,75,14,75116,48.8714,2.27413,Place,Deux véhicules - par le coté,Plein jour,Normale,Voie Communale,,4,,En courbe à gauche,,,normale,Carrefour aménagé,Sur chaussée,Conducteur,1,M,54-55,Domicile - travail,Casque,Non,1,1,06 - juin,2 - mercredi,Paris 16e  Arrondissement
,201600055036,2016-06-29,75,19,75116,48.8391,2.26125,Intersection en T,Deux véhicules - par le coté,Plein jour,Normale,Voie Communale,,3,Plat,Partie rectiligne,,100,normale,,Sur chaussée,Conducteur,1,F,27-28,Promenade - loisirs,Casque,Non,1,1,06 - juin,2 - mercredi,Paris 16e  Arrondissement
,201600056567,2016-06-29,75,23,75120,48.8768,2.40638,Hors intersection,Deux véhicules - par le coté,Nuit avec éclairage public allumé,Temps couvert,Voie Communale,,2,Plat,Partie rectiligne,,,normale,,Sur chaussée,Conducteur,1,M,33-34,Promenade - loisirs,Casque,Non,1,1,06 - juin,2 - mercredi,Paris 20e  Arrondissement
,201600001042,2016-06-28,22,15,22179,48.62841,-2.36795,Hors intersection,Autre,Plein jour,Normale,Route Départementale,,2,Bas de côte,Partie rectiligne,,,,,Sur chaussée,Conducteur,0,M,18-19,Promenade - loisirs,Casque,Oui,,1,06 - juin,1 - mardi,Fréhel
,201600002978,2016-06-28,47,17,47269,44.191,0.76365,Hors intersection,Deux véhicules - frontale,Plein jour,Normale,Route Départementale,,2,Plat,En courbe à gauche,,69,mouillée,,Sur chaussée,Conducteur,1,M,68-69,Promenade - loisirs,Casque,Oui,1,,06 - juin,1 - mardi,Saint-Pierre-de-Clairac
,201600004141,2016-06-28,65,11,65031,42.8971,0.35321,Intersection en T,Aucune,Plein jour,Normale,Route Départementale,Avec voies d’affectation variable,,,,,,,,,Conducteur,2,M,27-28,Promenade - loisirs,Casque,Oui,,1,06 - juin,1 - mardi,Arreau
,201600008753,2016-06-28,34,10,34062,43.5501,3.15543,Hors intersection,Deux véhicules - par le coté,Plein jour,Normale,Route Départementale,,2,Pente,En courbe à droite,,54,normale,,Sur chaussée,Conducteur,2,M,60-61,Promenade - loisirs,Casque,Oui,1,1,06 - juin,1 - mardi,Caussiniojouls
,201600011144,2016-06-28,6,19,6088,43.69377,7.25641,Intersection en T,Deux véhicules - par le coté,Plein jour,Normale,Voie Communale,,3,Plat,,,,,Carrefour aménagé,Sur chaussée,Conducteur,1,M,17-18,Promenade - loisirs,Autre,Oui,1,1,06 - juin,1 - mardi,Nice
,201600017538,2016-06-28,60,14,60025,49.40432,3.07001,Hors intersection,Aucune,Plein jour,Normale,Route Départementale,,,Plat,Partie rectiligne,,60,normale,,Sur chaussée,Conducteur,3,M,82-83,Promenade - loisirs,Casque,Non,,,06 - juin,1 - mardi,Attichy
,201600018565,2016-06-28,12,18,12218,44.5515,2.42563,Hors intersection,Deux véhicules - frontale,Plein jour,Normale,Route Départementale,,1,Pente,Partie rectiligne,,70,normale,,Sur chaussée,Conducteur,2,M,69-70,Promenade - loisirs,Casque,Oui,1,,06 - juin,1 - mardi,Saint-Cyprien-sur-Dourdou
,201600019865,2016-06-28,17,12,17300,46.14693,-1.14322,Intersection en T,Deux véhicules - par le coté,Plein jour,Pluie légère,Voie Communale,,2,Plat,Partie rectiligne,19,59,mouillée,,,Conducteur,1,F,46-47,Promenade - loisirs,Casque,Non déterminable,1,1,06 - juin,1 - mardi,Rochelle
,201600021291,2016-06-28,26,19,26281,45.04566,5.04664,Hors intersection,Autre,Plein jour,Normale,Voie Communale,,2,Plat,En courbe à gauche,,,normale,,Sur chaussée,Conducteur,2,M,15-16,Autre,Casque,Non déterminable,1,1,06 - juin,1 - mardi,Romans-sur-Isère
,201600021489,2016-06-28,35,19,35353,48.10706,-1.72672,Hors intersection,Deux véhicules - frontale,Plein jour,Normale,Route Nationale,,4,Plat,Partie rectiligne,15,76,normale,,Sur piste cyclable,Conducteur,3,M,83-84,Promenade - loisirs,Casque,Non,1,,06 - juin,1 - mardi,Vezin-le-Coquet
,201600023991,2016-06-28,33,19,33063,44.8356,-0.56854,Intersection en T,Deux véhicules - par le coté,Plein jour,Normale,Voie Communale,,4,Pente,Partie rectiligne,,120,normale,,Sur chaussée,Conducteur,1,F,34-35,Autre,Casque,Non déterminable,1,1,06 - juin,1 - mardi,Bordeaux
,201600024477,2016-06-28,6,17,6161,0,0,Giratoire,Deux véhicules - par le coté,Crépuscule ou aube,Normale,Route Départementale,,2,Plat,Partie rectiligne,,,normale,Carrefour aménagé,Sur chaussée,Conducteur,1,M,62-63,Promenade - loisirs,Casque,Oui,1,1,06 - juin,1 - mardi,Villeneuve-Loubet
,201600024880,2016-06-28,34,17,34301,43.4141,3.67487,Hors intersection,Autre,Plein jour,Normale,Voie Communale,,,Plat,Partie rectiligne,,,normale,Voie ferrée,Sur chaussée,Conducteur,2,M,51-52,Promenade - loisirs,Autre,Non,,1,06 - juin,1 - mardi,Sète
,201600033925,2016-06-28,76,12,76540,49.43608,1.10136,Hors intersection,Deux véhicules - par l’arrière,Plein jour,Normale,Voie Communale,,6,Plat,Partie rectiligne,,93,normale,,Sur chaussée,Conducteur,1,F,44-45,Domicile - travail,Casque,Oui,1,1,06 - juin,1 - mardi,Rouen
,201600036683,2016-06-28,91,7,91657,48.70363,2.41331,Giratoire,Deux véhicules - par le coté,Plein jour,Normale,Route Départementale,,2,Plat,Partie rectiligne,,,normale,,Sur chaussée,Conducteur,1,M,29-30,Domicile - travail,Autre,Non déterminable,1,1,06 - juin,1 - mardi,Vigneux-sur-Seine
,201600040263,2016-06-28,93,14,93030,0,0,Intersection en T,Deux véhicules - par le coté,Plein jour,Normale,Voie Communale,,1,Plat,Partie rectiligne,,70,normale,,Sur chaussée,Conducteur,2,M,55-56,,Autre,Non déterminable,1,1,06 - juin,1 - mardi,Dugny